# WaveFront *.obj file (generated by Autodesk ATF)

mtllib Bottom_Plate_1.mtl

g Body1

v 2.060767 -17.898984 11.200000
v 2.060767 -17.898984 -0.000000
v 1.823902 -18.035738 -0.000000
v 1.823902 -18.035738 -2.500000
v -1.292402 -19.834936 -2.500000
v -1.292402 -19.834936 -12.500000
v 2.016711 -17.924419 -12.500000
v 2.367844 -17.721693 -12.429219
v 2.672470 -17.545817 -12.222901
v 2.885754 -17.422677 -11.897611
v 2.965953 -17.376374 -11.500000
v 2.965953 -17.376374 11.200000
v 2.749481 17.265621 11.200000
v 2.002669 17.342320 11.200000
v 1.206971 5.603296 11.200000
v 1.226368 -6.162648 11.200000
v 3.109517 -17.251756 11.200000
v 3.196187 -17.082556 11.200000
v 3.213434 -16.893233 11.200000
v 2.460834 -5.697961 11.200000
v 2.454991 5.522577 11.200000
v 3.195931 16.718627 11.200000
v 3.154282 16.973591 11.200000
v 2.990929 17.173732 11.200000
v 1.753977 17.367861 -11.500000
v 1.753977 17.367861 0.000000
v 2.002669 17.342320 0.000000
v 2.749481 17.265621 -11.500000
v 1.478983 -14.441547 -9.000000
v 1.478983 -14.441547 -0.000000
v 0.932782 -4.819012 -0.000000
v 0.932782 4.819012 0.000000
v 1.478983 14.441547 0.000000
v 1.478983 14.441547 -9.000000
v 0.932782 4.819012 -9.000000
v 0.932782 -4.819012 -9.000000
v 4.000000 32.499999 -11.500000
v 3.100063 27.479178 -11.500000
v 2.351164 22.433618 -11.500000
v 2.990929 17.173732 -11.500000
v 3.154282 16.973591 -11.500000
v 3.195931 16.718627 -11.500000
v 3.381047 18.481194 -11.500000
v 3.584692 20.241716 -11.500000
v 3.806841 22.000000 -11.500000
v 3.808980 22.017291 -11.500000
v 3.884645 23.690604 -11.500000
v 3.944620 26.619845 -11.500000
v 4.000000 -32.499999 -11.500000
v 3.878451 -23.474131 -11.500000
v 3.806010 -23.229386 -11.500000
v 3.622217 -23.052280 -11.500000
v 3.374956 -22.988964 -11.500000
v 3.128662 -23.055937 -11.500000
v 2.486360 -23.426770 -11.500000
v 2.936320 -26.460117 -11.500000
v 3.440921 -29.484855 -11.500000
v -1.542402 -19.401924 -13.000000
v -2.640478 -20.500000 -13.000000
v -3.042402 -22.000000 -13.000000
v -2.640478 -23.500000 -13.000000
v -1.542402 -24.598076 -13.000000
v -0.042402 -25.000000 -13.000000
v 1.457598 -24.598076 -13.000000
v 2.394484 -24.057545 -13.000000
v 2.500000 -32.499998 -13.000000
v 2.500000 -44.000000 -13.000000
v 2.257938 -45.073181 -13.000000
v 1.578627 -45.938540 -13.000000
v 0.593615 -46.428502 -13.000000
v -0.506351 -46.448185 -13.000000
v -1.508261 -45.993777 -13.000000
v -2.218097 -45.153276 -13.000000
v -3.121507 -43.957008 -13.000000
v -4.367731 -43.123862 -13.000000
v -5.818472 -42.746295 -13.000000
v -38.213223 -39.912122 -13.000000
v -40.610651 -39.343921 -13.000000
v -42.744401 -38.112000 -13.000000
v -44.435191 -36.319867 -13.000000
v -51.992402 -25.527052 -13.000000
v -51.992402 25.527052 -13.000000
v -48.987679 29.818241 -13.000000
v -48.480421 28.177435 -13.000000
v -47.253707 26.975466 -13.000000
v -45.602906 26.501745 -13.000000
v -43.925499 26.870333 -13.000000
v -42.625370 27.992482 -13.000000
v -42.015564 29.598002 -13.000000
v -42.242912 31.300314 -13.000000
v -43.252672 32.689537 -13.000000
v -44.801713 33.431173 -13.000000
v -46.517059 33.346652 -13.000000
v -44.435191 36.319867 -13.000000
v -42.744401 38.112000 -13.000000
v -40.610651 39.343921 -13.000000
v -38.213223 39.912122 -13.000000
v -5.818472 42.746295 -13.000000
v -4.367731 43.123862 -13.000000
v -3.121507 43.957008 -13.000000
v -2.218097 45.153276 -13.000000
v -1.508261 45.993777 -13.000000
v -0.506351 46.448185 -13.000000
v 0.593615 46.428502 -13.000000
v 1.578627 45.938540 -13.000000
v 2.257938 45.073181 -13.000000
v 2.500000 44.000000 -13.000000
v 2.500000 32.499998 -13.000000
v 2.319566 22.194974 -13.000000
v 1.102551 8.994005 -13.000000
v 0.917891 -4.261659 -13.000000
v 1.766711 -17.491407 -13.000000
v 2.454991 5.522577 -11.500000
v 2.460834 -5.697961 -11.500000
v 3.213434 -16.893233 -11.500000
v 3.096633 -16.941423 -12.085095
v 2.778629 -17.072741 -12.571866
v 2.312183 -17.265581 -12.888600
v 2.888707 22.120247 -12.885819
v 3.371205 22.056929 -12.560660
v 3.693609 22.014692 -12.074025
v 2.399790 8.925665 -12.250000
v 1.851511 8.954519 -12.799038
v 2.216516 -4.228900 -12.250000
v 1.667653 -4.242760 -12.799038
v 4.000000 44.000000 -11.500000
v 3.799038 32.499998 -12.250000
v 3.250000 32.499998 -12.799038
v 3.250000 44.000000 -12.799038
v 3.799038 44.000000 -12.250000
v 3.250000 -32.499998 -12.799038
v 3.799038 -32.499998 -12.250000
v 4.000000 -44.000000 -11.500000
v 3.799038 -44.000000 -12.250000
v 3.250000 -44.000000 -12.799038
v -53.492402 -25.527052 -11.500000
v -53.492402 25.527052 -11.500000
v -53.291440 25.527052 -12.250000
v -52.742402 25.527052 -12.799038
v -52.742402 -25.527052 -12.799038
v -53.291440 -25.527052 -12.250000
v -53.291440 8.509017 -12.250000
v -53.291440 -8.509017 -12.250000
v -52.742402 8.509017 -12.799038
v -52.742402 -8.509017 -12.799038
v 3.695615 22.030877 -12.074017
v 3.372759 22.069423 -12.560650
v 2.889557 22.127049 -12.885814
v 3.521384 27.733469 -12.560655
v 3.012907 27.740235 -12.894682
v 2.966059 24.928120 -12.894682
v 2.931517 23.519634 -12.894682
v 2.905187 22.757355 -12.894682
v 3.474474 24.917525 -12.560653
v 3.439824 23.504651 -12.560651
v 3.413275 22.736210 -12.560650
v 3.855371 27.729025 -12.052142
v 3.808416 24.910566 -12.052142
v 3.773692 23.494809 -12.052142
v 3.746999 22.722321 -12.052142
v 2.949364 -23.839603 -12.890632
v 3.426684 -23.652169 -12.577877
v 3.756499 -23.522433 -12.091057
v 3.017306 -27.410621 -12.894682
v 3.525890 -27.404028 -12.560660
v 3.859955 -27.399698 -12.052142
v -53.461413 25.830378 -11.500000
v -53.369726 26.121171 -11.500000
v -53.221130 26.387416 -11.500000
v -53.056511 26.272149 -12.250000
v -52.606766 25.957234 -12.799038
v -53.271603 25.964967 -12.149519
v -53.429060 25.740095 -11.875000
v -46.526793 33.340068 -12.999994
v -48.087293 31.816962 -12.943201
v -48.984822 29.829640 -12.999994
v -45.663920 37.180231 -11.500000
v -45.499301 37.064964 -12.250000
v -45.049556 36.750049 -12.799038
v -43.674754 39.288624 -11.500000
v -41.164461 40.737942 -11.500000
v -38.343957 41.406414 -11.500000
v -38.326442 41.206217 -12.250000
v -38.278590 40.659268 -12.799038
v -42.371918 39.930683 -12.250000
v -42.097399 39.455202 -12.799038
v -5.949205 44.240587 -11.500000
v -5.931690 44.040390 -12.250000
v -5.883838 43.493441 -12.799038
v -22.081214 42.076355 -12.799038
v -22.129066 42.623303 -12.250000
v -4.982045 44.492299 -11.500000
v -4.151229 45.047729 -11.500000
v -3.548956 45.845241 -11.500000
v -3.370654 45.752535 -12.250000
v -2.883526 45.499258 -12.799038
v -4.431656 44.568108 -12.250000
v -4.126514 44.111675 -12.799038
v -2.413218 47.190044 -11.500000
v -0.810161 47.917096 -11.500000
v 0.949784 47.885603 -11.500000
v 2.525803 47.101664 -11.500000
v 3.612701 45.717089 -11.500000
v 2.800132 45.649776 -12.799038
v 3.273171 45.928481 -12.250000
v 1.575069 46.842825 -12.799038
v 1.841153 47.323078 -12.250000
v -0.086038 47.248861 -12.799038
v -0.100573 47.797707 -12.250000
v -1.723327 46.755475 -12.799038
v -2.014457 47.220971 -12.250000
v 3.612701 -45.717089 -11.500000
v 2.525803 -47.101664 -11.500000
v 0.949784 -47.885603 -11.500000
v -0.810161 -47.917096 -11.500000
v -2.413218 -47.190044 -11.500000
v -3.548956 -45.845241 -11.500000
v -3.370654 -45.752535 -12.250000
v -2.883526 -45.499258 -12.799038
v 3.273171 -45.928481 -12.250000
v 2.800132 -45.649776 -12.799038
v 1.841153 -47.323078 -12.250000
v 1.575069 -46.842825 -12.799038
v -0.100573 -47.797707 -12.250000
v -0.086038 -47.248861 -12.799038
v -2.014457 -47.220971 -12.250000
v -1.723327 -46.755475 -12.799038
v -4.151229 -45.047729 -11.500000
v -4.982045 -44.492299 -11.500000
v -5.949205 -44.240587 -11.500000
v -5.931690 -44.040390 -12.250000
v -5.883838 -43.493441 -12.799038
v -4.431656 -44.568108 -12.250000
v -4.126514 -44.111675 -12.799038
v -38.343957 -41.406414 -11.500000
v -38.326442 -41.206217 -12.250000
v -38.278590 -40.659268 -12.799038
v -22.081214 -42.076355 -12.799038
v -22.129066 -42.623303 -12.250000
v -41.164461 -40.737942 -11.500000
v -43.674754 -39.288624 -11.500000
v -45.663920 -37.180231 -11.500000
v -45.499301 -37.064964 -12.250000
v -45.049556 -36.750049 -12.799038
v -42.371918 -39.930683 -12.250000
v -42.097399 -39.455202 -12.799038
v -53.221130 -26.387416 -11.500000
v -53.056511 -26.272149 -12.250000
v -52.606766 -25.957234 -12.799038
v -53.369726 -26.121171 -11.500000
v -53.461413 -25.830378 -11.500000
v -53.429060 -25.740095 -11.875000
v -53.271603 -25.964967 -12.149519
v 1.207598 -24.165064 -2.500000
v 1.207598 -24.165064 -12.500000
v -0.042402 -24.500000 -12.500000
v -1.292402 -24.165064 -12.500000
v -2.207465 -23.250000 -12.500000
v -2.542402 -22.000000 -12.500000
v -2.207465 -20.750000 -12.500000
v -2.207465 -20.750000 -2.500000
v -2.542402 -22.000000 -2.500000
v -2.207465 -23.250000 -2.500000
v -1.292402 -24.165064 -2.500000
v -0.042402 -24.500000 -2.500000
v 3.042243 -23.105831 -11.904343
v 2.817043 -23.235850 -12.230116
v 2.502794 -23.417282 -12.432201
v 2.143829 -23.624530 -12.500000
v 2.486360 -23.426770 -2.500000
v -47.992402 30.000000 -12.000000
v -47.657465 31.250000 -12.000000
v -46.742402 32.165064 -12.000000
v -45.492402 32.500000 -12.000000
v -44.242402 32.165064 -12.000000
v -43.327338 31.250000 -12.000000
v -42.992402 30.000000 -12.000000
v -43.327338 28.750000 -12.000000
v -44.242402 27.834936 -12.000000
v -45.492402 27.500000 -12.000000
v -46.742402 27.834936 -12.000000
v -47.657465 28.750000 -12.000000
v -47.992402 30.000000 -2.500000
v -47.657465 28.750000 -2.500000
v -46.742402 27.834936 -2.500000
v -45.492402 27.500000 -2.500000
v -44.242402 27.834936 -2.500000
v -43.327338 28.750000 -2.500000
v -42.992402 30.000000 -2.500000
v -43.327338 31.250000 -2.500000
v -44.242402 32.165064 -2.500000
v -45.492402 32.500000 -2.500000
v -46.742402 32.165064 -2.500000
v -47.657465 31.250000 -2.500000
v 2.246406 -21.632145 -2.500000
v 2.025578 -19.835066 -2.500000
v 2.067214 -20.186322 -0.000000
v 2.337884 -22.333634 -0.000000
v 2.635870 -24.477326 -0.000000
v 2.635870 -24.477326 -9.000000
v 3.047884 -27.158694 -9.000000
v 3.502632 -29.833146 -9.000000
v 4.000000 -32.500000 -9.000000
v -0.118430 38.205127 -4.500000
v 3.500000 40.294229 -4.500000
v 3.766044 40.517466 -4.500000
v 3.939693 40.818234 -4.500000
v 4.000000 41.160254 -4.500000
v 4.000000 44.000000 -4.500000
v 3.612701 45.717089 -4.500000
v 2.525803 47.101664 -4.500000
v 0.949784 47.885603 -4.500000
v -0.810161 47.917096 -4.500000
v -2.413218 47.190044 -4.500000
v -3.548956 45.845241 -4.500000
v -4.151229 45.047729 -4.500000
v -4.982045 44.492299 -4.500000
v -5.949205 44.240587 -4.500000
v -9.457694 43.933634 -4.500000
v -9.700904 43.845113 -4.500000
v -9.867270 43.646846 -4.500000
v -9.912213 43.391959 -4.500000
v -9.825057 42.395765 -4.500000
v -9.736536 42.152554 -4.500000
v -9.538269 41.986189 -4.500000
v -9.283382 41.941245 -4.500000
v -6.080089 42.221497 -4.500000
v -5.332171 42.145086 -4.500000
v -4.665307 41.797939 -4.500000
v -4.173727 41.229107 -4.500000
v -2.850481 38.937178 -4.500000
v -2.118430 38.205127 -4.500000
v -1.118430 37.937178 -4.500000
v 0.000000 46.100000 -4.500000
v 0.609598 46.009575 -4.500000
v 1.166697 45.746086 -4.500000
v 1.623322 45.332226 -4.500000
v 1.940147 44.803635 -4.500000
v 2.089888 44.205836 -4.500000
v 2.059649 43.590310 -4.500000
v 1.852035 43.010067 -4.500000
v 1.484924 42.515076 -4.500000
v 0.989933 42.147965 -4.500000
v 0.409690 41.940351 -4.500000
v -0.205836 41.910112 -4.500000
v -0.803635 42.059853 -4.500000
v -1.332226 42.376678 -4.500000
v -1.746086 42.833303 -4.500000
v -2.009575 43.390402 -4.500000
v -2.100000 44.000000 -4.500000
v -1.940147 44.803635 -4.500000
v -1.484924 45.484924 -4.500000
v -0.803635 45.940147 -4.500000
v 4.000000 32.500000 -9.000000
v 3.502632 29.833146 -9.000000
v 3.047884 27.158694 -9.000000
v 2.635870 24.477326 -9.000000
v 2.635870 24.477326 0.000000
v 2.308623 22.111712 0.000000
v 2.014639 19.741734 0.000000
v -0.334637 -15.526497 -9.000000
v 0.482598 -15.526497 -9.000000
v 0.884838 -15.442032 -9.000000
v 1.219127 -15.202903 -9.000000
v 1.428993 -14.849508 -9.000000
v 1.428993 14.849508 -9.000000
v 1.219127 15.202903 -9.000000
v 0.884838 15.442032 -9.000000
v 0.482598 15.526497 -9.000000
v -0.334637 15.526497 -9.000000
v -0.730287 15.608096 -9.000000
v -1.061368 15.839576 -9.000000
v -1.273848 16.183159 -9.000000
v -1.983393 17.948432 -9.000000
v -2.803404 19.665179 -9.000000
v -3.730584 21.326497 -9.000000
v -3.932200 23.795590 -9.000000
v -3.892392 24.167475 -9.000000
v -3.718734 24.498724 -9.000000
v -3.435517 24.743001 -9.000000
v -0.500000 26.437822 -9.000000
v -0.173648 26.556605 -9.000000
v 0.173648 26.556605 -9.000000
v 0.500000 26.437822 -9.000000
v 2.146290 25.487336 -9.000000
v 2.442392 25.226473 -9.000000
v 2.614521 24.871370 -9.000000
v 4.000000 41.160254 -9.000000
v 3.939693 40.818234 -9.000000
v 3.766044 40.517466 -9.000000
v 3.500000 40.294229 -9.000000
v -0.118430 38.205127 -9.000000
v -1.118430 37.937178 -9.000000
v -2.118430 38.205127 -9.000000
v -2.850481 38.937178 -9.000000
v -4.173727 41.229107 -9.000000
v -4.665307 41.797939 -9.000000
v -5.332171 42.145086 -9.000000
v -6.080089 42.221497 -9.000000
v -9.283382 41.941245 -9.000000
v -9.538269 41.986189 -9.000000
v -9.736536 42.152554 -9.000000
v -9.825057 42.395765 -9.000000
v -9.912213 43.391959 -9.000000
v -9.867270 43.646846 -9.000000
v -9.700904 43.845113 -9.000000
v -9.457694 43.933634 -9.000000
v -27.883912 42.321549 -9.000000
v -27.629025 42.276606 -9.000000
v -27.430758 42.110240 -9.000000
v -27.342237 41.867030 -9.000000
v -27.298659 41.368932 -9.000000
v -27.343603 41.114045 -9.000000
v -27.509968 40.915778 -9.000000
v -27.753179 40.827257 -9.000000
v -38.213223 39.912122 -9.000000
v -39.437355 39.714228 -9.000000
v -40.619667 39.340333 -9.000000
v -41.734998 38.798395 -9.000000
v -42.396398 38.177063 -9.000000
v -42.715146 37.327413 -9.000000
v -42.625618 36.424369 -9.000000
v -42.146247 35.653845 -9.000000
v -39.492402 33.000000 -9.000000
v -38.577338 31.415064 -9.000000
v -38.577338 29.584936 -9.000000
v -39.492402 28.000000 -9.000000
v -40.906615 26.585786 -9.000000
v -41.224453 26.171573 -9.000000
v -41.424253 25.689211 -9.000000
v -41.492402 25.171573 -9.000000
v -41.492402 -25.171573 -9.000000
v -41.424253 -25.689211 -9.000000
v -41.224453 -26.171573 -9.000000
v -40.906615 -26.585786 -9.000000
v -39.492402 -28.000000 -9.000000
v -38.577338 -29.584936 -9.000000
v -38.577338 -31.415064 -9.000000
v -39.492402 -33.000000 -9.000000
v -42.146247 -35.653845 -9.000000
v -42.625618 -36.424369 -9.000000
v -42.715146 -37.327413 -9.000000
v -42.396398 -38.177063 -9.000000
v -41.734998 -38.798395 -9.000000
v -40.619667 -39.340333 -9.000000
v -39.437355 -39.714228 -9.000000
v -38.213223 -39.912122 -9.000000
v -27.753179 -40.827257 -9.000000
v -27.509968 -40.915778 -9.000000
v -27.343603 -41.114045 -9.000000
v -27.298659 -41.368932 -9.000000
v -27.342237 -41.867030 -9.000000
v -27.430758 -42.110240 -9.000000
v -27.629025 -42.276606 -9.000000
v -27.883912 -42.321549 -9.000000
v -9.457694 -43.933634 -9.000000
v -9.700904 -43.845113 -9.000000
v -9.867270 -43.646846 -9.000000
v -9.912213 -43.391959 -9.000000
v -9.825057 -42.395765 -9.000000
v -9.736536 -42.152554 -9.000000
v -9.538269 -41.986189 -9.000000
v -9.283382 -41.941245 -9.000000
v -6.080089 -42.221497 -9.000000
v -5.332171 -42.145086 -9.000000
v -4.665307 -41.797939 -9.000000
v -4.173727 -41.229107 -9.000000
v -2.850481 -38.937178 -9.000000
v -2.118430 -38.205127 -9.000000
v -1.118430 -37.937178 -9.000000
v -0.118430 -38.205127 -9.000000
v 3.500000 -40.294229 -9.000000
v 3.766044 -40.517466 -9.000000
v 3.939693 -40.818234 -9.000000
v 4.000000 -41.160254 -9.000000
v 2.614521 -24.871370 -9.000000
v 2.442392 -25.226473 -9.000000
v 2.146290 -25.487336 -9.000000
v -0.000000 -26.726497 -9.000000
v -3.435517 -24.743001 -9.000000
v -3.718734 -24.498724 -9.000000
v -3.892392 -24.167475 -9.000000
v -3.932200 -23.795590 -9.000000
v -3.749444 -21.557473 -9.000000
v -3.725962 -21.408899 -9.000000
v -3.680460 -21.265528 -9.000000
v -3.613969 -21.130605 -9.000000
v -2.733924 -19.530007 -9.000000
v -1.952918 -17.878818 -9.000000
v -1.273848 -16.183159 -9.000000
v -1.061368 -15.839576 -9.000000
v -0.730287 -15.608096 -9.000000
v -28.389958 12.852162 -9.000000
v -22.427730 15.906568 -9.000000
v -15.742626 16.338942 -9.000000
v -9.436616 14.078013 -9.000000
v -4.549180 9.496471 -9.000000
v -1.885960 3.349536 -9.000000
v -1.885960 -3.349536 -9.000000
v -4.549180 -9.496471 -9.000000
v -9.436616 -14.078013 -9.000000
v -15.742626 -16.338942 -9.000000
v -22.427730 -15.906568 -9.000000
v -28.389958 -12.852162 -9.000000
v -28.770849 -12.610766 -9.000000
v -29.196139 -12.460837 -9.000000
v -29.644208 -12.410000 -9.000000
v -31.492402 -12.410000 -9.000000
v -32.492402 -12.142051 -9.000000
v -33.224453 -11.410000 -9.000000
v -33.492402 -10.410000 -9.000000
v -33.492402 10.410000 -9.000000
v -33.224453 11.410000 -9.000000
v -32.492402 12.142051 -9.000000
v -31.492402 12.410000 -9.000000
v -29.644208 12.410000 -9.000000
v -29.196139 12.460837 -9.000000
v -28.770849 12.610766 -9.000000
v -2.100000 32.500000 -9.000000
v -1.818653 33.550000 -9.000000
v -1.050000 34.318653 -9.000000
v -0.000000 34.600000 -9.000000
v 1.050000 34.318653 -9.000000
v 1.818653 33.550000 -9.000000
v 2.100000 32.500000 -9.000000
v 1.818653 31.450000 -9.000000
v 1.050000 30.681347 -9.000000
v -0.000000 30.400000 -9.000000
v -1.050000 30.681347 -9.000000
v -1.818653 31.450000 -9.000000
v -2.100000 -32.500000 -9.000000
v -1.818653 -31.450000 -9.000000
v -1.050000 -30.681347 -9.000000
v -0.000000 -30.400000 -9.000000
v 1.050000 -30.681347 -9.000000
v 1.818653 -31.450000 -9.000000
v 2.100000 -32.500000 -9.000000
v 1.818653 -33.550000 -9.000000
v 1.050000 -34.318653 -9.000000
v -0.000000 -34.600000 -9.000000
v -1.050000 -34.318653 -9.000000
v -1.818653 -33.550000 -9.000000
v -33.492402 -10.410000 -11.500000
v -33.492402 10.410000 -11.500000
v -29.644208 -12.410000 -11.500000
v -31.492402 -12.410000 -11.500000
v -45.663920 -37.180231 -0.000000
v -53.221130 -26.387416 -0.000000
v -53.492402 -25.527052 -0.000000
v -53.492402 25.527052 0.000000
v -53.492402 22.000000 -6.850000
v -53.492402 22.625000 -6.682532
v -53.492402 23.082532 -6.225000
v -53.492402 23.250000 -5.600000
v -53.492402 23.082532 -4.975000
v -53.492402 22.625000 -4.517468
v -53.492402 22.000000 -4.350000
v -53.492402 21.375000 -4.517468
v -53.492402 20.917468 -4.975000
v -53.492402 20.750000 -5.600000
v -53.492402 20.917468 -6.225000
v -53.492402 21.375000 -6.682532
v -53.492402 -22.000000 -6.850000
v -53.492402 -21.375000 -6.682532
v -53.492402 -20.917468 -6.225000
v -53.492402 -20.750000 -5.600000
v -53.492402 -20.917468 -4.975000
v -53.492402 -21.375000 -4.517468
v -53.492402 -22.000000 -4.350000
v -53.492402 -22.625000 -4.517468
v -53.492402 -23.082532 -4.975000
v -53.492402 -23.250000 -5.600000
v -53.492402 -23.082532 -6.225000
v -53.492402 -22.625000 -6.682532
v -53.492402 0.000000 -4.250000
v -53.492402 0.625000 -4.082532
v -53.492402 1.082532 -3.625000
v -53.492402 1.250000 -3.000000
v -53.492402 1.082532 -2.375000
v -53.492402 0.625000 -1.917468
v -53.492402 0.000000 -1.750000
v -53.492402 -0.625000 -1.917468
v -53.492402 -1.082532 -2.375000
v -53.492402 -1.250000 -3.000000
v -53.492402 -1.082532 -3.625000
v -53.492402 -0.625000 -4.082532
v -53.221130 26.387416 0.000000
v -45.663920 37.180231 0.000000
v -38.343957 41.406414 0.000000
v -27.883912 42.321549 0.000000
v 4.000000 -41.160254 -4.500000
v 4.000000 -44.000000 -4.500000
v 3.612701 -45.717089 -4.500000
v 2.525803 -47.101664 -4.500000
v 0.949784 -47.885603 -4.500000
v -0.810161 -47.917096 -4.500000
v -2.413218 -47.190044 -4.500000
v -3.548956 -45.845241 -4.500000
v -1.500000 32.500000 -12.500000
v -1.299038 33.250000 -12.500000
v -0.750000 33.799038 -12.500000
v -0.000000 34.000000 -12.500000
v 0.750000 33.799038 -12.500000
v 1.299038 33.250000 -12.500000
v 1.500000 32.500000 -12.500000
v 1.299038 31.750000 -12.500000
v 0.750000 31.200962 -12.500000
v -0.000000 31.000000 -12.500000
v -0.750000 31.200962 -12.500000
v -1.299038 31.750000 -12.500000
v 1.500000 32.500000 -8.800000
v 1.299038 33.250000 -8.800000
v 0.750000 33.799038 -8.800000
v -0.000000 34.000000 -8.800000
v -0.750000 33.799038 -8.800000
v -1.299038 33.250000 -8.800000
v -1.500000 32.500000 -8.800000
v -1.299038 31.750000 -8.800000
v -0.750000 31.200962 -8.800000
v -0.000000 31.000000 -8.800000
v 0.750000 31.200962 -8.800000
v 1.299038 31.750000 -8.800000
v -31.492402 12.410000 -11.500000
v -29.644208 12.410000 -11.500000
v -5.949205 -44.240587 -4.500000
v -9.457694 -43.933634 -4.500000
v -27.883912 -42.321549 -0.000000
v -38.343957 -41.406414 -0.000000
v -1.500000 -32.500000 -12.500000
v -1.299038 -31.750000 -12.500000
v -0.750000 -31.200962 -12.500000
v -0.000000 -31.000000 -12.500000
v 0.750000 -31.200962 -12.500000
v 1.299038 -31.750000 -12.500000
v 1.500000 -32.500000 -12.500000
v 1.299038 -33.250000 -12.500000
v 0.750000 -33.799038 -12.500000
v -0.000000 -34.000000 -12.500000
v -0.750000 -33.799038 -12.500000
v -1.299038 -33.250000 -12.500000
v 1.500000 -32.500000 -8.800000
v 1.299038 -31.750000 -8.800000
v 0.750000 -31.200962 -8.800000
v -0.000000 -31.000000 -8.800000
v -0.750000 -31.200962 -8.800000
v -1.299038 -31.750000 -8.800000
v -1.500000 -32.500000 -8.800000
v -1.299038 -33.250000 -8.800000
v -0.750000 -33.799038 -8.800000
v -0.000000 -34.000000 -8.800000
v 0.750000 -33.799038 -8.800000
v 1.299038 -33.250000 -8.800000
v -28.389958 12.852162 -11.500000
v -22.427730 15.906568 -11.500000
v -15.742626 16.338942 -11.500000
v -9.436616 14.078013 -11.500000
v -4.549180 9.496471 -11.500000
v -1.885960 3.349536 -11.500000
v -1.885960 -3.349536 -11.500000
v -4.549180 -9.496471 -11.500000
v -9.436616 -14.078013 -11.500000
v -15.742626 -16.338942 -11.500000
v -22.427730 -15.906568 -11.500000
v -28.389958 -12.852162 -11.500000
v -28.770849 -12.610766 -11.500000
v -29.196139 -12.460837 -11.500000
v -29.196139 12.460837 -11.500000
v -28.770849 12.610766 -11.500000
v -41.164461 -40.737942 -0.000000
v -43.674754 -39.288624 -0.000000
v -43.674754 39.288624 0.000000
v -41.164461 40.737942 0.000000
v 3.939693 -40.818234 -4.500000
v 3.766044 -40.517466 -4.500000
v 3.500000 -40.294229 -4.500000
v -0.118430 -38.205127 -4.500000
v -1.118430 -37.937178 -4.500000
v -2.118430 -38.205127 -4.500000
v -2.850481 -38.937178 -4.500000
v -4.173727 -41.229107 -4.500000
v -4.665307 -41.797939 -4.500000
v -5.332171 -42.145086 -4.500000
v -6.080089 -42.221497 -4.500000
v -9.283382 -41.941245 -4.500000
v -9.538269 -41.986189 -4.500000
v -9.736536 -42.152554 -4.500000
v -9.825057 -42.395765 -4.500000
v -9.912213 -43.391959 -4.500000
v -9.867270 -43.646846 -4.500000
v -9.700904 -43.845113 -4.500000
v -4.982045 -44.492299 -4.500000
v -4.151229 -45.047729 -4.500000
v -2.100000 -44.000000 -4.500000
v -1.818653 -42.950000 -4.500000
v -1.050000 -42.181347 -4.500000
v 0.000000 -41.900000 -4.500000
v 1.050000 -42.181347 -4.500000
v 1.818653 -42.950000 -4.500000
v 2.100000 -44.000000 -4.500000
v 1.818653 -45.050000 -4.500000
v 1.050000 -45.818653 -4.500000
v 0.000000 -46.100000 -4.500000
v -1.050000 -45.818653 -4.500000
v -1.818653 -45.050000 -4.500000
v 0.500000 26.437822 0.000000
v 2.146290 25.487336 0.000000
v -3.435517 24.743001 0.000000
v -0.500000 26.437822 0.000000
v -3.730584 21.326497 0.000000
v -3.932200 23.795590 0.000000
v -1.273848 16.183159 0.000000
v -1.983393 17.948432 0.000000
v -2.803404 19.665179 0.000000
v 0.482598 15.526497 0.000000
v -0.334637 15.526497 0.000000
v 0.884838 15.442032 0.000000
v 1.219127 15.202903 0.000000
v 1.428993 14.849508 0.000000
v 1.428993 -14.849508 -0.000000
v 1.219127 -15.202903 -0.000000
v 0.884838 -15.442032 -0.000000
v 0.482598 -15.526497 -0.000000
v -0.334637 -15.526497 -0.000000
v -0.730287 -15.608096 -0.000000
v -1.061368 -15.839576 -0.000000
v -1.273848 -16.183159 -0.000000
v -1.952918 -17.878818 -0.000000
v -2.733924 -19.530007 -0.000000
v -3.613969 -21.130605 -0.000000
v -3.680460 -21.265528 -0.000000
v -3.725962 -21.408899 -0.000000
v -3.749444 -21.557473 -0.000000
v -3.932200 -23.795590 -0.000000
v -3.892392 -24.167475 -0.000000
v -3.718734 -24.498724 -0.000000
v -3.435517 -24.743001 -0.000000
v -0.000000 -26.726497 -0.000000
v 2.146290 -25.487336 -0.000000
v 2.442392 -25.226473 -0.000000
v 2.614521 -24.871370 -0.000000
v 1.728080 -14.420309 -0.000000
v 1.114466 -0.000000 -0.000000
v 1.728080 14.420309 0.000000
v 2.614521 24.871370 0.000000
v 2.442392 25.226473 0.000000
v 0.173648 26.556605 0.000000
v -0.173648 26.556605 0.000000
v -3.718734 24.498724 0.000000
v -3.892392 24.167475 0.000000
v -1.061368 15.839576 0.000000
v -0.730287 15.608096 0.000000
v -1.442402 -22.000000 -0.000000
v -1.254837 -21.300000 -0.000000
v -0.742402 -20.787564 -0.000000
v -0.042402 -20.600000 -0.000000
v 0.657598 -20.787564 -0.000000
v 1.170034 -21.300000 -0.000000
v 1.357598 -22.000000 -0.000000
v 1.170034 -22.700000 -0.000000
v 0.657598 -23.212436 -0.000000
v -0.042402 -23.400000 -0.000000
v -0.742402 -23.212436 -0.000000
v -1.254837 -22.700000 -0.000000
v 0.982598 22.000000 0.000000
v 0.845274 21.487500 0.000000
v 0.470098 21.112324 0.000000
v -0.042402 20.975000 0.000000
v -0.554902 21.112324 0.000000
v -0.930078 21.487500 0.000000
v -1.067402 22.000000 0.000000
v -0.930078 22.512500 0.000000
v -0.554902 22.887676 0.000000
v -0.042402 23.025000 0.000000
v 0.470098 22.887676 0.000000
v 0.845274 22.512500 0.000000
v -41.492402 25.171573 0.000000
v -41.492402 -25.171573 -0.000000
v -39.492402 28.000000 0.000000
v -40.906615 26.585786 0.000000
v -39.492402 33.000000 0.000000
v -38.577338 31.415064 0.000000
v -38.577338 29.584936 0.000000
v -42.146247 35.653845 0.000000
v -38.213223 39.912122 0.000000
v -39.437355 39.714228 0.000000
v -40.619667 39.340333 0.000000
v -41.734998 38.798395 0.000000
v -27.753179 40.827257 0.000000
v -27.342237 41.867030 0.000000
v -27.298659 41.368932 0.000000
v -27.298659 -41.368932 -0.000000
v -27.342237 -41.867030 -0.000000
v -38.213223 -39.912122 -0.000000
v -27.753179 -40.827257 -0.000000
v -41.734998 -38.798395 -0.000000
v -40.619667 -39.340333 -0.000000
v -39.437355 -39.714228 -0.000000
v -39.492402 -33.000000 -0.000000
v -42.146247 -35.653845 -0.000000
v -40.906615 -26.585786 -0.000000
v -39.492402 -28.000000 -0.000000
v -38.577338 -29.584936 -0.000000
v -38.577338 -31.415064 -0.000000
v -53.461413 -25.830378 -0.000000
v -53.369726 -26.121171 -0.000000
v -27.629025 -42.276606 -0.000000
v -27.430758 -42.110240 -0.000000
v -27.343603 -41.114045 -0.000000
v -27.509968 -40.915778 -0.000000
v -42.396398 -38.177063 -0.000000
v -42.715146 -37.327413 -0.000000
v -42.625618 -36.424369 -0.000000
v -41.224453 -26.171573 -0.000000
v -41.424253 -25.689211 -0.000000
v -41.424253 25.689211 0.000000
v -41.224453 26.171573 0.000000
v -42.625618 36.424369 0.000000
v -42.715146 37.327413 0.000000
v -42.396398 38.177063 0.000000
v -27.509968 40.915778 0.000000
v -27.343603 41.114045 0.000000
v -27.430758 42.110240 0.000000
v -27.629025 42.276606 0.000000
v -53.369726 26.121171 0.000000
v -53.461413 25.830378 0.000000
v -46.892402 30.000000 0.000000
v -46.704837 30.700000 0.000000
v -46.192402 31.212436 0.000000
v -45.492402 31.400000 0.000000
v -44.792402 31.212436 0.000000
v -44.279966 30.700000 0.000000
v -44.092402 30.000000 0.000000
v -44.279966 29.300000 0.000000
v -44.792402 28.787564 0.000000
v -45.492402 28.600000 0.000000
v -46.192402 28.787564 0.000000
v -46.704837 29.300000 0.000000
v -44.467402 -30.000000 -0.000000
v -44.604726 -30.512500 -0.000000
v -44.979902 -30.887676 -0.000000
v -45.492402 -31.025000 -0.000000
v -46.004902 -30.887676 -0.000000
v -46.380078 -30.512500 -0.000000
v -46.517402 -30.000000 -0.000000
v -46.380078 -29.487500 -0.000000
v -46.004902 -29.112324 -0.000000
v -45.492402 -28.975000 -0.000000
v -44.979902 -29.112324 -0.000000
v -44.604726 -29.487500 -0.000000
v -27.509968 -40.915778 -4.500000
v -27.343603 -41.114045 -4.500000
v -27.430758 -42.110240 -4.500000
v -27.629025 -42.276606 -4.500000
v -27.629025 42.276606 -4.500000
v -27.430758 42.110240 -4.500000
v -27.343603 41.114045 -4.500000
v -27.509968 40.915778 -4.500000
v -44.467402 -30.000000 -10.000000
v -44.604726 -29.487500 -10.000000
v -44.979902 -29.112324 -10.000000
v -45.492402 -28.975000 -10.000000
v -46.004902 -29.112324 -10.000000
v -46.380078 -29.487500 -10.000000
v -46.517402 -30.000000 -10.000000
v -46.380078 -30.512500 -10.000000
v -46.004902 -30.887676 -10.000000
v -45.492402 -31.025000 -10.000000
v -44.979902 -30.887676 -10.000000
v -44.604726 -30.512500 -10.000000
v -45.492402 -30.000000 -10.615882
v 0.982598 22.000000 -10.000000
v 0.845274 22.512500 -10.000000
v 0.470098 22.887676 -10.000000
v -0.042402 23.025000 -10.000000
v -0.554902 22.887676 -10.000000
v -0.930078 22.512500 -10.000000
v -1.067402 22.000000 -10.000000
v -0.930078 21.487500 -10.000000
v -0.554902 21.112324 -10.000000
v -0.042402 20.975000 -10.000000
v 0.470098 21.112324 -10.000000
v 0.845274 21.487500 -10.000000
v -0.042402 22.000000 -10.615882
v -1.442402 -22.000000 -2.500000
v -1.254837 -22.700000 -2.500000
v -0.742402 -23.212436 -2.500000
v -0.042402 -23.400000 -2.500000
v 0.657598 -23.212436 -2.500000
v 1.170034 -22.700000 -2.500000
v 1.357598 -22.000000 -2.500000
v 1.170034 -21.300000 -2.500000
v 0.657598 -20.787564 -2.500000
v -0.042402 -20.600000 -2.500000
v -0.742402 -20.787564 -2.500000
v -1.254837 -21.300000 -2.500000
v -46.892402 30.000000 -2.500000
v -46.704837 30.700000 -2.500000
v -46.192402 31.212436 -2.500000
v -45.492402 31.400000 -2.500000
v -44.792402 31.212436 -2.500000
v -44.279966 30.700000 -2.500000
v -44.092402 30.000000 -2.500000
v -44.279966 29.300000 -2.500000
v -44.792402 28.787564 -2.500000
v -45.492402 28.600000 -2.500000
v -46.192402 28.787564 -2.500000
v -46.704837 29.300000 -2.500000
v -3.718734 -24.498724 -4.500000
v -3.892392 -24.167475 -4.500000
v -3.892392 24.167475 -4.500000
v -3.718734 24.498724 -4.500000
v -2.100000 -44.000000 -4.200000
v -1.818653 -42.950000 -4.200000
v -1.050000 -42.181347 -4.200000
v 0.000000 -41.900000 -4.200000
v 1.050000 -42.181347 -4.200000
v 1.818653 -42.950000 -4.200000
v 2.100000 -44.000000 -4.200000
v 1.818653 -45.050000 -4.200000
v 1.050000 -45.818653 -4.200000
v 0.000000 -46.100000 -4.200000
v -1.050000 -45.818653 -4.200000
v -1.818653 -45.050000 -4.200000
v 1.500000 -44.000000 -4.200000
v 1.299038 -44.750000 -4.200000
v 0.750000 -45.299038 -4.200000
v 0.000000 -45.500000 -4.200000
v -0.750000 -45.299038 -4.200000
v -1.299038 -44.750000 -4.200000
v -1.500000 -44.000000 -4.200000
v -1.299038 -43.250000 -4.200000
v -0.750000 -42.700962 -4.200000
v 0.000000 -42.500000 -4.200000
v 0.750000 -42.700962 -4.200000
v 1.299038 -43.250000 -4.200000
v 1.500000 -44.000000 -8.500000
v 1.299038 -43.250000 -8.500000
v 0.750000 -42.700962 -8.500000
v 0.000000 -42.500000 -8.500000
v -0.750000 -42.700962 -8.500000
v -1.299038 -43.250000 -8.500000
v -1.500000 -44.000000 -8.500000
v -1.299038 -44.750000 -8.500000
v -0.750000 -45.299038 -8.500000
v 0.000000 -45.500000 -8.500000
v 0.750000 -45.299038 -8.500000
v 1.299038 -44.750000 -8.500000
v 0.000000 -44.000000 -9.401291
v -2.100000 44.000000 -4.200000
v -1.940147 44.803635 -4.200000
v -1.484924 45.484924 -4.200000
v -0.803635 45.940147 -4.200000
v 0.000000 46.100000 -4.200000
v 0.609598 46.009575 -4.200000
v 1.166697 45.746086 -4.200000
v 1.623322 45.332226 -4.200000
v 1.940147 44.803635 -4.200000
v 2.089888 44.205836 -4.200000
v 2.059649 43.590310 -4.200000
v 1.852035 43.010067 -4.200000
v 1.484924 42.515076 -4.200000
v 0.989933 42.147965 -4.200000
v 0.409690 41.940351 -4.200000
v -0.205836 41.910112 -4.200000
v -0.803635 42.059853 -4.200000
v -1.332226 42.376678 -4.200000
v -1.746086 42.833303 -4.200000
v -2.009575 43.390402 -4.200000
v -1.500000 44.000000 -4.200000
v -1.299038 44.750000 -4.200000
v -0.750000 45.299038 -4.200000
v 0.000000 45.500000 -4.200000
v 0.750000 45.299038 -4.200000
v 1.299038 44.750000 -4.200000
v 1.500000 44.000000 -4.200000
v 1.299038 43.250000 -4.200000
v 0.750000 42.700962 -4.200000
v 0.000000 42.500000 -4.200000
v -0.750000 42.700962 -4.200000
v -1.299038 43.250000 -4.200000
v 1.500000 44.000000 -8.500000
v 1.299038 44.750000 -8.500000
v 0.750000 45.299038 -8.500000
v 0.000000 45.500000 -8.500000
v -0.750000 45.299038 -8.500000
v -1.299038 44.750000 -8.500000
v -1.500000 44.000000 -8.500000
v -1.299038 43.250000 -8.500000
v -0.750000 42.700962 -8.500000
v 0.000000 42.500000 -8.500000
v 0.750000 42.700962 -8.500000
v 1.299038 43.250000 -8.500000
v 0.000000 44.000000 -9.401291
v -2.100000 -32.500000 -8.800000
v -1.818653 -31.450000 -8.800000
v -1.050000 -30.681347 -8.800000
v -0.000000 -30.400000 -8.800000
v 1.050000 -30.681347 -8.800000
v 1.818653 -31.450000 -8.800000
v 2.100000 -32.500000 -8.800000
v 1.818653 -33.550000 -8.800000
v 1.050000 -34.318653 -8.800000
v -0.000000 -34.600000 -8.800000
v -1.050000 -34.318653 -8.800000
v -1.818653 -33.550000 -8.800000
v -2.100000 32.500000 -8.800000
v -1.818653 33.550000 -8.800000
v -1.050000 34.318653 -8.800000
v -0.000000 34.600000 -8.800000
v 1.050000 34.318653 -8.800000
v 1.818653 33.550000 -8.800000
v 2.100000 32.500000 -8.800000
v 1.818653 31.450000 -8.800000
v 1.050000 30.681347 -8.800000
v -0.000000 30.400000 -8.800000
v -1.050000 30.681347 -8.800000
v -1.818653 31.450000 -8.800000
v -53.422977 -25.978111 -5.750000
v -53.422977 25.978111 -5.750000
v -32.492402 -12.142051 -11.500000
v -33.224453 -11.410000 -11.500000
v -33.224453 11.410000 -11.500000
v -32.492402 12.142051 -11.500000
v -42.858427 30.000000 -12.500000
v -42.492402 30.000000 -12.866025
v -48.492402 30.000000 -12.866025
v -47.773491 28.683013 -12.500000
v -48.090478 28.500000 -12.866025
v -48.126376 30.000000 -12.500000
v -46.812227 27.720552 -12.500000
v -46.998864 27.405666 -12.866025
v -45.492402 27.366025 -12.500000
v -45.492402 27.000000 -12.866025
v -44.175414 27.718911 -12.500000
v -43.992402 27.401924 -12.866025
v -43.211313 28.683013 -12.500000
v -42.894326 28.500000 -12.866025
v -43.211313 31.316987 -12.500000
v -42.894326 31.500000 -12.866025
v -44.175414 32.281089 -12.500000
v -43.992402 32.598076 -12.866025
v -45.492402 32.633975 -12.500000
v -45.492402 33.000000 -12.866025
v -46.809389 32.281089 -12.500000
v -46.992402 32.598076 -12.866025
v -47.773491 31.316987 -12.500000
v -48.090478 31.500000 -12.866025
v 3.154282 16.973591 -5.825000
v 3.154282 16.973591 -0.150000
v 3.154282 16.973591 5.525000
v 2.990929 17.173732 -5.825000
v 2.990929 17.173732 -0.150000
v 2.990929 17.173732 5.525000
v 3.109517 -17.251756 -11.500000
v 3.196187 -17.082556 -11.500000
v 3.196187 -17.082556 7.416667
v 3.196187 -17.082556 3.633333
v 3.196187 -17.082556 -0.150000
v 3.196187 -17.082556 -3.933333
v 3.196187 -17.082556 -7.716667
v 3.109517 -17.251756 7.416667
v 3.109517 -17.251756 3.633333
v 3.109517 -17.251756 -0.150000
v 3.109517 -17.251756 -3.933333
v 3.109517 -17.251756 -7.716667
v 1.983217 -17.866407 -12.750000
v 1.891711 -17.707913 -12.933013
v 3.184618 -17.043798 -11.759078
v 3.044196 -17.108523 -12.180236
v 2.798460 -17.221502 -12.534054
v 2.565675 -17.328242 -12.731731
v 2.227553 -17.482823 -12.897369
v 3.140087 -17.182110 -11.737074
v 3.013923 -17.247330 -12.122953
v 2.793073 -17.361287 -12.448534
v 2.583506 -17.469208 -12.631592
v 2.278115 -17.626134 -12.786987
v 3.057514 -17.300586 -11.710441
v 2.944735 -17.363882 -12.052239
v 2.747834 -17.474352 -12.338751
v 2.561767 -17.578705 -12.498193
v 2.292203 -17.729823 -12.630974
v -1.325895 -19.776924 -12.750000
v -1.417402 -19.618430 -12.933013
v 1.241092 -24.223076 -12.750000
v 1.332598 -24.381570 -12.933013
v -2.265478 -20.716506 -12.750000
v -2.423972 -20.625000 -12.933013
v -2.609389 -22.000000 -12.750000
v -2.792402 -22.000000 -12.933013
v -2.265478 -23.283494 -12.750000
v -2.423972 -23.375000 -12.933013
v -1.325895 -24.223076 -12.750000
v -1.417402 -24.381570 -12.933013
v -0.042402 -24.566987 -12.750000
v -0.042402 -24.750000 -12.933013
v 2.177323 -23.682543 -12.750000
v 2.268829 -23.841036 -12.933013
v 2.617740 -23.549841 -12.816846
v 2.741008 -23.706390 -12.917886
v 3.306159 -23.016297 -11.839257
v 3.251187 -23.046889 -11.991735
v 2.935355 -23.222711 -12.416136
v 2.509560 -23.459975 -12.642585
v 3.435151 -23.029851 -11.872729
v 3.373647 -23.062396 -12.039522
v 3.023770 -23.247738 -12.498204
v 2.559476 -23.494390 -12.735689
v 3.671875 -23.164464 -11.916659
v 3.602008 -23.196498 -12.103067
v 3.204970 -23.379063 -12.615108
v 2.679707 -23.622382 -12.878727
v 3.117104 -23.301496 -12.567319
v 3.496254 -23.114127 -12.078566
v 3.563230 -23.081153 -11.899930
v 3.753519 -23.270811 -11.922255
v 3.683362 -23.300790 -12.111968
v 3.280950 -23.473250 -12.639056
v -48.492402 0.000000 -4.250000
v -48.492402 -0.625000 -4.082532
v -48.492402 -1.082532 -3.625000
v -48.492402 -1.250000 -3.000000
v -48.492402 -1.082532 -2.375000
v -48.492402 -0.625000 -1.917468
v -48.492402 0.000000 -1.750000
v -48.492402 0.625000 -1.917468
v -48.492402 1.082532 -2.375000
v -48.492402 1.250000 -3.000000
v -48.492402 1.082532 -3.625000
v -48.492402 0.625000 -4.082532
v -47.741326 0.000000 -3.000000
v -45.492402 -22.000000 -6.850000
v -45.492402 -22.625000 -6.682532
v -45.492402 -23.082532 -6.225000
v -45.492402 -23.250000 -5.600000
v -45.492402 -23.082532 -4.975000
v -45.492402 -22.625000 -4.517468
v -45.492402 -22.000000 -4.350000
v -45.492402 -21.375000 -4.517468
v -45.492402 -20.917468 -4.975000
v -45.492402 -20.750000 -5.600000
v -45.492402 -20.917468 -6.225000
v -45.492402 -21.375000 -6.682532
v -44.741326 -22.000000 -5.600000
v -45.492402 22.000000 -6.850000
v -45.492402 21.375000 -6.682532
v -45.492402 20.917468 -6.225000
v -45.492402 20.750000 -5.600000
v -45.492402 20.917468 -4.975000
v -45.492402 21.375000 -4.517468
v -45.492402 22.000000 -4.350000
v -45.492402 22.625000 -4.517468
v -45.492402 23.082532 -4.975000
v -45.492402 23.250000 -5.600000
v -45.492402 23.082532 -6.225000
v -45.492402 22.625000 -6.682532
v -44.741326 22.000000 -5.600000
vt -0.195756 3.870000 0.000000
vt -0.195756 2.750000 0.000000
vt -0.091234 3.870000 0.000000
vt -0.091234 1.600000 0.000000
vt -0.223107 2.500000 0.000000
vt -0.125123 1.527710 0.000000
vt -0.160298 1.507078 0.000000
vt -0.200843 1.500000 0.000000
vt -0.582947 1.500000 0.000000
vt -0.582947 2.500000 0.000000
vt -0.223107 2.750000 0.000000
vt -0.100495 1.560239 0.000000
vt 0.055870 1.717373 0.000000
vt 0.031725 1.726562 0.000000
vt 0.002276 0.552258 0.000000
vt -0.042956 1.734232 0.000000
vt -0.122526 0.560330 0.000000
vt -0.120586 -0.616265 0.000000
vt 0.002860 -0.569796 0.000000
vt -0.037147 -1.789898 0.000000
vt 0.053372 -1.737637 0.000000
vt 0.067728 -1.725176 0.000000
vt 0.078120 -1.689323 0.000000
vt 0.076395 -1.708256 0.000000
vt 0.076370 1.671863 0.000000
vt 0.072205 1.697359 0.000000
vt 0.075000 1.300200 0.000000
vt 0.050000 1.300200 0.000000
vt 0.075000 0.150200 0.000000
vt -0.025074 0.150200 0.000000
vt -0.025074 2.420200 0.000000
vt 0.050000 2.420200 0.000000
vt -0.400200 -51.961178 0.000000
vt -1.300200 -51.961178 0.000000
vt -0.400200 -52.925109 0.000000
vt -1.300200 -52.925109 0.000000
vt -1.300200 -53.889041 0.000000
vt -1.300200 -54.852972 0.000000
vt -0.400200 -54.852972 0.000000
vt -0.400200 -53.889041 0.000000
vt -2.874620 -3.250000 0.000000
vt -2.784626 -2.747918 0.000000
vt -2.869082 -2.661985 0.000000
vt -2.863085 -2.369060 0.000000
vt -2.855304 -2.200000 0.000000
vt -2.855518 -2.201729 0.000000
vt -2.833089 -2.024172 0.000000
vt -2.709737 -2.243362 0.000000
vt -2.812725 -1.848119 0.000000
vt -2.773713 -1.717373 0.000000
vt -2.790048 -1.697359 0.000000
vt -2.650018 -1.736786 0.000000
vt -2.749568 -1.726562 0.000000
vt -2.794213 -1.671863 0.000000
vt -2.874620 3.250000 0.000000
vt -2.862465 2.347413 0.000000
vt -2.818712 2.948486 0.000000
vt -2.836842 2.305228 0.000000
vt -2.812116 2.298896 0.000000
vt -2.855221 2.322939 0.000000
vt -2.768252 2.646012 0.000000
vt -2.787486 2.305594 0.000000
vt -2.723256 2.342677 0.000000
vt -2.651291 -18.079448 0.000000
vt -2.320380 -18.270500 0.000000
vt -2.566409 -16.756473 0.000000
vt -2.210572 -18.380307 0.000000
vt 1.787917 -13.531059 0.000000
vt 1.346702 -20.321519 0.000000
vt 1.917930 -13.643274 0.000000
vt 1.968899 -19.962294 0.000000
vt 2.724620 -18.883012 0.000000
vt -2.170380 -18.530307 0.000000
vt -1.892773 -20.604937 0.000000
vt -2.210572 -18.680307 0.000000
vt -2.320380 -18.790115 0.000000
vt -2.470380 -18.830307 0.000000
vt -2.724620 -19.580307 0.000000
vt -2.037847 -20.642693 0.000000
vt -2.620380 -18.790115 0.000000
vt -2.714068 -18.736062 0.000000
vt -2.162469 -20.726008 0.000000
vt -2.724620 -20.730307 0.000000
vt -2.252810 -20.845635 0.000000
vt -2.323794 -20.929685 0.000000
vt -2.423985 -20.975126 0.000000
vt -2.533982 -20.973157 0.000000
vt -2.632483 -20.924161 0.000000
vt -2.700414 -20.837625 0.000000
vt 1.586445 -20.264699 0.000000
vt 1.799820 -20.141507 0.000000
vt 2.085671 -13.680133 0.000000
vt 2.724620 -13.777602 0.000000
vt 2.250751 -13.632761 0.000000
vt 2.373422 -13.512564 0.000000
vt 2.424148 -13.348483 0.000000
vt -2.584875 -15.430907 0.000000
vt 1.726936 -13.370507 0.000000
vt 1.346702 -12.339095 0.000000
vt 1.749671 -13.200276 0.000000
vt 1.586445 -12.395915 0.000000
vt 1.799820 -12.519107 0.000000
vt 1.850647 -13.061354 0.000000
vt 1.968899 -12.698321 0.000000
vt 2.005551 -12.987190 0.000000
vt 2.177086 -12.995642 0.000000
vt -1.892773 -12.055678 0.000000
vt -2.706577 -14.110810 0.000000
vt -2.724620 -13.080308 0.000000
vt -2.037847 -12.017921 0.000000
vt -2.162469 -11.934607 0.000000
vt -2.724620 -11.930307 0.000000
vt -2.252810 -11.814980 0.000000
vt -2.323794 -11.730930 0.000000
vt -2.423985 -11.685489 0.000000
vt -2.533982 -11.687457 0.000000
vt -2.632483 -11.736453 0.000000
vt -2.700414 -11.822989 0.000000
vt 0.471239 0.553797 0.000000
vt 0.549779 0.894245 0.000000
vt 0.471239 1.678984 0.000000
vt 0.530144 2.212030 0.000000
vt 0.471239 1.856673 0.000000
vt 0.471239 2.034363 0.000000
vt 0.471239 2.212052 0.000000
vt 0.549779 -0.423532 0.000000
vt 0.471239 -0.571391 0.000000
vt 0.590642 -1.710079 0.000000
vt 0.531431 -1.700209 0.000000
vt 0.471239 -1.696578 0.000000
vt 0.628319 -0.423542 0.000000
vt 0.648827 -1.724508 0.000000
vt 0.706858 -0.423551 0.000000
vt 0.706858 -1.741309 0.000000
vt 0.706858 0.894206 0.000000
vt 0.628319 0.894226 0.000000
vt 0.706858 2.211964 0.000000
vt 0.647953 2.211986 0.000000
vt 0.589049 2.212008 0.000000
vt -11.930307 0.235619 0.000000
vt -13.080307 0.235619 0.000000
vt -11.930307 0.157080 0.000000
vt -13.080308 0.157080 0.000000
vt -11.930307 0.078540 0.000000
vt -13.080308 0.078540 0.000000
vt -11.930307 0.000000 0.000000
vt -13.080308 0.000000 0.000000
vt -20.730307 0.000000 0.000000
vt -19.580307 0.000000 0.000000
vt -20.730307 0.078540 0.000000
vt -19.580307 0.078540 0.000000
vt -20.730307 0.157080 0.000000
vt -19.580307 0.157080 0.000000
vt -19.580307 0.235619 0.000000
vt -20.730307 0.235619 0.000000
vt -18.883012 -0.157080 0.000000
vt -18.883012 -0.235619 0.000000
vt -17.181209 -0.157080 0.000000
vt -13.777602 -0.235619 0.000000
vt -15.479406 -0.157080 0.000000
vt -13.777602 -0.157080 0.000000
vt -15.479406 -0.078540 0.000000
vt -13.777602 -0.078540 0.000000
vt -13.777602 0.000000 0.000000
vt -18.883012 0.000000 0.000000
vt -17.181209 -0.078540 0.000000
vt -18.883012 -0.078540 0.000000
vt 1.070920 0.000001 0.000000
vt 2.104046 0.000000 0.000000
vt 1.627688 0.062132 0.000000
vt 2.104046 0.084768 0.000000
vt 1.627688 0.124265 0.000000
vt 2.104046 0.163760 0.000000
vt 1.627688 0.186396 0.000000
vt 2.104046 0.248528 0.000000
vt 1.517009 0.248528 0.000000
vt 1.346203 0.186396 0.000000
vt 1.225138 0.248528 0.000000
vt 1.205461 0.186396 0.000000
vt 1.129676 0.186396 0.000000
vt 1.129676 0.124265 0.000000
vt 1.070930 0.183939 0.000000
vt 1.070931 0.124266 0.000000
vt 1.070928 0.248528 0.000000
vt 1.070929 0.064592 0.000000
vt 1.129676 0.062132 0.000000
vt 1.205461 0.124265 0.000000
vt 1.205461 0.062132 0.000000
vt 1.346203 0.124265 0.000000
vt 1.346203 0.062132 0.000000
vt 0.000009 -0.000011 0.000000
vt -0.058461 -0.005506 0.000000
vt -0.058369 -0.006055 0.000000
vt -0.116750 -0.013235 0.000000
vt -0.116531 -0.014536 0.000000
vt -0.174201 -0.031278 0.000000
vt -0.173693 -0.034181 0.000000
vt -0.217728 -0.176470 0.000000
vt -0.215986 -0.176442 0.000000
vt 2.099798 0.163777 0.000000
vt 2.099798 0.248555 0.000000
vt 1.591433 0.186416 0.000000
vt 1.255230 0.248555 0.000000
vt 1.234902 0.185438 0.000000
vt 1.591433 0.124277 0.000000
vt 1.217587 0.126733 0.000000
vt 1.205699 0.066598 0.000000
vt 1.591433 0.062139 0.000000
vt 1.201293 0.000000 0.000000
vt 2.099798 0.000000 0.000000
vt 2.099798 0.084777 0.000000
vt -0.000000 -0.166608 0.000000
vt 0.063298 -0.200527 0.000000
vt 0.078540 -0.166608 0.000000
vt 0.157080 -0.222144 0.000000
vt 0.157080 -0.166608 0.000000
vt 0.235619 -0.222144 0.000000
vt 0.118298 -0.249564 0.000000
vt 0.157080 -0.277680 0.000000
vt 0.235619 -0.277680 0.000000
vt 0.143990 -0.333216 0.000000
vt 0.174533 -0.333216 0.000000
vt 0.205076 -0.333216 0.000000
vt 0.235619 -0.333216 0.000000
vt -0.086311 -0.235619 0.000000
vt -0.085213 -0.235200 0.000000
vt -0.449273 -0.235619 0.000000
vt 0.129059 -0.194209 0.000000
vt -0.449273 -0.157080 0.000000
vt 0.868286 -0.157080 0.000000
vt -0.449273 -0.078540 0.000000
vt 0.868286 -0.078540 0.000000
vt -0.449273 -0.000000 0.000000
vt 0.868286 0.000000 0.000000
vt 0.868286 -0.235619 0.000000
vt 0.343331 -0.235200 0.000000
vt 0.344429 -0.235619 0.000000
vt -0.235619 0.584027 0.000000
vt -0.157080 0.584027 0.000000
vt -0.235619 0.862136 0.000000
vt -0.157080 1.001190 0.000000
vt -0.235619 1.140244 0.000000
vt -0.157080 1.418352 0.000000
vt -0.235619 1.418352 0.000000
vt -0.078540 0.584027 0.000000
vt -0.078540 1.001190 0.000000
vt -0.078540 1.418352 0.000000
vt 0.000000 1.140244 0.000000
vt 0.000000 1.418352 0.000000
vt 0.000000 0.584027 0.000000
vt 0.000000 0.862136 0.000000
vt -1.760173 -0.235619 0.000000
vt 1.491676 -0.235619 0.000000
vt -0.134248 -0.157080 0.000000
vt 1.491676 -0.157080 0.000000
vt -0.134248 -0.078540 0.000000
vt 1.491676 -0.078540 0.000000
vt 1.491676 0.000000 0.000000
vt -1.760173 -0.000000 0.000000
vt -1.760173 -0.078540 0.000000
vt -1.760173 -0.157080 0.000000
vt -0.235619 -0.570264 0.000000
vt -0.314159 -0.570264 0.000000
vt -0.235619 -0.685374 0.000000
vt -0.314159 -0.742929 0.000000
vt -0.235619 -0.800484 0.000000
vt -0.314159 -0.915594 0.000000
vt -0.235619 -0.915594 0.000000
vt -0.392699 -0.570264 0.000000
vt -0.392699 -0.742929 0.000000
vt -0.392699 -0.915594 0.000000
vt -0.471239 -0.800484 0.000000
vt -0.471239 -0.915594 0.000000
vt -0.471239 -0.570264 0.000000
vt -0.471239 -0.685374 0.000000
vt -0.000000 -1.118614 0.000000
vt -0.078540 -1.118614 0.000000
vt -0.000000 -1.276596 0.000000
vt -0.078540 -1.308193 0.000000
vt -0.000000 -1.434578 0.000000
vt -0.078540 -1.497771 0.000000
vt -0.000000 -1.592560 0.000000
vt -0.078540 -1.687349 0.000000
vt 0.000000 -1.750542 0.000000
vt -0.078540 -1.876927 0.000000
vt 0.000000 -1.908523 0.000000
vt -0.078540 -2.066505 0.000000
vt 0.000000 -2.066505 0.000000
vt -0.157080 -1.118614 0.000000
vt -0.157080 -1.308193 0.000000
vt -0.157080 -1.497771 0.000000
vt -0.157080 -1.687349 0.000000
vt -0.157080 -1.876927 0.000000
vt -0.157080 -2.066505 0.000000
vt -0.235619 -1.908523 0.000000
vt -0.235619 -2.066505 0.000000
vt -0.235619 -1.118614 0.000000
vt -0.235619 -1.276596 0.000000
vt -0.235619 -1.434578 0.000000
vt -0.235619 -1.592560 0.000000
vt -0.235619 -1.750542 0.000000
vt -0.235619 -1.118614 0.000000
vt -0.157080 -1.118614 0.000000
vt -0.235619 -0.960633 0.000000
vt -0.157080 -0.929036 0.000000
vt -0.235619 -0.802651 0.000000
vt -0.157080 -0.739458 0.000000
vt -0.235619 -0.644669 0.000000
vt -0.157080 -0.549880 0.000000
vt -0.235619 -0.486687 0.000000
vt -0.157080 -0.360302 0.000000
vt -0.235619 -0.328705 0.000000
vt -0.157080 -0.170723 0.000000
vt -0.235619 -0.170723 0.000000
vt -0.078540 -1.118614 0.000000
vt -0.078540 -0.929036 0.000000
vt -0.078540 -0.739458 0.000000
vt -0.078540 -0.549880 0.000000
vt -0.078540 -0.360302 0.000000
vt -0.078540 -0.170723 0.000000
vt 0.000000 -0.328705 0.000000
vt 0.000000 -0.170723 0.000000
vt -0.000000 -1.118614 0.000000
vt -0.000000 -0.960633 0.000000
vt -0.000000 -0.802651 0.000000
vt -0.000000 -0.644669 0.000000
vt 0.000000 -0.486687 0.000000
vt -0.235619 0.915594 0.000000
vt -0.314159 0.915594 0.000000
vt -0.235619 0.800484 0.000000
vt -0.314159 0.742929 0.000000
vt -0.235619 0.685374 0.000000
vt -0.314159 0.570264 0.000000
vt -0.235619 0.570264 0.000000
vt -0.392699 0.915594 0.000000
vt -0.392699 0.742929 0.000000
vt -0.392699 0.570264 0.000000
vt -0.471239 0.685374 0.000000
vt -0.471239 0.570264 0.000000
vt -0.471239 0.915594 0.000000
vt -0.471239 0.800484 0.000000
vt -1.491676 -0.235619 0.000000
vt 1.760173 -0.235619 0.000000
vt 0.134248 -0.157080 0.000000
vt 1.760173 -0.157080 0.000000
vt 0.134248 -0.078540 0.000000
vt 1.760173 -0.078540 0.000000
vt 1.760173 -0.000000 0.000000
vt -1.491676 0.000000 0.000000
vt -1.491676 -0.078540 0.000000
vt -1.491676 -0.157080 0.000000
vt -0.235619 -1.418352 0.000000
vt -0.157080 -1.418352 0.000000
vt -0.235619 -1.140244 0.000000
vt -0.157080 -1.001190 0.000000
vt -0.235619 -0.862136 0.000000
vt -0.157080 -0.584027 0.000000
vt -0.235619 -0.584027 0.000000
vt -0.078540 -1.418352 0.000000
vt -0.078540 -1.001190 0.000000
vt -0.078540 -0.584027 0.000000
vt 0.000000 -0.862136 0.000000
vt 0.000000 -0.584027 0.000000
vt 0.000000 -1.418352 0.000000
vt -0.000000 -1.140244 0.000000
vt 0.449273 -0.000000 0.000000
vt -0.868286 0.000000 0.000000
vt 0.449273 -0.078540 0.000000
vt -0.868286 -0.078540 0.000000
vt 0.449273 -0.157080 0.000000
vt -0.868286 -0.157080 0.000000
vt 0.449273 -0.235619 0.000000
vt -0.868286 -0.235619 0.000000
vt 0.174533 0.000000 0.000000
vt 0.143990 0.000000 0.000000
vt 0.157080 -0.055536 0.000000
vt 0.118298 -0.083652 0.000000
vt 0.157080 -0.111072 0.000000
vt 0.063298 -0.132689 0.000000
vt 0.078540 -0.166608 0.000000
vt -0.000000 -0.166608 0.000000
vt 0.157080 -0.166608 0.000000
vt 0.235619 -0.166608 0.000000
vt 0.235619 -0.055536 0.000000
vt 0.205076 0.000000 0.000000
vt 0.235619 -0.111072 0.000000
vt 2.500000 0.130900 0.000000
vt 1.500000 0.130900 0.000000
vt 2.500000 -0.000000 0.000000
vt 1.500000 -0.000000 0.000000
vt 2.500000 -0.130900 0.000000
vt 1.500000 -0.130900 0.000000
vt 2.500000 -0.261799 0.000000
vt 1.500000 -0.261799 0.000000
vt 2.500000 -0.392699 0.000000
vt 1.500000 -0.392699 0.000000
vt 2.500000 -0.523599 0.000000
vt 1.500000 -0.523599 0.000000
vt 2.500000 -0.654498 0.000000
vt 1.500000 -0.654498 0.000000
vt 0.203121 1.600000 0.000000
vt 0.213100 1.559566 0.000000
vt 0.277288 1.600000 0.000000
vt 0.239104 1.526988 0.000000
vt 0.275390 1.506780 0.000000
vt 0.316840 1.500000 0.000000
vt 0.424947 2.500000 0.000000
vt 0.277288 2.500000 0.000000
vt 0.424947 1.500000 0.000000
vt 1.550000 -0.523599 0.000000
vt 2.500000 -0.523599 0.000000
vt 1.550000 -0.392699 0.000000
vt 2.500000 -0.392699 0.000000
vt 1.550000 -0.261799 0.000000
vt 2.500000 -0.261799 0.000000
vt 1.550000 -0.130900 0.000000
vt 2.500000 -0.130900 0.000000
vt 1.550000 0.000000 0.000000
vt 2.500000 0.000000 0.000000
vt 1.550000 0.130900 0.000000
vt 2.500000 0.130900 0.000000
vt 1.550000 0.261799 0.000000
vt 2.500000 0.261799 0.000000
vt 1.550000 0.392699 0.000000
vt 2.500000 0.392699 0.000000
vt 1.550000 0.523599 0.000000
vt 2.500000 0.523599 0.000000
vt 1.550000 0.654498 0.000000
vt 2.500000 0.654498 0.000000
vt 1.550000 0.785398 0.000000
vt 2.500000 0.785398 0.000000
vt 1.550000 -0.785398 0.000000
vt 2.500000 -0.785398 0.000000
vt 1.550000 -0.654498 0.000000
vt 2.500000 -0.654498 0.000000
vt 2.420200 -51.243670 0.000000
vt 0.150200 -51.243670 0.000000
vt 2.420200 -52.365931 0.000000
vt 0.150200 -52.365931 0.000000
vt 0.150200 -53.488193 0.000000
vt 0.150200 -54.610454 0.000000
vt 2.420200 -54.610454 0.000000
vt 2.420200 -53.488193 0.000000
vt -0.650000 51.237980 0.000000
vt -0.900000 51.167237 0.000000
vt -0.650000 51.056919 0.000000
vt -0.900000 50.950805 0.000000
vt -0.000000 50.950805 0.000000
vt -0.900000 51.383669 0.000000
vt -0.650000 51.419040 0.000000
vt -0.900000 51.600101 0.000000
vt -0.650000 51.600101 0.000000
vt 0.000000 50.679518 0.000000
vt 0.250000 50.750261 0.000000
vt 0.250000 51.056919 0.000000
vt 0.250000 50.443603 0.000000
vt -0.000000 50.408232 0.000000
vt 0.250000 50.136945 0.000000
vt -0.000000 50.136945 0.000000
vt 1.382051 -0.629423 0.000000
vt 1.691082 -0.794035 0.000000
vt 1.743894 -0.420513 0.000000
vt 1.752634 -0.791011 0.000000
vt 2.017099 -0.493718 0.000000
vt 1.812414 -0.805985 0.000000
vt 2.149424 -0.722911 0.000000
vt 1.865273 -0.837668 0.000000
vt 1.906659 -0.883330 0.000000
vt 1.633057 -0.814797 0.000000
vt 1.355446 -0.651747 0.000000
vt 1.338082 -0.681823 0.000000
vt 1.332051 -0.716025 0.000000
vt 1.583558 -0.851508 0.000000
vt 1.546847 -0.901007 0.000000
vt 1.332051 -1.000000 0.000000
vt 1.526086 -0.959031 0.000000
vt 1.523062 -1.020584 0.000000
vt 1.538036 -1.080364 0.000000
vt 1.370781 -1.171709 0.000000
vt 1.569719 -1.133223 0.000000
vt 1.615381 -1.174609 0.000000
vt 1.479471 -1.310166 0.000000
vt 1.671091 -1.200957 0.000000
vt 1.637072 -1.388560 0.000000
vt 1.732051 -1.210000 0.000000
vt 1.813067 -1.391710 0.000000
vt 1.812414 -1.194015 0.000000
vt 1.973373 -1.319004 0.000000
vt 1.880543 -1.148492 0.000000
vt 2.086946 -1.184524 0.000000
vt 1.926066 -1.080364 0.000000
vt 2.147174 -1.104773 0.000000
vt 1.942051 -1.000000 0.000000
vt 2.230255 -1.049230 0.000000
vt 1.933008 -0.939040 0.000000
vt 2.265268 -0.814509 0.000000
vt 2.198582 -0.779794 0.000000
vt 2.326971 -1.024059 0.000000
vt 2.340060 -0.822150 0.000000
vt 2.677820 -0.993363 0.000000
vt 2.660389 -0.794125 0.000000
vt 2.723272 -0.939196 0.000000
vt 2.714557 -0.839576 0.000000
vt 2.702141 -0.984511 0.000000
vt 2.718778 -0.964685 0.000000
vt 2.705704 -0.815255 0.000000
vt 2.685878 -0.798619 0.000000
vt 1.943894 -0.420513 0.000000
vt 1.843894 -0.393718 0.000000
vt -0.900000 -51.667253 0.000000
vt 0.250000 -51.667253 0.000000
vt -0.900000 -51.428437 0.000000
vt 0.250000 -51.157151 0.000000
vt -0.900000 -51.189621 0.000000
vt -0.900000 -50.950805 0.000000
vt 0.000000 -50.950805 0.000000
vt 0.250000 -50.647048 0.000000
vt -0.000000 -50.679518 0.000000
vt 0.000000 -50.408232 0.000000
vt 0.250000 -50.136945 0.000000
vt 0.000000 -50.136945 0.000000
vt -2.522880 1.552650 0.000000
vt -2.622518 1.444155 0.000000
vt -2.441156 1.552650 0.000000
vt -2.567898 0.481901 0.000000
vt -2.401591 1.560810 0.000000
vt -2.286024 0.334954 0.000000
vt -2.019702 0.949647 0.000000
vt -2.563104 1.544203 0.000000
vt -2.596533 1.520290 0.000000
vt -2.617519 1.484951 0.000000
vt -2.567898 -0.481901 0.000000
vt -2.286024 -0.334954 0.000000
vt -2.401591 -1.560810 0.000000
vt -2.019702 -0.949647 0.000000
vt -2.368483 -1.583958 0.000000
vt -2.347235 -1.618316 0.000000
vt -2.441156 -1.552650 0.000000
vt -2.622518 -1.444155 0.000000
vt -2.522880 -1.552650 0.000000
vt -2.563104 -1.544203 0.000000
vt -2.596533 -1.520290 0.000000
vt -2.617519 -1.484951 0.000000
vt -2.276281 -1.794843 0.000000
vt -2.194280 -1.966518 0.000000
vt -2.101562 -2.132650 0.000000
vt -1.530958 -1.407801 0.000000
vt -2.081400 -2.379559 0.000000
vt -2.085381 -2.416748 0.000000
vt -2.102747 -2.449872 0.000000
vt -1.546282 -4.194125 0.000000
vt -1.520793 -4.198619 0.000000
vt -0.900357 -1.633894 0.000000
vt -1.500966 -4.215255 0.000000
vt -1.492114 -4.239576 0.000000
vt -2.131068 -2.474300 0.000000
vt -2.264620 -3.250000 0.000000
vt -1.866611 -4.222150 0.000000
vt -2.424620 -2.643782 0.000000
vt -2.369620 -3.068135 0.000000
vt -2.292755 -3.145000 0.000000
vt -2.474620 -3.040000 0.000000
vt -2.457255 -2.655660 0.000000
vt -2.491985 -2.655660 0.000000
vt -2.524620 -2.643782 0.000000
vt -2.579620 -3.068135 0.000000
vt -2.689249 -2.548734 0.000000
vt -2.779408 -2.715869 0.000000
vt -2.718859 -2.522647 0.000000
vt -2.736072 -2.487137 0.000000
vt -2.738207 -2.447733 0.000000
vt -2.656485 -3.145000 0.000000
vt -2.824883 -2.983315 0.000000
vt -2.684620 -3.250000 0.000000
vt -2.874620 -3.250000 0.000000
vt -2.656485 -3.355000 0.000000
vt -2.824620 -4.029423 0.000000
vt -2.579620 -3.431865 0.000000
vt -2.462777 -3.820513 0.000000
vt -2.474620 -3.460000 0.000000
vt -2.362777 -3.793718 0.000000
vt -2.369620 -3.431865 0.000000
vt -2.262777 -3.820513 0.000000
vt -2.292755 -3.355000 0.000000
vt -2.189572 -3.893718 0.000000
vt -2.057247 -4.122911 0.000000
vt -1.941403 -4.214509 0.000000
vt -2.008089 -4.179794 0.000000
vt -2.874620 -4.116025 0.000000
vt -2.868589 -4.081823 0.000000
vt -2.851225 -4.051747 0.000000
vt -1.483399 -4.339196 0.000000
vt 0.255246 -4.136893 0.000000
vt 0.259740 -4.111405 0.000000
vt -0.231847 -1.590657 0.000000
vt 0.276377 -4.091578 0.000000
vt 0.300698 -4.082726 0.000000
vt 0.259604 -4.186703 0.000000
vt -1.487893 -4.364685 0.000000
vt 0.268456 -4.211024 0.000000
vt -1.504530 -4.384511 0.000000
vt 0.288282 -4.227661 0.000000
vt -1.528851 -4.393363 0.000000
vt 0.313771 -4.232155 0.000000
vt 1.346702 -3.991212 0.000000
vt 1.383114 -3.141506 0.000000
vt 1.383114 -2.958494 0.000000
vt 0.674620 -1.241000 0.000000
vt 0.774620 -1.214205 0.000000
vt 1.474620 -2.800000 0.000000
vt 0.847825 -1.141000 0.000000
vt 1.674620 -2.517157 0.000000
vt 0.874620 -1.041000 0.000000
vt 0.874620 1.041000 0.000000
vt 1.674620 2.517157 0.000000
vt 0.847825 1.141000 0.000000
vt 1.474620 2.800000 0.000000
vt 0.774620 1.214205 0.000000
vt 1.383114 2.958494 0.000000
vt 0.674620 1.241000 0.000000
vt 0.300698 4.082726 0.000000
vt 0.489801 1.241000 0.000000
vt 0.364376 1.285216 0.000000
vt 0.444994 1.246084 0.000000
vt 0.402465 1.261077 0.000000
vt 1.474620 -3.300000 0.000000
vt 1.469115 -3.971423 0.000000
vt 1.587347 -3.934033 0.000000
vt 1.740005 -3.565385 0.000000
vt 1.698880 -3.879839 0.000000
vt 1.765020 -3.817706 0.000000
vt 1.796894 -3.732741 0.000000
vt 1.787942 -3.642437 0.000000
vt 1.616041 -2.658579 0.000000
vt 1.647825 -2.617157 0.000000
vt 1.667805 -2.568921 0.000000
vt 1.667805 2.568921 0.000000
vt 1.647825 2.617157 0.000000
vt 1.616041 2.658579 0.000000
vt 1.383114 3.141506 0.000000
vt 1.346702 3.991212 0.000000
vt 1.474620 3.300000 0.000000
vt 1.469115 3.971423 0.000000
vt 1.587347 3.934033 0.000000
vt 1.740005 3.565385 0.000000
vt 1.698880 3.879839 0.000000
vt 1.765020 3.817706 0.000000
vt 1.787942 3.642437 0.000000
vt 1.796894 3.732741 0.000000
vt -0.231847 1.590657 0.000000
vt 0.276377 4.091578 0.000000
vt 0.259740 4.111405 0.000000
vt 0.255246 4.136893 0.000000
vt -1.492114 4.239576 0.000000
vt -0.900357 1.633894 0.000000
vt -1.483399 4.339196 0.000000
vt 0.259604 4.186703 0.000000
vt -1.487893 4.364685 0.000000
vt 0.268456 4.211024 0.000000
vt -1.504530 4.384511 0.000000
vt 0.288282 4.227661 0.000000
vt -1.528851 4.393363 0.000000
vt 0.313771 4.232155 0.000000
vt -1.500966 4.215255 0.000000
vt -1.520793 4.198619 0.000000
vt -1.530958 1.407801 0.000000
vt -2.085381 2.416748 0.000000
vt -2.081400 2.379559 0.000000
vt -1.546282 4.194125 0.000000
vt -2.102747 2.449872 0.000000
vt -1.866611 4.222150 0.000000
vt -2.264620 3.250000 0.000000
vt -2.057247 4.122911 0.000000
vt -2.189572 3.893718 0.000000
vt -1.941403 4.214509 0.000000
vt -2.008089 4.179794 0.000000
vt -2.292755 3.355000 0.000000
vt -2.262777 3.820513 0.000000
vt -2.369620 3.431865 0.000000
vt -2.362777 3.793718 0.000000
vt -2.474620 3.460000 0.000000
vt -2.462777 3.820513 0.000000
vt -2.579620 3.431865 0.000000
vt -2.824620 4.029423 0.000000
vt -2.656485 3.355000 0.000000
vt -2.874620 3.250000 0.000000
vt -2.684620 3.250000 0.000000
vt -2.824883 2.983315 0.000000
vt -2.656485 3.145000 0.000000
vt -2.779408 2.715869 0.000000
vt -2.579620 3.068135 0.000000
vt -2.689249 2.548734 0.000000
vt -2.474620 2.672650 0.000000
vt -2.851225 4.051747 0.000000
vt -2.868589 4.081823 0.000000
vt -2.874620 4.116025 0.000000
vt -2.738207 2.447733 0.000000
vt -2.736072 2.487137 0.000000
vt -2.718859 2.522647 0.000000
vt -2.131068 2.474300 0.000000
vt -2.369620 3.068135 0.000000
vt -2.474620 3.040000 0.000000
vt -2.292755 3.145000 0.000000
vt -2.099676 2.155747 0.000000
vt -2.102024 2.140890 0.000000
vt -2.106574 2.126553 0.000000
vt -2.113223 2.113060 0.000000
vt -2.201228 1.953001 0.000000
vt -2.279328 1.787882 0.000000
vt -2.347235 1.618316 0.000000
vt -2.368483 1.583958 0.000000
vt 0.364376 -1.285216 0.000000
vt 0.489801 -1.241000 0.000000
vt 0.444994 -1.246084 0.000000
vt 0.402465 -1.261077 0.000000
vt -1.041000 0.000000 0.000000
vt 1.041000 -0.000000 0.000000
vt -1.041000 0.250000 0.000000
vt 1.041000 0.250000 0.000000
vt 0.127819 0.250000 0.000000
vt -0.057000 0.250000 0.000000
vt 0.127819 -0.000000 0.000000
vt -0.057000 0.000000 0.000000
vt -0.449273 -0.900000 0.000000
vt 0.868286 -0.900000 0.000000
vt -0.449273 0.250000 0.000000
vt 0.868286 0.250000 0.000000
vt 0.250000 1.252705 0.000000
vt -0.231747 0.837500 0.000000
vt 0.250000 -3.852705 0.000000
vt -0.231747 -3.437500 0.000000
vt -0.215000 -3.500000 0.000000
vt -0.900000 1.252705 0.000000
vt -0.340000 1.025000 0.000000
vt -0.277500 1.008253 0.000000
vt -0.231747 0.962500 0.000000
vt -0.900000 -3.852705 0.000000
vt -0.725000 -1.300000 0.000000
vt -0.708253 -1.237500 0.000000
vt -0.662500 -1.191747 0.000000
vt -0.340000 -3.625000 0.000000
vt -0.402500 -3.608253 0.000000
vt -0.448253 -3.562500 0.000000
vt -0.231747 -3.562500 0.000000
vt -0.277500 -3.608253 0.000000
vt -0.465000 -3.500000 0.000000
vt -0.662500 -1.408253 0.000000
vt -0.708253 -1.362500 0.000000
vt -0.600000 -1.425000 0.000000
vt -0.448253 -3.437500 0.000000
vt -0.537500 -1.408253 0.000000
vt -0.402500 -3.391747 0.000000
vt -0.491747 -1.362500 0.000000
vt -0.340000 -3.375000 0.000000
vt -0.475000 -1.300000 0.000000
vt -0.277500 -3.391747 0.000000
vt -0.215000 0.900000 0.000000
vt -0.277500 0.791747 0.000000
vt -0.340000 0.775000 0.000000
vt -0.491747 -1.237500 0.000000
vt -0.402500 0.791747 0.000000
vt -0.537500 -1.191747 0.000000
vt -0.448253 0.837500 0.000000
vt -0.600000 -1.175000 0.000000
vt -0.465000 0.900000 0.000000
vt -0.448253 0.962500 0.000000
vt -0.402500 1.008253 0.000000
vt 0.449273 0.250000 0.000000
vt -0.868286 0.250000 0.000000
vt 0.449273 -0.900000 0.000000
vt -0.868286 -0.900000 0.000000
vt 1.407984 -0.450000 0.000000
vt 1.760173 -0.450000 0.000000
vt 1.407984 0.000000 0.000000
vt 1.760173 0.250000 0.000000
vt -0.441676 -0.000000 0.000000
vt -1.491676 0.250000 0.000000
vt -1.491676 -0.900000 0.000000
vt -0.441676 -0.900000 0.000000
vt 0.450000 -0.000000 0.000000
vt -0.250000 0.000000 0.000000
vt 0.450000 -0.177475 0.000000
vt -0.250000 -0.177475 0.000000
vt -0.250000 -0.354950 0.000000
vt 0.450000 -0.354950 0.000000
vt -0.250000 -0.532424 0.000000
vt 0.450000 -0.532424 0.000000
vt -0.250000 -0.709899 0.000000
vt 0.450000 -0.709899 0.000000
vt -0.250000 -0.887374 0.000000
vt 0.450000 -0.887374 0.000000
vt 0.450000 -1.064849 0.000000
vt -0.250000 -1.064849 0.000000
vt -0.291025 -0.450000 0.000000
vt -0.291025 0.000000 0.000000
vt -0.575000 -0.450000 0.000000
vt -0.575000 0.250000 0.000000
vt 0.575000 0.250000 0.000000
vt 0.575000 -0.000000 0.000000
vt -0.575000 0.000000 0.000000
vt 0.291025 -0.000000 0.000000
vt -0.575000 0.250000 0.000000
vt 0.575000 0.250000 0.000000
vt 0.575000 -0.450000 0.000000
vt 0.291025 -0.450000 0.000000
vt -0.250000 0.000000 0.000000
vt 0.450000 -0.000000 0.000000
vt -0.250000 0.177475 0.000000
vt 0.450000 0.177475 0.000000
vt 0.450000 0.354950 0.000000
vt -0.250000 0.354950 0.000000
vt 0.450000 0.532424 0.000000
vt -0.250000 0.532424 0.000000
vt 0.450000 0.709899 0.000000
vt -0.250000 0.709899 0.000000
vt 0.450000 0.887374 0.000000
vt -0.250000 0.887374 0.000000
vt -0.250000 1.064849 0.000000
vt 0.450000 1.064849 0.000000
vt 0.350000 -0.392699 0.000000
vt -0.020000 -0.392699 0.000000
vt 0.350000 -0.471239 0.000000
vt -0.020000 -0.471239 0.000000
vt 0.350000 0.471239 0.000000
vt -0.020000 0.471239 0.000000
vt 0.350000 0.392699 0.000000
vt -0.020000 0.392699 0.000000
vt 0.350000 0.314159 0.000000
vt -0.020000 0.314159 0.000000
vt 0.350000 0.235619 0.000000
vt -0.020000 0.235619 0.000000
vt 0.350000 0.157080 0.000000
vt -0.020000 0.157080 0.000000
vt 0.350000 0.078540 0.000000
vt -0.020000 0.078540 0.000000
vt 0.350000 0.000000 0.000000
vt -0.020000 -0.000000 0.000000
vt 0.350000 -0.078540 0.000000
vt -0.020000 -0.078540 0.000000
vt 0.350000 -0.157080 0.000000
vt -0.020000 -0.157080 0.000000
vt 0.350000 -0.235619 0.000000
vt -0.020000 -0.235619 0.000000
vt 0.350000 -0.314159 0.000000
vt -0.020000 -0.314159 0.000000
vt -0.000000 -1.345000 0.000000
vt 0.250000 -1.345000 0.000000
vt -0.000000 -1.160181 0.000000
vt 0.250000 -1.160181 0.000000
vt 1.491676 -0.900000 0.000000
vt 1.491676 0.250000 0.000000
vt 0.441676 0.000000 0.000000
vt -1.760173 0.250000 0.000000
vt -1.407984 -0.000000 0.000000
vt -1.760173 -0.450000 0.000000
vt -1.407984 -0.450000 0.000000
vt 0.441676 -0.900000 0.000000
vt 0.350000 -0.392699 0.000000
vt -0.020000 -0.392699 0.000000
vt 0.350000 -0.471239 0.000000
vt -0.020000 -0.471239 0.000000
vt 0.350000 0.471239 0.000000
vt -0.020000 0.471239 0.000000
vt 0.350000 0.392699 0.000000
vt -0.020000 0.392699 0.000000
vt 0.350000 0.314159 0.000000
vt -0.020000 0.314159 0.000000
vt 0.350000 0.235619 0.000000
vt -0.020000 0.235619 0.000000
vt 0.350000 0.157080 0.000000
vt -0.020000 0.157080 0.000000
vt 0.350000 0.078540 0.000000
vt -0.020000 0.078540 0.000000
vt 0.350000 0.000000 0.000000
vt -0.020000 -0.000000 0.000000
vt 0.350000 -0.078540 0.000000
vt -0.020000 -0.078540 0.000000
vt 0.350000 -0.157080 0.000000
vt -0.020000 -0.157080 0.000000
vt 0.350000 -0.235619 0.000000
vt -0.020000 -0.235619 0.000000
vt 0.350000 -0.314159 0.000000
vt -0.020000 -0.314159 0.000000
vt 2.500000 -1.473351 0.000000
vt 2.250000 -1.473351 0.000000
vt 2.500000 -2.147947 0.000000
vt 2.250000 -2.147947 0.000000
vt 2.500000 -2.822543 0.000000
vt 2.250000 -2.822543 0.000000
vt 2.500000 -3.497138 0.000000
vt 2.250000 -3.497138 0.000000
vt 2.500000 -4.171734 0.000000
vt 2.250000 -4.171734 0.000000
vt 2.500000 -4.846330 0.000000
vt 2.250000 -4.846330 0.000000
vt 2.500000 -5.520926 0.000000
vt 2.250000 -5.520926 0.000000
vt 2.500000 -6.195522 0.000000
vt 2.250000 -6.195522 0.000000
vt 2.500000 -6.870117 0.000000
vt 2.250000 -6.870117 0.000000
vt 2.500000 -7.544713 0.000000
vt 2.250000 -7.544713 0.000000
vt 2.500000 -8.219309 0.000000
vt 2.250000 -8.219309 0.000000
vt 2.500000 -8.893905 0.000000
vt 2.250000 -8.893905 0.000000
vt -2.500000 -0.449731 0.000000
vt -2.250000 -0.449731 0.000000
vt -2.500000 -0.404540 0.000000
vt -2.250000 -0.404540 0.000000
vt -2.250000 -0.359350 0.000000
vt -2.250000 -0.314159 0.000000
vt -2.500000 -0.314159 0.000000
vt -2.500000 -0.359350 0.000000
vt -2.500000 0.314159 0.000000
vt -2.250000 0.314159 0.000000
vt -2.500000 0.359350 0.000000
vt -2.250000 0.359350 0.000000
vt -2.250000 0.404540 0.000000
vt -2.250000 0.449731 0.000000
vt -2.500000 0.449731 0.000000
vt -2.500000 0.404540 0.000000
vt -0.250000 1.658063 0.000000
vt 0.900000 1.658063 0.000000
vt -0.250000 1.948951 0.000000
vt 0.900000 1.948951 0.000000
vt 0.900000 2.239839 0.000000
vt 0.900000 2.530727 0.000000
vt -0.250000 2.530727 0.000000
vt -0.250000 2.239839 0.000000
vt -0.250000 -2.530727 0.000000
vt 0.900000 -2.530727 0.000000
vt -0.250000 -2.239839 0.000000
vt 0.900000 -2.239839 0.000000
vt 0.900000 -1.948951 0.000000
vt 0.900000 -1.658063 0.000000
vt -0.250000 -1.658063 0.000000
vt -0.250000 -1.948951 0.000000
vt 0.137778 36.908199 0.000000
vt -0.280043 36.908199 0.000000
vt 0.137778 36.458199 0.000000
vt -0.280043 36.458199 0.000000
vt -0.096032 36.458199 0.000000
vt 0.168618 36.458199 0.000000
vt -0.096032 36.908199 0.000000
vt 0.168618 36.908199 0.000000
vt -0.122069 36.458199 0.000000
vt 0.199483 36.458199 0.000000
vt -0.122069 36.908199 0.000000
vt 0.199483 36.908199 0.000000
vt 0.050000 36.908199 0.000000
vt -0.050000 36.908199 0.000000
vt 0.050000 36.458199 0.000000
vt -0.050000 36.458199 0.000000
vt 1.332051 7.516025 0.000000
vt 1.550185 7.695000 0.000000
vt 1.332051 7.800000 0.000000
vt 1.522051 7.800000 0.000000
vt 1.550185 7.905000 0.000000
vt 1.627051 7.618135 0.000000
vt 1.338082 7.481823 0.000000
vt 1.355446 7.451747 0.000000
vt 1.382051 7.429423 0.000000
vt 1.732051 7.590000 0.000000
vt 1.743894 7.220513 0.000000
vt 2.017099 7.293718 0.000000
vt 1.943894 7.220513 0.000000
vt 1.843894 7.193718 0.000000
vt 1.837051 7.618135 0.000000
vt 2.149424 7.522911 0.000000
vt 1.913916 7.695000 0.000000
vt 2.198582 7.579794 0.000000
vt 2.265268 7.614509 0.000000
vt 2.340060 7.622150 0.000000
vt 2.326971 7.824059 0.000000
vt 2.230255 7.849230 0.000000
vt 1.942051 7.800000 0.000000
vt 2.147174 7.904773 0.000000
vt 1.913916 7.905000 0.000000
vt 2.086946 7.984524 0.000000
vt 1.837051 7.981865 0.000000
vt 1.973373 8.119004 0.000000
vt 1.813067 8.191710 0.000000
vt 2.677820 7.793363 0.000000
vt 2.660389 7.594125 0.000000
vt 2.723272 7.739196 0.000000
vt 2.714557 7.639576 0.000000
vt 2.705704 7.615255 0.000000
vt 2.685878 7.598619 0.000000
vt 2.718778 7.764685 0.000000
vt 2.702141 7.784511 0.000000
vt 1.732051 8.010000 0.000000
vt 1.637072 8.188560 0.000000
vt 1.627051 7.981865 0.000000
vt 1.479471 8.110166 0.000000
vt 1.370781 7.971709 0.000000
vt 0.050000 36.908199 0.000000
vt -0.050000 36.908199 0.000000
vt 0.050000 36.458199 0.000000
vt -0.050000 36.458199 0.000000
vt 0.122069 36.908199 0.000000
vt -0.199483 36.908199 0.000000
vt 0.122069 36.458199 0.000000
vt -0.199483 36.458199 0.000000
vt 0.096032 36.908199 0.000000
vt -0.168618 36.908199 0.000000
vt 0.096032 36.458199 0.000000
vt -0.168618 36.458199 0.000000
vt -0.137778 36.458199 0.000000
vt 0.280043 36.458199 0.000000
vt -0.137778 36.908199 0.000000
vt 0.280043 36.908199 0.000000
vt -36.908199 -0.523599 0.000000
vt -36.458199 -0.523599 0.000000
vt -36.908199 -0.447968 0.000000
vt -36.458199 -0.447968 0.000000
vt -36.908199 -0.372337 0.000000
vt -36.458199 -0.372337 0.000000
vt -36.908199 -0.296706 0.000000
vt -36.458199 -0.296706 0.000000
vt -36.908199 0.296706 0.000000
vt -36.458199 0.296706 0.000000
vt -36.908199 0.372337 0.000000
vt -36.458199 0.372337 0.000000
vt -36.908199 0.447968 0.000000
vt -36.458199 0.447968 0.000000
vt -36.908199 0.523599 0.000000
vt -36.458199 0.523599 0.000000
vt -36.908199 -0.523599 0.000000
vt -36.458199 -0.523599 0.000000
vt -36.908199 -0.418879 0.000000
vt -36.458199 -0.418879 0.000000
vt -36.908199 -0.314159 0.000000
vt -36.458199 -0.314159 0.000000
vt -36.908199 -0.209440 0.000000
vt -36.458199 -0.209440 0.000000
vt -36.908199 0.209440 0.000000
vt -36.458199 0.209440 0.000000
vt -36.908199 0.314159 0.000000
vt -36.458199 0.314159 0.000000
vt -36.908199 0.418879 0.000000
vt -36.458199 0.418879 0.000000
vt -36.908199 0.523599 0.000000
vt -36.458199 0.523599 0.000000
vt -0.100156 0.000200 0.000000
vt 0.089941 0.000200 0.000000
vt -0.100156 0.900200 0.000000
vt 0.089941 0.900200 0.000000
vt 0.172265 0.900200 0.000000
vt -0.166699 0.900200 0.000000
vt 0.172265 0.000200 0.000000
vt -0.166699 0.000200 0.000000
vt -0.155516 0.000200 0.000000
vt 0.092215 0.000200 0.000000
vt -0.155516 0.900200 0.000000
vt 0.092215 0.900200 0.000000
vt 0.000200 -1.622262 0.000000
vt 0.900200 -1.622262 0.000000
vt 0.000200 -1.431977 0.000000
vt 0.900200 -1.431977 0.000000
vt 0.000200 -1.241691 0.000000
vt 0.900200 -1.241691 0.000000
vt 0.000200 -1.051406 0.000000
vt 0.900200 -1.051406 0.000000
vt 0.900200 0.021631 0.000000
vt 0.000200 0.021631 0.000000
vt 0.900200 -0.060093 0.000000
vt 0.000200 -0.060093 0.000000
vt 1.852500 1.552650 0.000000
vt 1.800000 2.097500 0.000000
vt 1.770777 1.552650 0.000000
vt 1.748750 2.111232 0.000000
vt 1.731211 1.560810 0.000000
vt 1.711232 2.148750 0.000000
vt 1.698103 1.583958 0.000000
vt 1.676855 1.618316 0.000000
vt 1.697500 2.200000 0.000000
vt 1.605901 1.794843 0.000000
vt 1.523900 1.966518 0.000000
vt 1.460688 2.474300 0.000000
vt 1.431182 2.132650 0.000000
vt 1.432367 2.449872 0.000000
vt 1.415001 2.416748 0.000000
vt 1.851250 2.111232 0.000000
vt 1.892724 1.544203 0.000000
vt 1.888768 2.148750 0.000000
vt 1.926153 1.520290 0.000000
vt 1.902500 2.200000 0.000000
vt 1.979638 1.736786 0.000000
vt 2.005704 1.974173 0.000000
vt 1.947140 1.484951 0.000000
vt 1.977048 1.442031 0.000000
vt 2.004507 1.734232 0.000000
vt 1.952139 1.444155 0.000000
vt 1.897518 0.481901 0.000000
vt 1.915687 -0.000000 0.000000
vt 1.897518 -0.481901 0.000000
vt 1.977048 -1.442031 0.000000
vt 1.952139 -1.444155 0.000000
vt 1.947140 -1.484951 0.000000
vt 1.926153 -1.520290 0.000000
vt 1.921244 -2.130000 0.000000
vt 1.986630 -1.803574 0.000000
vt 2.010317 -1.789898 0.000000
vt 1.892724 -1.544203 0.000000
vt 1.870000 -2.078756 0.000000
vt 1.852500 -1.552650 0.000000
vt 1.800000 -2.060000 0.000000
vt 1.770777 -1.552650 0.000000
vt 1.730000 -2.078756 0.000000
vt 1.731211 -1.560810 0.000000
vt 1.698103 -1.583958 0.000000
vt 1.678756 -2.130000 0.000000
vt 1.676855 -1.618316 0.000000
vt 1.660000 -2.200000 0.000000
vt 1.608948 -1.787882 0.000000
vt 1.530848 -1.953001 0.000000
vt 1.460688 -2.474300 0.000000
vt 1.442843 -2.113060 0.000000
vt 1.432367 -2.449872 0.000000
vt 1.436194 -2.126553 0.000000
vt 1.429296 -2.155747 0.000000
vt 1.431644 -2.140890 0.000000
vt 1.411020 -2.379559 0.000000
vt 1.415001 -2.416748 0.000000
vt 1.678756 -2.270000 0.000000
vt 1.804240 -2.672650 0.000000
vt 1.730000 -2.321244 0.000000
vt 1.800000 -2.340000 0.000000
vt 1.870000 -2.321244 0.000000
vt 1.921244 -2.270000 0.000000
vt 2.018869 -2.548734 0.000000
vt 1.940000 -2.200000 0.000000
vt 2.010962 -2.018632 0.000000
vt 2.038029 -2.233363 0.000000
vt 2.048479 -2.522647 0.000000
vt 2.067827 -2.447733 0.000000
vt 2.065692 -2.487137 0.000000
vt 2.018869 2.548734 0.000000
vt 2.035102 2.211171 0.000000
vt 2.048479 2.522647 0.000000
vt 2.067827 2.447733 0.000000
vt 2.065692 2.487137 0.000000
vt 1.854240 2.643782 0.000000
vt 1.888768 2.251250 0.000000
vt 1.851250 2.288768 0.000000
vt 1.821605 2.655660 0.000000
vt 1.800000 2.302500 0.000000
vt 1.786875 2.655660 0.000000
vt 1.748750 2.288768 0.000000
vt 1.754240 2.643782 0.000000
vt 1.711232 2.251250 0.000000
vt 1.411020 2.379559 0.000000
vt -0.000200 2.517157 0.000000
vt -0.900200 2.517157 0.000000
vt -0.000200 -2.517157 0.000000
vt -0.900200 -2.517157 0.000000
vt -0.141421 0.000200 0.000000
vt 0.058579 0.000200 0.000000
vt -0.141421 0.900200 0.000000
vt 0.058579 0.900200 0.000000
vt -0.900200 -0.277680 0.000000
vt -0.000200 -0.277680 0.000000
vt -0.900200 -0.092560 0.000000
vt -0.000200 -0.092560 0.000000
vt -0.900200 0.092560 0.000000
vt -0.000200 0.092560 0.000000
vt -0.900200 0.277680 0.000000
vt -0.000200 0.277680 0.000000
vt 0.298268 0.900200 0.000000
vt -0.077042 0.900200 0.000000
vt 0.298268 0.000200 0.000000
vt -0.077042 0.000200 0.000000
vt 0.900200 -1.409353 0.000000
vt 0.000200 -1.409353 0.000000
vt 0.900200 -1.533466 0.000000
vt 0.000200 -1.533466 0.000000
vt 0.900200 -1.657579 0.000000
vt 0.000200 -1.657579 0.000000
vt 0.900200 -1.781691 0.000000
vt 0.000200 -1.781691 0.000000
vt 0.550000 0.900200 0.000000
vt -0.500000 0.900200 0.000000
vt 0.550000 0.000200 0.000000
vt -0.500000 0.000200 0.000000
vt 0.025000 0.900200 0.000000
vt -0.025000 0.900200 0.000000
vt 0.025000 0.000200 0.000000
vt -0.025000 0.000200 0.000000
vt 0.025000 0.900200 0.000000
vt -0.025000 0.900200 0.000000
vt 0.025000 0.000200 0.000000
vt -0.025000 0.000200 0.000000
vt -0.550000 0.000200 0.000000
vt 0.500000 0.000200 0.000000
vt -0.550000 0.900200 0.000000
vt 0.500000 0.900200 0.000000
vt 0.000200 1.409353 0.000000
vt 0.900200 1.409353 0.000000
vt 0.000200 1.533466 0.000000
vt 0.900200 1.533466 0.000000
vt 0.000200 1.657579 0.000000
vt 0.900200 1.657579 0.000000
vt 0.000200 1.781691 0.000000
vt 0.900200 1.781691 0.000000
vt -0.298268 0.000200 0.000000
vt 0.077042 0.000200 0.000000
vt -0.298268 0.900200 0.000000
vt 0.077042 0.900200 0.000000
vt 0.141421 0.900200 0.000000
vt -0.058579 0.900200 0.000000
vt 0.141421 0.000200 0.000000
vt -0.058579 0.000200 0.000000
vt -0.900200 -0.277680 0.000000
vt -0.000200 -0.277680 0.000000
vt -0.900200 -0.092560 0.000000
vt -0.000200 -0.092560 0.000000
vt -0.900200 0.092560 0.000000
vt -0.000200 0.092560 0.000000
vt -0.900200 0.277680 0.000000
vt -0.000200 0.277680 0.000000
vt -3.545000 -2.552705 0.000000
vt -2.796250 -2.911232 0.000000
vt -3.545000 2.552705 0.000000
vt -2.815000 2.878756 0.000000
vt -2.866244 2.930000 0.000000
vt -3.541901 -2.583038 0.000000
vt -3.532732 -2.612117 0.000000
vt -3.517873 -2.638742 0.000000
vt -2.833768 -2.948750 0.000000
vt -2.847500 -3.000000 0.000000
vt -2.762152 -3.718023 0.000000
vt -2.833768 -3.051250 0.000000
vt -2.796250 -3.088768 0.000000
vt -2.745000 -3.102500 0.000000
vt -2.693750 -3.088768 0.000000
vt -2.563235 -3.928862 0.000000
vt -2.656232 -3.051250 0.000000
vt -2.458322 -3.642437 0.000000
vt -2.642500 -3.000000 0.000000
vt -2.410385 -3.565385 0.000000
vt -2.338185 -2.568921 0.000000
vt -2.318205 -2.617157 0.000000
vt -2.286421 -2.658579 0.000000
vt -2.145000 -3.300000 0.000000
vt -2.145000 -2.800000 0.000000
vt -2.053494 -3.141506 0.000000
vt -2.053494 -2.958494 0.000000
vt -2.312206 -4.073794 0.000000
vt -2.435400 -3.817706 0.000000
vt -2.467274 -3.732741 0.000000
vt -2.030155 -4.140641 0.000000
vt -2.139495 -3.971423 0.000000
vt -2.257727 -3.934033 0.000000
vt -2.369260 -3.879839 0.000000
vt -2.017082 -3.991212 0.000000
vt -0.984151 -4.232155 0.000000
vt -0.971078 -4.082726 0.000000
vt -0.958662 -4.227661 0.000000
vt -0.946757 -4.091578 0.000000
vt -0.938836 -4.211024 0.000000
vt -0.929984 -4.186703 0.000000
vt -0.925626 -4.136893 0.000000
vt -0.930120 -4.111405 0.000000
vt -2.345000 -2.517157 0.000000
vt -2.656232 -2.948750 0.000000
vt -2.693750 -2.911232 0.000000
vt -2.745000 -2.897500 0.000000
vt -2.745000 2.860000 0.000000
vt -2.345000 2.517157 0.000000
vt -2.675000 2.878756 0.000000
vt -2.623756 2.930000 0.000000
vt -2.605000 3.000000 0.000000
vt -2.338185 2.568921 0.000000
vt -2.410385 3.565385 0.000000
vt -2.318205 2.617157 0.000000
vt -2.286421 2.658579 0.000000
vt -2.145000 3.300000 0.000000
vt -2.145000 2.800000 0.000000
vt -2.053494 3.141506 0.000000
vt -2.053494 2.958494 0.000000
vt -2.458322 3.642437 0.000000
vt -2.623756 3.070000 0.000000
vt -2.563235 3.928862 0.000000
vt -2.675000 3.121244 0.000000
vt -2.762152 3.718023 0.000000
vt -2.745000 3.140000 0.000000
vt -2.815000 3.121244 0.000000
vt -2.866244 3.070000 0.000000
vt -3.517873 2.638742 0.000000
vt -2.885000 3.000000 0.000000
vt -2.467274 3.732741 0.000000
vt -2.435400 3.817706 0.000000
vt -2.312206 4.073794 0.000000
vt -2.369260 3.879839 0.000000
vt -2.257727 3.934033 0.000000
vt -2.139495 3.971423 0.000000
vt -2.030155 4.140641 0.000000
vt -2.017082 3.991212 0.000000
vt -0.984151 4.232155 0.000000
vt -0.971078 4.082726 0.000000
vt -0.958662 4.227661 0.000000
vt -0.946757 4.091578 0.000000
vt -0.938836 4.211024 0.000000
vt -0.929984 4.186703 0.000000
vt -0.930120 4.111405 0.000000
vt -0.925626 4.136893 0.000000
vt -3.532732 2.612117 0.000000
vt -3.541901 2.583038 0.000000
vt -0.230000 0.000200 0.000000
vt 0.166699 0.000200 0.000000
vt -0.230000 0.900200 0.000000
vt 0.166699 0.900200 0.000000
vt 0.157891 0.900200 0.000000
vt -0.089941 0.900200 0.000000
vt 0.157891 0.000200 0.000000
vt -0.089941 0.000200 0.000000
vt -0.000200 0.021631 0.000000
vt -0.900200 0.021631 0.000000
vt -0.000200 -0.060093 0.000000
vt -0.900200 -0.060093 0.000000
vt 0.000200 1.051406 0.000000
vt 0.900200 1.051406 0.000000
vt 0.000200 1.234092 0.000000
vt 0.900200 1.234092 0.000000
vt 0.000200 1.416778 0.000000
vt 0.900200 1.416778 0.000000
vt 0.000200 1.599465 0.000000
vt 0.900200 1.599465 0.000000
vt 0.132341 0.900200 0.000000
vt -0.092215 0.900200 0.000000
vt 0.132341 0.000200 0.000000
vt -0.092215 0.000200 0.000000
vt -0.900200 -0.074176 0.000000
vt -0.000200 -0.074176 0.000000
vt -0.450200 -0.047997 0.000000
vt -0.000200 -0.047997 0.000000
vt -0.450200 -0.021817 0.000000
vt -0.000200 -0.021817 0.000000
vt -0.000200 0.004363 0.000000
vt -0.900200 0.004363 0.000000
vt -0.900200 -0.021817 0.000000
vt -0.900200 -0.047997 0.000000
vt -0.900200 0.004363 0.000000
vt -0.000200 0.004363 0.000000
vt -0.450200 0.030543 0.000000
vt -0.000200 0.030543 0.000000
vt -0.450200 0.056723 0.000000
vt -0.000200 0.056723 0.000000
vt -0.000200 0.082903 0.000000
vt -0.900200 0.082903 0.000000
vt -0.900200 0.056723 0.000000
vt -0.900200 0.030543 0.000000
vt 0.000000 0.082903 0.000000
vt 0.450000 0.082903 0.000000
vt 0.000000 0.109083 0.000000
vt 0.450000 0.109083 0.000000
vt 0.000000 0.135263 0.000000
vt 0.450000 0.135263 0.000000
vt -0.000000 0.161443 0.000000
vt 0.450000 0.161443 0.000000
vt -36.908199 -0.152716 0.000000
vt -36.458199 -0.152716 0.000000
vt -36.908199 -0.126536 0.000000
vt -36.458199 -0.126536 0.000000
vt -36.908199 -0.100356 0.000000
vt -36.458199 -0.100356 0.000000
vt -36.908199 -0.074176 0.000000
vt -36.458199 -0.074176 0.000000
vt -36.908199 0.074176 0.000000
vt -36.458199 0.074176 0.000000
vt -36.908199 0.100356 0.000000
vt -36.458199 0.100356 0.000000
vt -36.908199 0.126536 0.000000
vt -36.458199 0.126536 0.000000
vt -36.908199 0.152716 0.000000
vt -36.458199 0.152716 0.000000
vt -36.908199 0.152716 0.000000
vt -36.458199 0.152716 0.000000
vt -36.908199 0.178896 0.000000
vt -36.458199 0.178896 0.000000
vt -36.908199 0.205076 0.000000
vt -36.458199 0.205076 0.000000
vt -36.908199 0.231256 0.000000
vt -36.458199 0.231256 0.000000
vt -0.000000 -0.082903 0.000000
vt 0.900000 -0.082903 0.000000
vt 0.450000 -0.056723 0.000000
vt 0.900000 -0.056723 0.000000
vt 0.450000 -0.030543 0.000000
vt 0.900000 -0.030543 0.000000
vt 0.900000 -0.004363 0.000000
vt -0.000000 -0.004363 0.000000
vt -0.000000 -0.030543 0.000000
vt -0.000000 -0.056723 0.000000
vt -0.900200 -0.004363 0.000000
vt -0.000200 -0.004363 0.000000
vt -0.450200 0.021817 0.000000
vt -0.000200 0.021817 0.000000
vt -0.450200 0.047997 0.000000
vt -0.000200 0.047997 0.000000
vt -0.000200 0.074176 0.000000
vt -0.900200 0.074176 0.000000
vt -0.900200 0.047997 0.000000
vt -0.900200 0.021817 0.000000
vt 0.900200 -0.471239 0.000000
vt 0.000200 -0.471239 0.000000
vt 0.900200 -0.562783 0.000000
vt 0.000200 -0.562783 0.000000
vt 0.900200 -0.654327 0.000000
vt 0.000200 -0.654327 0.000000
vt 0.900200 -0.745871 0.000000
vt 0.000200 -0.745871 0.000000
vt 0.900200 -0.837416 0.000000
vt 0.000200 -0.837416 0.000000
vt 0.900200 -0.419221 0.000000
vt 0.000200 -0.419221 0.000000
vt 0.900200 -0.510766 0.000000
vt 0.000200 -0.510766 0.000000
vt 0.900200 -0.602310 0.000000
vt 0.000200 -0.602310 0.000000
vt 0.900200 -0.693854 0.000000
vt 0.000200 -0.693854 0.000000
vt 0.900200 -0.785398 0.000000
vt 0.000200 -0.785398 0.000000
vt -0.900200 0.000000 0.000000
vt -0.000200 0.000000 0.000000
vt -0.900200 0.052360 0.000000
vt -0.000200 0.052360 0.000000
vt -0.000200 0.104720 0.000000
vt -0.000200 0.157080 0.000000
vt -0.900200 0.157080 0.000000
vt -0.900200 0.104720 0.000000
vt 0.900200 -0.471239 0.000000
vt 0.000200 -0.471239 0.000000
vt 0.900200 -0.523599 0.000000
vt 0.000200 -0.523599 0.000000
vt 0.000200 -0.575959 0.000000
vt 0.000200 -0.628319 0.000000
vt 0.900200 -0.628319 0.000000
vt 0.900200 -0.575959 0.000000
vt -0.000000 -0.134172 0.000000
vt -0.119580 -0.134172 0.000000
vt 0.000000 -0.161007 0.000000
vt 0.000000 -0.080503 0.000000
vt -0.119580 -0.080503 0.000000
vt -0.000000 -0.107338 0.000000
vt -0.000000 -0.026834 0.000000
vt -0.119580 -0.026834 0.000000
vt 0.000000 -0.053669 0.000000
vt -0.000000 0.026834 0.000000
vt -0.119580 0.026834 0.000000
vt 0.000000 0.000000 0.000000
vt 0.000000 0.080503 0.000000
vt -0.119580 0.080503 0.000000
vt -0.000000 0.053669 0.000000
vt -0.000000 0.134172 0.000000
vt -0.119580 0.134172 0.000000
vt -0.000000 0.107338 0.000000
vt 0.000000 0.161007 0.000000
vt -0.119580 0.161007 0.000000
vt -0.119580 0.053669 0.000000
vt -0.119580 -0.053669 0.000000
vt -0.119580 0.107338 0.000000
vt -0.119580 0.000000 0.000000
vt -0.119580 -0.107338 0.000000
vt 1.000000 0.053669 0.000000
vt 0.000000 0.053669 0.000000
vt 1.000000 0.000000 0.000000
vt 0.000000 0.000000 0.000000
vt 1.000000 -0.053669 0.000000
vt -0.000000 -0.053669 0.000000
vt 1.000000 -0.107338 0.000000
vt -0.000000 -0.107338 0.000000
vt 1.000000 -0.161007 0.000000
vt -0.000000 -0.161007 0.000000
vt 1.000000 -0.214675 0.000000
vt -0.000000 -0.214675 0.000000
vt 1.000000 -0.268344 0.000000
vt -0.000000 -0.268344 0.000000
vt 1.000000 -0.322013 0.000000
vt 0.000000 -0.322013 0.000000
vt 1.000000 0.322013 0.000000
vt 0.000000 0.322013 0.000000
vt 1.000000 0.268344 0.000000
vt 0.000000 0.268344 0.000000
vt 1.000000 0.214675 0.000000
vt 0.000000 0.214675 0.000000
vt 1.000000 0.161007 0.000000
vt 0.000000 0.161007 0.000000
vt 1.000000 0.107338 0.000000
vt 0.000000 0.107338 0.000000
vt -0.000000 -0.134172 0.000000
vt -0.119580 -0.134172 0.000000
vt 0.000000 -0.161007 0.000000
vt 0.000000 -0.080503 0.000000
vt -0.119580 -0.080503 0.000000
vt -0.000000 -0.107338 0.000000
vt 0.000000 -0.026834 0.000000
vt -0.119580 -0.026834 0.000000
vt -0.000000 -0.053669 0.000000
vt 0.000000 0.026834 0.000000
vt -0.119580 0.026834 0.000000
vt 0.000000 0.000000 0.000000
vt 0.000000 0.080503 0.000000
vt -0.119580 0.080503 0.000000
vt -0.000000 0.053669 0.000000
vt 0.000000 0.134172 0.000000
vt -0.119580 0.134172 0.000000
vt -0.000000 0.107338 0.000000
vt 0.000000 0.161007 0.000000
vt -0.119580 0.161007 0.000000
vt -0.119580 0.053669 0.000000
vt -0.119580 -0.053669 0.000000
vt -0.119580 0.107338 0.000000
vt -0.119580 0.000000 0.000000
vt -0.119580 -0.107338 0.000000
vt 1.000000 0.053669 0.000000
vt 0.000000 0.053669 0.000000
vt 1.000000 0.000000 0.000000
vt 0.000000 0.000000 0.000000
vt 1.000000 -0.053669 0.000000
vt -0.000000 -0.053669 0.000000
vt 1.000000 -0.107338 0.000000
vt -0.000000 -0.107338 0.000000
vt 1.000000 -0.161007 0.000000
vt -0.000000 -0.161007 0.000000
vt 1.000000 -0.214675 0.000000
vt -0.000000 -0.214675 0.000000
vt 1.000000 -0.268344 0.000000
vt -0.000000 -0.268344 0.000000
vt 1.000000 -0.322013 0.000000
vt 0.000000 -0.322013 0.000000
vt 1.000000 0.322013 0.000000
vt 0.000000 0.322013 0.000000
vt 1.000000 0.268344 0.000000
vt 0.000000 0.268344 0.000000
vt 1.000000 0.214675 0.000000
vt 0.000000 0.214675 0.000000
vt 1.000000 0.161007 0.000000
vt 0.000000 0.161007 0.000000
vt 1.000000 0.107338 0.000000
vt 0.000000 0.107338 0.000000
vt -0.043202 -0.216493 0.000000
vt -0.180000 -0.121244 0.000000
vt -0.063370 -0.396426 0.000000
vt -0.250000 -0.140000 0.000000
vt -0.375000 -0.216506 0.000000
vt -0.320000 -0.121244 0.000000
vt -0.371244 -0.070000 0.000000
vt -0.128756 -0.070000 0.000000
vt -0.021119 -0.036786 0.000000
vt -0.110000 -0.000000 0.000000
vt 0.002876 0.142677 0.000000
vt -0.128756 0.070000 0.000000
vt -0.125000 0.216506 0.000000
vt -0.180000 0.121244 0.000000
vt -0.250000 0.250000 0.000000
vt -0.250000 0.140000 0.000000
vt -0.320000 0.121244 0.000000
vt -0.375000 0.216506 0.000000
vt -0.371244 0.070000 0.000000
vt -0.466506 0.125000 0.000000
vt -0.390000 -0.000000 0.000000
vt -0.500000 -0.000000 0.000000
vt -0.466506 -0.125000 0.000000
vt 1.150000 0.073304 0.000000
vt 0.900000 0.073304 0.000000
vt 1.150000 -0.000000 0.000000
vt 0.900000 -0.000000 0.000000
vt 1.150000 -0.073304 0.000000
vt 0.900000 -0.073304 0.000000
vt 1.150000 -0.146608 0.000000
vt 0.900000 -0.146608 0.000000
vt 1.150000 -0.219911 0.000000
vt 0.900000 -0.219911 0.000000
vt 1.150000 -0.293215 0.000000
vt 0.900000 -0.293215 0.000000
vt 1.150000 -0.366519 0.000000
vt 0.900000 -0.366519 0.000000
vt 1.150000 -0.439823 0.000000
vt 0.900000 -0.439823 0.000000
vt 1.150000 0.439823 0.000000
vt 0.900000 0.439823 0.000000
vt 1.150000 0.366519 0.000000
vt 0.900000 0.366519 0.000000
vt 1.150000 0.293215 0.000000
vt 0.900000 0.293215 0.000000
vt 1.150000 0.219911 0.000000
vt 0.900000 0.219911 0.000000
vt 1.150000 0.146608 0.000000
vt 0.900000 0.146608 0.000000
vt 1.150000 0.073304 0.000000
vt 0.900000 0.073304 0.000000
vt 1.150000 -0.000000 0.000000
vt 0.900000 -0.000000 0.000000
vt 1.150000 -0.073304 0.000000
vt 0.900000 -0.073304 0.000000
vt 1.150000 -0.146608 0.000000
vt 0.900000 -0.146608 0.000000
vt 1.150000 -0.219911 0.000000
vt 0.900000 -0.219911 0.000000
vt 1.150000 -0.293215 0.000000
vt 0.900000 -0.293215 0.000000
vt 1.150000 -0.366519 0.000000
vt 0.900000 -0.366519 0.000000
vt 1.150000 -0.439823 0.000000
vt 0.900000 -0.439823 0.000000
vt 1.150000 0.439823 0.000000
vt 0.900000 0.439823 0.000000
vt 1.150000 0.366519 0.000000
vt 0.900000 0.366519 0.000000
vt 1.150000 0.293215 0.000000
vt 0.900000 0.293215 0.000000
vt 1.150000 0.219911 0.000000
vt 0.900000 0.219911 0.000000
vt 1.150000 0.146608 0.000000
vt 0.900000 0.146608 0.000000
vt -0.466506 -0.125000 0.000000
vt -0.371244 -0.070000 0.000000
vt -0.500000 -0.000000 0.000000
vt -0.390000 -0.000000 0.000000
vt -0.371244 0.070000 0.000000
vt -0.320000 -0.121244 0.000000
vt -0.375000 -0.216506 0.000000
vt -0.250000 -0.140000 0.000000
vt -0.250000 -0.250000 0.000000
vt -0.125000 -0.216506 0.000000
vt -0.180000 -0.121244 0.000000
vt -0.033494 -0.125000 0.000000
vt -0.128756 -0.070000 0.000000
vt -0.110000 -0.000000 0.000000
vt 0.000000 0.000000 0.000000
vt -0.128756 0.070000 0.000000
vt -0.033494 0.125000 0.000000
vt -0.180000 0.121244 0.000000
vt -0.125000 0.216506 0.000000
vt -0.250000 0.140000 0.000000
vt -0.250000 0.250000 0.000000
vt -0.375000 0.216506 0.000000
vt -0.320000 0.121244 0.000000
vt -0.466506 0.125000 0.000000
vt -36.908199 0.052360 0.000000
vt -36.458199 0.052360 0.000000
vt -36.908199 0.087266 0.000000
vt -36.458199 0.087266 0.000000
vt -36.458199 0.122173 0.000000
vt -36.458199 0.157080 0.000000
vt -36.908199 0.157080 0.000000
vt -36.908199 0.122173 0.000000
vt 0.900200 -0.052360 0.000000
vt 0.000200 -0.052360 0.000000
vt 0.450200 -0.089982 0.000000
vt 0.000200 -0.089982 0.000000
vt 0.450200 -0.127605 0.000000
vt 0.000200 -0.127605 0.000000
vt 0.000200 -0.165227 0.000000
vt 0.900200 -0.165227 0.000000
vt 0.900200 -0.127605 0.000000
vt 0.900200 -0.089982 0.000000
vt -0.900200 -0.148932 0.000000
vt -0.000200 -0.148932 0.000000
vt -0.900200 -0.133876 0.000000
vt -0.000200 -0.133876 0.000000
vt -0.900200 -0.118820 0.000000
vt -0.000200 -0.118820 0.000000
vt -0.900200 -0.103764 0.000000
vt -0.000200 -0.103764 0.000000
vt -0.000000 0.142631 0.000000
vt 0.900000 0.142631 0.000000
vt 0.000000 0.182354 0.000000
vt 0.900000 0.182354 0.000000
vt 0.000000 0.222077 0.000000
vt 0.900000 0.222077 0.000000
vt 0.000000 0.261799 0.000000
vt 0.900000 0.261799 0.000000
vt -0.900200 -0.122033 0.000000
vt -0.000200 -0.122033 0.000000
vt -0.900200 -0.081355 0.000000
vt -0.000200 -0.081355 0.000000
vt -0.900200 -0.040678 0.000000
vt -0.000200 -0.040678 0.000000
vt -0.900200 0.000000 0.000000
vt -0.000200 0.000000 0.000000
vt -0.900200 -0.314159 0.000000
vt -0.000200 -0.314159 0.000000
vt -0.900200 -0.273482 0.000000
vt -0.000200 -0.273482 0.000000
vt -0.900200 -0.232804 0.000000
vt -0.000200 -0.232804 0.000000
vt -0.900200 -0.192127 0.000000
vt -0.000200 -0.192127 0.000000
vt 0.000000 0.157080 0.000000
vt 0.450000 0.157080 0.000000
vt 0.000000 0.191986 0.000000
vt 0.450000 0.191986 0.000000
vt 0.450000 0.226893 0.000000
vt 0.450000 0.261799 0.000000
vt 0.000000 0.261799 0.000000
vt 0.000000 0.226893 0.000000
vt 0.900200 -0.148932 0.000000
vt 0.000200 -0.148932 0.000000
vt 0.450200 -0.186555 0.000000
vt 0.000200 -0.186555 0.000000
vt 0.450200 -0.224177 0.000000
vt 0.000200 -0.224177 0.000000
vt 0.000200 -0.261799 0.000000
vt 0.900200 -0.261799 0.000000
vt 0.900200 -0.224177 0.000000
vt 0.900200 -0.186555 0.000000
vt -0.000000 0.052360 0.000000
vt 0.900000 0.052360 0.000000
vt -0.000000 0.092083 0.000000
vt 0.900000 0.092083 0.000000
vt -0.000000 0.131805 0.000000
vt 0.900000 0.131805 0.000000
vt 0.000000 0.171528 0.000000
vt 0.900000 0.171528 0.000000
vt 0.900200 -0.261799 0.000000
vt 0.000200 -0.261799 0.000000
vt 0.900200 -0.296706 0.000000
vt 0.000200 -0.296706 0.000000
vt 0.000200 -0.331613 0.000000
vt 0.000200 -0.366519 0.000000
vt 0.900200 -0.366519 0.000000
vt 0.900200 -0.331613 0.000000
vt -0.000000 0.109956 0.000000
vt -0.030000 0.109956 0.000000
vt -0.000000 0.000000 0.000000
vt -0.030000 0.000000 0.000000
vt -0.000000 -0.109956 0.000000
vt -0.030000 -0.109956 0.000000
vt -0.000000 -0.219911 0.000000
vt -0.030000 -0.219911 0.000000
vt -0.000000 -0.329867 0.000000
vt -0.030000 -0.329867 0.000000
vt -0.000000 -0.439823 0.000000
vt -0.030000 -0.439823 0.000000
vt -0.000000 -0.549779 0.000000
vt -0.030000 -0.549779 0.000000
vt -0.000000 -0.659734 0.000000
vt -0.030000 -0.659734 0.000000
vt -0.000000 0.659734 0.000000
vt -0.030000 0.659734 0.000000
vt -0.000000 0.549779 0.000000
vt -0.030000 0.549779 0.000000
vt -0.000000 0.439823 0.000000
vt -0.030000 0.439823 0.000000
vt -0.000000 0.329867 0.000000
vt -0.030000 0.329867 0.000000
vt -0.000000 0.219911 0.000000
vt -0.030000 0.219911 0.000000
vt 0.113840 -4.410000 0.000000
vt 0.165802 -4.380000 0.000000
vt 0.085706 -4.305000 0.000000
vt 0.145706 -4.305000 0.000000
vt 0.165802 -4.230000 0.000000
vt 0.220706 -4.434904 0.000000
vt 0.190706 -4.486865 0.000000
vt 0.295706 -4.455000 0.000000
vt 0.295706 -4.515000 0.000000
vt 0.400706 -4.486865 0.000000
vt 0.370706 -4.434904 0.000000
vt 0.477571 -4.410000 0.000000
vt 0.425610 -4.380000 0.000000
vt 0.445706 -4.305000 0.000000
vt 0.505706 -4.305000 0.000000
vt 0.425610 -4.230000 0.000000
vt 0.477571 -4.200000 0.000000
vt 0.370706 -4.175096 0.000000
vt 0.400706 -4.123135 0.000000
vt 0.295706 -4.155000 0.000000
vt 0.295706 -4.095000 0.000000
vt 0.190706 -4.123135 0.000000
vt 0.220706 -4.175096 0.000000
vt 0.113840 -4.200000 0.000000
vt 0.000000 -0.196350 0.000000
vt -0.174995 -0.196350 0.000000
vt 0.000000 -0.235619 0.000000
vt 0.000000 -0.117810 0.000000
vt -0.174995 -0.117810 0.000000
vt 0.000000 -0.157080 0.000000
vt 0.000000 -0.039270 0.000000
vt -0.174995 -0.039270 0.000000
vt 0.000000 -0.078540 0.000000
vt 0.000000 0.039270 0.000000
vt -0.174995 0.039270 0.000000
vt 0.000000 0.000000 0.000000
vt 0.000000 0.117810 0.000000
vt -0.174995 0.117810 0.000000
vt 0.000000 0.078540 0.000000
vt 0.000000 0.196350 0.000000
vt -0.174995 0.196350 0.000000
vt 0.000000 0.157080 0.000000
vt 0.000000 0.235619 0.000000
vt -0.174995 0.235619 0.000000
vt -0.174995 0.078540 0.000000
vt -0.174995 -0.078540 0.000000
vt -0.174995 0.157080 0.000000
vt -0.174995 0.000000 0.000000
vt -0.174995 -0.157080 0.000000
vt 0.400000 0.078540 0.000000
vt -0.030000 0.078540 0.000000
vt 0.400000 0.000000 0.000000
vt -0.030000 -0.000000 0.000000
vt 0.400000 -0.078540 0.000000
vt -0.030000 -0.078540 0.000000
vt 0.400000 -0.157080 0.000000
vt -0.030000 -0.157080 0.000000
vt 0.400000 -0.235619 0.000000
vt -0.030000 -0.235619 0.000000
vt 0.400000 -0.314159 0.000000
vt -0.030000 -0.314159 0.000000
vt 0.400000 -0.392699 0.000000
vt -0.030000 -0.392699 0.000000
vt 0.400000 -0.471239 0.000000
vt -0.030000 -0.471239 0.000000
vt 0.400000 0.471239 0.000000
vt -0.030000 0.471239 0.000000
vt 0.400000 0.392699 0.000000
vt -0.030000 0.392699 0.000000
vt 0.400000 0.314159 0.000000
vt -0.030000 0.314159 0.000000
vt 0.400000 0.235619 0.000000
vt -0.030000 0.235619 0.000000
vt 0.400000 0.157080 0.000000
vt -0.030000 0.157080 0.000000
vt -0.000000 0.082467 0.000000
vt -0.030000 0.082467 0.000000
vt -0.000000 0.000000 0.000000
vt -0.030000 0.000000 0.000000
vt 0.000000 -0.061850 0.000000
vt -0.030000 -0.061850 0.000000
vt -0.030000 -0.123700 0.000000
vt -0.000000 0.164934 0.000000
vt -0.030000 0.164934 0.000000
vt -0.000000 0.247400 0.000000
vt -0.030000 0.247400 0.000000
vt -0.030000 0.329867 0.000000
vt -0.000000 0.329867 0.000000
vt -0.030000 0.391717 0.000000
vt -0.000000 0.391717 0.000000
vt -0.000000 0.453567 0.000000
vt -0.000000 0.515418 0.000000
vt -0.030000 0.515418 0.000000
vt -0.030000 0.453567 0.000000
vt -0.000000 0.577268 0.000000
vt -0.030000 0.577268 0.000000
vt -0.030000 0.639118 0.000000
vt 0.000000 0.639118 0.000000
vt 0.000000 0.700968 0.000000
vt -0.000000 -0.556651 0.000000
vt -0.030000 -0.556651 0.000000
vt -0.000000 -0.618501 0.000000
vt -0.030000 -0.618501 0.000000
vt -0.030000 0.700968 0.000000
vt -0.000000 -0.494801 0.000000
vt -0.030000 -0.494801 0.000000
vt -0.000000 -0.432951 0.000000
vt -0.030000 -0.432951 0.000000
vt -0.030000 -0.371101 0.000000
vt -0.000000 -0.371101 0.000000
vt 0.000000 -0.309251 0.000000
vt -0.000000 -0.247400 0.000000
vt -0.030000 -0.247400 0.000000
vt -0.030000 -0.309251 0.000000
vt -0.000000 -0.185550 0.000000
vt -0.030000 -0.185550 0.000000
vt 0.000000 -0.123700 0.000000
vt 0.101691 4.575364 0.000000
vt 0.085706 4.495000 0.000000
vt 0.145706 4.495000 0.000000
vt 0.094748 4.434040 0.000000
vt 0.165802 4.420000 0.000000
vt 0.121097 4.378330 0.000000
vt 0.162483 4.332668 0.000000
vt 0.220706 4.365096 0.000000
vt 0.215342 4.300985 0.000000
vt 0.295706 4.345000 0.000000
vt 0.275122 4.286011 0.000000
vt 0.336675 4.289035 0.000000
vt 0.370706 4.365096 0.000000
vt 0.394699 4.309797 0.000000
vt 0.444198 4.346508 0.000000
vt 0.425610 4.420000 0.000000
vt 0.480909 4.396007 0.000000
vt 0.501671 4.454031 0.000000
vt 0.445706 4.495000 0.000000
vt 0.504695 4.515584 0.000000
vt 0.489720 4.575364 0.000000
vt 0.425610 4.570000 0.000000
vt 0.458038 4.628223 0.000000
vt 0.370706 4.624904 0.000000
vt 0.412376 4.669609 0.000000
vt 0.356666 4.695957 0.000000
vt 0.295706 4.645000 0.000000
vt 0.295706 4.705000 0.000000
vt 0.215342 4.689015 0.000000
vt 0.220706 4.624904 0.000000
vt 0.147213 4.643492 0.000000
vt 0.165802 4.570000 0.000000
vt 0.000000 -0.196350 0.000000
vt -0.174995 -0.196350 0.000000
vt 0.000000 -0.235619 0.000000
vt 0.000000 -0.117810 0.000000
vt -0.174995 -0.117810 0.000000
vt 0.000000 -0.157080 0.000000
vt 0.000000 -0.039270 0.000000
vt -0.174995 -0.039270 0.000000
vt 0.000000 -0.078540 0.000000
vt 0.000000 0.039270 0.000000
vt -0.174995 0.039270 0.000000
vt 0.000000 0.000000 0.000000
vt 0.000000 0.117810 0.000000
vt -0.174995 0.117810 0.000000
vt 0.000000 0.078540 0.000000
vt 0.000000 0.196350 0.000000
vt -0.174995 0.196350 0.000000
vt 0.000000 0.157080 0.000000
vt 0.000000 0.235619 0.000000
vt -0.174995 0.235619 0.000000
vt -0.174995 0.078540 0.000000
vt -0.174995 -0.078540 0.000000
vt -0.174995 0.157080 0.000000
vt -0.174995 0.000000 0.000000
vt -0.174995 -0.157080 0.000000
vt 0.400000 0.078540 0.000000
vt -0.030000 0.078540 0.000000
vt 0.400000 0.000000 0.000000
vt -0.030000 -0.000000 0.000000
vt 0.400000 -0.078540 0.000000
vt -0.030000 -0.078540 0.000000
vt 0.400000 -0.157080 0.000000
vt -0.030000 -0.157080 0.000000
vt 0.400000 -0.235619 0.000000
vt -0.030000 -0.235619 0.000000
vt 0.400000 -0.314159 0.000000
vt -0.030000 -0.314159 0.000000
vt 0.400000 -0.392699 0.000000
vt -0.030000 -0.392699 0.000000
vt 0.400000 -0.471239 0.000000
vt -0.030000 -0.471239 0.000000
vt 0.400000 0.471239 0.000000
vt -0.030000 0.471239 0.000000
vt 0.400000 0.392699 0.000000
vt -0.030000 0.392699 0.000000
vt 0.400000 0.314159 0.000000
vt -0.030000 0.314159 0.000000
vt 0.400000 0.235619 0.000000
vt -0.030000 0.235619 0.000000
vt 0.400000 0.157080 0.000000
vt -0.030000 0.157080 0.000000
vt -0.000000 0.109956 0.000000
vt -0.020000 0.109956 0.000000
vt -0.000000 0.000000 0.000000
vt -0.020000 0.000000 0.000000
vt 0.000000 -0.109956 0.000000
vt -0.020000 -0.109956 0.000000
vt 0.000000 -0.219911 0.000000
vt -0.020000 -0.219911 0.000000
vt -0.000000 -0.329867 0.000000
vt -0.020000 -0.329867 0.000000
vt -0.000000 -0.439823 0.000000
vt -0.020000 -0.439823 0.000000
vt -0.000000 -0.549779 0.000000
vt -0.020000 -0.549779 0.000000
vt -0.000000 -0.659734 0.000000
vt -0.020000 -0.659734 0.000000
vt -0.000000 0.659734 0.000000
vt -0.020000 0.659734 0.000000
vt -0.000000 0.549779 0.000000
vt -0.020000 0.549779 0.000000
vt -0.000000 0.439823 0.000000
vt -0.020000 0.439823 0.000000
vt -0.000000 0.329867 0.000000
vt -0.020000 0.329867 0.000000
vt -0.000000 0.219911 0.000000
vt -0.020000 0.219911 0.000000
vt 1.754736 -3.355000 0.000000
vt 1.806698 -3.325000 0.000000
vt 1.726602 -3.250000 0.000000
vt 1.786602 -3.250000 0.000000
vt 1.806698 -3.175000 0.000000
vt 1.861602 -3.379904 0.000000
vt 1.831602 -3.431865 0.000000
vt 1.936602 -3.400000 0.000000
vt 1.936602 -3.460000 0.000000
vt 2.041602 -3.431865 0.000000
vt 2.011602 -3.379904 0.000000
vt 2.118467 -3.355000 0.000000
vt 2.066505 -3.325000 0.000000
vt 2.086602 -3.250000 0.000000
vt 2.146602 -3.250000 0.000000
vt 2.066505 -3.175000 0.000000
vt 2.118467 -3.145000 0.000000
vt 2.011602 -3.120096 0.000000
vt 2.041602 -3.068135 0.000000
vt 1.936602 -3.100000 0.000000
vt 1.936602 -3.040000 0.000000
vt 1.831602 -3.068135 0.000000
vt 1.861602 -3.120096 0.000000
vt 1.754736 -3.145000 0.000000
vt -0.000000 0.109956 0.000000
vt -0.020000 0.109956 0.000000
vt -0.000000 0.000000 0.000000
vt -0.020000 0.000000 0.000000
vt 0.000000 -0.109956 0.000000
vt -0.020000 -0.109956 0.000000
vt 0.000000 -0.219911 0.000000
vt -0.020000 -0.219911 0.000000
vt -0.000000 -0.329867 0.000000
vt -0.020000 -0.329867 0.000000
vt -0.000000 -0.439823 0.000000
vt -0.020000 -0.439823 0.000000
vt -0.000000 -0.549779 0.000000
vt -0.020000 -0.549779 0.000000
vt -0.000000 -0.659734 0.000000
vt -0.020000 -0.659734 0.000000
vt -0.000000 0.659734 0.000000
vt -0.020000 0.659734 0.000000
vt -0.000000 0.549779 0.000000
vt -0.020000 0.549779 0.000000
vt -0.000000 0.439823 0.000000
vt -0.020000 0.439823 0.000000
vt -0.000000 0.329867 0.000000
vt -0.020000 0.329867 0.000000
vt -0.000000 0.219911 0.000000
vt -0.020000 0.219911 0.000000
vt 1.754736 3.145000 0.000000
vt 1.806698 3.175000 0.000000
vt 1.726602 3.250000 0.000000
vt 1.786602 3.250000 0.000000
vt 1.806698 3.325000 0.000000
vt 1.861602 3.120096 0.000000
vt 1.831602 3.068135 0.000000
vt 1.936602 3.100000 0.000000
vt 1.936602 3.040000 0.000000
vt 2.041602 3.068135 0.000000
vt 2.011602 3.120096 0.000000
vt 2.118467 3.145000 0.000000
vt 2.066505 3.175000 0.000000
vt 2.086602 3.250000 0.000000
vt 2.146602 3.250000 0.000000
vt 2.066505 3.325000 0.000000
vt 2.118467 3.355000 0.000000
vt 2.011602 3.379904 0.000000
vt 2.041602 3.431865 0.000000
vt 1.936602 3.400000 0.000000
vt 1.936602 3.460000 0.000000
vt 1.831602 3.431865 0.000000
vt 1.861602 3.379904 0.000000
vt 1.754736 3.355000 0.000000
vt -0.900000 -0.174533 0.000000
vt -0.325000 -0.189805 0.000000
vt -0.900000 -0.143990 0.000000
vt 0.250000 -0.174533 0.000000
vt 0.250000 -0.143990 0.000000
vt -0.900000 -0.205076 0.000000
vt 0.250000 -0.235619 0.000000
vt 0.250000 -0.205076 0.000000
vt -0.900000 -0.235619 0.000000
vt 0.900000 -0.205076 0.000000
vt 0.325000 -0.189805 0.000000
vt 0.900000 -0.235619 0.000000
vt -0.250000 -0.205076 0.000000
vt -0.250000 -0.235619 0.000000
vt 0.900000 -0.174533 0.000000
vt -0.250000 -0.143990 0.000000
vt -0.250000 -0.174533 0.000000
vt 0.900000 -0.143990 0.000000
vt 0.250000 -0.314159 0.000000
vt 0.000000 -0.314159 0.000000
vt 0.250000 -0.418879 0.000000
vt -0.000000 -0.418879 0.000000
vt 0.250000 -0.523599 0.000000
vt -0.000000 -0.523599 0.000000
vt 0.250000 -0.628319 0.000000
vt -0.000000 -0.628319 0.000000
vt 0.250000 0.000000 0.000000
vt 0.000000 0.000000 0.000000
vt 0.250000 -0.104720 0.000000
vt 0.000000 -0.104720 0.000000
vt 0.250000 -0.209440 0.000000
vt 0.000000 -0.209440 0.000000
vt 0.250000 -0.314159 0.000000
vt 0.000000 -0.314159 0.000000
vt -0.231847 1.590657 0.000000
vt 0.364376 -1.285216 0.000000
vt 0.364376 1.285216 0.000000
vt 0.402465 -1.261077 0.000000
vt 0.402465 1.261077 0.000000
vt 0.444994 -1.246084 0.000000
vt 0.444994 1.246084 0.000000
vt 0.874620 -1.041000 0.000000
vt 0.874620 1.041000 0.000000
vt -0.231847 -1.590657 0.000000
vt -0.900357 1.633894 0.000000
vt -0.900357 -1.633894 0.000000
vt -1.530958 1.407801 0.000000
vt -1.530958 -1.407801 0.000000
vt -2.019702 0.949647 0.000000
vt -2.019702 -0.949647 0.000000
vt -2.286024 0.334954 0.000000
vt -2.286024 -0.334954 0.000000
vt 0.489801 -1.241000 0.000000
vt 0.674620 -1.241000 0.000000
vt 0.774620 -1.214205 0.000000
vt 0.847825 -1.141000 0.000000
vt 0.847825 1.141000 0.000000
vt 0.774620 1.214205 0.000000
vt 0.674620 1.241000 0.000000
vt 0.489801 1.241000 0.000000
vt -2.344716 3.325000 0.000000
vt -2.604524 3.325000 0.000000
vt -2.324620 3.250000 0.000000
vt -2.624620 3.250000 0.000000
vt -2.344716 3.175000 0.000000
vt -2.604524 3.175000 0.000000
vt -2.399620 3.120096 0.000000
vt -2.549620 3.120096 0.000000
vt -2.474620 3.100000 0.000000
vt -2.549620 3.379904 0.000000
vt -2.399620 3.379904 0.000000
vt -2.474620 3.400000 0.000000
vt -2.344716 -3.175000 0.000000
vt -2.604524 -3.175000 0.000000
vt -2.324620 -3.250000 0.000000
vt -2.624620 -3.250000 0.000000
vt -2.344716 -3.325000 0.000000
vt -2.604524 -3.325000 0.000000
vt -2.399620 -3.379904 0.000000
vt -2.549620 -3.379904 0.000000
vt -2.474620 -3.400000 0.000000
vt -2.549620 -3.120096 0.000000
vt -2.399620 -3.120096 0.000000
vt -2.474620 -3.100000 0.000000
vt -0.314159 -0.146236 0.000000
vt -0.261799 -0.146236 0.000000
vt -0.314159 0.000000 0.000000
vt -0.261799 0.000000 0.000000
vt -0.314159 0.146236 0.000000
vt -0.261799 0.146236 0.000000
vt -0.314159 0.292471 0.000000
vt -0.261799 0.292471 0.000000
vt -0.314159 0.438707 0.000000
vt -0.261799 0.438707 0.000000
vt -0.314159 0.584942 0.000000
vt -0.261799 0.584942 0.000000
vt -0.314159 0.731178 0.000000
vt -0.261799 0.731178 0.000000
vt -0.314159 0.877413 0.000000
vt -0.261799 0.877413 0.000000
vt -0.314159 -0.877413 0.000000
vt -0.261799 -0.877413 0.000000
vt -0.314159 -0.731178 0.000000
vt -0.261799 -0.731178 0.000000
vt -0.314159 -0.584942 0.000000
vt -0.261799 -0.584942 0.000000
vt -0.314159 -0.438707 0.000000
vt -0.261799 -0.438707 0.000000
vt -0.314159 -0.292471 0.000000
vt -0.261799 -0.292123 0.000000
vt -0.157080 -0.014510 0.000000
vt -0.157422 -0.013613 0.000000
vt -0.157080 -0.152969 0.000000
vt -0.209440 -0.146236 0.000000
vt -0.209440 -0.291776 0.000000
vt -0.209440 0.000000 0.000000
vt -0.190946 0.170608 0.000000
vt -0.209440 0.146236 0.000000
vt -0.209440 0.292471 0.000000
vt -0.157422 0.354829 0.000000
vt -0.209440 0.438707 0.000000
vt -0.157080 0.355727 0.000000
vt -0.157080 0.494186 0.000000
vt -0.209440 0.584942 0.000000
vt -0.157080 0.632645 0.000000
vt -0.209440 0.731178 0.000000
vt -0.157080 0.771104 0.000000
vt -0.209440 0.877413 0.000000
vt -0.209440 -0.877413 0.000000
vt -0.157080 -0.983723 0.000000
vt -0.157080 -0.845264 0.000000
vt -0.209440 -0.731178 0.000000
vt -0.157080 -0.706805 0.000000
vt -0.209440 -0.584942 0.000000
vt -0.157080 -0.568346 0.000000
vt -0.209440 -0.438707 0.000000
vt -0.157080 -0.429887 0.000000
vt -0.157080 -0.291428 0.000000
vt 1.300200 0.008505 0.000000
vt 0.400200 0.008505 0.000000
vt 1.300200 -0.032891 0.000000
vt 0.400200 -0.032891 0.000000
vt 1.300200 -0.074287 0.000000
vt 0.400200 -0.074287 0.000000
vt 1.300200 -0.115683 0.000000
vt 0.400200 -0.115683 0.000000
vt 1.300200 -0.157080 0.000000
vt 0.400200 -0.157080 0.000000
vt 0.400200 -0.008505 0.000000
vt 1.300200 -0.008505 0.000000
vt 0.400200 0.032891 0.000000
vt 1.300200 0.032891 0.000000
vt 0.400200 0.074287 0.000000
vt 1.300200 0.074287 0.000000
vt 0.400200 0.115683 0.000000
vt 1.300200 0.115683 0.000000
vt 0.400200 0.157080 0.000000
vt 1.300200 0.157080 0.000000
vt 0.250000 0.327397 0.000000
vt -0.450000 0.327397 0.000000
vt 0.250000 0.226992 0.000000
vt -0.450000 0.226992 0.000000
vt -0.450000 0.126586 0.000000
vt -0.450000 0.026180 0.000000
vt 0.250000 0.026180 0.000000
vt 0.250000 0.126586 0.000000
vt 0.250000 0.916298 0.000000
vt -0.450000 0.916298 0.000000
vt 0.250000 0.815892 0.000000
vt -0.450000 0.815892 0.000000
vt -0.450000 0.715486 0.000000
vt -0.450000 0.615080 0.000000
vt 0.250000 0.615080 0.000000
vt 0.250000 0.715486 0.000000
vt -0.150200 0.021161 0.000000
vt -0.717700 0.021161 0.000000
vt -0.150200 -0.004969 0.000000
vt -1.285200 0.021161 0.000000
vt -2.420200 -0.004969 0.000000
vt -1.852700 0.021161 0.000000
vt -2.420200 0.021161 0.000000
vt -2.420200 0.047292 0.000000
vt -1.852700 0.047292 0.000000
vt -2.420200 0.073423 0.000000
vt -1.285200 0.047292 0.000000
vt -0.150200 0.073423 0.000000
vt -0.717700 0.047292 0.000000
vt -0.150200 0.047292 0.000000
vt -2.420200 -0.014106 0.000000
vt -2.041867 -0.014106 0.000000
vt -2.420200 0.005021 0.000000
vt -1.663533 -0.014106 0.000000
vt -1.285200 -0.014106 0.000000
vt -1.285200 -0.033233 0.000000
vt -0.906867 -0.033233 0.000000
vt -0.150200 -0.052360 0.000000
vt -0.528533 -0.033233 0.000000
vt -0.150200 -0.033233 0.000000
vt -0.528533 -0.014106 0.000000
vt -0.150200 -0.014106 0.000000
vt -0.150200 0.005021 0.000000
vt -2.041867 -0.033233 0.000000
vt -2.420200 -0.033233 0.000000
vt -2.420200 -0.052360 0.000000
vt -1.663533 -0.033233 0.000000
vt -0.906867 -0.014106 0.000000
vt 0.051421 0.066483 0.000000
vt 0.000000 0.066480 0.000000
vt 0.023409 0.049863 0.000000
vt 0.000000 0.044047 0.000000
vt 0.023409 0.033242 0.000000
vt 0.000000 0.022433 0.000000
vt 0.023409 0.016621 0.000000
vt 0.000000 0.000000 0.000000
vt 0.052516 0.000000 0.000000
vt 0.064220 0.016621 0.000000
vt 0.105032 0.000000 0.000000
vt 0.105032 0.016621 0.000000
vt 0.134938 0.016621 0.000000
vt 0.105032 0.033242 0.000000
vt 0.134938 0.033242 0.000000
vt 0.105032 0.049863 0.000000
vt 0.134938 0.049863 0.000000
vt 0.103420 0.066482 0.000000
vt 0.156460 0.066470 0.000000
vt 0.172500 0.049863 0.000000
vt 0.210063 0.066480 0.000000
vt 0.210063 0.043805 0.000000
vt 0.172500 0.033242 0.000000
vt 0.210063 0.022675 0.000000
vt 0.172500 0.016621 0.000000
vt 0.210063 0.000000 0.000000
vt 0.157547 0.000000 0.000000
vt 0.064220 0.049863 0.000000
vt 0.064220 0.033242 0.000000
vt -7.125742 -0.078540 0.000000
vt -6.743638 -0.078540 0.000000
vt -7.125742 -0.052360 0.000000
vt -6.743638 -0.052360 0.000000
vt -7.125742 -0.026180 0.000000
vt -6.743638 -0.026180 0.000000
vt -7.125742 0.000000 0.000000
vt -6.743638 0.000000 0.000000
vt -0.078540 0.277135 0.000000
vt -0.104720 0.277135 0.000000
vt -0.078540 0.138568 0.000000
vt -0.104720 0.138568 0.000000
vt -0.078540 -0.000000 0.000000
vt -0.104720 -0.000000 0.000000
vt -0.078540 -0.138568 0.000000
vt -0.104720 -0.138568 0.000000
vt -0.078540 -0.277135 0.000000
vt -0.104720 -0.277135 0.000000
vt -0.078540 -0.415703 0.000000
vt -0.104720 -0.415703 0.000000
vt -0.078540 -0.554270 0.000000
vt -0.104720 -0.554270 0.000000
vt -0.130900 -0.415703 0.000000
vt -0.130900 -0.554270 0.000000
vt -0.157080 -0.415703 0.000000
vt -0.157080 -0.554270 0.000000
vt -0.130900 0.277135 0.000000
vt -0.130900 0.138568 0.000000
vt -0.130900 -0.000000 0.000000
vt -0.130900 -0.138568 0.000000
vt -0.130900 -0.277135 0.000000
vt -0.157080 0.277135 0.000000
vt -0.157080 0.138568 0.000000
vt -0.157080 0.000000 0.000000
vt -0.157080 -0.138568 0.000000
vt -0.157080 -0.277135 0.000000
vt 0.316783 -0.078573 0.000000
vt 0.424947 -0.078540 0.000000
vt 0.316840 -0.052360 0.000000
vt 0.424947 -0.052360 0.000000
vt 0.316840 -0.026180 0.000000
vt 0.424947 -0.026180 0.000000
vt 0.316840 0.000000 0.000000
vt 0.424947 0.000000 0.000000
vt 0.712692 0.027536 0.000000
vt 0.674820 0.025513 0.000000
vt 0.712692 0.000000 0.000000
vt 0.656543 0.025513 0.000000
vt 0.596621 -0.000000 0.000000
vt 0.592669 0.025513 0.000000
vt 0.538672 0.000089 0.000000
vt 0.528795 0.025513 0.000000
vt 0.480625 -0.000000 0.000000
vt 0.480625 0.035121 0.000000
vt 0.528795 0.038421 0.000000
vt 0.528795 0.051361 0.000000
vt 0.592669 0.038421 0.000000
vt 0.592669 0.051404 0.000000
vt 0.656543 0.038421 0.000000
vt 0.656543 0.051447 0.000000
vt 0.674820 0.038421 0.000000
vt 0.674820 0.051459 0.000000
vt 0.712692 0.051484 0.000000
vt 0.674820 0.064240 0.000000
vt 0.712692 0.075433 0.000000
vt 0.674820 0.077151 0.000000
vt 0.712692 0.102969 0.000000
vt 0.656366 0.102973 0.000000
vt 0.656543 0.077151 0.000000
vt 0.599118 0.102968 0.000000
vt 0.592669 0.077151 0.000000
vt 0.540366 0.102967 0.000000
vt 0.528795 0.077151 0.000000
vt 0.480684 0.102973 0.000000
vt 0.480625 0.067848 0.000000
vt 0.528795 0.064240 0.000000
vt 0.592669 0.064240 0.000000
vt 0.656543 0.064240 0.000000
vt 0.654689 -0.000303 0.000000
vt -0.000200 -51.535303 0.000000
vt -1.120200 -51.535303 0.000000
vt -0.000200 -51.884764 0.000000
vt -1.120200 -52.712135 0.000000
vt -0.000200 -53.328535 0.000000
vt -1.120200 -53.888967 0.000000
vt -0.000200 -54.772306 0.000000
vt -1.120200 -55.065798 0.000000
vt -0.000200 -55.065798 0.000000
vt -0.000000 -0.163625 0.000000
vt -0.145829 -0.163625 0.000000
vt 0.000000 -0.196350 0.000000
vt 0.000000 -0.098175 0.000000
vt -0.145829 -0.098175 0.000000
vt -0.000000 -0.130900 0.000000
vt 0.000000 -0.032725 0.000000
vt -0.145829 -0.032725 0.000000
vt 0.000000 -0.065450 0.000000
vt -0.000000 0.032725 0.000000
vt -0.145829 0.032725 0.000000
vt 0.000000 0.000000 0.000000
vt 0.000000 0.098175 0.000000
vt -0.145829 0.098175 0.000000
vt -0.000000 0.065450 0.000000
vt 0.000000 0.163625 0.000000
vt -0.145829 0.163625 0.000000
vt -0.000000 0.130900 0.000000
vt 0.000000 0.196350 0.000000
vt -0.145829 0.196350 0.000000
vt -0.145829 0.065450 0.000000
vt -0.145829 -0.065450 0.000000
vt -0.145829 0.130900 0.000000
vt -0.145829 0.000000 0.000000
vt -0.145829 -0.130900 0.000000
vt 0.500000 0.065450 0.000000
vt 0.000000 0.065450 0.000000
vt 0.500000 0.000000 0.000000
vt 0.000000 0.000000 0.000000
vt 0.500000 -0.065450 0.000000
vt 0.000000 -0.065450 0.000000
vt 0.500000 -0.130900 0.000000
vt 0.000000 -0.130900 0.000000
vt 0.500000 -0.196350 0.000000
vt 0.000000 -0.196350 0.000000
vt 0.500000 -0.261799 0.000000
vt 0.000000 -0.261799 0.000000
vt 0.500000 -0.327249 0.000000
vt 0.000000 -0.327249 0.000000
vt 0.500000 -0.392699 0.000000
vt 0.000000 -0.392699 0.000000
vt 0.500000 0.392699 0.000000
vt 0.000000 0.392699 0.000000
vt 0.500000 0.327249 0.000000
vt 0.000000 0.327249 0.000000
vt 0.500000 0.261799 0.000000
vt 0.000000 0.261799 0.000000
vt 0.500000 0.196350 0.000000
vt 0.000000 0.196350 0.000000
vt 0.500000 0.130900 0.000000
vt 0.000000 0.130900 0.000000
vt -0.000000 -0.163625 0.000000
vt -0.145829 -0.163625 0.000000
vt 0.000000 -0.196350 0.000000
vt 0.000000 -0.098175 0.000000
vt -0.145829 -0.098175 0.000000
vt -0.000000 -0.130900 0.000000
vt 0.000000 -0.032725 0.000000
vt -0.145829 -0.032725 0.000000
vt -0.000000 -0.065450 0.000000
vt -0.000000 0.032725 0.000000
vt -0.145829 0.032725 0.000000
vt 0.000000 0.000000 0.000000
vt 0.000000 0.098175 0.000000
vt -0.145829 0.098175 0.000000
vt -0.000000 0.065450 0.000000
vt -0.000000 0.163625 0.000000
vt -0.145829 0.163625 0.000000
vt -0.000000 0.130900 0.000000
vt 0.000000 0.196350 0.000000
vt -0.145829 0.196350 0.000000
vt -0.145829 0.065450 0.000000
vt -0.145829 -0.065450 0.000000
vt -0.145829 0.130900 0.000000
vt -0.145829 0.000000 0.000000
vt -0.145829 -0.130900 0.000000
vt 2.111658 0.065450 0.000000
vt 1.311658 0.065450 0.000000
vt 2.111658 0.000000 0.000000
vt 1.311658 0.000000 0.000000
vt 2.111658 -0.065450 0.000000
vt 1.311658 -0.065450 0.000000
vt 2.111658 -0.130900 0.000000
vt 1.311658 -0.130900 0.000000
vt 2.111658 -0.196350 0.000000
vt 1.311658 -0.196350 0.000000
vt 2.111658 -0.261799 0.000000
vt 1.311658 -0.261799 0.000000
vt 2.111658 -0.327249 0.000000
vt 1.311658 -0.327249 0.000000
vt 2.111658 -0.392699 0.000000
vt 1.311658 -0.392699 0.000000
vt 2.111658 0.392699 0.000000
vt 1.311658 0.392699 0.000000
vt 2.111658 0.327249 0.000000
vt 1.311658 0.327249 0.000000
vt 2.111658 0.261799 0.000000
vt 1.311658 0.261799 0.000000
vt 2.111658 0.196350 0.000000
vt 1.311658 0.196350 0.000000
vt 2.111658 0.130900 0.000000
vt 1.311658 0.130900 0.000000
vt -0.000000 -0.163625 0.000000
vt -0.145829 -0.163625 0.000000
vt 0.000000 -0.196350 0.000000
vt 0.000000 -0.098175 0.000000
vt -0.145829 -0.098175 0.000000
vt -0.000000 -0.130900 0.000000
vt 0.000000 -0.032725 0.000000
vt -0.145829 -0.032725 0.000000
vt -0.000000 -0.065450 0.000000
vt -0.000000 0.032725 0.000000
vt -0.145829 0.032725 0.000000
vt 0.000000 0.000000 0.000000
vt 0.000000 0.098175 0.000000
vt -0.145829 0.098175 0.000000
vt -0.000000 0.065450 0.000000
vt -0.000000 0.163625 0.000000
vt -0.145829 0.163625 0.000000
vt -0.000000 0.130900 0.000000
vt 0.000000 0.196350 0.000000
vt -0.145829 0.196350 0.000000
vt -0.145829 0.065450 0.000000
vt -0.145829 -0.065450 0.000000
vt -0.145829 0.130900 0.000000
vt -0.145829 0.000000 0.000000
vt -0.145829 -0.130900 0.000000
vt 2.111658 0.065450 0.000000
vt 1.311658 0.065450 0.000000
vt 2.111658 0.000000 0.000000
vt 1.311658 0.000000 0.000000
vt 2.111658 -0.065450 0.000000
vt 1.311658 -0.065450 0.000000
vt 2.111658 -0.130900 0.000000
vt 1.311658 -0.130900 0.000000
vt 2.111658 -0.196350 0.000000
vt 1.311658 -0.196350 0.000000
vt 2.111658 -0.261799 0.000000
vt 1.311658 -0.261799 0.000000
vt 2.111658 -0.327249 0.000000
vt 1.311658 -0.327249 0.000000
vt 2.111658 -0.392699 0.000000
vt 1.311658 -0.392699 0.000000
vt 2.111658 0.392699 0.000000
vt 1.311658 0.392699 0.000000
vt 2.111658 0.327249 0.000000
vt 1.311658 0.327249 0.000000
vt 2.111658 0.261799 0.000000
vt 1.311658 0.261799 0.000000
vt 2.111658 0.196350 0.000000
vt 1.311658 0.196350 0.000000
vt 2.111658 0.130900 0.000000
vt 1.311658 0.130900 0.000000
vn 0.050000 -0.086603 -0.000000
vn 0.050000 -0.086603 -0.000000
vn 0.050000 -0.086603 -0.000000
vn 0.050000 -0.086603 -0.000000
vn 0.050000 -0.086603 -0.000000
vn 0.050000 -0.086603 -0.000000
vn 0.050000 -0.086603 -0.000000
vn 0.050000 -0.086603 -0.000000
vn 0.050000 -0.086603 -0.000000
vn 0.050000 -0.086603 -0.000000
vn 0.050000 -0.086603 -0.000000
vn 0.050000 -0.086603 -0.000000
vn 0.000000 0.000000 0.100000
vn 0.000000 0.000000 0.100000
vn 0.000000 0.000000 0.100000
vn 0.000000 0.000000 0.100000
vn 0.000000 0.000000 0.100000
vn 0.000000 0.000000 0.100000
vn 0.000000 0.000000 0.100000
vn 0.000000 0.000000 0.100000
vn 0.000000 0.000000 0.100000
vn 0.000000 0.000000 0.100000
vn 0.000000 0.000000 0.100000
vn 0.000000 0.000000 0.100000
vn 0.000000 0.000000 0.100000
vn 0.000000 0.000000 0.100000
vn 0.010216 0.099477 0.000000
vn 0.010216 0.099477 0.000000
vn 0.010216 0.099477 0.000000
vn 0.010216 0.099477 0.000000
vn 0.010216 0.099477 0.000000
vn 0.010216 0.099477 0.000000
vn -0.099639 -0.008495 0.000000
vn -0.099639 -0.008495 0.000000
vn -0.099960 -0.002835 0.000000
vn -0.099960 -0.002835 0.000000
vn -0.099960 0.002835 -0.000000
vn -0.099639 0.008495 -0.000000
vn -0.099639 0.008495 -0.000000
vn -0.099960 0.002835 -0.000000
vn 0.000000 0.000000 0.100000
vn 0.000000 0.000000 0.100000
vn 0.000000 0.000000 0.100000
vn 0.000000 0.000000 0.100000
vn 0.000000 0.000000 0.100000
vn 0.000000 0.000000 0.100000
vn 0.000000 0.000000 0.100000
vn 0.000000 0.000000 0.100000
vn 0.000000 0.000000 0.100000
vn 0.000000 0.000000 0.100000
vn 0.000000 0.000000 0.100000
vn 0.000000 0.000000 0.100000
vn 0.000000 0.000000 0.100000
vn 0.000000 0.000000 0.100000
vn 0.000000 0.000000 0.100000
vn 0.000000 0.000000 0.100000
vn 0.000000 0.000000 0.100000
vn 0.000000 0.000000 0.100000
vn 0.000000 0.000000 0.100000
vn 0.000000 0.000000 0.100000
vn 0.000000 0.000000 0.100000
vn 0.000000 0.000000 0.100000
vn 0.000000 0.000000 0.100000
vn 0.000000 0.000000 -0.100000
vn 0.000000 0.000000 -0.100000
vn 0.000000 0.000000 -0.100000
vn 0.000000 0.000000 -0.100000
vn 0.000000 0.000000 -0.100000
vn 0.000000 0.000000 -0.100000
vn 0.000000 0.000000 -0.100000
vn 0.000000 0.000000 -0.100000
vn 0.000000 0.000000 -0.100000
vn 0.000000 0.000000 -0.100000
vn 0.000000 0.000000 -0.100000
vn 0.000000 0.000000 -0.100000
vn 0.000000 0.000000 -0.100000
vn 0.000000 0.000000 -0.100000
vn 0.000000 0.000000 -0.100000
vn 0.000000 0.000000 -0.100000
vn 0.000000 0.000000 -0.100000
vn 0.000000 0.000000 -0.100000
vn 0.000000 0.000000 -0.100000
vn 0.000000 0.000000 -0.100000
vn 0.000000 0.000000 -0.100000
vn 0.000000 0.000000 -0.100000
vn 0.000000 0.000000 -0.100000
vn 0.000000 0.000000 -0.100000
vn 0.000000 0.000000 -0.100000
vn 0.000000 0.000000 -0.100000
vn 0.000000 0.000000 -0.100000
vn 0.000000 0.000000 -0.100000
vn 0.000000 0.000000 -0.100000
vn 0.000000 0.000000 -0.100000
vn 0.000000 0.000000 -0.100000
vn 0.000000 0.000000 -0.100000
vn 0.000000 0.000000 -0.100000
vn 0.000000 0.000000 -0.100000
vn 0.000000 0.000000 -0.100000
vn 0.000000 0.000000 -0.100000
vn 0.000000 0.000000 -0.100000
vn 0.000000 0.000000 -0.100000
vn 0.000000 0.000000 -0.100000
vn 0.000000 0.000000 -0.100000
vn 0.000000 0.000000 -0.100000
vn 0.000000 0.000000 -0.100000
vn 0.000000 0.000000 -0.100000
vn 0.000000 0.000000 -0.100000
vn 0.000000 0.000000 -0.100000
vn 0.000000 0.000000 -0.100000
vn 0.000000 0.000000 -0.100000
vn 0.000000 0.000000 -0.100000
vn 0.000000 0.000000 -0.100000
vn 0.000000 0.000000 -0.100000
vn 0.000000 0.000000 -0.100000
vn 0.000000 0.000000 -0.100000
vn 0.000000 0.000000 -0.100000
vn 0.000000 0.000000 -0.100000
vn 0.000000 0.000000 -0.100000
vn 0.099946 -0.003277 0.000000
vn 0.086481 -0.004582 -0.050000
vn 0.099507 -0.009922 0.000000
vn 0.091597 -0.012062 -0.038268
vn 0.099397 -0.010968 0.000000
vn 0.099276 -0.012013 0.000000
vn 0.099144 -0.013056 -0.000000
vn 0.086575 0.002171 -0.050000
vn 0.099943 0.003382 0.000000
vn 0.069598 0.007069 -0.071458
vn 0.091590 0.009249 -0.039060
vn 0.099496 0.010026 0.000000
vn 0.049984 0.001253 -0.086603
vn 0.037533 0.003845 -0.092609
vn -0.000000 -0.000000 -0.100000
vn 0.049930 -0.002645 -0.086603
vn 0.000000 -0.000000 -0.100000
vn 0.037941 -0.004996 -0.092388
vn 0.070105 -0.009232 -0.070711
vn 0.100000 0.000000 -0.000000
vn 0.100000 0.000000 -0.000000
vn 0.086603 0.000000 -0.050000
vn 0.086603 0.000000 -0.050000
vn 0.050000 0.000000 -0.086603
vn 0.050000 0.000000 -0.086603
vn 0.050000 0.000000 -0.086603
vn 0.050000 0.000000 -0.086603
vn 0.086603 0.000000 -0.050000
vn 0.086603 0.000000 -0.050000
vn 0.100000 0.000000 -0.000000
vn 0.100000 0.000000 -0.000000
vn -0.086603 0.000000 -0.050000
vn -0.100000 0.000000 -0.000000
vn -0.086603 0.000000 -0.050000
vn -0.100000 0.000000 -0.000000
vn -0.086603 0.000000 -0.050000
vn -0.086603 0.000000 -0.050000
vn -0.050000 0.000000 -0.086603
vn -0.050000 0.000000 -0.086603
vn -0.050000 0.000000 -0.086603
vn -0.050000 0.000000 -0.086603
vn 0.000000 -0.000000 -0.100000
vn 0.036806 -0.000490 -0.092979
vn 0.050000 -0.000000 -0.086603
vn 0.070705 -0.000942 -0.070710
vn 0.086603 -0.000000 -0.050000
vn 0.092971 -0.001238 -0.036809
vn 0.100000 -0.000000 -0.000000
vn 0.099988 -0.001574 -0.000000
vn 0.092959 -0.001940 -0.036809
vn 0.099962 -0.002770 -0.000000
vn 0.092938 -0.002742 -0.036809
vn 0.092899 -0.003851 -0.036809
vn 0.070651 -0.002929 -0.070710
vn 0.091799 -0.010424 -0.038267
vn 0.070260 -0.007983 -0.070709
vn 0.099362 -0.011282 -0.000000
vn 0.038025 -0.004328 -0.092387
vn 0.036778 -0.001525 -0.092979
vn 0.070681 -0.002086 -0.070710
vn 0.036793 -0.001086 -0.092979
vn 0.070696 -0.001476 -0.070710
vn 0.036801 -0.000768 -0.092979
vn -0.000006 -0.000010 -0.100000
vn 0.038006 -0.004539 -0.092385
vn 0.037949 -0.004993 -0.092385
vn 0.070226 -0.008382 -0.070697
vn 0.070122 -0.009215 -0.070697
vn 0.091748 -0.010951 -0.038242
vn 0.091612 -0.012030 -0.038242
vn 0.099295 -0.011856 0.000033
vn 0.099150 -0.013008 0.000033
vn 0.050000 0.000000 -0.086603
vn 0.036799 0.000542 -0.092981
vn 0.037375 0.001066 -0.092747
vn 0.070696 0.001041 -0.070718
vn 0.069514 0.002035 -0.071859
vn 0.091848 0.002736 -0.039452
vn 0.092966 0.001369 -0.036816
vn 0.099955 0.002996 -0.000000
vn 0.100000 0.000000 -0.000000
vn 0.086603 0.000000 -0.050000
vn -0.040958 0.028679 -0.086603
vn -0.085280 0.029194 -0.043301
vn -0.070941 0.049673 -0.050000
vn -0.081915 0.057358 0.000000
vn -0.095777 0.014203 -0.025000
vn -0.097934 0.020222 0.000000
vn -0.091822 0.039608 0.000000
vn -0.000229 0.000161 -0.100000
vn -0.022328 0.015634 -0.096213
vn -0.040958 0.028679 -0.086603
vn -0.070941 0.049673 -0.050000
vn -0.081915 0.057358 -0.000000
vn -0.000229 0.000161 -0.100000
vn -0.025000 0.043301 -0.086603
vn -0.004358 0.049810 -0.086603
vn -0.043301 0.075000 -0.050000
vn -0.007548 0.086273 -0.050000
vn -0.036921 0.092935 0.000000
vn -0.008716 0.099619 0.000000
vn -0.062024 0.078442 0.000000
vn -0.004358 0.049810 -0.086603
vn -0.007548 0.086273 -0.050000
vn -0.008716 0.099619 -0.000000
vn -0.007548 0.086273 -0.050000
vn -0.004358 0.049810 -0.086603
vn -0.027789 0.041567 -0.086603
vn -0.044362 0.023066 -0.086603
vn -0.048132 0.071995 -0.050000
vn -0.076837 0.039951 -0.050000
vn -0.068648 0.072715 -0.000000
vn -0.088724 0.046131 -0.000000
vn -0.040954 0.091229 -0.000000
vn 0.086603 -0.000000 -0.050000
vn 0.090318 0.042927 -0.000000
vn 0.074615 0.043961 -0.050000
vn 0.063145 0.077542 -0.000000
vn 0.041971 0.075753 -0.050000
vn 0.023745 0.097140 -0.000000
vn -0.002293 0.086572 -0.050000
vn -0.020254 0.097927 0.000000
vn -0.045921 0.073425 -0.050000
vn -0.060330 0.079751 0.000000
vn 0.050000 -0.000000 -0.086603
vn 0.043079 0.025381 -0.086603
vn 0.024232 0.043736 -0.086603
vn -0.001324 0.049982 -0.086603
vn -0.026513 0.042392 -0.086603
vn -0.000000 0.000000 -0.100000
vn 0.043079 -0.025381 -0.086603
vn 0.024232 -0.043736 -0.086603
vn -0.001324 -0.049982 -0.086603
vn -0.026513 -0.042392 -0.086603
vn -0.044362 -0.023066 -0.086603
vn 0.074615 -0.043961 -0.050000
vn 0.041971 -0.075753 -0.050000
vn -0.002293 -0.086572 -0.050000
vn -0.045921 -0.073425 -0.050000
vn -0.076837 -0.039951 -0.050000
vn -0.060330 -0.079751 0.000000
vn -0.088724 -0.046131 0.000000
vn 0.090318 -0.042927 -0.000000
vn 0.063145 -0.077542 -0.000000
vn 0.023745 -0.097140 -0.000000
vn -0.020254 -0.097927 0.000000
vn -0.027789 -0.041567 -0.086603
vn -0.004358 -0.049810 -0.086603
vn -0.048132 -0.071995 -0.050000
vn -0.007548 -0.086273 -0.050000
vn -0.040954 -0.091229 -0.000000
vn -0.008716 -0.099619 -0.000000
vn -0.068648 -0.072715 -0.000000
vn -0.004358 -0.049810 -0.086603
vn -0.007548 -0.086273 -0.050000
vn -0.008716 -0.099619 0.000000
vn -0.007548 -0.086273 -0.050000
vn -0.004358 -0.049810 -0.086603
vn -0.025000 -0.043301 -0.086603
vn -0.040958 -0.028679 -0.086603
vn -0.043301 -0.075000 -0.050000
vn -0.070941 -0.049673 -0.050000
vn -0.062024 -0.078442 0.000000
vn -0.081915 -0.057358 0.000000
vn -0.036921 -0.092935 -0.000000
vn -0.081915 -0.057358 0.000000
vn -0.070941 -0.049673 -0.050000
vn -0.040958 -0.028679 -0.086603
vn -0.097934 -0.020222 0.000000
vn -0.095777 -0.014203 -0.025000
vn -0.085280 -0.029194 -0.043301
vn -0.091822 -0.039608 0.000000
vn -0.050000 0.086603 0.000000
vn -0.050000 0.086603 0.000000
vn 0.000000 0.100000 0.000000
vn 0.000000 0.100000 0.000000
vn 0.050000 0.086603 0.000000
vn 0.050000 0.086603 0.000000
vn 0.086603 0.050000 0.000000
vn 0.086603 0.050000 0.000000
vn 0.100000 -0.000000 -0.000000
vn 0.100000 -0.000000 -0.000000
vn 0.086603 -0.050000 -0.000000
vn 0.086603 -0.050000 -0.000000
vn -0.050000 0.086603 0.000000
vn -0.050000 0.086603 0.000000
vn -0.050000 0.086603 0.000000
vn -0.050000 0.086603 0.000000
vn -0.050000 0.086603 0.000000
vn -0.050000 0.086603 0.000000
vn -0.050000 0.086603 0.000000
vn 0.086603 -0.050000 -0.000000
vn 0.086603 -0.050000 -0.000000
vn 0.100000 -0.000000 -0.000000
vn 0.100000 -0.000000 -0.000000
vn 0.086603 0.050000 0.000000
vn 0.086603 0.050000 0.000000
vn 0.050000 0.086603 0.000000
vn 0.050000 0.086603 0.000000
vn 0.000000 0.100000 0.000000
vn 0.000000 0.100000 0.000000
vn -0.050000 0.086603 0.000000
vn -0.050000 0.086603 0.000000
vn -0.086603 0.050000 0.000000
vn -0.086603 0.050000 0.000000
vn -0.100000 -0.000000 -0.000000
vn -0.100000 -0.000000 -0.000000
vn -0.086603 -0.050000 -0.000000
vn -0.086603 -0.050000 -0.000000
vn -0.050000 -0.086603 -0.000000
vn -0.050000 -0.086603 -0.000000
vn -0.000000 -0.100000 -0.000000
vn -0.000000 -0.100000 -0.000000
vn 0.050000 -0.086603 -0.000000
vn 0.050000 -0.086603 -0.000000
vn 0.099496 0.010026 0.000000
vn 0.099943 0.003382 0.000000
vn 0.099507 -0.009922 0.000000
vn 0.099946 -0.003277 0.000000
vn 0.099187 0.012725 0.000000
vn 0.099133 0.013137 0.000000
vn 0.099046 0.013780 0.000000
vn 0.098958 0.014398 0.000000
vn 0.098958 0.014398 0.000000
vn 0.099293 0.011874 0.000000
vn 0.099317 0.011668 0.000000
vn 0.099436 0.010609 0.000000
vn 0.099436 0.010609 0.000000
vn 0.098716 0.015976 0.000000
vn 0.098781 0.015565 0.000000
vn 0.099046 0.013780 0.000000
vn 0.098484 0.017344 0.000000
vn 0.098448 0.017549 0.000000
vn 0.098156 0.019118 0.000000
vn 0.098156 0.019118 0.000000
vn 0.000000 -0.000000 0.100000
vn 0.000000 -0.000000 0.100000
vn 0.000000 -0.000000 0.100000
vn 0.000000 -0.000000 0.100000
vn 0.000000 -0.000000 0.100000
vn 0.000000 -0.000000 0.100000
vn 0.000000 -0.000000 0.100000
vn 0.000000 -0.000000 0.100000
vn 0.000000 -0.000000 0.100000
vn 0.000000 -0.000000 0.100000
vn 0.000000 -0.000000 0.100000
vn 0.000000 -0.000000 0.100000
vn 0.000000 -0.000000 0.100000
vn 0.000000 -0.000000 0.100000
vn 0.000000 -0.000000 0.100000
vn 0.000000 -0.000000 0.100000
vn 0.000000 -0.000000 0.100000
vn 0.000000 -0.000000 0.100000
vn 0.000000 -0.000000 0.100000
vn 0.000000 -0.000000 0.100000
vn 0.000000 -0.000000 0.100000
vn 0.000000 -0.000000 0.100000
vn 0.000000 -0.000000 0.100000
vn 0.000000 -0.000000 0.100000
vn 0.000000 -0.000000 0.100000
vn 0.000000 -0.000000 0.100000
vn 0.000000 -0.000000 0.100000
vn 0.000000 -0.000000 0.100000
vn 0.000000 -0.000000 0.100000
vn 0.000000 -0.000000 0.100000
vn 0.000000 -0.000000 0.100000
vn 0.000000 -0.000000 0.100000
vn 0.000000 -0.000000 0.100000
vn 0.000000 -0.000000 0.100000
vn 0.000000 -0.000000 0.100000
vn 0.000000 -0.000000 0.100000
vn 0.000000 -0.000000 0.100000
vn 0.000000 -0.000000 0.100000
vn 0.000000 -0.000000 0.100000
vn 0.000000 -0.000000 0.100000
vn 0.000000 -0.000000 0.100000
vn 0.000000 -0.000000 0.100000
vn 0.000000 -0.000000 0.100000
vn 0.000000 -0.000000 0.100000
vn 0.000000 -0.000000 0.100000
vn 0.000000 -0.000000 0.100000
vn 0.000000 -0.000000 0.100000
vn 0.000000 -0.000000 0.100000
vn 0.000000 -0.000000 0.100000
vn 0.000000 -0.000000 0.100000
vn 0.099477 -0.010216 -0.000000
vn 0.099477 -0.010216 -0.000000
vn 0.099323 -0.011613 -0.000000
vn 0.099125 -0.013196 -0.000000
vn 0.099150 -0.013007 -0.000000
vn 0.098958 -0.014398 -0.000000
vn 0.098958 -0.014398 -0.000000
vn 0.098685 -0.016164 -0.000000
vn 0.098716 -0.015976 -0.000000
vn 0.098448 -0.017549 -0.000000
vn 0.098156 -0.019118 -0.000000
vn 0.098156 -0.019118 -0.000000
vn 0.000000 -0.000000 0.100000
vn 0.000000 -0.000000 0.100000
vn 0.000000 -0.000000 0.100000
vn 0.000000 -0.000000 0.100000
vn 0.000000 -0.000000 0.100000
vn 0.000000 -0.000000 0.100000
vn 0.000000 -0.000000 0.100000
vn 0.000000 -0.000000 0.100000
vn 0.000000 -0.000000 0.100000
vn 0.000000 -0.000000 0.100000
vn 0.000000 -0.000000 0.100000
vn 0.000000 -0.000000 0.100000
vn 0.000000 -0.000000 0.100000
vn 0.000000 -0.000000 0.100000
vn 0.000000 -0.000000 0.100000
vn 0.000000 -0.000000 0.100000
vn 0.000000 -0.000000 0.100000
vn 0.000000 -0.000000 0.100000
vn 0.000000 -0.000000 0.100000
vn 0.000000 -0.000000 0.100000
vn 0.000000 -0.000000 0.100000
vn 0.000000 -0.000000 0.100000
vn 0.000000 -0.000000 0.100000
vn 0.000000 -0.000000 0.100000
vn 0.000000 -0.000000 0.100000
vn 0.000000 -0.000000 0.100000
vn 0.000000 -0.000000 0.100000
vn 0.000000 -0.000000 0.100000
vn 0.000000 -0.000000 0.100000
vn 0.000000 -0.000000 0.100000
vn 0.000000 -0.000000 0.100000
vn 0.000000 -0.000000 0.100000
vn 0.000000 -0.000000 0.100000
vn 0.000000 -0.000000 0.100000
vn 0.000000 -0.000000 0.100000
vn 0.000000 -0.000000 0.100000
vn 0.000000 -0.000000 0.100000
vn 0.000000 -0.000000 0.100000
vn 0.000000 -0.000000 0.100000
vn 0.000000 -0.000000 0.100000
vn 0.000000 -0.000000 0.100000
vn 0.000000 -0.000000 0.100000
vn 0.000000 -0.000000 0.100000
vn 0.000000 -0.000000 0.100000
vn 0.000000 -0.000000 0.100000
vn 0.000000 -0.000000 0.100000
vn 0.000000 -0.000000 0.100000
vn 0.000000 -0.000000 0.100000
vn 0.000000 -0.000000 0.100000
vn 0.000000 -0.000000 0.100000
vn 0.000000 -0.000000 0.100000
vn 0.000000 -0.000000 0.100000
vn 0.000000 -0.000000 0.100000
vn 0.000000 -0.000000 0.100000
vn 0.000000 -0.000000 0.100000
vn 0.000000 -0.000000 0.100000
vn 0.000000 -0.000000 0.100000
vn 0.000000 -0.000000 0.100000
vn 0.000000 -0.000000 0.100000
vn 0.000000 -0.000000 0.100000
vn 0.000000 -0.000000 0.100000
vn 0.000000 -0.000000 0.100000
vn 0.000000 -0.000000 0.100000
vn 0.000000 -0.000000 0.100000
vn 0.000000 -0.000000 0.100000
vn 0.000000 -0.000000 0.100000
vn 0.000000 -0.000000 0.100000
vn 0.000000 -0.000000 0.100000
vn 0.000000 -0.000000 0.100000
vn 0.000000 -0.000000 0.100000
vn 0.000000 -0.000000 0.100000
vn 0.000000 -0.000000 0.100000
vn 0.000000 -0.000000 0.100000
vn 0.000000 -0.000000 0.100000
vn 0.000000 -0.000000 0.100000
vn 0.000000 -0.000000 0.100000
vn 0.000000 -0.000000 0.100000
vn 0.000000 -0.000000 0.100000
vn 0.000000 -0.000000 0.100000
vn 0.000000 -0.000000 0.100000
vn 0.000000 -0.000000 0.100000
vn 0.000000 -0.000000 0.100000
vn 0.000000 -0.000000 0.100000
vn 0.000000 -0.000000 0.100000
vn 0.000000 -0.000000 0.100000
vn 0.000000 -0.000000 0.100000
vn 0.000000 -0.000000 0.100000
vn 0.000000 -0.000000 0.100000
vn 0.000000 -0.000000 0.100000
vn 0.000000 -0.000000 0.100000
vn 0.000000 -0.000000 0.100000
vn 0.000000 -0.000000 0.100000
vn 0.000000 -0.000000 0.100000
vn 0.000000 -0.000000 0.100000
vn 0.000000 -0.000000 0.100000
vn 0.000000 -0.000000 0.100000
vn 0.000000 -0.000000 0.100000
vn 0.000000 -0.000000 0.100000
vn 0.000000 -0.000000 0.100000
vn 0.000000 -0.000000 0.100000
vn 0.000000 -0.000000 0.100000
vn 0.000000 -0.000000 0.100000
vn 0.000000 -0.000000 0.100000
vn 0.000000 -0.000000 0.100000
vn 0.000000 -0.000000 0.100000
vn 0.000000 -0.000000 0.100000
vn 0.000000 -0.000000 0.100000
vn 0.000000 -0.000000 0.100000
vn 0.000000 -0.000000 0.100000
vn 0.000000 -0.000000 0.100000
vn 0.000000 -0.000000 0.100000
vn 0.000000 -0.000000 0.100000
vn 0.000000 -0.000000 0.100000
vn 0.000000 -0.000000 0.100000
vn 0.000000 -0.000000 0.100000
vn 0.000000 -0.000000 0.100000
vn 0.000000 -0.000000 0.100000
vn 0.000000 -0.000000 0.100000
vn 0.000000 -0.000000 0.100000
vn 0.000000 -0.000000 0.100000
vn 0.000000 -0.000000 0.100000
vn 0.000000 -0.000000 0.100000
vn 0.000000 -0.000000 0.100000
vn 0.000000 -0.000000 0.100000
vn 0.000000 -0.000000 0.100000
vn 0.000000 -0.000000 0.100000
vn 0.000000 -0.000000 0.100000
vn 0.000000 -0.000000 0.100000
vn 0.000000 -0.000000 0.100000
vn 0.000000 -0.000000 0.100000
vn 0.000000 -0.000000 0.100000
vn 0.000000 -0.000000 0.100000
vn 0.000000 -0.000000 0.100000
vn 0.000000 -0.000000 0.100000
vn 0.000000 -0.000000 0.100000
vn 0.000000 -0.000000 0.100000
vn 0.000000 -0.000000 0.100000
vn 0.000000 -0.000000 0.100000
vn 0.000000 -0.000000 0.100000
vn 0.000000 -0.000000 0.100000
vn 0.000000 -0.000000 0.100000
vn 0.000000 -0.000000 0.100000
vn 0.000000 -0.000000 0.100000
vn 0.000000 -0.000000 0.100000
vn 0.000000 -0.000000 0.100000
vn 0.000000 -0.000000 0.100000
vn 0.000000 -0.000000 0.100000
vn 0.000000 -0.000000 0.100000
vn 0.000000 -0.000000 0.100000
vn 0.000000 -0.000000 0.100000
vn 0.000000 -0.000000 0.100000
vn 0.000000 -0.000000 0.100000
vn 0.000000 -0.000000 0.100000
vn 0.000000 -0.000000 0.100000
vn 0.000000 -0.000000 0.100000
vn 0.000000 -0.000000 0.100000
vn 0.000000 -0.000000 0.100000
vn 0.000000 -0.000000 0.100000
vn 0.000000 -0.000000 0.100000
vn 0.000000 -0.000000 0.100000
vn 0.000000 -0.000000 0.100000
vn 0.000000 -0.000000 0.100000
vn 0.000000 -0.000000 0.100000
vn 0.000000 -0.000000 0.100000
vn 0.000000 -0.000000 0.100000
vn 0.000000 -0.000000 0.100000
vn 0.000000 -0.000000 0.100000
vn 0.000000 -0.000000 0.100000
vn 0.000000 -0.000000 0.100000
vn 0.000000 -0.000000 0.100000
vn 0.000000 -0.000000 0.100000
vn 0.000000 -0.000000 0.100000
vn 0.000000 -0.000000 0.100000
vn 0.000000 -0.000000 0.100000
vn 0.000000 -0.000000 0.100000
vn 0.000000 -0.000000 0.100000
vn 0.000000 -0.000000 0.100000
vn 0.000000 -0.000000 0.100000
vn 0.000000 -0.000000 0.100000
vn 0.000000 -0.000000 0.100000
vn 0.000000 -0.000000 0.100000
vn 0.000000 -0.000000 0.100000
vn 0.000000 -0.000000 0.100000
vn 0.000000 -0.000000 0.100000
vn 0.000000 -0.000000 0.100000
vn 0.000000 -0.000000 0.100000
vn 0.000000 -0.000000 0.100000
vn 0.000000 -0.000000 0.100000
vn 0.000000 -0.000000 0.100000
vn 0.000000 -0.000000 0.100000
vn 0.000000 -0.000000 0.100000
vn 0.000000 -0.000000 0.100000
vn 0.000000 -0.000000 0.100000
vn 0.000000 -0.000000 0.100000
vn 0.100000 -0.000000 -0.000000
vn 0.100000 -0.000000 -0.000000
vn 0.100000 -0.000000 -0.000000
vn 0.100000 -0.000000 -0.000000
vn 0.000000 0.100000 0.000000
vn 0.000000 0.100000 0.000000
vn 0.000000 0.100000 0.000000
vn 0.000000 0.100000 0.000000
vn -0.081915 -0.057358 -0.000000
vn -0.081915 -0.057358 -0.000000
vn -0.100000 0.000000 0.000000
vn -0.100000 0.000000 0.000000
vn -0.100000 0.000000 0.000000
vn -0.100000 0.000000 0.000000
vn -0.100000 0.000000 0.000000
vn -0.100000 0.000000 0.000000
vn -0.100000 0.000000 0.000000
vn -0.100000 0.000000 0.000000
vn -0.100000 0.000000 0.000000
vn -0.100000 0.000000 0.000000
vn -0.100000 0.000000 0.000000
vn -0.100000 0.000000 0.000000
vn -0.100000 0.000000 0.000000
vn -0.100000 0.000000 0.000000
vn -0.100000 0.000000 0.000000
vn -0.100000 0.000000 0.000000
vn -0.100000 0.000000 0.000000
vn -0.100000 0.000000 0.000000
vn -0.100000 0.000000 0.000000
vn -0.100000 0.000000 0.000000
vn -0.100000 0.000000 0.000000
vn -0.100000 0.000000 0.000000
vn -0.100000 0.000000 0.000000
vn -0.100000 0.000000 0.000000
vn -0.100000 0.000000 0.000000
vn -0.100000 0.000000 0.000000
vn -0.100000 0.000000 0.000000
vn -0.100000 0.000000 0.000000
vn -0.100000 0.000000 0.000000
vn -0.100000 0.000000 0.000000
vn -0.100000 0.000000 0.000000
vn -0.100000 0.000000 0.000000
vn -0.100000 0.000000 0.000000
vn -0.100000 0.000000 0.000000
vn -0.100000 0.000000 0.000000
vn -0.100000 0.000000 0.000000
vn -0.100000 0.000000 0.000000
vn -0.100000 0.000000 0.000000
vn -0.081915 0.057358 0.000000
vn -0.081915 0.057358 0.000000
vn -0.008716 0.099619 0.000000
vn -0.008716 0.099619 0.000000
vn -0.008716 0.099619 0.000000
vn -0.008716 0.099619 0.000000
vn -0.008716 0.099619 0.000000
vn -0.008716 0.099619 0.000000
vn 0.100000 0.000000 0.000000
vn 0.090318 0.042927 0.000000
vn 0.063145 0.077542 0.000000
vn 0.023745 0.097140 0.000000
vn -0.020254 0.097927 0.000000
vn -0.060330 0.079751 0.000000
vn -0.088724 0.046131 0.000000
vn 0.100000 -0.000000 -0.000000
vn 0.100000 -0.000000 -0.000000
vn 0.100000 -0.000000 -0.000000
vn 0.100000 0.000000 0.000000
vn 0.100000 0.000000 0.000000
vn 0.100000 0.000000 0.000000
vn 0.100000 0.000000 0.000000
vn 0.090318 -0.042927 -0.000000
vn 0.063145 -0.077542 -0.000000
vn 0.023745 -0.097140 -0.000000
vn -0.020254 -0.097927 -0.000000
vn -0.060330 -0.079751 -0.000000
vn -0.088724 -0.046131 -0.000000
vn 0.086603 -0.050000 -0.000000
vn 0.086603 -0.050000 -0.000000
vn 0.100000 -0.000000 -0.000000
vn 0.100000 -0.000000 -0.000000
vn 0.086603 0.050000 0.000000
vn 0.086603 0.050000 0.000000
vn 0.050000 0.086603 0.000000
vn 0.050000 0.086603 0.000000
vn -0.000000 0.100000 0.000000
vn -0.000000 0.100000 0.000000
vn -0.050000 0.086603 0.000000
vn -0.050000 0.086603 0.000000
vn -0.086603 0.050000 0.000000
vn -0.086603 0.050000 0.000000
vn -0.100000 0.000000 0.000000
vn -0.100000 -0.000000 -0.000000
vn -0.086603 -0.050000 -0.000000
vn -0.086603 -0.050000 -0.000000
vn -0.050000 -0.086603 -0.000000
vn -0.050000 -0.086603 -0.000000
vn 0.000000 -0.100000 -0.000000
vn 0.000000 -0.100000 -0.000000
vn 0.050000 -0.086603 -0.000000
vn 0.050000 -0.086603 -0.000000
vn 0.000000 -0.100000 -0.000000
vn 0.000000 -0.100000 -0.000000
vn 0.000000 -0.100000 -0.000000
vn 0.000000 -0.100000 -0.000000
vn -0.008716 -0.099619 -0.000000
vn -0.008716 -0.099619 -0.000000
vn -0.008716 -0.099619 -0.000000
vn -0.008716 -0.099619 -0.000000
vn -0.008716 -0.099619 -0.000000
vn -0.008716 -0.099619 -0.000000
vn 0.086603 -0.050000 -0.000000
vn 0.086603 -0.050000 -0.000000
vn 0.100000 -0.000000 -0.000000
vn 0.100000 -0.000000 -0.000000
vn 0.086603 0.050000 0.000000
vn 0.086603 0.050000 0.000000
vn 0.050000 0.086603 0.000000
vn 0.050000 0.086603 0.000000
vn -0.000000 0.100000 0.000000
vn 0.000000 0.100000 0.000000
vn -0.050000 0.086603 0.000000
vn -0.050000 0.086603 0.000000
vn -0.086603 0.050000 0.000000
vn -0.086603 0.050000 0.000000
vn -0.100000 0.000000 0.000000
vn -0.100000 -0.000000 -0.000000
vn -0.086603 -0.050000 -0.000000
vn -0.086603 -0.050000 -0.000000
vn -0.050000 -0.086603 -0.000000
vn -0.050000 -0.086603 -0.000000
vn 0.000000 -0.100000 -0.000000
vn -0.000000 -0.100000 -0.000000
vn 0.050000 -0.086603 -0.000000
vn 0.050000 -0.086603 -0.000000
vn 0.062712 -0.077892 -0.000000
vn 0.062712 -0.077892 -0.000000
vn 0.026578 -0.096403 -0.000000
vn 0.026578 -0.096403 -0.000000
vn -0.013938 -0.099024 -0.000000
vn -0.013938 -0.099024 -0.000000
vn -0.052156 -0.085321 -0.000000
vn -0.052156 -0.085321 -0.000000
vn -0.081777 -0.057554 -0.000000
vn -0.081777 -0.057554 -0.000000
vn -0.097918 -0.020300 -0.000000
vn -0.097918 -0.020300 -0.000000
vn -0.097918 0.020300 0.000000
vn -0.097918 0.020300 0.000000
vn -0.081777 0.057554 0.000000
vn -0.081777 0.057554 0.000000
vn -0.052156 0.085321 0.000000
vn -0.052156 0.085321 0.000000
vn -0.013938 0.099024 0.000000
vn -0.013938 0.099024 0.000000
vn 0.026578 0.096403 0.000000
vn 0.026578 0.096403 0.000000
vn 0.062712 0.077892 0.000000
vn 0.062712 0.077892 0.000000
vn 0.043668 0.089962 0.000000
vn 0.043668 0.089962 0.000000
vn 0.022403 0.097458 0.000000
vn 0.022403 0.097458 0.000000
vn 0.022403 -0.097458 -0.000000
vn 0.022403 -0.097458 -0.000000
vn 0.043668 -0.089962 -0.000000
vn 0.043668 -0.089962 -0.000000
vn -0.036921 -0.092935 -0.000000
vn -0.062024 -0.078442 -0.000000
vn -0.062024 0.078442 0.000000
vn -0.036921 0.092935 0.000000
vn 0.050000 -0.086603 -0.000000
vn 0.050000 -0.086603 -0.000000
vn 0.050000 -0.086603 -0.000000
vn 0.050000 -0.086603 -0.000000
vn -0.086603 -0.050000 -0.000000
vn -0.086603 -0.050000 -0.000000
vn -0.086603 -0.050000 -0.000000
vn -0.086603 -0.050000 -0.000000
vn 0.008716 -0.099619 -0.000000
vn 0.008716 -0.099619 -0.000000
vn 0.008716 -0.099619 -0.000000
vn 0.008716 -0.099619 -0.000000
vn -0.099619 -0.008716 -0.000000
vn -0.099619 -0.008716 -0.000000
vn -0.099619 -0.008716 -0.000000
vn -0.099619 -0.008716 -0.000000
vn 0.000000 -0.000000 0.100000
vn 0.000000 -0.000000 0.100000
vn 0.000000 -0.000000 0.100000
vn 0.000000 -0.000000 0.100000
vn 0.000000 -0.000000 0.100000
vn 0.000000 -0.000000 0.100000
vn 0.000000 -0.000000 0.100000
vn 0.000000 -0.000000 0.100000
vn 0.000000 -0.000000 0.100000
vn 0.000000 -0.000000 0.100000
vn 0.000000 -0.000000 0.100000
vn 0.000000 -0.000000 0.100000
vn 0.000000 -0.000000 0.100000
vn 0.000000 -0.000000 0.100000
vn 0.000000 -0.000000 0.100000
vn 0.000000 -0.000000 0.100000
vn 0.000000 -0.000000 0.100000
vn 0.000000 -0.000000 0.100000
vn 0.000000 -0.000000 0.100000
vn 0.000000 -0.000000 0.100000
vn 0.000000 -0.000000 0.100000
vn 0.000000 -0.000000 0.100000
vn 0.000000 -0.000000 0.100000
vn 0.000000 -0.000000 0.100000
vn 0.000000 -0.000000 0.100000
vn 0.000000 -0.000000 0.100000
vn 0.000000 -0.000000 0.100000
vn 0.000000 -0.000000 0.100000
vn 0.000000 -0.000000 0.100000
vn 0.000000 -0.000000 0.100000
vn 0.000000 -0.000000 0.100000
vn 0.000000 -0.000000 0.100000
vn 0.000000 -0.000000 0.100000
vn 0.000000 -0.000000 0.100000
vn 0.000000 -0.000000 0.100000
vn 0.000000 -0.000000 0.100000
vn 0.000000 -0.000000 0.100000
vn 0.000000 -0.000000 0.100000
vn 0.000000 -0.000000 0.100000
vn 0.000000 -0.000000 0.100000
vn 0.000000 -0.000000 0.100000
vn 0.000000 -0.000000 0.100000
vn -0.099619 0.008716 0.000000
vn -0.099619 0.008716 0.000000
vn -0.099619 0.008716 0.000000
vn -0.099619 0.008716 0.000000
vn 0.008716 0.099619 0.000000
vn 0.008716 0.099619 0.000000
vn 0.008716 0.099619 0.000000
vn 0.008716 0.099619 0.000000
vn -0.086603 0.050000 0.000000
vn -0.086603 0.050000 0.000000
vn -0.086603 0.050000 0.000000
vn -0.086603 0.050000 0.000000
vn 0.050000 0.086603 0.000000
vn 0.050000 0.086603 0.000000
vn 0.050000 0.086603 0.000000
vn 0.050000 0.086603 0.000000
vn -0.062024 -0.078442 -0.000000
vn -0.062024 -0.078442 -0.000000
vn -0.028680 -0.095799 -0.000000
vn -0.028680 -0.095799 -0.000000
vn -0.028680 0.095799 0.000000
vn -0.028680 0.095799 0.000000
vn -0.062024 0.078442 0.000000
vn -0.062024 0.078442 0.000000
vn -0.050000 0.086603 0.000000
vn -0.050000 0.086603 0.000000
vn 0.000000 0.100000 0.000000
vn 0.000000 0.100000 0.000000
vn 0.000000 -0.100000 -0.000000
vn 0.000000 -0.100000 -0.000000
vn -0.050000 -0.086603 -0.000000
vn -0.050000 -0.086603 -0.000000
vn 0.050000 0.086603 0.000000
vn 0.050000 0.086603 0.000000
vn 0.050000 0.086603 0.000000
vn 0.050000 0.086603 0.000000
vn -0.050000 0.086603 0.000000
vn -0.050000 0.086603 0.000000
vn -0.050000 0.086603 0.000000
vn -0.050000 0.086603 0.000000
vn -0.099668 -0.008139 -0.000000
vn -0.099668 -0.008139 -0.000000
vn -0.099668 -0.008139 -0.000000
vn -0.099668 -0.008139 -0.000000
vn -0.085732 -0.051478 -0.000000
vn -0.085732 -0.051478 -0.000000
vn -0.088823 -0.045941 -0.000000
vn -0.088823 -0.045941 -0.000000
vn -0.091556 -0.040218 -0.000000
vn -0.091556 -0.040218 -0.000000
vn -0.093921 -0.034334 -0.000000
vn -0.093921 -0.034334 -0.000000
vn 0.000000 -0.100000 -0.000000
vn 0.000000 -0.100000 -0.000000
vn 0.000000 -0.100000 -0.000000
vn 0.000000 -0.100000 -0.000000
vn 0.000000 -0.000000 0.100000
vn 0.000000 -0.000000 0.100000
vn 0.000000 -0.000000 0.100000
vn 0.000000 -0.000000 0.100000
vn 0.000000 -0.000000 0.100000
vn 0.000000 -0.000000 0.100000
vn 0.000000 -0.000000 0.100000
vn 0.000000 -0.000000 0.100000
vn 0.000000 -0.000000 0.100000
vn 0.000000 -0.000000 0.100000
vn 0.000000 -0.000000 0.100000
vn 0.000000 -0.000000 0.100000
vn 0.000000 -0.000000 0.100000
vn 0.000000 -0.000000 0.100000
vn 0.000000 -0.000000 0.100000
vn 0.000000 -0.000000 0.100000
vn 0.000000 -0.000000 0.100000
vn 0.000000 -0.000000 0.100000
vn 0.000000 -0.000000 0.100000
vn 0.000000 -0.000000 0.100000
vn 0.000000 -0.000000 0.100000
vn 0.000000 -0.000000 0.100000
vn 0.000000 -0.000000 0.100000
vn 0.000000 -0.000000 0.100000
vn 0.000000 -0.000000 0.100000
vn 0.000000 -0.000000 0.100000
vn 0.000000 -0.000000 0.100000
vn 0.000000 -0.000000 0.100000
vn 0.000000 -0.000000 0.100000
vn 0.000000 -0.000000 0.100000
vn 0.000000 -0.000000 0.100000
vn 0.000000 -0.000000 0.100000
vn 0.000000 -0.000000 0.100000
vn 0.000000 -0.000000 0.100000
vn 0.000000 -0.000000 0.100000
vn 0.000000 -0.000000 0.100000
vn 0.000000 -0.000000 0.100000
vn 0.000000 -0.000000 0.100000
vn 0.000000 -0.000000 0.100000
vn 0.000000 -0.000000 0.100000
vn 0.000000 -0.000000 0.100000
vn 0.000000 -0.000000 0.100000
vn 0.000000 -0.000000 0.100000
vn 0.000000 -0.000000 0.100000
vn 0.000000 -0.000000 0.100000
vn 0.000000 -0.000000 0.100000
vn 0.000000 -0.000000 0.100000
vn 0.000000 -0.000000 0.100000
vn 0.000000 -0.000000 0.100000
vn 0.000000 -0.000000 0.100000
vn 0.000000 -0.000000 0.100000
vn 0.000000 -0.000000 0.100000
vn 0.000000 -0.000000 0.100000
vn 0.000000 -0.000000 0.100000
vn 0.000000 -0.000000 0.100000
vn 0.000000 -0.000000 0.100000
vn 0.000000 -0.000000 0.100000
vn 0.000000 -0.000000 0.100000
vn 0.000000 -0.000000 0.100000
vn 0.000000 -0.000000 0.100000
vn 0.000000 -0.000000 0.100000
vn 0.000000 -0.000000 0.100000
vn 0.000000 -0.000000 0.100000
vn 0.000000 -0.000000 0.100000
vn 0.000000 -0.000000 0.100000
vn 0.000000 -0.000000 0.100000
vn 0.000000 -0.000000 0.100000
vn 0.000000 -0.000000 0.100000
vn 0.000000 -0.000000 0.100000
vn 0.000000 -0.000000 0.100000
vn 0.000000 -0.000000 0.100000
vn 0.000000 -0.000000 0.100000
vn 0.000000 -0.000000 0.100000
vn 0.000000 -0.000000 0.100000
vn 0.000000 -0.000000 0.100000
vn 0.000000 -0.000000 0.100000
vn 0.000000 -0.000000 0.100000
vn 0.000000 -0.000000 0.100000
vn 0.000000 -0.000000 0.100000
vn 0.000000 -0.000000 0.100000
vn 0.000000 -0.000000 0.100000
vn 0.000000 -0.000000 0.100000
vn 0.000000 -0.000000 0.100000
vn 0.000000 -0.000000 0.100000
vn 0.000000 -0.000000 0.100000
vn 0.100000 0.000000 0.000000
vn 0.100000 0.000000 0.000000
vn 0.100000 0.000000 0.000000
vn 0.100000 0.000000 0.000000
vn 0.070711 -0.070711 -0.000000
vn 0.070711 -0.070711 -0.000000
vn 0.070711 -0.070711 -0.000000
vn 0.070711 -0.070711 -0.000000
vn 0.070711 0.070711 0.000000
vn 0.070711 0.070711 0.000000
vn 0.096593 0.025882 0.000000
vn 0.096593 0.025882 0.000000
vn 0.096593 -0.025882 -0.000000
vn 0.096593 -0.025882 -0.000000
vn 0.070711 0.070711 0.000000
vn 0.070711 0.070711 0.000000
vn 0.008716 -0.099619 -0.000000
vn 0.008716 -0.099619 -0.000000
vn 0.023117 -0.097291 -0.000000
vn 0.023117 -0.097291 -0.000000
vn 0.037027 -0.092893 -0.000000
vn 0.037027 -0.092893 -0.000000
vn 0.050148 -0.086517 -0.000000
vn 0.050148 -0.086517 -0.000000
vn 0.008716 -0.099619 -0.000000
vn 0.008716 -0.099619 -0.000000
vn 0.099619 0.008716 0.000000
vn 0.099619 0.008716 0.000000
vn 0.099619 0.008716 0.000000
vn 0.099619 0.008716 0.000000
vn 0.099619 -0.008716 -0.000000
vn 0.099619 -0.008716 -0.000000
vn 0.099619 -0.008716 -0.000000
vn 0.099619 -0.008716 -0.000000
vn 0.008716 0.099619 0.000000
vn 0.008716 0.099619 0.000000
vn 0.008716 0.099619 0.000000
vn 0.008716 0.099619 0.000000
vn 0.023117 0.097291 0.000000
vn 0.023117 0.097291 0.000000
vn 0.037027 0.092893 0.000000
vn 0.037027 0.092893 0.000000
vn 0.050148 0.086517 0.000000
vn 0.050148 0.086517 0.000000
vn 0.070711 -0.070711 -0.000000
vn 0.070711 -0.070711 -0.000000
vn 0.070711 -0.070711 -0.000000
vn 0.070711 -0.070711 -0.000000
vn 0.070711 0.070711 0.000000
vn 0.070711 0.070711 0.000000
vn 0.070711 0.070711 0.000000
vn 0.070711 0.070711 0.000000
vn 0.096593 0.025882 0.000000
vn 0.096593 0.025882 0.000000
vn 0.096593 -0.025882 -0.000000
vn 0.096593 -0.025882 -0.000000
vn 0.000000 -0.000000 0.100000
vn 0.000000 -0.000000 0.100000
vn 0.000000 -0.000000 0.100000
vn 0.000000 -0.000000 0.100000
vn 0.000000 -0.000000 0.100000
vn 0.000000 -0.000000 0.100000
vn 0.000000 -0.000000 0.100000
vn 0.000000 -0.000000 0.100000
vn 0.000000 -0.000000 0.100000
vn 0.000000 -0.000000 0.100000
vn 0.000000 -0.000000 0.100000
vn 0.000000 -0.000000 0.100000
vn 0.000000 -0.000000 0.100000
vn 0.000000 -0.000000 0.100000
vn 0.000000 -0.000000 0.100000
vn 0.000000 -0.000000 0.100000
vn 0.000000 -0.000000 0.100000
vn 0.000000 -0.000000 0.100000
vn 0.000000 -0.000000 0.100000
vn 0.000000 -0.000000 0.100000
vn 0.000000 -0.000000 0.100000
vn 0.000000 -0.000000 0.100000
vn 0.000000 -0.000000 0.100000
vn 0.000000 -0.000000 0.100000
vn 0.000000 -0.000000 0.100000
vn 0.000000 -0.000000 0.100000
vn 0.000000 -0.000000 0.100000
vn 0.000000 -0.000000 0.100000
vn 0.000000 -0.000000 0.100000
vn 0.000000 -0.000000 0.100000
vn 0.000000 -0.000000 0.100000
vn 0.000000 -0.000000 0.100000
vn 0.000000 -0.000000 0.100000
vn 0.000000 -0.000000 0.100000
vn 0.000000 -0.000000 0.100000
vn 0.000000 -0.000000 0.100000
vn 0.000000 -0.000000 0.100000
vn 0.000000 -0.000000 0.100000
vn 0.000000 -0.000000 0.100000
vn 0.000000 -0.000000 0.100000
vn 0.000000 -0.000000 0.100000
vn 0.000000 -0.000000 0.100000
vn 0.000000 -0.000000 0.100000
vn 0.000000 -0.000000 0.100000
vn 0.000000 -0.000000 0.100000
vn 0.000000 -0.000000 0.100000
vn 0.000000 -0.000000 0.100000
vn 0.000000 -0.000000 0.100000
vn 0.000000 -0.000000 0.100000
vn 0.000000 -0.000000 0.100000
vn 0.000000 -0.000000 0.100000
vn 0.000000 -0.000000 0.100000
vn 0.000000 -0.000000 0.100000
vn 0.000000 -0.000000 0.100000
vn 0.000000 -0.000000 0.100000
vn 0.000000 -0.000000 0.100000
vn 0.000000 -0.000000 0.100000
vn 0.000000 -0.000000 0.100000
vn 0.000000 -0.000000 0.100000
vn 0.000000 -0.000000 0.100000
vn 0.000000 -0.000000 0.100000
vn 0.000000 -0.000000 0.100000
vn 0.000000 -0.000000 0.100000
vn 0.000000 -0.000000 0.100000
vn 0.000000 -0.000000 0.100000
vn 0.000000 -0.000000 0.100000
vn 0.000000 -0.000000 0.100000
vn 0.000000 -0.000000 0.100000
vn 0.000000 -0.000000 0.100000
vn 0.000000 -0.000000 0.100000
vn 0.000000 -0.000000 0.100000
vn 0.000000 -0.000000 0.100000
vn 0.000000 -0.000000 0.100000
vn 0.000000 -0.000000 0.100000
vn 0.000000 -0.000000 0.100000
vn 0.000000 -0.000000 0.100000
vn 0.000000 -0.000000 0.100000
vn 0.000000 -0.000000 0.100000
vn 0.000000 -0.000000 0.100000
vn 0.000000 -0.000000 0.100000
vn 0.000000 -0.000000 0.100000
vn 0.000000 -0.000000 0.100000
vn 0.000000 -0.000000 0.100000
vn 0.000000 -0.000000 0.100000
vn 0.000000 -0.000000 0.100000
vn 0.000000 -0.000000 0.100000
vn 0.000000 -0.000000 0.100000
vn 0.000000 -0.000000 0.100000
vn -0.050000 -0.086603 -0.000000
vn -0.050000 -0.086603 -0.000000
vn -0.050000 -0.086603 -0.000000
vn -0.050000 -0.086603 -0.000000
vn 0.050000 -0.086603 -0.000000
vn 0.050000 -0.086603 -0.000000
vn 0.050000 -0.086603 -0.000000
vn 0.050000 -0.086603 -0.000000
vn 0.000000 0.100000 0.000000
vn 0.000000 0.100000 0.000000
vn 0.000000 0.100000 0.000000
vn 0.000000 0.100000 0.000000
vn -0.093921 0.034334 0.000000
vn -0.093921 0.034334 0.000000
vn -0.091658 0.039986 0.000000
vn -0.091658 0.039986 0.000000
vn -0.089054 0.045490 0.000000
vn -0.089054 0.045490 0.000000
vn -0.086121 0.050825 0.000000
vn -0.086121 0.050825 0.000000
vn -0.099668 0.008139 0.000000
vn -0.099668 0.008139 0.000000
vn -0.099668 0.008139 0.000000
vn -0.099668 0.008139 0.000000
vn 0.057358 0.081915 0.000000
vn 0.057358 0.081915 0.000000
vn 0.090631 0.042262 0.000000
vn 0.090631 0.042262 0.000000
vn 0.090631 0.042262 0.000000
vn 0.057358 0.081915 0.000000
vn 0.081915 -0.057358 -0.000000
vn 0.081915 -0.057358 -0.000000
vn 0.042262 -0.090631 -0.000000
vn 0.042262 -0.090631 -0.000000
vn -0.008716 -0.099619 -0.000000
vn -0.008716 -0.099619 -0.000000
vn 0.042262 -0.090631 -0.000000
vn 0.081915 -0.057358 -0.000000
vn -0.057358 -0.081915 -0.000000
vn -0.057358 -0.081915 -0.000000
vn -0.090631 -0.042262 -0.000000
vn -0.090631 -0.042262 -0.000000
vn -0.081915 0.057358 0.000000
vn -0.081915 0.057358 0.000000
vn -0.042262 0.090631 0.000000
vn -0.042262 0.090631 0.000000
vn -0.042262 -0.090631 -0.000000
vn -0.042262 -0.090631 -0.000000
vn -0.081915 -0.057358 -0.000000
vn -0.081915 -0.057358 -0.000000
vn -0.090631 0.042262 0.000000
vn -0.090631 0.042262 0.000000
vn -0.057358 0.081915 0.000000
vn -0.057358 0.081915 0.000000
vn -0.008716 0.099619 0.000000
vn -0.008716 0.099619 0.000000
vn 0.042262 0.090631 0.000000
vn 0.042262 0.090631 0.000000
vn 0.081915 0.057358 0.000000
vn 0.081915 0.057358 0.000000
vn 0.081915 0.057358 0.000000
vn 0.042262 0.090631 0.000000
vn 0.090631 -0.042262 -0.000000
vn 0.090631 -0.042262 -0.000000
vn 0.057358 -0.081915 -0.000000
vn 0.057358 -0.081915 -0.000000
vn 0.057358 -0.081915 -0.000000
vn 0.090631 -0.042262 -0.000000
vn 0.094679 -0.032184 -0.000000
vn 0.094679 -0.032184 -0.000000
vn 0.099156 0.012968 0.000000
vn 0.099156 0.012968 0.000000
vn 0.083218 0.055450 0.000000
vn 0.083218 0.055450 0.000000
vn 0.083218 -0.055450 -0.000000
vn 0.083218 -0.055450 -0.000000
vn 0.099156 -0.012968 -0.000000
vn 0.099156 -0.012968 -0.000000
vn 0.094679 0.032184 0.000000
vn 0.094679 0.032184 0.000000
vn 0.096593 0.025882 0.000000
vn 0.096593 0.025882 0.000000
vn 0.086603 0.050000 0.000000
vn 0.086603 0.050000 0.000000
vn 0.086603 -0.050000 -0.000000
vn 0.086603 -0.050000 -0.000000
vn 0.096593 -0.025882 -0.000000
vn 0.096593 -0.025882 -0.000000
vn -0.044604 -0.025752 0.085717
vn -0.044604 -0.025752 0.085717
vn -0.051504 -0.000000 0.085717
vn 0.000000 -0.051504 0.085717
vn 0.000000 -0.051504 0.085717
vn -0.025752 -0.044604 0.085717
vn 0.044604 -0.025752 0.085717
vn 0.044604 -0.025752 0.085717
vn 0.025752 -0.044604 0.085717
vn 0.044604 0.025752 0.085717
vn 0.044604 0.025752 0.085717
vn 0.051504 -0.000000 0.085717
vn 0.000000 0.051504 0.085717
vn 0.000000 0.051504 0.085717
vn 0.025752 0.044604 0.085717
vn -0.044604 0.025752 0.085717
vn -0.044604 0.025752 0.085717
vn -0.025752 0.044604 0.085717
vn -0.051504 -0.000000 0.085717
vn 0.025752 0.044604 0.085717
vn 0.025752 -0.044604 0.085717
vn -0.025752 0.044604 0.085717
vn 0.051504 -0.000000 0.085717
vn -0.025752 -0.044604 0.085717
vn -0.086603 0.050000 0.000000
vn -0.086603 0.050000 0.000000
vn -0.100000 0.000000 0.000000
vn -0.100000 0.000000 -0.000000
vn -0.086603 -0.050000 -0.000000
vn -0.086603 -0.050000 -0.000000
vn -0.050000 -0.086603 -0.000000
vn -0.050000 -0.086603 -0.000000
vn -0.000000 -0.100000 -0.000000
vn -0.000000 -0.100000 -0.000000
vn 0.050000 -0.086603 -0.000000
vn 0.050000 -0.086603 -0.000000
vn 0.086603 -0.050000 -0.000000
vn 0.086603 -0.050000 -0.000000
vn 0.100000 -0.000000 -0.000000
vn 0.100000 -0.000000 -0.000000
vn 0.086603 0.050000 0.000000
vn 0.086603 0.050000 0.000000
vn 0.050000 0.086603 0.000000
vn 0.050000 0.086603 0.000000
vn -0.000000 0.100000 0.000000
vn -0.000000 0.100000 0.000000
vn -0.050000 0.086603 0.000000
vn -0.050000 0.086603 0.000000
vn -0.044604 -0.025752 0.085717
vn -0.044604 -0.025752 0.085717
vn -0.051504 -0.000000 0.085717
vn 0.000000 -0.051504 0.085717
vn 0.000000 -0.051504 0.085717
vn -0.025752 -0.044604 0.085717
vn 0.044604 -0.025752 0.085717
vn 0.044604 -0.025752 0.085717
vn 0.025752 -0.044604 0.085717
vn 0.044604 0.025752 0.085717
vn 0.044604 0.025752 0.085717
vn 0.051504 -0.000000 0.085717
vn -0.000000 0.051504 0.085717
vn 0.000000 0.051504 0.085717
vn 0.025752 0.044604 0.085717
vn -0.044604 0.025752 0.085717
vn -0.044604 0.025752 0.085717
vn -0.025752 0.044604 0.085717
vn -0.051504 -0.000000 0.085717
vn 0.025752 0.044604 0.085717
vn 0.025752 -0.044604 0.085717
vn -0.025752 0.044604 0.085717
vn 0.051504 -0.000000 0.085717
vn -0.025752 -0.044604 0.085717
vn -0.086603 0.050000 0.000000
vn -0.086603 0.050000 0.000000
vn -0.100000 0.000000 0.000000
vn -0.100000 0.000000 -0.000000
vn -0.086603 -0.050000 -0.000000
vn -0.086603 -0.050000 -0.000000
vn -0.050000 -0.086603 -0.000000
vn -0.050000 -0.086603 -0.000000
vn 0.000000 -0.100000 -0.000000
vn 0.000000 -0.100000 -0.000000
vn 0.050000 -0.086603 -0.000000
vn 0.050000 -0.086603 -0.000000
vn 0.086603 -0.050000 -0.000000
vn 0.086603 -0.050000 -0.000000
vn 0.100000 -0.000000 -0.000000
vn 0.100000 -0.000000 -0.000000
vn 0.086603 0.050000 0.000000
vn 0.086603 0.050000 0.000000
vn 0.050000 0.086603 0.000000
vn 0.050000 0.086603 0.000000
vn -0.000000 0.100000 0.000000
vn -0.000000 0.100000 0.000000
vn -0.050000 0.086603 0.000000
vn -0.050000 0.086603 0.000000
vn 0.000000 0.000000 -0.100000
vn 0.000000 0.000000 -0.100000
vn 0.000000 0.000000 -0.100000
vn 0.000000 0.000000 -0.100000
vn 0.000000 0.000000 -0.100000
vn 0.000000 0.000000 -0.100000
vn 0.000000 0.000000 -0.100000
vn 0.000000 0.000000 -0.100000
vn 0.000000 0.000000 -0.100000
vn 0.000000 0.000000 -0.100000
vn 0.000000 0.000000 -0.100000
vn 0.000000 0.000000 -0.100000
vn 0.000000 0.000000 -0.100000
vn 0.000000 0.000000 -0.100000
vn 0.000000 0.000000 -0.100000
vn 0.000000 0.000000 -0.100000
vn 0.000000 0.000000 -0.100000
vn 0.000000 0.000000 -0.100000
vn 0.000000 0.000000 -0.100000
vn 0.000000 0.000000 -0.100000
vn 0.000000 0.000000 -0.100000
vn 0.000000 0.000000 -0.100000
vn 0.000000 0.000000 -0.100000
vn 0.086603 0.050000 0.000000
vn 0.086603 0.050000 0.000000
vn 0.100000 -0.000000 -0.000000
vn 0.100000 -0.000000 -0.000000
vn 0.086603 -0.050000 -0.000000
vn 0.086603 -0.050000 -0.000000
vn 0.050000 -0.086603 -0.000000
vn 0.050000 -0.086603 -0.000000
vn -0.000000 -0.100000 -0.000000
vn -0.000000 -0.100000 -0.000000
vn -0.050000 -0.086603 -0.000000
vn -0.050000 -0.086603 -0.000000
vn -0.086603 -0.050000 -0.000000
vn -0.086603 -0.050000 -0.000000
vn -0.100000 -0.000000 -0.000000
vn -0.100000 -0.000000 -0.000000
vn -0.086603 0.050000 0.000000
vn -0.086603 0.050000 0.000000
vn -0.050000 0.086603 0.000000
vn -0.050000 0.086603 0.000000
vn 0.000000 0.100000 0.000000
vn 0.000000 0.100000 0.000000
vn 0.050000 0.086603 0.000000
vn 0.050000 0.086603 0.000000
vn 0.086603 0.050000 0.000000
vn 0.086603 0.050000 0.000000
vn 0.100000 -0.000000 -0.000000
vn 0.100000 -0.000000 -0.000000
vn 0.086603 -0.050000 -0.000000
vn 0.086603 -0.050000 -0.000000
vn 0.050000 -0.086603 -0.000000
vn 0.050000 -0.086603 -0.000000
vn 0.000000 -0.100000 -0.000000
vn 0.000000 -0.100000 -0.000000
vn -0.050000 -0.086603 -0.000000
vn -0.050000 -0.086603 -0.000000
vn -0.086603 -0.050000 -0.000000
vn -0.086603 -0.050000 -0.000000
vn -0.100000 -0.000000 -0.000000
vn -0.100000 -0.000000 -0.000000
vn -0.086603 0.050000 0.000000
vn -0.086603 0.050000 0.000000
vn -0.050000 0.086603 0.000000
vn -0.050000 0.086603 0.000000
vn 0.000000 0.100000 0.000000
vn 0.000000 0.100000 0.000000
vn 0.050000 0.086603 0.000000
vn 0.050000 0.086603 0.000000
vn 0.000000 0.000000 -0.100000
vn 0.000000 0.000000 -0.100000
vn 0.000000 0.000000 -0.100000
vn 0.000000 0.000000 -0.100000
vn 0.000000 0.000000 -0.100000
vn 0.000000 0.000000 -0.100000
vn 0.000000 0.000000 -0.100000
vn 0.000000 0.000000 -0.100000
vn 0.000000 0.000000 -0.100000
vn 0.000000 0.000000 -0.100000
vn 0.000000 0.000000 -0.100000
vn 0.000000 0.000000 -0.100000
vn 0.000000 0.000000 -0.100000
vn 0.000000 0.000000 -0.100000
vn 0.000000 0.000000 -0.100000
vn 0.000000 0.000000 -0.100000
vn 0.000000 0.000000 -0.100000
vn 0.000000 0.000000 -0.100000
vn 0.000000 0.000000 -0.100000
vn 0.000000 0.000000 -0.100000
vn 0.000000 0.000000 -0.100000
vn 0.000000 0.000000 -0.100000
vn 0.000000 0.000000 -0.100000
vn 0.000000 0.000000 -0.100000
vn 0.076604 0.064279 0.000000
vn 0.076604 0.064279 0.000000
vn 0.093969 0.034202 0.000000
vn 0.093969 0.034202 0.000000
vn -0.078322 -0.062175 -0.000000
vn -0.078322 -0.062175 -0.000000
vn -0.095688 -0.029050 -0.000000
vn -0.095688 -0.029050 -0.000000
vn -0.095688 -0.029050 -0.000000
vn -0.078322 -0.062175 -0.000000
vn -0.097320 0.022996 0.000000
vn -0.097320 0.022996 0.000000
vn -0.092770 0.037333 0.000000
vn -0.092770 0.037333 0.000000
vn 0.096823 -0.025006 -0.000000
vn 0.096823 -0.025006 -0.000000
vn 0.079610 -0.060516 -0.000000
vn 0.079610 -0.060516 -0.000000
vn -0.093921 0.034334 0.000000
vn -0.093921 0.034334 0.000000
vn -0.072673 0.068692 0.000000
vn -0.072673 0.068692 0.000000
vn -0.039565 0.091840 0.000000
vn -0.039565 0.091840 0.000000
vn -0.039565 -0.091840 -0.000000
vn -0.039565 -0.091840 -0.000000
vn -0.072673 -0.068692 -0.000000
vn -0.072673 -0.068692 -0.000000
vn -0.093921 -0.034334 -0.000000
vn -0.093921 -0.034334 -0.000000
vn 0.093969 -0.034202 -0.000000
vn 0.093969 -0.034202 -0.000000
vn 0.076604 -0.064279 -0.000000
vn 0.076604 -0.064279 -0.000000
vn -0.095688 0.029050 0.000000
vn -0.095688 0.029050 0.000000
vn -0.078322 0.062175 0.000000
vn -0.078322 0.062175 0.000000
vn -0.078322 0.062175 0.000000
vn -0.095688 0.029050 0.000000
vn 0.079610 0.060516 0.000000
vn 0.079610 0.060516 0.000000
vn 0.096823 0.025006 0.000000
vn 0.096823 0.025006 0.000000
vn -0.017365 0.098481 0.000000
vn -0.017365 0.098481 0.000000
vn 0.017365 0.098481 0.000000
vn 0.017365 0.098481 0.000000
vn -0.086603 0.050000 -0.000000
vn -0.086603 0.050000 -0.000000
vn -0.100000 0.000000 -0.000000
vn -0.100000 0.000000 -0.000000
vn -0.086603 -0.050000 0.000000
vn -0.086603 -0.050000 0.000000
vn -0.050000 -0.086603 0.000000
vn -0.050000 -0.086603 0.000000
vn 0.000000 -0.100000 0.000000
vn 0.000000 -0.100000 0.000000
vn 0.050000 -0.086603 0.000000
vn 0.050000 -0.086603 0.000000
vn 0.086603 -0.050000 0.000000
vn 0.086603 -0.050000 0.000000
vn 0.100000 -0.000000 0.000000
vn 0.100000 -0.000000 0.000000
vn 0.086603 0.050000 0.000000
vn 0.086603 0.050000 0.000000
vn 0.050000 0.086603 0.000000
vn 0.050000 0.086603 0.000000
vn -0.000000 0.100000 -0.000000
vn -0.000000 0.100000 -0.000000
vn -0.050000 0.086603 -0.000000
vn -0.050000 0.086603 -0.000000
vn 0.000000 0.000000 0.100000
vn 0.000000 0.000000 0.100000
vn 0.000000 0.000000 0.100000
vn 0.000000 0.000000 0.100000
vn 0.000000 0.000000 0.100000
vn 0.000000 0.000000 0.100000
vn 0.000000 0.000000 0.100000
vn 0.000000 0.000000 0.100000
vn 0.000000 0.000000 0.100000
vn 0.000000 0.000000 0.100000
vn 0.000000 0.000000 0.100000
vn 0.000000 0.000000 0.100000
vn 0.000000 0.000000 0.100000
vn 0.000000 0.000000 0.100000
vn 0.000000 0.000000 0.100000
vn 0.000000 0.000000 0.100000
vn 0.000000 0.000000 0.100000
vn 0.000000 0.000000 0.100000
vn 0.000000 0.000000 0.100000
vn 0.000000 0.000000 0.100000
vn 0.000000 0.000000 0.100000
vn 0.000000 0.000000 0.100000
vn 0.000000 0.000000 0.100000
vn 0.000000 0.000000 0.100000
vn -0.044604 -0.025752 0.085717
vn -0.044604 -0.025752 0.085717
vn -0.051504 -0.000000 0.085717
vn 0.000000 -0.051504 0.085717
vn 0.000000 -0.051504 0.085717
vn -0.025752 -0.044604 0.085717
vn 0.044604 -0.025752 0.085717
vn 0.044604 -0.025752 0.085717
vn 0.025752 -0.044604 0.085717
vn 0.044604 0.025752 0.085717
vn 0.044604 0.025752 0.085717
vn 0.051504 -0.000000 0.085717
vn -0.000000 0.051504 0.085717
vn 0.000000 0.051504 0.085717
vn 0.025752 0.044604 0.085717
vn -0.044604 0.025752 0.085717
vn -0.044604 0.025752 0.085717
vn -0.025752 0.044604 0.085717
vn -0.051504 -0.000000 0.085717
vn 0.025752 0.044604 0.085717
vn 0.025752 -0.044604 0.085717
vn -0.025752 0.044604 0.085717
vn 0.051504 -0.000000 0.085717
vn -0.025752 -0.044604 0.085717
vn -0.086603 0.050000 0.000000
vn -0.086603 0.050000 0.000000
vn -0.100000 0.000000 0.000000
vn -0.100000 -0.000000 -0.000000
vn -0.086603 -0.050000 -0.000000
vn -0.086603 -0.050000 -0.000000
vn -0.050000 -0.086603 -0.000000
vn -0.050000 -0.086603 -0.000000
vn 0.000000 -0.100000 -0.000000
vn -0.000000 -0.100000 -0.000000
vn 0.050000 -0.086603 -0.000000
vn 0.050000 -0.086603 -0.000000
vn 0.086603 -0.050000 -0.000000
vn 0.086603 -0.050000 -0.000000
vn 0.100000 -0.000000 -0.000000
vn 0.100000 -0.000000 -0.000000
vn 0.086603 0.050000 0.000000
vn 0.086603 0.050000 0.000000
vn 0.050000 0.086603 0.000000
vn 0.050000 0.086603 0.000000
vn -0.000000 0.100000 0.000000
vn 0.000000 0.100000 0.000000
vn -0.050000 0.086603 0.000000
vn -0.050000 0.086603 0.000000
vn -0.092388 0.038268 -0.000000
vn -0.092388 0.038268 -0.000000
vn -0.100000 0.000000 -0.000000
vn -0.100000 0.000000 -0.000000
vn -0.095694 -0.029028 0.000000
vn -0.095694 -0.029028 0.000000
vn -0.083147 -0.055557 0.000000
vn -0.070711 0.070711 -0.000000
vn -0.070711 0.070711 -0.000000
vn -0.038268 0.092388 -0.000000
vn -0.038268 0.092388 -0.000000
vn -0.000000 0.100000 -0.000000
vn 0.000000 0.100000 0.000000
vn 0.029028 0.095694 0.000000
vn 0.029028 0.095694 0.000000
vn 0.055557 0.083147 0.000000
vn 0.077301 0.063439 0.000000
vn 0.077301 0.063439 0.000000
vn 0.055557 0.083147 0.000000
vn 0.092388 0.038268 0.000000
vn 0.092388 0.038268 0.000000
vn 0.099518 0.009802 0.000000
vn 0.099518 0.009802 0.000000
vn 0.098079 -0.019509 0.000000
vn 0.088192 -0.047140 0.000000
vn 0.088192 -0.047140 0.000000
vn 0.098079 -0.019509 0.000000
vn 0.070711 -0.070711 0.000000
vn 0.070711 -0.070711 0.000000
vn 0.047140 -0.088192 0.000000
vn 0.047140 -0.088192 0.000000
vn 0.019509 -0.098079 0.000000
vn 0.019509 -0.098079 0.000000
vn -0.009802 -0.099518 0.000000
vn -0.038268 -0.092388 0.000000
vn -0.038268 -0.092388 0.000000
vn -0.009802 -0.099518 0.000000
vn -0.063439 -0.077301 0.000000
vn -0.063439 -0.077301 0.000000
vn -0.083147 -0.055557 0.000000
vn 0.000000 0.000000 0.100000
vn 0.000000 0.000000 0.100000
vn 0.000000 0.000000 0.100000
vn 0.000000 0.000000 0.100000
vn 0.000000 0.000000 0.100000
vn 0.000000 0.000000 0.100000
vn 0.000000 0.000000 0.100000
vn 0.000000 0.000000 0.100000
vn 0.000000 0.000000 0.100000
vn 0.000000 0.000000 0.100000
vn 0.000000 0.000000 0.100000
vn 0.000000 0.000000 0.100000
vn 0.000000 0.000000 0.100000
vn 0.000000 0.000000 0.100000
vn 0.000000 0.000000 0.100000
vn 0.000000 0.000000 0.100000
vn 0.000000 0.000000 0.100000
vn 0.000000 0.000000 0.100000
vn 0.000000 0.000000 0.100000
vn 0.000000 0.000000 0.100000
vn 0.000000 0.000000 0.100000
vn 0.000000 0.000000 0.100000
vn 0.000000 0.000000 0.100000
vn 0.000000 0.000000 0.100000
vn 0.000000 0.000000 0.100000
vn 0.000000 0.000000 0.100000
vn 0.000000 0.000000 0.100000
vn 0.000000 0.000000 0.100000
vn 0.000000 0.000000 0.100000
vn 0.000000 0.000000 0.100000
vn 0.000000 0.000000 0.100000
vn 0.000000 0.000000 0.100000
vn -0.044604 -0.025752 0.085717
vn -0.044604 -0.025752 0.085717
vn -0.051504 -0.000000 0.085717
vn 0.000000 -0.051504 0.085717
vn 0.000000 -0.051504 0.085717
vn -0.025752 -0.044604 0.085717
vn 0.044604 -0.025752 0.085717
vn 0.044604 -0.025752 0.085717
vn 0.025752 -0.044604 0.085717
vn 0.044604 0.025752 0.085717
vn 0.044604 0.025752 0.085717
vn 0.051504 -0.000000 0.085717
vn -0.000000 0.051504 0.085717
vn 0.000000 0.051504 0.085717
vn 0.025752 0.044604 0.085717
vn -0.044604 0.025752 0.085717
vn -0.044604 0.025752 0.085717
vn -0.025752 0.044604 0.085717
vn -0.051504 -0.000000 0.085717
vn 0.025752 0.044604 0.085717
vn 0.025752 -0.044604 0.085717
vn -0.025752 0.044604 0.085717
vn 0.051504 -0.000000 0.085717
vn -0.025752 -0.044604 0.085717
vn -0.086603 0.050000 0.000000
vn -0.086603 0.050000 0.000000
vn -0.100000 0.000000 0.000000
vn -0.100000 -0.000000 -0.000000
vn -0.086603 -0.050000 -0.000000
vn -0.086603 -0.050000 -0.000000
vn -0.050000 -0.086603 -0.000000
vn -0.050000 -0.086603 -0.000000
vn 0.000000 -0.100000 -0.000000
vn -0.000000 -0.100000 -0.000000
vn 0.050000 -0.086603 -0.000000
vn 0.050000 -0.086603 -0.000000
vn 0.086603 -0.050000 -0.000000
vn 0.086603 -0.050000 -0.000000
vn 0.100000 -0.000000 -0.000000
vn 0.100000 -0.000000 -0.000000
vn 0.086603 0.050000 0.000000
vn 0.086603 0.050000 0.000000
vn 0.050000 0.086603 0.000000
vn 0.050000 0.086603 0.000000
vn -0.000000 0.100000 0.000000
vn 0.000000 0.100000 0.000000
vn -0.050000 0.086603 0.000000
vn -0.050000 0.086603 0.000000
vn -0.086603 0.050000 -0.000000
vn -0.086603 0.050000 -0.000000
vn -0.100000 0.000000 -0.000000
vn -0.100000 0.000000 -0.000000
vn -0.086603 -0.050000 0.000000
vn -0.086603 -0.050000 0.000000
vn -0.050000 -0.086603 0.000000
vn -0.050000 -0.086603 0.000000
vn 0.000000 -0.100000 0.000000
vn 0.000000 -0.100000 0.000000
vn 0.050000 -0.086603 0.000000
vn 0.050000 -0.086603 0.000000
vn 0.086603 -0.050000 0.000000
vn 0.086603 -0.050000 0.000000
vn 0.100000 -0.000000 0.000000
vn 0.100000 -0.000000 0.000000
vn 0.086603 0.050000 0.000000
vn 0.086603 0.050000 0.000000
vn 0.050000 0.086603 0.000000
vn 0.050000 0.086603 0.000000
vn -0.000000 0.100000 -0.000000
vn -0.000000 0.100000 -0.000000
vn -0.050000 0.086603 -0.000000
vn -0.050000 0.086603 -0.000000
vn 0.000000 0.000000 0.100000
vn 0.000000 0.000000 0.100000
vn 0.000000 0.000000 0.100000
vn 0.000000 0.000000 0.100000
vn 0.000000 0.000000 0.100000
vn 0.000000 0.000000 0.100000
vn 0.000000 0.000000 0.100000
vn 0.000000 0.000000 0.100000
vn 0.000000 0.000000 0.100000
vn 0.000000 0.000000 0.100000
vn 0.000000 0.000000 0.100000
vn 0.000000 0.000000 0.100000
vn 0.000000 0.000000 0.100000
vn 0.000000 0.000000 0.100000
vn 0.000000 0.000000 0.100000
vn 0.000000 0.000000 0.100000
vn 0.000000 0.000000 0.100000
vn 0.000000 0.000000 0.100000
vn 0.000000 0.000000 0.100000
vn 0.000000 0.000000 0.100000
vn 0.000000 0.000000 0.100000
vn 0.000000 0.000000 0.100000
vn 0.000000 0.000000 0.100000
vn 0.000000 0.000000 0.100000
vn -0.086603 0.050000 -0.000000
vn -0.086603 0.050000 -0.000000
vn -0.100000 0.000000 -0.000000
vn -0.100000 0.000000 -0.000000
vn -0.086603 -0.050000 0.000000
vn -0.086603 -0.050000 0.000000
vn -0.050000 -0.086603 0.000000
vn -0.050000 -0.086603 0.000000
vn 0.000000 -0.100000 0.000000
vn 0.000000 -0.100000 0.000000
vn 0.050000 -0.086603 0.000000
vn 0.050000 -0.086603 0.000000
vn 0.086603 -0.050000 0.000000
vn 0.086603 -0.050000 0.000000
vn 0.100000 -0.000000 0.000000
vn 0.100000 -0.000000 0.000000
vn 0.086603 0.050000 0.000000
vn 0.086603 0.050000 0.000000
vn 0.050000 0.086603 0.000000
vn 0.050000 0.086603 0.000000
vn -0.000000 0.100000 -0.000000
vn -0.000000 0.100000 -0.000000
vn -0.050000 0.086603 -0.000000
vn -0.050000 0.086603 -0.000000
vn 0.000000 0.000000 0.100000
vn 0.000000 0.000000 0.100000
vn 0.000000 0.000000 0.100000
vn 0.000000 0.000000 0.100000
vn 0.000000 0.000000 0.100000
vn 0.000000 0.000000 0.100000
vn 0.000000 0.000000 0.100000
vn 0.000000 0.000000 0.100000
vn 0.000000 0.000000 0.100000
vn 0.000000 0.000000 0.100000
vn 0.000000 0.000000 0.100000
vn 0.000000 0.000000 0.100000
vn 0.000000 0.000000 0.100000
vn 0.000000 0.000000 0.100000
vn 0.000000 0.000000 0.100000
vn 0.000000 0.000000 0.100000
vn 0.000000 0.000000 0.100000
vn 0.000000 0.000000 0.100000
vn 0.000000 0.000000 0.100000
vn 0.000000 0.000000 0.100000
vn 0.000000 0.000000 0.100000
vn 0.000000 0.000000 0.100000
vn 0.000000 0.000000 0.100000
vn 0.000000 0.000000 0.100000
vn -0.091822 -0.039608 -0.000000
vn -0.095372 -0.030071 -0.000000
vn -0.097934 -0.020222 -0.000000
vn -0.097934 0.020222 0.000000
vn -0.095372 0.030071 0.000000
vn -0.091822 0.039608 0.000000
vn 0.086603 0.050000 0.000000
vn 0.086603 0.050000 0.000000
vn 0.050000 0.086603 0.000000
vn 0.050000 0.086603 0.000000
vn 0.050000 -0.086603 -0.000000
vn 0.050000 -0.086603 -0.000000
vn 0.086603 -0.050000 -0.000000
vn 0.086603 -0.050000 -0.000000
vn 0.000000 0.000000 0.100000
vn 0.000000 0.000000 0.100000
vn 0.000000 0.000000 0.100000
vn 0.000000 0.000000 0.100000
vn 0.000000 0.000000 0.100000
vn 0.000000 0.000000 0.100000
vn 0.000000 0.000000 0.100000
vn 0.000000 0.000000 0.100000
vn 0.000000 0.000000 0.100000
vn 0.000000 0.000000 0.100000
vn 0.000000 0.000000 0.100000
vn 0.000000 0.000000 0.100000
vn 0.000000 0.000000 0.100000
vn 0.000000 0.000000 0.100000
vn 0.000000 0.000000 0.100000
vn 0.000000 0.000000 0.100000
vn 0.000000 0.000000 0.100000
vn 0.000000 0.000000 0.100000
vn 0.000000 0.000000 0.100000
vn 0.000000 0.000000 0.100000
vn 0.000000 0.000000 0.100000
vn 0.000000 0.000000 0.100000
vn 0.000000 0.000000 0.100000
vn 0.000000 0.000000 0.100000
vn 0.000000 0.000000 0.100000
vn 0.000000 0.000000 0.100000
vn 0.000000 0.000000 0.100000
vn 0.000000 0.000000 0.100000
vn 0.000000 0.000000 0.100000
vn 0.000000 0.000000 0.100000
vn 0.000000 0.000000 0.100000
vn 0.000000 0.000000 0.100000
vn 0.000000 0.000000 0.100000
vn 0.000000 0.000000 0.100000
vn 0.000000 0.000000 0.100000
vn 0.000000 0.000000 0.100000
vn 0.000000 0.000000 0.100000
vn 0.000000 0.000000 0.100000
vn 0.000000 0.000000 0.100000
vn 0.000000 0.000000 0.100000
vn 0.000000 0.000000 0.100000
vn 0.000000 0.000000 0.100000
vn 0.000000 0.000000 0.100000
vn 0.000000 0.000000 0.100000
vn 0.000000 0.000000 0.100000
vn 0.000000 0.000000 0.100000
vn 0.000000 0.000000 0.100000
vn 0.000000 0.000000 0.100000
vn 0.000000 0.000000 0.100000
vn 0.000000 0.000000 0.100000
vn 0.075000 0.043301 -0.050000
vn 0.086603 0.000000 -0.050000
vn 0.075000 -0.043301 -0.050000
vn 0.043301 -0.075000 -0.050000
vn 0.000000 -0.086603 -0.050000
vn -0.043301 -0.075000 -0.050000
vn -0.075000 -0.043301 -0.050000
vn -0.086603 -0.000000 -0.050000
vn -0.075000 0.043301 -0.050000
vn -0.043301 0.075000 -0.050000
vn 0.000000 0.086603 -0.050000
vn 0.043395 0.074946 -0.050000
vn 0.000342 0.000017 -0.099999
vn 0.043301 0.025000 -0.086603
vn 0.025108 0.043239 -0.086603
vn 0.050000 0.000000 -0.086603
vn 0.027214 -0.019056 -0.094320
vn 0.043301 -0.025000 -0.086603
vn 0.025000 -0.043301 -0.086603
vn 0.000101 -0.000327 -0.099999
vn 0.000000 -0.050000 -0.086603
vn -0.025000 -0.043301 -0.086603
vn -0.043301 -0.025000 -0.086603
vn -0.050000 -0.000000 -0.086603
vn -0.043301 0.025000 -0.086603
vn -0.025000 0.043301 -0.086603
vn 0.000000 0.050000 -0.086603
vn -0.094640 0.032301 0.000000
vn -0.094640 0.032301 0.000000
vn -0.073653 0.067641 0.000000
vn -0.073653 0.067641 0.000000
vn -0.040224 0.091553 0.000000
vn -0.040224 0.091553 0.000000
vn -0.094640 -0.032301 0.000000
vn -0.094640 -0.032301 0.000000
vn -0.073653 -0.067641 0.000000
vn -0.073653 -0.067641 0.000000
vn -0.040224 -0.091553 0.000000
vn -0.040224 -0.091553 0.000000
vn -0.068648 -0.072715 -0.000000
vn -0.040954 -0.091229 -0.000000
vn -0.008716 0.099619 0.000000
vn -0.040954 0.091229 0.000000
vn -0.068648 0.072715 0.000000
vn 0.091177 0.041071 0.000000
vn 0.091177 0.041071 0.000000
vn 0.099507 -0.009922 0.000000
vn 0.091177 0.041071 0.000000
vn 0.099507 -0.009922 0.000000
vn 0.091177 0.041071 0.000000
vn 0.091177 0.041071 0.000000
vn 0.058506 0.081099 0.000000
vn 0.058506 0.081099 0.000000
vn 0.058506 0.081099 0.000000
vn 0.058506 0.081099 0.000000
vn 0.058506 0.081099 0.000000
vn 0.096047 -0.027839 0.000000
vn 0.096047 -0.027839 0.000000
vn 0.096047 -0.027839 0.000000
vn 0.096047 -0.027839 0.000000
vn 0.078713 -0.061679 0.000000
vn 0.078713 -0.061679 0.000000
vn 0.078713 -0.061679 0.000000
vn 0.078713 -0.061679 0.000000
vn 0.096047 -0.027839 0.000000
vn 0.096047 -0.027839 0.000000
vn 0.078713 -0.061679 0.000000
vn 0.078713 -0.061679 0.000000
vn 0.078713 -0.061679 0.000000
vn 0.096047 -0.027839 0.000000
vn 0.091532 0.009072 -0.039238
vn 0.097043 -0.018181 -0.015877
vn 0.096047 -0.027839 -0.000000
vn 0.088173 -0.045792 -0.011344
vn 0.078713 -0.061679 -0.000000
vn 0.071680 -0.069487 -0.005794
vn 0.050000 -0.086603 -0.000000
vn 0.069468 -0.070378 -0.014870
vn 0.050000 -0.086603 -0.000000
vn 0.065212 -0.072229 -0.023029
vn 0.060801 -0.074174 -0.028309
vn 0.074405 -0.049532 -0.044840
vn 0.065120 -0.052295 -0.054996
vn 0.075567 -0.021526 -0.061857
vn 0.061551 -0.024054 -0.075053
vn 0.069994 0.007293 -0.071046
vn 0.037377 0.003813 -0.092674
vn 0.041251 -0.027667 -0.086792
vn 0.025000 -0.043301 -0.086603
vn 0.051369 -0.056342 -0.064706
vn 0.043301 -0.075000 -0.050000
vn 0.054238 -0.077050 -0.033489
vn 0.050000 -0.086603 -0.000000
vn 0.089423 -0.019334 -0.040370
vn 0.083367 -0.047004 -0.028994
vn 0.000000 -0.000000 -0.100000
vn 0.025000 -0.043301 -0.086603
vn 0.025000 -0.043301 -0.086603
vn 0.043301 -0.075000 -0.050000
vn 0.043301 -0.075000 -0.050000
vn 0.043301 -0.025000 -0.086603
vn 0.050000 0.000000 -0.086603
vn 0.043301 0.025000 -0.086603
vn 0.025000 0.043301 -0.086603
vn -0.000000 0.050000 -0.086603
vn -0.025000 0.043301 -0.086603
vn -0.000000 0.086603 -0.050000
vn -0.043301 0.075000 -0.050000
vn 0.075000 -0.043301 -0.050000
vn 0.086603 0.000000 -0.050000
vn 0.075000 0.043301 -0.050000
vn 0.043301 0.075000 -0.050000
vn 0.000033 -0.000057 -0.100000
vn -0.025000 0.043301 -0.086603
vn -0.043301 0.075000 -0.050000
vn -0.000741 0.099997 0.000000
vn -0.007101 0.098796 -0.013747
vn -0.009604 0.097586 -0.019614
vn -0.050000 0.086603 0.000000
vn -0.022440 0.091482 -0.033579
vn -0.049963 0.086624 -0.000125
vn -0.036811 0.084915 -0.037874
vn -0.050000 0.086603 -0.000000
vn -0.043301 0.075000 -0.050000
vn -0.026842 0.078029 -0.056488
vn -0.015196 0.066921 -0.072737
vn -0.004729 0.086494 -0.049965
vn 0.013962 0.075756 -0.063766
vn 0.014900 0.094491 -0.029144
vn 0.039431 0.084151 -0.036931
vn 0.018710 0.096088 -0.020422
vn 0.044331 0.085831 -0.025844
vn 0.048711 0.087334 0.000000
vn 0.066057 0.069175 -0.029177
vn 0.085470 0.051913 0.000000
vn 0.082381 0.047914 -0.030292
vn 0.099956 0.002964 -0.000000
vn 0.091882 0.002700 -0.039376
vn 0.076855 0.046822 -0.043600
vn 0.069618 0.002017 -0.071758
vn 0.046749 0.041412 -0.078100
vn 0.037403 0.000819 -0.092738
vn 0.009469 0.035525 -0.092996
vn 0.000041 -0.000004 -0.100000
vn -0.025000 0.043301 -0.086603
vn -0.002800 0.052376 -0.085140
vn 0.031549 0.060249 -0.073312
vn 0.060585 0.067680 -0.041819
vn -0.050385 0.086379 0.000224
vn -0.099443 -0.010544 0.000000
vn -0.099443 -0.010544 0.000000
vn -0.099639 -0.008495 0.000000
vn -0.099934 -0.003630 0.000000
vn -0.100000 -0.000000 0.000000
vn -0.099946 0.003301 -0.000000
vn -0.099639 0.008495 -0.000000
vn -0.099477 0.010216 -0.000000
vn -0.099477 0.010216 -0.000000
vn -0.085717 0.025752 0.044604
vn -0.085717 0.025752 0.044604
vn -0.085717 0.000000 0.051504
vn -0.085717 0.051504 -0.000000
vn -0.085717 0.051504 -0.000000
vn -0.085717 0.044604 0.025752
vn -0.085717 0.025752 -0.044604
vn -0.085717 0.025752 -0.044604
vn -0.085717 0.044604 -0.025752
vn -0.085717 -0.025752 -0.044604
vn -0.085717 -0.025752 -0.044604
vn -0.085717 -0.000000 -0.051504
vn -0.085717 -0.051504 -0.000000
vn -0.085717 -0.051504 -0.000000
vn -0.085717 -0.044604 -0.025752
vn -0.085717 -0.025752 0.044604
vn -0.085717 -0.025752 0.044604
vn -0.085717 -0.044604 0.025752
vn -0.085717 -0.000000 0.051504
vn -0.085717 -0.044604 -0.025752
vn -0.085717 0.044604 -0.025752
vn -0.085717 -0.044604 0.025752
vn -0.085717 0.000000 -0.051504
vn -0.085717 0.044604 0.025752
vn 0.000000 -0.050000 0.086603
vn 0.000000 -0.050000 0.086603
vn 0.000000 -0.000000 0.100000
vn 0.000000 -0.000000 0.100000
vn 0.000000 0.050000 0.086603
vn 0.000000 0.050000 0.086603
vn 0.000000 0.086603 0.050000
vn 0.000000 0.086603 0.050000
vn 0.000000 0.100000 0.000000
vn 0.000000 0.100000 0.000000
vn 0.000000 0.086603 -0.050000
vn 0.000000 0.086603 -0.050000
vn 0.000000 0.050000 -0.086603
vn 0.000000 0.050000 -0.086603
vn 0.000000 0.000000 -0.100000
vn 0.000000 0.000000 -0.100000
vn 0.000000 -0.050000 -0.086603
vn 0.000000 -0.050000 -0.086603
vn 0.000000 -0.086603 -0.050000
vn 0.000000 -0.086603 -0.050000
vn 0.000000 -0.100000 0.000000
vn 0.000000 -0.100000 0.000000
vn 0.000000 -0.086603 0.050000
vn 0.000000 -0.086603 0.050000
vn -0.085717 0.025752 0.044604
vn -0.085717 0.025752 0.044604
vn -0.085717 0.000000 0.051504
vn -0.085717 0.051504 -0.000000
vn -0.085717 0.051504 -0.000000
vn -0.085717 0.044604 0.025752
vn -0.085717 0.025752 -0.044604
vn -0.085717 0.025752 -0.044604
vn -0.085717 0.044604 -0.025752
vn -0.085717 -0.025752 -0.044604
vn -0.085717 -0.025752 -0.044604
vn -0.085717 0.000000 -0.051504
vn -0.085717 -0.051504 -0.000000
vn -0.085717 -0.051504 -0.000000
vn -0.085717 -0.044604 -0.025752
vn -0.085717 -0.025752 0.044604
vn -0.085717 -0.025752 0.044604
vn -0.085717 -0.044604 0.025752
vn -0.085717 -0.000000 0.051504
vn -0.085717 -0.044604 -0.025752
vn -0.085717 0.044604 -0.025752
vn -0.085717 -0.044604 0.025752
vn -0.085717 0.000000 -0.051504
vn -0.085717 0.044604 0.025752
vn 0.000000 -0.050000 0.086603
vn 0.000000 -0.050000 0.086603
vn 0.000000 -0.000000 0.100000
vn 0.000000 -0.000000 0.100000
vn 0.000000 0.050000 0.086603
vn 0.000000 0.050000 0.086603
vn 0.000000 0.086603 0.050000
vn 0.000000 0.086603 0.050000
vn 0.000000 0.100000 0.000000
vn 0.000000 0.100000 0.000000
vn 0.000000 0.086603 -0.050000
vn 0.000000 0.086603 -0.050000
vn 0.000000 0.050000 -0.086603
vn 0.000000 0.050000 -0.086603
vn 0.000000 0.000000 -0.100000
vn 0.000000 0.000000 -0.100000
vn 0.000000 -0.050000 -0.086603
vn 0.000000 -0.050000 -0.086603
vn 0.000000 -0.086603 -0.050000
vn 0.000000 -0.086603 -0.050000
vn 0.000000 -0.100000 0.000000
vn 0.000000 -0.100000 0.000000
vn 0.000000 -0.086603 0.050000
vn 0.000000 -0.086603 0.050000
vn -0.085717 0.025752 0.044604
vn -0.085717 0.025752 0.044604
vn -0.085717 0.000000 0.051504
vn -0.085717 0.051504 -0.000000
vn -0.085717 0.051504 -0.000000
vn -0.085717 0.044604 0.025752
vn -0.085717 0.025752 -0.044604
vn -0.085717 0.025752 -0.044604
vn -0.085717 0.044604 -0.025752
vn -0.085717 -0.025752 -0.044604
vn -0.085717 -0.025752 -0.044604
vn -0.085717 0.000000 -0.051504
vn -0.085717 -0.051504 -0.000000
vn -0.085717 -0.051504 -0.000000
vn -0.085717 -0.044604 -0.025752
vn -0.085717 -0.025752 0.044604
vn -0.085717 -0.025752 0.044604
vn -0.085717 -0.044604 0.025752
vn -0.085717 -0.000000 0.051504
vn -0.085717 -0.044604 -0.025752
vn -0.085717 0.044604 -0.025752
vn -0.085717 -0.044604 0.025752
vn -0.085717 0.000000 -0.051504
vn -0.085717 0.044604 0.025752
vn 0.000000 -0.050000 0.086603
vn 0.000000 -0.050000 0.086603
vn 0.000000 -0.000000 0.100000
vn 0.000000 -0.000000 0.100000
vn 0.000000 0.050000 0.086603
vn 0.000000 0.050000 0.086603
vn 0.000000 0.086603 0.050000
vn 0.000000 0.086603 0.050000
vn 0.000000 0.100000 0.000000
vn 0.000000 0.100000 0.000000
vn 0.000000 0.086603 -0.050000
vn 0.000000 0.086603 -0.050000
vn 0.000000 0.050000 -0.086603
vn 0.000000 0.050000 -0.086603
vn 0.000000 0.000000 -0.100000
vn 0.000000 0.000000 -0.100000
vn 0.000000 -0.050000 -0.086603
vn 0.000000 -0.050000 -0.086603
vn 0.000000 -0.086603 -0.050000
vn 0.000000 -0.086603 -0.050000
vn 0.000000 -0.100000 0.000000
vn 0.000000 -0.100000 0.000000
vn 0.000000 -0.086603 0.050000
vn 0.000000 -0.086603 0.050000
usemtl Opaque(230,230,230)
f 1/1/1 2/2/2 12/3/3
f 12/3/3 2/2/2 11/4/4
f 11/4/4 2/2/2 4/5/5
f 11/4/4 4/5/5 9/6/6
f 9/6/6 4/5/5 8/7/7
f 8/7/7 4/5/5 7/8/8
f 7/8/8 4/5/5 6/9/9
f 6/9/9 4/5/5 5/10/10
f 2/2/2 3/11/11 4/5/5
f 9/6/6 10/12/12 11/4/4
f 24/13/13 13/14/14 21/15/15
f 21/15/15 13/14/14 14/16/16
f 21/15/15 14/16/16 15/17/17
f 15/17/17 16/18/18 21/15/15
f 21/15/15 16/18/18 20/19/19
f 20/19/19 16/18/18 1/20/20
f 20/19/19 1/20/20 12/21/21
f 12/21/21 17/22/22 20/19/19
f 20/19/19 17/22/22 19/23/23
f 19/23/23 17/22/22 18/24/24
f 21/15/15 22/25/25 24/13/13
f 24/13/13 22/25/25 23/26/26
f 26/27/27 27/28/28 25/29/29
f 25/29/29 27/28/28 28/30/30
f 28/30/30 27/28/28 13/31/31
f 13/31/31 27/28/28 14/32/32
f 29/33/33 30/34/34 36/35/35
f 36/35/35 30/34/34 31/36/36
f 36/35/35 31/36/36 32/37/37
f 33/38/38 34/39/39 32/37/37
f 32/37/37 34/39/39 35/40/40
f 32/37/37 35/40/40 36/35/35
f 37/41/41 38/42/42 48/43/43
f 48/43/43 38/42/42 47/44/44
f 47/44/44 38/42/42 45/45/45
f 47/44/44 45/45/45 46/46/46
f 45/45/45 38/42/42 44/47/47
f 44/47/47 38/42/42 39/48/48
f 44/47/47 39/48/48 43/49/49
f 43/49/49 39/48/48 40/50/50
f 43/49/49 40/50/50 41/51/51
f 25/52/52 28/53/53 39/48/48
f 39/48/48 28/53/53 40/50/50
f 41/51/51 42/54/54 43/49/49
f 49/55/55 50/56/56 57/57/57
f 57/57/57 50/56/56 52/58/58
f 57/57/57 52/58/58 53/59/59
f 50/56/56 51/60/60 52/58/58
f 57/57/57 53/59/59 56/61/61
f 56/61/61 53/59/59 54/62/62
f 56/61/61 54/62/62 55/63/63
f 112/64/64 58/65/65 111/66/66
f 111/66/66 58/65/65 59/67/67
f 111/66/66 59/67/67 88/68/68
f 88/68/68 59/67/67 77/69/69
f 88/68/68 77/69/69 87/70/70
f 87/70/70 77/69/69 80/71/71
f 87/70/70 80/71/71 81/72/72
f 59/67/67 60/73/73 77/69/69
f 77/69/69 60/73/73 76/74/74
f 76/74/74 60/73/73 61/75/75
f 76/74/74 61/75/75 62/76/76
f 63/77/77 66/78/78 62/76/76
f 62/76/76 66/78/78 75/79/79
f 62/76/76 75/79/79 76/74/74
f 63/77/77 64/80/80 66/78/78
f 66/78/78 64/80/80 65/81/81
f 75/79/79 66/78/78 74/82/82
f 74/82/82 66/78/78 67/83/83
f 74/82/82 67/83/83 73/84/84
f 73/84/84 67/83/83 72/85/85
f 72/85/85 67/83/83 71/86/86
f 71/86/86 67/83/83 70/87/87
f 70/87/87 67/83/83 69/88/88
f 69/88/88 67/83/83 68/89/89
f 77/69/69 78/90/90 80/71/71
f 80/71/71 78/90/90 79/91/91
f 87/70/70 81/72/72 86/92/92
f 86/92/92 81/72/72 82/93/93
f 86/92/92 82/93/93 85/94/94
f 85/94/94 82/93/93 84/95/95
f 84/95/95 82/93/93 83/96/96
f 111/66/66 88/68/68 110/97/97
f 110/97/97 88/68/68 89/98/98
f 110/97/97 89/98/98 97/99/99
f 97/99/99 89/98/98 90/100/100
f 97/99/99 90/100/100 96/101/101
f 96/101/101 90/100/100 95/102/102
f 95/102/102 90/100/100 91/103/103
f 95/102/102 91/103/103 94/104/104
f 94/104/104 91/103/103 92/105/105
f 94/104/104 92/105/105 93/106/106
f 97/99/99 98/107/107 110/97/97
f 110/97/97 98/107/107 109/108/108
f 109/108/108 98/107/107 108/109/109
f 108/109/109 98/107/107 99/110/110
f 108/109/109 99/110/110 100/111/111
f 108/109/109 100/111/111 107/112/112
f 107/112/112 100/111/111 101/113/113
f 107/112/112 101/113/113 102/114/114
f 102/114/114 103/115/115 107/112/112
f 107/112/112 103/115/115 104/116/116
f 107/112/112 104/116/116 105/117/117
f 105/117/117 106/118/118 107/112/112
f 113/119/119 122/120/120 42/121/121
f 42/121/121 122/120/120 121/122/122
f 42/121/121 121/122/122 43/123/123
f 43/123/123 121/122/122 44/124/124
f 44/124/124 121/122/122 45/125/125
f 122/120/120 113/119/119 124/126/126
f 124/126/126 113/119/119 114/127/127
f 124/126/126 114/127/127 117/128/128
f 117/128/128 114/127/127 116/129/129
f 116/129/129 114/127/127 115/130/130
f 124/126/126 117/128/128 125/131/131
f 125/131/131 117/128/128 118/132/132
f 125/131/131 118/132/132 111/133/66
f 111/133/66 118/132/132 112/134/133
f 111/133/66 110/135/97 125/131/131
f 125/131/131 110/135/97 123/136/134
f 125/131/131 123/136/134 124/126/126
f 124/126/126 123/136/134 122/120/120
f 109/137/135 119/138/136 110/135/97
f 110/135/97 119/138/136 123/136/134
f 119/138/136 120/139/137 123/136/134
f 123/136/134 120/139/137 122/120/120
f 120/139/137 121/122/122 122/120/120
f 126/140/138 37/141/139 130/142/140
f 130/142/140 37/141/139 127/143/141
f 130/142/140 127/143/141 129/144/142
f 129/144/142 127/143/141 128/145/143
f 129/144/142 128/145/143 107/146/112
f 107/146/112 128/145/143 108/147/109
f 67/148/83 66/149/78 135/150/144
f 135/150/144 66/149/78 131/151/145
f 135/150/144 131/151/145 134/152/146
f 134/152/146 131/151/145 132/153/147
f 134/152/146 132/153/147 49/154/148
f 49/154/148 133/155/149 134/152/146
f 141/156/150 136/157/151 143/158/152
f 143/158/152 136/157/151 137/159/153
f 143/158/152 137/159/153 142/160/154
f 142/160/154 137/159/153 138/161/155
f 142/160/154 138/161/155 144/162/156
f 144/162/156 138/161/155 139/163/157
f 144/162/156 139/163/157 82/164/93
f 82/164/93 81/165/72 144/162/156
f 144/162/156 81/165/72 145/166/158
f 144/162/156 145/166/158 142/160/154
f 142/160/154 145/166/158 143/158/152
f 81/165/72 140/167/159 145/166/158
f 145/166/158 140/167/159 143/158/152
f 140/167/159 141/156/150 143/158/152
f 109/168/160 108/169/109 150/170/161
f 150/170/161 108/169/109 128/171/162
f 150/170/161 128/171/162 149/172/163
f 149/172/163 128/171/162 127/173/164
f 149/172/163 127/173/164 157/174/165
f 157/174/165 127/173/164 37/175/166
f 157/174/165 37/175/166 48/176/167
f 157/174/165 48/176/167 158/177/168
f 158/177/168 48/176/167 47/178/169
f 158/177/168 47/178/169 159/179/170
f 159/179/170 47/178/169 160/180/171
f 159/179/170 160/180/171 156/181/172
f 156/181/172 160/180/171 146/182/173
f 156/181/172 146/182/173 147/183/174
f 47/178/169 46/184/175 160/180/171
f 160/180/171 46/184/175 146/182/173
f 147/183/174 148/185/176 156/181/172
f 156/181/172 148/185/176 153/186/177
f 156/181/172 153/186/177 155/187/178
f 155/187/178 153/186/177 152/188/179
f 155/187/178 152/188/179 154/189/180
f 154/189/180 152/188/179 151/190/181
f 154/189/180 151/190/181 149/172/163
f 149/172/163 151/190/181 150/170/161
f 148/185/176 109/168/160 153/186/177
f 153/186/177 109/168/160 152/188/179
f 152/188/179 109/168/160 151/190/181
f 151/190/181 109/168/160 150/170/161
f 149/172/163 157/174/165 154/189/180
f 154/189/180 157/174/165 158/177/168
f 154/189/180 158/177/168 155/187/178
f 155/187/178 158/177/168 159/179/170
f 155/187/178 159/179/170 156/181/172
f 109/191/182 148/192/183 119/193/184
f 119/193/184 148/192/183 147/194/185
f 119/193/184 147/194/185 120/195/186
f 120/195/186 147/194/185 146/196/187
f 120/195/186 146/196/187 121/197/188
f 121/197/188 146/196/187 46/198/189
f 121/197/188 46/198/189 45/199/190
f 131/200/191 66/201/78 164/202/192
f 164/202/192 66/201/78 65/203/81
f 164/202/192 65/203/81 161/204/193
f 164/202/192 161/204/193 165/205/194
f 165/205/194 161/204/193 162/206/195
f 165/205/194 162/206/195 163/207/196
f 165/205/194 163/207/196 166/208/197
f 166/208/197 163/207/196 50/209/198
f 166/208/197 50/209/198 49/210/199
f 49/210/199 132/211/200 166/208/197
f 166/208/197 132/211/200 165/205/194
f 132/211/200 131/200/191 165/205/194
f 165/205/194 131/200/191 164/202/192
f 82/212/93 139/213/157 171/214/201
f 171/214/201 139/213/157 172/215/202
f 171/214/201 172/215/202 170/216/203
f 170/216/203 172/215/202 169/217/204
f 139/213/157 138/218/155 172/215/202
f 172/215/202 138/218/155 173/219/205
f 172/215/202 173/219/205 169/220/204
f 138/218/155 137/221/153 173/219/205
f 173/219/205 137/221/153 167/222/206
f 173/219/205 167/222/206 168/223/207
f 168/223/207 169/224/204 173/219/205
f 93/225/106 174/226/208 94/227/104
f 94/227/104 174/226/208 175/228/209
f 94/227/104 175/228/209 179/229/210
f 179/229/210 175/228/209 171/230/201
f 179/229/210 171/230/201 178/231/211
f 178/231/211 171/230/201 170/232/203
f 178/231/211 170/232/203 177/233/212
f 177/233/212 170/232/203 169/234/204
f 171/230/201 175/228/209 82/235/93
f 82/235/93 175/228/209 176/236/213
f 82/235/93 176/236/213 83/237/96
f 94/238/104 179/239/210 95/240/102
f 95/240/102 179/239/210 186/241/214
f 95/240/102 186/241/214 96/242/101
f 96/242/101 186/241/214 184/243/215
f 96/242/101 184/243/215 97/244/99
f 179/239/210 178/245/211 186/241/214
f 186/241/214 178/245/211 185/246/216
f 186/241/214 185/246/216 184/243/215
f 184/243/215 185/246/216 183/247/217
f 183/247/217 185/246/216 181/248/218
f 183/247/217 181/248/218 182/249/219
f 177/250/212 180/251/220 178/245/211
f 178/245/211 180/251/220 185/246/216
f 180/251/220 181/248/218 185/246/216
f 98/252/107 97/253/99 190/254/221
f 190/254/221 97/253/99 184/255/215
f 190/254/221 184/255/215 191/256/222
f 191/256/222 184/255/215 183/257/217
f 191/256/222 183/257/217 182/258/219
f 182/258/219 187/259/223 191/256/222
f 191/256/222 187/259/223 188/260/224
f 191/256/222 188/260/224 190/254/221
f 190/254/221 188/260/224 189/261/225
f 190/254/221 189/261/225 98/252/107
f 98/262/107 189/263/225 99/264/110
f 99/264/110 189/263/225 198/265/226
f 99/264/110 198/265/226 100/266/111
f 100/266/111 198/265/226 196/267/227
f 100/266/111 196/267/227 101/268/113
f 189/263/225 188/269/224 198/265/226
f 198/265/226 188/269/224 197/270/228
f 198/265/226 197/270/228 196/267/227
f 196/267/227 197/270/228 195/271/229
f 195/271/229 197/270/228 193/272/230
f 195/271/229 193/272/230 194/273/231
f 187/274/223 192/275/232 188/269/224
f 188/269/224 192/275/232 197/270/228
f 192/275/232 193/272/230 197/270/228
f 126/276/138 130/277/233 203/278/234
f 203/278/234 130/277/233 205/279/235
f 203/278/234 205/279/235 202/280/236
f 202/280/236 205/279/235 207/281/237
f 202/280/236 207/281/237 201/282/238
f 201/282/238 207/281/237 209/283/239
f 201/282/238 209/283/239 200/284/240
f 200/284/240 209/283/239 211/285/241
f 200/284/240 211/285/241 199/286/242
f 199/286/242 211/285/241 195/287/229
f 199/286/242 195/287/229 194/288/231
f 130/277/233 129/289/243 205/279/235
f 205/279/235 129/289/243 204/290/244
f 205/279/235 204/290/244 207/281/237
f 207/281/237 204/290/244 206/291/245
f 207/281/237 206/291/245 209/283/239
f 209/283/239 206/291/245 208/292/246
f 209/283/239 208/292/246 211/285/241
f 211/285/241 208/292/246 210/293/247
f 211/285/241 210/293/247 195/287/229
f 195/287/229 210/293/247 196/294/227
f 196/294/227 210/293/247 102/295/114
f 196/294/227 102/295/114 101/296/113
f 107/297/248 106/298/118 129/289/243
f 129/289/243 106/298/118 204/290/244
f 106/298/118 105/299/117 204/290/244
f 204/290/244 105/299/117 206/291/245
f 105/299/117 104/300/116 206/291/245
f 206/291/245 104/300/116 208/292/246
f 104/300/116 103/301/115 208/292/246
f 208/292/246 103/301/115 210/293/247
f 103/301/115 102/295/114 210/293/247
f 67/302/83 135/303/144 68/304/89
f 68/304/89 135/303/144 221/305/249
f 68/304/89 221/305/249 69/306/88
f 69/306/88 221/305/249 223/307/250
f 69/306/88 223/307/250 70/308/87
f 70/308/87 223/307/250 225/309/251
f 70/308/87 225/309/251 71/310/86
f 71/310/86 225/309/251 227/311/252
f 71/310/86 227/311/252 72/312/85
f 72/312/85 227/311/252 219/313/253
f 72/312/85 219/313/253 73/314/84
f 135/303/144 134/315/146 221/305/249
f 221/305/249 134/315/146 220/316/254
f 221/305/249 220/316/254 223/307/250
f 223/307/250 220/316/254 222/317/255
f 223/307/250 222/317/255 225/309/251
f 225/309/251 222/317/255 224/318/256
f 225/309/251 224/318/256 227/311/252
f 227/311/252 224/318/256 226/319/257
f 227/311/252 226/319/257 219/313/253
f 219/313/253 226/319/257 218/320/258
f 218/320/258 226/319/257 216/321/259
f 218/320/258 216/321/259 217/322/260
f 133/323/149 212/324/261 134/315/146
f 134/315/146 212/324/261 220/316/254
f 212/324/261 213/325/262 220/316/254
f 220/316/254 213/325/262 222/317/255
f 213/325/262 214/326/263 222/317/255
f 222/317/255 214/326/263 224/318/256
f 214/326/263 215/327/264 224/318/256
f 224/318/256 215/327/264 226/319/257
f 215/327/264 216/321/259 226/319/257
f 73/328/84 219/329/253 74/330/82
f 74/330/82 219/329/253 234/331/265
f 74/330/82 234/331/265 75/332/79
f 75/332/79 234/331/265 232/333/266
f 75/332/79 232/333/266 76/334/74
f 219/329/253 218/335/258 234/331/265
f 234/331/265 218/335/258 233/336/267
f 234/331/265 233/336/267 232/333/266
f 232/333/266 233/336/267 231/337/268
f 231/337/268 233/336/267 229/338/269
f 231/337/268 229/338/269 230/339/270
f 217/340/260 228/341/271 218/335/258
f 218/335/258 228/341/271 233/336/267
f 228/341/271 229/338/269 233/336/267
f 77/342/69 76/343/74 238/344/272
f 238/344/272 76/343/74 232/345/266
f 238/344/272 232/345/266 239/346/273
f 239/346/273 232/345/266 231/347/268
f 239/346/273 231/347/268 230/348/270
f 230/348/270 235/349/274 239/346/273
f 239/346/273 235/349/274 236/350/275
f 239/346/273 236/350/275 238/344/272
f 238/344/272 236/350/275 237/351/276
f 238/344/272 237/351/276 77/342/69
f 77/352/69 237/353/276 78/354/90
f 78/354/90 237/353/276 246/355/277
f 78/354/90 246/355/277 79/356/91
f 79/356/91 246/355/277 244/357/278
f 79/356/91 244/357/278 80/358/71
f 237/353/276 236/359/275 246/355/277
f 246/355/277 236/359/275 245/360/279
f 246/355/277 245/360/279 244/357/278
f 244/357/278 245/360/279 243/361/280
f 243/361/280 245/360/279 241/362/281
f 243/361/280 241/362/281 242/363/282
f 235/364/274 240/365/283 236/359/275
f 236/359/275 240/365/283 245/360/279
f 240/365/283 241/362/281 245/360/279
f 242/366/282 247/367/284 243/368/280
f 243/368/280 247/367/284 248/369/285
f 243/368/280 248/369/285 244/370/278
f 244/370/278 248/369/285 249/371/286
f 244/370/278 249/371/286 80/372/71
f 80/372/71 249/371/286 81/373/72
f 251/374/287 136/375/151 252/376/288
f 252/376/288 136/375/151 141/377/150
f 252/376/288 141/377/150 253/378/289
f 253/378/289 141/377/150 140/379/159
f 253/378/289 140/379/159 249/380/286
f 249/380/286 140/379/159 81/381/72
f 249/380/286 248/382/285 253/378/289
f 253/378/289 248/382/285 247/383/284
f 247/384/284 250/385/290 252/376/288
f 252/376/288 250/385/290 251/374/287
f 253/378/289 247/386/284 252/376/288
f 254/387/291 255/388/292 265/389/293
f 265/389/293 255/388/292 256/390/294
f 265/389/293 256/390/294 264/391/295
f 264/391/295 256/390/294 257/392/296
f 264/391/295 257/392/296 263/393/297
f 263/393/297 257/392/296 258/394/298
f 263/393/297 258/394/298 262/395/299
f 262/395/299 258/394/298 259/396/300
f 262/395/299 259/396/300 261/397/301
f 261/397/301 259/396/300 260/398/302
f 261/397/301 260/398/302 5/399/10
f 5/399/10 260/398/302 6/400/9
f 54/401/303 266/402/304 55/403/305
f 55/403/305 266/402/304 267/404/306
f 55/403/305 267/404/306 268/405/307
f 268/405/307 269/406/308 55/403/305
f 55/403/305 269/406/308 254/407/291
f 55/403/305 254/407/291 270/408/309
f 269/406/308 255/409/292 254/407/291
f 272/410/310 294/411/311 271/412/312
f 271/412/312 294/411/311 283/413/313
f 271/412/312 283/413/313 282/414/314
f 282/414/314 283/413/313 284/415/315
f 282/414/314 284/415/315 281/416/316
f 281/416/316 284/415/315 285/417/317
f 281/416/316 285/417/317 280/418/318
f 280/418/318 285/417/317 286/419/319
f 280/418/318 286/419/319 279/420/320
f 279/420/320 286/419/319 287/421/321
f 279/420/320 287/421/321 278/422/322
f 278/422/322 287/421/321 288/423/323
f 278/422/322 288/423/323 277/424/324
f 277/424/324 288/423/323 289/425/325
f 277/424/324 289/425/325 276/426/326
f 276/426/326 289/425/325 290/427/327
f 276/426/326 290/427/327 275/428/328
f 275/428/328 290/427/327 291/429/329
f 275/428/328 291/429/329 274/430/330
f 274/430/330 291/429/329 292/431/331
f 274/432/330 292/433/331 273/434/332
f 273/434/332 292/433/331 293/435/333
f 273/434/332 293/435/333 272/410/310
f 272/410/310 293/435/333 294/411/311
f 19/436/334 115/437/130 20/438/335
f 20/438/335 115/437/130 114/439/127
f 20/438/335 114/439/127 113/440/119
f 42/441/121 22/442/336 113/440/119
f 113/440/119 22/442/336 21/443/337
f 113/440/119 21/443/337 20/438/335
f 295/444/338 298/445/339 270/446/340
f 270/446/340 298/445/339 299/447/341
f 270/446/340 299/447/341 300/448/342
f 298/445/339 295/444/338 297/449/343
f 297/449/343 295/444/338 296/450/344
f 297/449/343 296/450/344 3/451/345
f 3/451/345 296/450/344 4/452/346
f 301/453/347 56/454/348 300/448/342
f 300/448/342 56/454/348 55/455/349
f 300/448/342 55/455/349 270/446/340
f 56/454/348 301/453/347 57/456/350
f 57/456/350 301/453/347 302/457/351
f 57/456/350 302/457/351 49/458/352
f 49/458/352 302/457/351 303/459/353
f 305/460/354 344/461/355 304/462/356
f 304/462/356 344/461/355 345/463/357
f 304/462/356 345/463/357 331/464/358
f 331/464/358 345/463/357 346/465/359
f 331/464/358 346/465/359 330/466/360
f 330/466/360 346/465/359 347/467/361
f 330/466/360 347/467/361 348/468/362
f 344/461/355 305/460/354 343/469/363
f 343/469/363 305/460/354 306/470/364
f 343/469/363 306/470/364 307/471/365
f 307/471/365 308/472/366 343/469/363
f 343/469/363 308/472/366 342/473/367
f 342/473/367 308/472/366 341/474/368
f 341/474/368 308/472/366 309/475/369
f 341/474/368 309/475/369 340/476/370
f 340/476/370 309/475/369 339/477/371
f 339/477/371 309/475/369 338/478/372
f 338/478/372 309/475/369 310/479/373
f 338/478/372 310/479/373 337/480/374
f 337/480/374 310/479/373 336/481/375
f 336/481/375 310/479/373 311/482/376
f 336/481/375 311/482/376 335/483/377
f 335/483/377 311/482/376 312/484/378
f 335/483/377 312/484/378 334/485/379
f 334/485/379 312/484/378 313/486/380
f 334/485/379 313/486/380 353/487/381
f 353/487/381 313/486/380 314/488/382
f 353/487/381 314/488/382 352/489/383
f 352/489/383 314/488/382 315/490/384
f 352/489/383 315/490/384 351/491/385
f 351/491/385 315/490/384 316/492/386
f 351/491/385 316/492/386 350/493/387
f 350/493/387 316/492/386 317/494/388
f 350/493/387 317/494/388 349/495/389
f 349/495/389 317/494/388 328/496/390
f 349/495/389 328/496/390 329/497/391
f 317/494/388 318/498/392 328/496/390
f 328/496/390 318/498/392 327/499/393
f 327/499/393 318/498/392 319/500/394
f 327/499/393 319/500/394 326/501/395
f 326/501/395 319/500/394 322/502/396
f 326/501/395 322/502/396 323/503/397
f 320/504/398 321/505/399 319/500/394
f 319/500/394 321/505/399 322/502/396
f 323/503/397 324/506/400 326/501/395
f 326/501/395 324/506/400 325/507/401
f 349/495/389 329/497/391 348/468/362
f 348/468/362 329/497/391 330/466/360
f 331/464/358 332/508/402 304/462/356
f 304/462/356 332/508/402 333/509/403
f 26/510/404 25/511/405 360/512/406
f 360/512/406 25/511/405 39/513/407
f 360/512/406 39/513/407 359/514/408
f 359/514/408 39/513/407 358/515/409
f 358/515/409 39/513/407 357/516/410
f 357/516/410 39/513/407 38/517/411
f 357/516/410 38/517/411 356/518/412
f 356/518/412 38/517/411 355/519/413
f 355/519/413 38/517/411 37/520/414
f 355/519/413 37/520/414 354/521/415
f 362/522/416 29/523/417 361/524/418
f 361/524/418 29/523/417 36/525/419
f 361/524/418 36/525/419 492/526/420
f 492/526/420 36/525/419 499/527/421
f 492/526/420 499/527/421 500/528/422
f 362/522/416 363/529/423 29/523/417
f 29/523/417 363/529/423 364/530/424
f 29/523/417 364/530/424 365/531/425
f 36/525/419 35/532/426 499/527/421
f 499/527/421 35/532/426 498/533/427
f 498/533/427 35/532/426 371/534/428
f 498/533/427 371/534/428 497/535/429
f 497/535/429 371/534/428 372/536/430
f 497/535/429 372/536/430 373/537/431
f 371/534/428 35/532/426 370/538/432
f 370/538/432 35/532/426 34/539/433
f 370/538/432 34/539/433 369/540/434
f 369/540/434 34/539/433 368/541/435
f 368/541/435 34/539/433 367/542/436
f 367/542/436 34/539/433 366/543/437
f 373/537/431 374/544/438 497/535/429
f 497/535/429 374/544/438 375/545/439
f 497/535/429 375/545/439 376/546/440
f 497/535/429 376/546/440 496/547/441
f 496/547/441 376/546/440 377/548/442
f 496/547/441 377/548/442 378/549/443
f 379/550/444 400/551/445 378/549/443
f 378/549/443 400/551/445 401/552/446
f 378/549/443 401/552/446 496/547/441
f 496/547/441 401/552/446 495/553/447
f 495/553/447 401/552/446 402/554/448
f 495/553/447 402/554/448 403/555/449
f 380/556/450 519/557/451 379/550/444
f 379/550/444 519/557/451 399/558/452
f 379/550/444 399/558/452 400/551/445
f 381/559/453 529/560/454 380/556/450
f 380/556/450 529/560/454 530/561/455
f 380/556/450 530/561/455 519/557/451
f 529/560/454 381/559/453 528/562/456
f 528/562/456 381/559/453 382/563/457
f 528/562/456 382/563/457 383/564/458
f 383/564/458 384/565/459 528/562/456
f 528/562/456 384/565/459 527/566/460
f 527/566/460 384/565/459 385/567/461
f 527/566/460 385/567/461 356/568/462
f 356/568/462 385/567/461 386/569/463
f 356/568/462 386/569/463 387/570/464
f 387/570/464 357/571/465 356/568/462
f 527/566/460 356/568/462 526/572/466
f 526/572/466 356/568/462 355/573/467
f 526/572/466 355/573/467 525/574/468
f 525/574/468 355/573/467 354/575/469
f 525/574/468 354/575/469 524/576/470
f 524/576/470 354/575/469 391/577/471
f 524/576/470 391/577/471 523/578/472
f 523/578/472 391/577/471 392/579/473
f 523/578/472 392/579/473 522/580/474
f 522/580/474 392/579/473 393/581/475
f 522/580/474 393/581/475 521/582/476
f 521/582/476 393/581/475 394/583/477
f 521/582/476 394/583/477 520/584/478
f 520/584/478 394/583/477 395/585/479
f 520/584/478 395/585/479 519/557/451
f 519/557/451 395/585/479 396/586/480
f 519/557/451 396/586/480 399/558/452
f 399/558/452 396/586/480 398/587/481
f 398/587/481 396/586/480 397/588/482
f 388/589/483 389/590/484 354/575/469
f 354/575/469 389/590/484 390/591/485
f 354/575/469 390/591/485 391/577/471
f 404/592/486 412/593/487 403/555/449
f 403/555/449 412/593/487 413/594/488
f 403/555/449 413/594/488 495/553/447
f 495/553/447 413/594/488 494/595/489
f 494/595/489 413/594/488 414/596/490
f 494/595/489 414/596/490 415/597/491
f 412/593/487 404/592/486 411/598/492
f 411/598/492 404/592/486 405/599/493
f 411/598/492 405/599/493 410/600/494
f 410/600/494 405/599/493 406/601/495
f 410/600/494 406/601/495 409/602/496
f 409/602/496 406/601/495 407/603/497
f 409/602/496 407/603/497 408/604/498
f 416/605/499 425/606/500 415/597/491
f 415/597/491 425/606/500 426/607/501
f 415/597/491 426/607/501 515/608/502
f 515/608/502 426/607/501 514/609/503
f 514/609/503 426/607/501 427/610/504
f 514/609/503 427/610/504 513/611/505
f 513/611/505 427/610/504 431/612/506
f 513/611/505 431/612/506 512/613/507
f 512/613/507 431/612/506 511/614/508
f 511/614/508 431/612/506 432/615/509
f 511/614/508 432/615/509 510/616/510
f 510/616/510 432/615/509 436/617/511
f 510/616/510 436/617/511 509/618/512
f 509/618/512 436/617/511 437/619/513
f 509/618/512 437/619/513 508/620/514
f 508/620/514 437/619/513 448/621/515
f 508/620/514 448/621/515 507/622/516
f 507/622/516 448/621/515 504/623/517
f 507/622/516 504/623/517 506/624/518
f 506/624/518 504/623/517 505/625/519
f 425/606/500 416/605/499 424/626/520
f 424/626/520 416/605/499 417/627/521
f 424/626/520 417/627/521 418/628/522
f 424/626/520 418/628/522 423/629/523
f 423/629/523 418/628/522 419/630/524
f 423/629/523 419/630/524 420/631/525
f 421/632/526 422/633/527 420/631/525
f 420/631/525 422/633/527 423/629/523
f 427/610/504 428/634/528 431/612/506
f 431/612/506 428/634/528 429/635/529
f 431/612/506 429/635/529 430/636/530
f 433/637/531 434/638/532 432/615/509
f 432/615/509 434/638/532 435/639/533
f 432/615/509 435/639/533 436/617/511
f 437/619/513 438/640/534 448/621/515
f 448/621/515 438/640/534 447/641/535
f 447/641/535 438/640/534 439/642/536
f 447/641/535 439/642/536 446/643/537
f 446/643/537 439/642/536 445/644/538
f 445/644/538 439/642/536 440/645/539
f 445/644/538 440/645/539 444/646/540
f 444/646/540 440/645/539 443/647/541
f 443/647/541 440/645/539 441/648/542
f 443/647/541 441/648/542 442/649/543
f 504/623/517 448/621/515 503/650/544
f 503/650/544 448/621/515 449/651/545
f 503/650/544 449/651/545 450/652/546
f 451/653/547 460/654/548 450/652/546
f 450/652/546 460/654/548 502/655/549
f 450/652/546 502/655/549 503/650/544
f 460/654/548 451/653/547 459/656/550
f 459/656/550 451/653/547 452/657/551
f 459/656/550 452/657/551 458/658/552
f 458/658/552 452/657/551 453/659/553
f 458/658/552 453/659/553 457/660/554
f 457/660/554 453/659/553 454/661/555
f 457/660/554 454/661/555 456/662/556
f 456/662/556 454/661/555 455/663/557
f 460/654/548 461/664/558 502/655/549
f 502/655/549 461/664/558 462/665/559
f 502/655/549 462/665/559 501/666/560
f 501/666/560 462/665/559 482/667/561
f 501/666/560 482/667/561 483/668/562
f 462/665/559 463/669/563 482/667/561
f 482/667/561 463/669/563 481/670/564
f 481/670/564 463/669/563 464/671/565
f 481/670/564 464/671/565 531/672/566
f 531/672/566 464/671/565 467/673/567
f 531/672/566 467/673/567 468/674/568
f 464/671/565 465/675/569 467/673/567
f 467/673/567 465/675/569 466/676/570
f 531/672/566 468/674/568 542/677/571
f 542/677/571 468/674/568 469/678/572
f 542/677/571 469/678/572 541/679/573
f 541/679/573 469/678/572 470/680/574
f 541/679/573 470/680/574 540/681/575
f 540/681/575 470/680/574 471/682/576
f 540/681/575 471/682/576 539/683/577
f 539/683/577 471/682/576 472/684/578
f 539/683/577 472/684/578 538/685/579
f 538/685/579 472/684/578 303/686/580
f 538/685/579 303/686/580 537/687/581
f 537/687/581 303/686/580 302/688/582
f 537/687/581 302/688/582 536/689/583
f 536/689/583 302/688/582 301/690/584
f 536/689/583 301/690/584 535/691/585
f 535/691/585 301/690/584 478/692/586
f 535/691/585 478/692/586 479/693/587
f 472/684/578 473/694/588 303/686/580
f 303/686/580 473/694/588 474/695/589
f 303/686/580 474/695/589 475/696/590
f 300/697/591 476/698/592 301/690/584
f 301/690/584 476/698/592 477/699/593
f 301/690/584 477/699/593 478/692/586
f 480/700/594 533/701/595 479/693/587
f 479/693/587 533/701/595 534/702/596
f 479/693/587 534/702/596 535/691/585
f 481/670/564 531/672/566 480/700/594
f 480/700/594 531/672/566 532/703/597
f 480/700/594 532/703/597 533/701/595
f 483/668/562 484/704/598 501/666/560
f 501/666/560 484/704/598 485/705/599
f 501/666/560 485/705/599 486/706/600
f 486/706/600 487/707/601 501/666/560
f 501/666/560 487/707/601 500/528/422
f 500/528/422 487/707/601 488/708/602
f 500/528/422 488/708/602 489/709/603
f 489/709/603 490/710/604 500/528/422
f 500/528/422 490/710/604 491/711/605
f 500/528/422 491/711/605 492/526/420
f 494/595/489 415/597/491 493/712/606
f 493/712/606 415/597/491 516/713/607
f 493/712/606 516/713/607 517/714/608
f 515/608/502 516/713/607 415/597/491
f 517/714/608 518/715/609 493/712/606
f 512/716/610 511/717/611 544/718/612
f 544/718/612 511/717/611 543/719/613
f 545/720/614 546/721/615 507/722/616
f 507/722/616 546/721/615 508/723/617
f 547/724/618 548/725/619 242/726/282
f 242/726/282 548/725/619 247/727/284
f 136/728/151 564/729/620 137/730/153
f 137/730/153 564/729/620 562/731/621
f 137/730/153 562/731/621 551/732/622
f 549/733/623 572/734/624 136/728/151
f 136/728/151 572/734/624 573/735/625
f 136/728/151 573/735/625 574/736/626
f 550/737/627 581/738/628 549/733/623
f 549/733/623 581/738/628 582/739/629
f 549/733/623 582/739/629 583/740/630
f 137/730/153 554/741/631 550/737/627
f 550/737/627 554/741/631 555/742/632
f 550/737/627 555/742/632 556/743/633
f 551/732/622 552/744/634 137/730/153
f 137/730/153 552/744/634 553/745/635
f 137/730/153 553/745/635 554/741/631
f 556/743/633 557/746/636 550/737/627
f 550/737/627 557/746/636 579/747/637
f 550/737/627 579/747/637 580/748/638
f 579/747/637 557/746/636 578/749/639
f 578/749/639 557/746/636 558/750/640
f 578/749/639 558/750/640 577/751/641
f 577/751/641 558/750/640 559/752/642
f 577/751/641 559/752/642 576/753/643
f 576/753/643 559/752/642 560/754/644
f 576/753/643 560/754/644 575/755/645
f 575/755/645 560/754/644 561/756/646
f 575/755/645 561/756/646 562/731/621
f 574/736/626 563/757/647 136/728/151
f 136/728/151 563/757/647 564/729/620
f 562/731/621 564/729/620 575/755/645
f 575/755/645 564/729/620 565/758/648
f 575/755/645 565/758/648 566/759/649
f 575/755/645 566/759/649 586/760/650
f 586/760/650 566/759/649 567/761/651
f 586/760/650 567/761/651 585/762/652
f 585/762/652 567/761/651 568/763/653
f 585/762/652 568/763/653 584/764/654
f 584/764/654 568/763/653 569/765/655
f 584/764/654 569/765/655 583/740/630
f 583/740/630 569/765/655 549/733/623
f 569/765/655 570/766/656 549/733/623
f 549/733/623 570/766/656 571/767/657
f 549/733/623 571/767/657 572/734/624
f 580/748/638 581/738/628 550/737/627
f 177/768/212 169/769/204 588/770/658
f 588/770/658 169/769/204 587/771/659
f 319/772/660 318/773/661 407/774/662
f 407/774/662 318/773/661 187/775/223
f 407/774/662 187/775/223 408/776/663
f 408/776/663 187/775/223 182/777/219
f 408/776/663 182/777/219 589/778/664
f 589/778/664 590/779/665 408/776/663
f 309/780/666 126/781/138 310/782/667
f 310/782/667 126/781/138 203/783/234
f 310/782/667 203/783/234 202/784/236
f 310/782/667 202/784/236 311/785/668
f 311/785/668 202/784/236 201/786/238
f 311/785/668 201/786/238 312/787/669
f 312/787/669 201/786/238 200/788/240
f 312/787/669 200/788/240 313/789/670
f 313/789/670 200/788/240 199/790/242
f 313/789/670 199/790/242 314/791/671
f 314/791/671 199/790/242 315/792/672
f 315/792/672 199/790/242 194/793/231
f 308/794/673 388/795/674 309/796/666
f 309/796/666 388/795/674 126/797/138
f 126/797/138 388/795/674 37/798/139
f 37/798/139 388/795/674 354/799/675
f 303/800/676 475/801/677 49/802/148
f 49/802/148 475/801/677 133/803/149
f 133/803/149 475/801/677 592/804/678
f 592/804/678 475/801/677 591/805/679
f 133/806/149 592/807/678 212/808/261
f 212/808/261 592/807/678 593/809/680
f 212/808/261 593/809/680 594/810/681
f 212/808/261 594/810/681 213/811/262
f 213/811/262 594/810/681 595/812/682
f 213/811/262 595/812/682 214/813/263
f 214/813/263 595/812/682 596/814/683
f 214/813/263 596/814/683 215/815/264
f 215/815/264 596/814/683 597/816/684
f 215/815/264 597/816/684 216/817/259
f 216/817/259 597/816/684 217/818/260
f 217/818/260 597/816/684 598/819/685
f 600/820/686 616/821/687 599/822/688
f 599/822/688 616/821/687 617/823/689
f 599/824/688 617/825/689 610/826/690
f 610/826/690 617/825/689 618/827/691
f 610/826/690 618/827/691 609/828/692
f 609/828/692 618/827/691 619/829/693
f 609/828/692 619/829/693 608/830/694
f 608/830/694 619/829/693 620/831/695
f 608/830/694 620/831/695 607/832/696
f 607/832/696 620/831/695 621/833/697
f 607/832/696 621/833/697 606/834/698
f 606/834/698 621/833/697 622/835/699
f 606/834/698 622/835/699 605/836/700
f 605/836/700 622/835/699 611/837/701
f 605/836/700 611/837/701 604/838/702
f 604/838/702 611/837/701 612/839/703
f 604/838/702 612/839/703 603/840/704
f 603/840/704 612/839/703 613/841/705
f 603/840/704 613/841/705 602/842/706
f 602/842/706 613/841/705 614/843/707
f 602/842/706 614/843/707 601/844/708
f 601/844/708 614/843/707 615/845/709
f 601/844/708 615/845/709 600/820/686
f 600/820/686 615/845/709 616/821/687
f 515/846/710 623/847/711 516/848/712
f 516/848/712 623/847/711 624/849/713
f 628/850/714 235/851/274 455/852/715
f 455/852/715 235/851/274 230/853/270
f 455/852/715 230/853/270 456/854/716
f 456/854/716 230/853/270 625/855/717
f 456/854/716 625/855/717 626/856/718
f 455/852/715 627/857/719 628/850/714
f 630/858/720 646/859/721 629/860/722
f 629/860/722 646/859/721 647/861/723
f 629/862/722 647/863/723 640/864/724
f 640/864/724 647/863/723 648/865/725
f 640/864/724 648/865/725 639/866/726
f 639/866/726 648/865/725 649/867/727
f 639/866/726 649/867/727 638/868/728
f 638/868/728 649/867/727 650/869/729
f 638/868/728 650/869/729 637/870/730
f 637/870/730 650/869/729 651/871/731
f 637/870/730 651/871/731 636/872/732
f 636/872/732 651/871/731 652/873/733
f 636/872/732 652/873/733 635/874/734
f 635/874/734 652/873/733 641/875/735
f 635/874/734 641/875/735 634/876/736
f 634/876/736 641/875/735 642/877/737
f 634/876/736 642/877/737 633/878/738
f 633/878/738 642/877/737 643/879/739
f 633/878/738 643/879/739 632/880/740
f 632/880/740 643/879/739 644/881/741
f 632/880/740 644/881/741 631/882/742
f 631/882/742 644/881/741 645/883/743
f 631/882/742 645/883/743 630/858/720
f 630/858/720 645/883/743 646/859/721
f 493/884/744 653/885/745 494/886/746
f 494/886/746 653/885/745 654/887/747
f 494/886/746 654/887/747 495/888/748
f 495/888/748 654/887/747 655/889/749
f 495/888/748 655/889/749 496/890/750
f 496/890/750 655/889/749 656/891/751
f 496/890/750 656/891/751 497/892/752
f 497/892/752 656/891/751 657/893/753
f 497/892/752 657/893/753 498/894/754
f 498/894/754 657/893/753 658/895/755
f 498/894/754 658/895/755 499/896/756
f 499/896/756 658/895/755 659/897/757
f 499/896/756 659/897/757 500/898/758
f 500/898/758 659/897/757 660/899/759
f 500/898/758 660/899/759 501/900/760
f 501/900/760 660/899/759 661/901/761
f 501/900/760 661/901/761 502/902/762
f 502/902/762 661/901/761 662/903/763
f 502/902/762 662/903/763 503/904/764
f 503/904/764 662/903/763 663/905/765
f 503/904/764 663/905/765 504/906/766
f 504/906/766 663/905/765 664/907/767
f 504/908/766 664/909/767 505/910/768
f 505/910/768 664/909/767 665/911/769
f 505/910/768 665/911/769 666/912/770
f 545/913/614 507/914/616 666/912/770
f 666/912/770 507/914/616 506/915/771
f 666/912/770 506/915/771 505/910/768
f 516/916/712 624/917/713 517/918/772
f 517/918/772 624/917/713 667/919/773
f 517/918/772 667/919/773 668/920/774
f 653/921/745 493/922/744 668/920/774
f 668/920/774 493/922/744 518/923/775
f 668/920/774 518/923/775 517/918/772
f 235/924/274 628/925/714 240/926/283
f 240/926/283 628/925/714 669/927/776
f 240/926/283 669/927/776 670/928/777
f 547/929/618 242/930/282 670/928/777
f 670/928/777 242/930/282 241/931/281
f 670/928/777 241/931/281 240/926/283
f 177/932/212 588/933/658 180/934/220
f 180/934/220 588/933/658 671/935/778
f 180/934/220 671/935/778 672/936/779
f 589/937/664 182/938/219 672/936/779
f 672/936/779 182/938/219 181/939/218
f 672/936/779 181/939/218 180/934/220
f 392/940/780 391/941/781 304/942/782
f 304/942/782 391/941/781 305/943/783
f 331/944/784 330/945/785 395/946/786
f 395/946/786 330/945/785 396/947/787
f 327/948/788 326/949/789 399/950/790
f 399/950/790 326/949/789 400/951/791
f 404/952/792 403/953/793 322/954/794
f 322/954/794 403/953/793 323/955/795
f 591/956/796 698/957/797 592/958/798
f 592/958/798 698/957/797 699/959/799
f 592/958/798 699/959/799 700/960/800
f 698/957/797 591/956/796 697/961/801
f 697/961/801 591/956/796 673/962/802
f 697/961/801 673/962/802 674/963/803
f 674/963/803 675/964/804 697/961/801
f 697/961/801 675/964/804 696/965/805
f 696/965/805 675/964/804 676/966/806
f 696/965/805 676/966/806 679/967/807
f 679/967/807 676/966/806 678/968/808
f 678/968/808 676/966/806 677/969/809
f 696/965/805 679/967/807 695/970/810
f 695/970/810 679/967/807 680/971/811
f 695/970/810 680/971/811 694/972/812
f 694/972/812 680/971/811 681/973/813
f 694/972/812 681/973/813 682/974/814
f 683/975/815 625/976/816 682/974/814
f 682/974/814 625/976/816 691/977/817
f 682/974/814 691/977/817 693/978/818
f 693/978/818 691/977/817 692/979/819
f 693/978/818 692/979/819 704/980/820
f 704/980/820 692/979/819 598/981/821
f 704/980/820 598/981/821 703/982/822
f 703/982/822 598/981/821 597/983/823
f 703/982/822 597/983/823 596/984/824
f 625/976/816 683/975/815 626/985/825
f 626/985/825 683/975/815 684/986/826
f 626/985/825 684/986/826 688/987/827
f 688/987/827 684/986/826 687/988/828
f 687/988/828 684/986/826 686/989/829
f 686/989/829 684/986/826 685/990/830
f 688/987/827 689/991/831 626/985/825
f 626/985/825 689/991/831 690/992/832
f 703/982/822 596/984/824 702/993/833
f 702/993/833 596/984/824 595/994/834
f 702/993/833 595/994/834 701/995/835
f 701/995/835 595/994/834 594/996/836
f 701/995/835 594/996/836 593/997/837
f 701/995/835 593/997/837 700/960/800
f 700/960/800 593/997/837 592/958/798
f 693/978/818 694/972/812 682/974/814
f 460/998/838 459/999/839 687/1000/840
f 687/1000/840 459/999/839 688/1001/841
f 464/1002/842 463/1003/843 683/1004/844
f 683/1004/844 463/1003/843 684/1005/845
f 468/1006/846 467/1007/847 679/1008/848
f 679/1008/848 467/1007/847 680/1009/849
f 676/1010/850 675/1011/851 471/1012/852
f 471/1012/852 675/1011/851 472/1013/853
f 396/1014/787 330/1015/785 397/1016/854
f 397/1016/854 330/1015/785 329/1017/855
f 397/1016/854 329/1017/855 398/1018/856
f 398/1018/856 329/1017/855 328/1019/857
f 398/1018/856 328/1019/857 399/1020/790
f 399/1020/790 328/1019/857 327/1021/788
f 464/1022/842 683/1023/844 465/1024/858
f 465/1024/858 683/1023/844 682/1025/859
f 465/1024/858 682/1025/859 466/1026/860
f 466/1026/860 682/1025/859 681/1027/861
f 466/1026/860 681/1027/861 467/1028/847
f 467/1028/847 681/1027/861 680/1029/849
f 468/1030/846 679/1031/848 469/1032/862
f 469/1032/862 679/1031/848 678/1033/863
f 469/1032/862 678/1033/863 470/1034/864
f 470/1034/864 678/1033/863 677/1035/865
f 470/1034/864 677/1035/865 471/1036/852
f 471/1036/852 677/1035/865 676/1037/850
f 392/1038/780 304/1039/782 393/1040/866
f 393/1040/866 304/1039/782 333/1041/867
f 393/1040/866 333/1041/867 394/1042/868
f 394/1042/868 333/1041/867 332/1043/869
f 394/1042/868 332/1043/869 395/1044/786
f 395/1044/786 332/1043/869 331/1045/784
f 705/1046/870 706/1047/871 384/1048/872
f 384/1048/872 706/1047/871 385/1049/873
f 381/1050/874 380/1051/875 708/1052/876
f 708/1052/876 380/1051/875 707/1053/877
f 709/1054/878 710/1055/879 376/1056/880
f 376/1056/880 710/1055/879 377/1057/881
f 709/1058/882 376/1059/883 713/1060/884
f 713/1060/884 376/1059/883 375/1061/885
f 713/1060/884 375/1061/885 712/1062/886
f 712/1062/886 375/1061/885 374/1063/887
f 712/1062/886 374/1063/887 711/1064/888
f 711/1064/888 374/1063/887 373/1065/889
f 369/1066/890 714/1067/891 370/1068/892
f 370/1068/892 714/1067/891 715/1069/893
f 714/1070/894 767/1071/895 715/1072/896
f 715/1072/896 767/1071/895 768/1073/897
f 715/1072/896 768/1073/897 751/1074/898
f 751/1074/898 768/1073/897 769/1075/899
f 751/1074/898 769/1075/899 750/1076/900
f 750/1076/900 769/1075/899 711/1077/901
f 711/1077/901 769/1075/899 770/1078/902
f 711/1077/901 770/1078/902 712/1079/903
f 712/1079/903 770/1078/902 713/1080/904
f 713/1080/904 770/1078/902 707/1081/905
f 713/1080/904 707/1081/905 709/1082/906
f 709/1082/906 707/1081/905 748/1083/907
f 709/1082/906 748/1083/907 749/1084/908
f 767/1071/895 714/1070/894 766/1085/909
f 766/1085/909 714/1070/894 716/1086/910
f 766/1085/909 716/1086/910 765/1087/911
f 765/1087/911 716/1086/910 717/1088/912
f 765/1087/911 717/1088/912 764/1089/913
f 764/1089/913 717/1088/912 26/1090/914
f 764/1089/913 26/1090/914 360/1091/915
f 717/1088/912 718/1092/916 26/1090/914
f 26/1090/914 718/1092/916 743/1093/917
f 26/1090/914 743/1093/917 27/1094/918
f 718/1092/916 33/1095/919 743/1093/917
f 743/1093/917 33/1095/919 32/1096/920
f 743/1093/917 32/1096/920 742/1097/921
f 742/1097/921 32/1096/920 31/1098/922
f 742/1097/921 31/1098/922 741/1099/923
f 741/1099/923 31/1098/922 30/1100/924
f 741/1099/923 30/1100/924 719/1101/925
f 720/1102/926 757/1103/927 719/1101/925
f 719/1101/925 757/1103/927 3/1104/928
f 719/1101/925 3/1104/928 741/1099/923
f 741/1099/923 3/1104/928 2/1105/929
f 720/1102/926 721/1106/930 757/1103/927
f 757/1103/927 721/1106/930 756/1107/931
f 756/1107/931 721/1106/930 722/1108/932
f 756/1107/931 722/1108/932 755/1109/933
f 755/1109/933 722/1108/932 723/1110/934
f 755/1109/933 723/1110/934 754/1111/935
f 754/1111/935 723/1110/934 724/1112/936
f 754/1111/935 724/1112/936 725/1113/937
f 754/1111/935 725/1113/937 753/1114/938
f 753/1114/938 725/1113/937 726/1115/939
f 753/1114/938 726/1115/939 752/1116/940
f 752/1116/940 726/1115/939 727/1117/941
f 752/1116/940 727/1117/941 728/1118/942
f 752/1116/940 728/1118/942 736/1119/943
f 736/1119/943 728/1118/942 729/1120/944
f 736/1119/943 729/1120/944 735/1121/945
f 735/1121/945 729/1120/944 730/1122/946
f 735/1121/945 730/1122/946 732/1123/947
f 732/1123/947 730/1122/946 731/1124/948
f 733/1125/949 734/1126/950 732/1123/947
f 732/1123/947 734/1126/950 735/1121/945
f 752/1116/940 736/1119/943 763/1127/951
f 763/1127/951 736/1119/943 737/1128/952
f 763/1127/951 737/1128/952 762/1129/953
f 762/1129/953 737/1128/952 761/1130/954
f 761/1130/954 737/1128/952 760/1131/955
f 760/1131/955 737/1128/952 759/1132/956
f 759/1132/956 737/1128/952 738/1133/957
f 759/1132/956 738/1133/957 758/1134/958
f 758/1134/958 738/1133/957 297/1135/959
f 758/1134/958 297/1135/959 3/1104/928
f 297/1135/959 738/1133/957 298/1136/960
f 298/1136/960 738/1133/957 739/1137/961
f 298/1136/960 739/1137/961 299/1138/962
f 299/1138/962 739/1137/961 740/1139/963
f 764/1089/913 360/1091/915 706/1140/964
f 706/1140/964 360/1091/915 359/1141/965
f 706/1140/964 359/1141/965 745/1142/966
f 745/1142/966 359/1141/965 358/1143/967
f 745/1142/966 358/1143/967 744/1144/968
f 706/1140/964 705/1145/969 764/1089/913
f 764/1089/913 705/1145/969 775/1146/970
f 775/1146/970 705/1145/969 774/1147/971
f 774/1147/971 705/1145/969 746/1148/972
f 774/1147/971 746/1148/972 773/1149/973
f 773/1149/973 746/1148/972 747/1150/974
f 773/1149/973 747/1150/974 772/1151/975
f 772/1151/975 747/1150/974 708/1152/976
f 772/1151/975 708/1152/976 771/1153/977
f 771/1153/977 708/1152/976 770/1078/902
f 770/1078/902 708/1152/976 707/1081/905
f 749/1084/908 710/1154/978 709/1082/906
f 757/1103/927 758/1134/958 3/1104/928
f 777/1155/979 432/1156/980 776/1157/981
f 776/1157/981 432/1156/980 431/1158/982
f 778/1159/983 779/1160/984 427/1161/985
f 427/1161/985 779/1160/984 428/1162/986
f 424/1163/987 780/1164/988 425/1165/989
f 425/1165/989 780/1164/988 781/1166/990
f 425/1165/989 781/1166/990 426/1167/991
f 426/1167/991 781/1166/990 782/1168/992
f 426/1167/991 782/1168/992 427/1169/985
f 427/1169/985 782/1168/992 778/1170/983
f 424/1171/987 423/1172/993 780/1173/988
f 780/1173/988 423/1172/993 783/1174/994
f 416/1175/995 784/1176/996 417/1177/997
f 417/1177/997 784/1176/996 785/1178/998
f 417/1177/997 785/1178/998 418/1179/999
f 418/1179/999 785/1178/998 786/1180/1000
f 418/1179/999 786/1180/1000 419/1181/1001
f 419/1181/1001 786/1180/1000 787/1182/1002
f 416/1183/995 415/1184/1003 784/1185/996
f 784/1185/996 415/1184/1003 788/1186/1004
f 412/1187/1005 411/1188/1006 790/1189/1007
f 790/1189/1007 411/1188/1006 789/1190/1008
f 452/1191/1009 451/1192/1010 792/1193/1011
f 792/1193/1011 451/1192/1010 791/1194/1012
f 793/1195/1013 794/1196/1014 447/1197/1015
f 447/1197/1015 794/1196/1014 448/1198/1016
f 793/1199/1013 447/1200/1015 797/1201/1017
f 797/1201/1017 447/1200/1015 446/1202/1018
f 797/1201/1017 446/1202/1018 796/1203/1019
f 796/1203/1019 446/1202/1018 445/1204/1020
f 796/1203/1019 445/1204/1020 795/1205/1021
f 795/1205/1021 445/1204/1020 444/1206/1022
f 798/1207/1023 799/1208/1024 439/1209/1025
f 439/1209/1025 799/1208/1024 440/1210/1026
f 436/1211/1027 435/1212/1028 801/1213/1029
f 801/1213/1029 435/1212/1028 800/1214/1030
f 436/1215/1027 801/1216/1029 437/1217/1031
f 437/1217/1031 801/1216/1029 802/1218/1032
f 437/1217/1031 802/1218/1032 438/1219/1033
f 438/1219/1033 802/1218/1032 803/1220/1034
f 438/1219/1033 803/1220/1034 439/1221/1025
f 439/1221/1025 803/1220/1034 798/1222/1023
f 549/1223/1035 846/1224/1036 550/1225/1037
f 550/1225/1037 846/1224/1036 836/1226/1038
f 550/1225/1037 836/1226/1038 837/1227/1039
f 804/1228/1040 805/1229/1041 549/1223/1035
f 549/1223/1035 805/1229/1041 548/1230/1042
f 549/1223/1035 548/1230/1042 845/1231/1043
f 845/1231/1043 548/1230/1042 844/1232/1044
f 844/1232/1044 548/1230/1042 547/1233/1045
f 844/1232/1044 547/1233/1045 843/1234/1046
f 843/1234/1046 547/1233/1045 842/1235/1047
f 842/1235/1047 547/1233/1045 841/1236/1048
f 841/1236/1048 547/1233/1045 840/1237/1049
f 840/1237/1049 547/1233/1045 670/1238/1050
f 840/1237/1049 670/1238/1050 839/1239/1051
f 839/1239/1051 670/1238/1050 812/1240/1052
f 839/1239/1051 812/1240/1052 838/1241/1053
f 838/1241/1053 812/1240/1052 799/1242/1054
f 838/1241/1053 799/1242/1054 814/1243/1055
f 814/1243/1055 799/1242/1054 813/1244/1056
f 813/1244/1056 799/1242/1054 800/1245/1057
f 800/1245/1057 799/1242/1054 798/1246/1058
f 800/1245/1057 798/1246/1058 801/1247/1059
f 801/1247/1059 798/1246/1058 803/1248/1060
f 801/1247/1059 803/1248/1060 802/1249/1061
f 669/1250/1062 810/1251/1063 670/1238/1050
f 670/1238/1050 810/1251/1063 811/1252/1064
f 670/1238/1050 811/1252/1064 812/1240/1052
f 628/1253/1065 797/1254/1066 669/1250/1062
f 669/1250/1062 797/1254/1066 796/1255/1067
f 669/1250/1062 796/1255/1067 795/1256/1068
f 797/1254/1066 628/1253/1065 793/1257/1069
f 793/1257/1069 628/1253/1065 627/1258/1070
f 793/1257/1069 627/1258/1070 794/1259/1071
f 794/1259/1071 627/1258/1070 806/1260/1072
f 794/1259/1071 806/1260/1072 809/1261/1073
f 809/1261/1073 806/1260/1072 807/1262/1074
f 809/1261/1073 807/1262/1074 792/1263/1075
f 791/1264/1076 808/1265/1077 792/1263/1075
f 792/1263/1075 808/1265/1077 809/1261/1073
f 795/1256/1068 810/1251/1063 669/1250/1062
f 814/1243/1055 777/1266/1078 838/1241/1053
f 838/1241/1053 777/1266/1078 849/1267/1079
f 849/1267/1079 777/1266/1078 848/1268/1080
f 848/1268/1080 777/1266/1078 847/1269/1081
f 847/1269/1081 777/1266/1078 835/1270/1082
f 847/1269/1081 835/1270/1082 846/1224/1036
f 846/1224/1036 835/1270/1082 836/1226/1038
f 777/1266/1078 776/1271/1083 835/1270/1082
f 835/1270/1082 776/1271/1083 834/1272/1084
f 834/1272/1084 776/1271/1083 833/1273/1085
f 833/1273/1085 776/1271/1083 832/1274/1086
f 832/1274/1086 776/1271/1083 815/1275/1087
f 832/1274/1086 815/1275/1087 783/1276/1088
f 783/1276/1088 815/1275/1087 816/1277/1089
f 783/1276/1088 816/1277/1089 779/1278/1090
f 783/1276/1088 779/1278/1090 780/1279/1091
f 780/1279/1091 779/1278/1090 778/1280/1092
f 780/1279/1091 778/1280/1092 781/1281/1093
f 781/1281/1093 778/1280/1092 782/1282/1094
f 783/1276/1088 817/1283/1095 832/1274/1086
f 832/1274/1086 817/1283/1095 831/1284/1096
f 831/1284/1096 817/1283/1095 671/1285/1097
f 831/1284/1096 671/1285/1097 830/1286/1098
f 830/1286/1098 671/1285/1097 588/1287/1099
f 830/1286/1098 588/1287/1099 829/1288/1100
f 829/1288/1100 588/1287/1099 828/1289/1101
f 828/1289/1101 588/1287/1099 827/1290/1102
f 827/1290/1102 588/1287/1099 587/1291/1103
f 827/1290/1102 587/1291/1103 826/1292/1104
f 826/1292/1104 587/1291/1103 837/1227/1039
f 837/1227/1039 587/1291/1103 550/1225/1037
f 817/1283/1095 818/1293/1105 671/1285/1097
f 671/1285/1097 818/1293/1105 819/1294/1106
f 671/1285/1097 819/1294/1106 672/1295/1107
f 672/1295/1107 819/1294/1106 787/1296/1108
f 672/1295/1107 787/1296/1108 786/1297/1109
f 786/1297/1109 785/1298/1110 672/1295/1107
f 672/1295/1107 785/1298/1110 589/1299/1111
f 589/1299/1111 785/1298/1110 784/1300/1112
f 589/1299/1111 784/1300/1112 590/1301/1113
f 590/1301/1113 784/1300/1112 788/1302/1114
f 590/1301/1113 788/1302/1114 823/1303/1115
f 823/1303/1115 788/1302/1114 820/1304/1116
f 823/1303/1115 820/1304/1116 822/1305/1117
f 822/1305/1117 820/1304/1116 789/1306/1118
f 789/1306/1118 820/1304/1116 821/1307/1119
f 789/1306/1118 821/1307/1119 790/1308/1120
f 587/1291/1103 824/1309/1121 550/1225/1037
f 550/1225/1037 824/1309/1121 825/1310/1122
f 845/1231/1043 846/1224/1036 549/1223/1035
f 737/1311/1123 736/1312/1124 479/1313/1125
f 479/1313/1125 736/1312/1124 480/1314/1126
f 479/1315/1127 478/1316/1128 737/1317/1129
f 737/1317/1129 478/1316/1128 738/1318/1130
f 722/1319/1131 362/1320/1132 723/1321/1133
f 723/1321/1133 362/1320/1132 361/1322/1134
f 726/1323/1135 490/1324/1136 727/1325/1137
f 727/1325/1137 490/1324/1136 489/1326/1138
f 727/1325/1137 489/1326/1138 728/1327/1139
f 728/1327/1139 489/1326/1138 488/1328/1140
f 728/1327/1139 488/1328/1140 729/1329/1141
f 729/1329/1141 488/1328/1140 487/1330/1142
f 484/1331/1143 483/1332/1144 732/1333/1145
f 732/1333/1145 483/1332/1144 733/1334/1146
f 448/1335/1016 794/1336/1014 850/1337/1147
f 850/1337/1147 794/1336/1014 809/1338/1148
f 850/1337/1147 809/1338/1148 851/1339/1149
f 851/1339/1149 809/1338/1148 808/1340/1150
f 851/1339/1149 808/1340/1150 791/1341/1012
f 791/1341/1012 451/1342/1010 851/1339/1149
f 851/1339/1149 451/1342/1010 450/1343/1151
f 851/1339/1149 450/1343/1151 850/1337/1147
f 850/1337/1147 450/1343/1151 449/1344/1152
f 850/1337/1147 449/1344/1152 448/1335/1016
f 452/1345/1009 792/1346/1011 852/1347/1153
f 852/1347/1153 792/1346/1011 807/1348/1154
f 852/1347/1153 807/1348/1154 853/1349/1155
f 853/1349/1155 807/1348/1154 806/1350/1156
f 853/1349/1155 806/1350/1156 627/1351/1157
f 627/1351/1157 455/1352/1158 853/1349/1155
f 853/1349/1155 455/1352/1158 454/1353/1159
f 853/1349/1155 454/1353/1159 852/1347/1153
f 852/1347/1153 454/1353/1159 453/1354/1160
f 852/1347/1153 453/1354/1160 452/1345/1009
f 456/1355/716 626/1356/718 457/1357/1161
f 457/1357/1161 626/1356/718 690/1358/1162
f 457/1357/1161 690/1358/1162 458/1359/1163
f 458/1359/1163 690/1358/1162 689/1360/1164
f 458/1359/1163 689/1360/1164 459/1361/839
f 459/1361/839 689/1360/1164 688/1362/841
f 460/1363/838 687/1364/840 461/1365/1165
f 461/1365/1165 687/1364/840 686/1366/1166
f 461/1365/1165 686/1366/1166 462/1367/1167
f 462/1367/1167 686/1366/1166 685/1368/1168
f 462/1367/1167 685/1368/1168 463/1369/843
f 463/1369/843 685/1368/1168 684/1370/845
f 400/1371/791 326/1372/789 401/1373/1169
f 401/1373/1169 326/1372/789 325/1374/1170
f 401/1373/1169 325/1374/1170 402/1375/1171
f 402/1375/1171 325/1374/1170 324/1376/1172
f 402/1375/1171 324/1376/1172 403/1377/793
f 403/1377/793 324/1376/1172 323/1378/795
f 404/1379/792 322/1380/794 405/1381/1173
f 405/1381/1173 322/1380/794 321/1382/1174
f 405/1381/1173 321/1382/1174 406/1383/1175
f 406/1383/1175 321/1382/1174 320/1384/1176
f 406/1383/1175 320/1384/1176 407/1385/662
f 407/1385/662 320/1384/1176 319/1386/660
f 408/1387/1177 590/1388/1178 854/1389/1179
f 854/1389/1179 590/1388/1178 823/1390/1180
f 854/1389/1179 823/1390/1180 855/1391/1181
f 855/1391/1181 823/1390/1180 822/1392/1182
f 855/1391/1181 822/1392/1182 789/1393/1008
f 789/1393/1008 411/1394/1006 855/1391/1181
f 855/1391/1181 411/1394/1006 410/1395/1183
f 855/1391/1181 410/1395/1183 854/1389/1179
f 854/1389/1179 410/1395/1183 409/1396/1184
f 854/1389/1179 409/1396/1184 408/1387/1177
f 412/1397/1005 790/1398/1007 856/1399/1185
f 856/1399/1185 790/1398/1007 821/1400/1186
f 856/1399/1185 821/1400/1186 857/1401/1187
f 857/1401/1187 821/1400/1186 820/1402/1188
f 857/1401/1187 820/1402/1188 788/1403/1004
f 788/1403/1004 415/1404/1003 857/1401/1187
f 857/1401/1187 415/1404/1003 414/1405/1189
f 857/1401/1187 414/1405/1189 856/1399/1185
f 856/1399/1185 414/1405/1189 413/1406/1190
f 856/1399/1185 413/1406/1190 412/1397/1005
f 440/1407/1026 799/1408/1024 441/1409/1191
f 441/1409/1191 799/1408/1024 812/1410/1192
f 441/1409/1191 812/1410/1192 442/1411/1193
f 442/1411/1193 812/1410/1192 811/1412/1194
f 442/1411/1193 811/1412/1194 443/1413/1195
f 443/1413/1195 811/1412/1194 810/1414/1196
f 443/1413/1195 810/1414/1196 444/1415/1022
f 444/1415/1022 810/1414/1196 795/1416/1021
f 419/1417/1001 787/1418/1002 420/1419/1197
f 420/1419/1197 787/1418/1002 819/1420/1198
f 420/1419/1197 819/1420/1198 421/1421/1199
f 421/1421/1199 819/1420/1198 818/1422/1200
f 421/1421/1199 818/1422/1200 422/1423/1201
f 422/1423/1201 818/1422/1200 817/1424/1202
f 422/1423/1201 817/1424/1202 423/1425/993
f 423/1425/993 817/1424/1202 783/1426/994
f 432/1427/980 777/1428/979 433/1429/1203
f 433/1429/1203 777/1428/979 814/1430/1204
f 433/1429/1203 814/1430/1204 813/1431/1205
f 800/1432/1030 435/1433/1028 813/1431/1205
f 813/1431/1205 435/1433/1028 434/1434/1206
f 813/1431/1205 434/1434/1206 433/1429/1203
f 428/1435/986 779/1436/984 429/1437/1207
f 429/1437/1207 779/1436/984 816/1438/1208
f 429/1437/1207 816/1438/1208 815/1439/1209
f 776/1440/981 431/1441/982 815/1439/1209
f 815/1439/1209 431/1441/982 430/1442/1210
f 815/1439/1209 430/1442/1210 429/1437/1207
f 859/1443/1211 870/1444/1212 858/1445/1213
f 861/1446/1214 870/1447/1215 860/1448/1216
f 863/1449/1217 870/1450/1218 862/1451/1219
f 865/1452/1220 870/1453/1221 864/1454/1222
f 867/1455/1223 870/1456/1224 866/1457/1225
f 869/1458/1226 870/1459/1227 868/1460/1228
f 858/1461/1213 870/1462/1229 869/1458/1226
f 866/1457/1225 870/1463/1230 865/1452/1220
f 862/1451/1219 870/1464/1231 861/1446/1214
f 868/1460/1228 870/1465/1232 867/1455/1223
f 864/1454/1222 870/1466/1233 863/1449/1217
f 860/1448/1216 870/1467/1234 859/1443/1211
f 869/1468/1235 839/1469/1236 858/1470/1237
f 858/1470/1237 839/1469/1236 838/1471/1238
f 858/1470/1237 838/1471/1238 859/1472/1239
f 859/1472/1239 838/1471/1238 849/1473/1240
f 859/1472/1239 849/1473/1240 860/1474/1241
f 860/1474/1241 849/1473/1240 848/1475/1242
f 860/1474/1241 848/1475/1242 861/1476/1243
f 861/1476/1243 848/1475/1242 847/1477/1244
f 861/1476/1243 847/1477/1244 862/1478/1245
f 862/1478/1245 847/1477/1244 846/1479/1246
f 862/1478/1245 846/1479/1246 863/1480/1247
f 863/1480/1247 846/1479/1246 845/1481/1248
f 863/1480/1247 845/1481/1248 864/1482/1249
f 864/1482/1249 845/1481/1248 844/1483/1250
f 864/1484/1249 844/1485/1250 865/1486/1251
f 865/1486/1251 844/1485/1250 843/1487/1252
f 865/1486/1251 843/1487/1252 866/1488/1253
f 866/1488/1253 843/1487/1252 842/1489/1254
f 866/1488/1253 842/1489/1254 867/1490/1255
f 867/1490/1255 842/1489/1254 841/1491/1256
f 867/1490/1255 841/1491/1256 868/1492/1257
f 868/1492/1257 841/1491/1256 840/1493/1258
f 868/1492/1257 840/1493/1258 869/1468/1235
f 869/1468/1235 840/1493/1258 839/1469/1236
f 872/1494/1259 883/1495/1260 871/1496/1261
f 874/1497/1262 883/1498/1263 873/1499/1264
f 876/1500/1265 883/1501/1266 875/1502/1267
f 878/1503/1268 883/1504/1269 877/1505/1270
f 880/1506/1271 883/1507/1272 879/1508/1273
f 882/1509/1274 883/1510/1275 881/1511/1276
f 871/1512/1261 883/1513/1277 882/1509/1274
f 879/1508/1273 883/1514/1278 878/1503/1268
f 875/1502/1267 883/1515/1279 874/1497/1262
f 881/1511/1276 883/1516/1280 880/1506/1271
f 877/1505/1270 883/1517/1281 876/1500/1265
f 873/1499/1264 883/1518/1282 872/1494/1259
f 882/1519/1283 765/1520/1284 871/1521/1285
f 871/1521/1285 765/1520/1284 764/1522/1286
f 871/1521/1285 764/1522/1286 872/1523/1287
f 872/1523/1287 764/1522/1286 775/1524/1288
f 872/1523/1287 775/1524/1288 873/1525/1289
f 873/1525/1289 775/1524/1288 774/1526/1290
f 873/1525/1289 774/1526/1290 874/1527/1291
f 874/1527/1291 774/1526/1290 773/1528/1292
f 874/1527/1291 773/1528/1292 875/1529/1293
f 875/1529/1293 773/1528/1292 772/1530/1294
f 875/1529/1293 772/1530/1294 876/1531/1295
f 876/1531/1295 772/1530/1294 771/1532/1296
f 876/1531/1295 771/1532/1296 877/1533/1297
f 877/1533/1297 771/1532/1296 770/1534/1298
f 877/1535/1297 770/1536/1298 878/1537/1299
f 878/1537/1299 770/1536/1298 769/1538/1300
f 878/1537/1299 769/1538/1300 879/1539/1301
f 879/1539/1301 769/1538/1300 768/1540/1302
f 879/1539/1301 768/1540/1302 880/1541/1303
f 880/1541/1303 768/1540/1302 767/1542/1304
f 880/1541/1303 767/1542/1304 881/1543/1305
f 881/1543/1305 767/1542/1304 766/1544/1306
f 881/1543/1305 766/1544/1306 882/1519/1283
f 882/1519/1283 766/1544/1306 765/1520/1284
f 296/1545/1307 892/1546/1308 4/1547/1309
f 4/1547/1309 892/1546/1308 893/1548/1310
f 4/1547/1309 893/1548/1310 5/1549/1311
f 5/1549/1311 893/1548/1310 894/1550/1312
f 5/1549/1311 894/1550/1312 895/1551/1313
f 892/1546/1308 296/1545/1307 891/1552/1314
f 891/1552/1314 296/1545/1307 295/1553/1315
f 891/1552/1314 295/1553/1315 890/1554/1316
f 890/1554/1316 295/1553/1315 270/1555/1317
f 890/1554/1316 270/1555/1317 889/1556/1318
f 889/1556/1318 270/1555/1317 254/1557/1319
f 889/1556/1318 254/1557/1319 888/1558/1320
f 888/1558/1320 254/1557/1319 265/1559/1321
f 888/1558/1320 265/1559/1321 887/1560/1322
f 887/1560/1322 265/1559/1321 886/1561/1323
f 886/1561/1323 265/1559/1321 264/1562/1324
f 886/1561/1323 264/1562/1324 885/1563/1325
f 885/1563/1325 264/1562/1324 263/1564/1326
f 885/1563/1325 263/1564/1326 884/1565/1327
f 884/1565/1327 263/1564/1326 262/1566/1328
f 884/1565/1327 262/1566/1328 261/1567/1329
f 884/1565/1327 261/1567/1329 895/1551/1313
f 895/1551/1313 261/1567/1329 5/1549/1311
f 763/1568/1330 885/1569/1331 752/1570/1332
f 752/1570/1332 885/1569/1331 884/1571/1333
f 752/1570/1332 884/1571/1333 753/1572/1334
f 753/1572/1334 884/1571/1333 895/1573/1335
f 753/1572/1334 895/1573/1335 754/1574/1336
f 754/1574/1336 895/1573/1335 894/1575/1337
f 754/1574/1336 894/1575/1337 755/1576/1338
f 755/1576/1338 894/1575/1337 893/1577/1339
f 755/1576/1338 893/1577/1339 756/1578/1340
f 756/1578/1340 893/1577/1339 892/1579/1341
f 756/1578/1340 892/1579/1341 757/1580/1342
f 757/1580/1342 892/1579/1341 891/1581/1343
f 757/1580/1342 891/1581/1343 758/1582/1344
f 758/1582/1344 891/1581/1343 890/1583/1345
f 758/1584/1344 890/1585/1345 759/1586/1346
f 759/1586/1346 890/1585/1345 889/1587/1347
f 759/1586/1346 889/1587/1347 760/1588/1348
f 760/1588/1348 889/1587/1347 888/1589/1349
f 760/1588/1348 888/1589/1349 761/1590/1350
f 761/1590/1350 888/1589/1349 887/1591/1351
f 761/1590/1350 887/1591/1351 762/1592/1352
f 762/1592/1352 887/1591/1351 886/1593/1353
f 762/1592/1352 886/1593/1353 763/1568/1330
f 763/1568/1330 886/1593/1353 885/1569/1331
f 837/1594/1354 907/1595/1355 826/1596/1356
f 826/1596/1356 907/1595/1355 896/1597/1357
f 826/1596/1356 896/1597/1357 827/1598/1358
f 827/1598/1358 896/1597/1357 897/1599/1359
f 827/1598/1358 897/1599/1359 828/1600/1360
f 828/1600/1360 897/1599/1359 898/1601/1361
f 828/1600/1360 898/1601/1361 829/1602/1362
f 829/1602/1362 898/1601/1361 899/1603/1363
f 829/1602/1362 899/1603/1363 830/1604/1364
f 830/1604/1364 899/1603/1363 900/1605/1365
f 830/1604/1364 900/1605/1365 831/1606/1366
f 831/1606/1366 900/1605/1365 901/1607/1367
f 831/1606/1366 901/1607/1367 832/1608/1368
f 832/1608/1368 901/1607/1367 902/1609/1369
f 832/1610/1368 902/1611/1369 833/1612/1370
f 833/1612/1370 902/1611/1369 903/1613/1371
f 833/1612/1370 903/1613/1371 834/1614/1372
f 834/1614/1372 903/1613/1371 904/1615/1373
f 834/1614/1372 904/1615/1373 835/1616/1374
f 835/1616/1374 904/1615/1373 905/1617/1375
f 835/1616/1374 905/1617/1375 836/1618/1376
f 836/1618/1376 905/1617/1375 906/1619/1377
f 836/1618/1376 906/1619/1377 837/1594/1354
f 837/1594/1354 906/1619/1377 907/1595/1355
f 294/1620/1378 897/1621/1379 283/1622/1380
f 283/1622/1380 897/1621/1379 896/1623/1381
f 283/1622/1380 896/1623/1381 907/1624/1382
f 897/1621/1379 294/1620/1378 898/1625/1383
f 898/1625/1383 294/1620/1378 293/1626/1384
f 898/1625/1383 293/1626/1384 899/1627/1385
f 899/1627/1385 293/1626/1384 292/1628/1386
f 899/1627/1385 292/1628/1386 291/1629/1387
f 899/1627/1385 291/1629/1387 900/1630/1388
f 900/1630/1388 291/1629/1387 290/1631/1389
f 900/1630/1388 290/1631/1389 901/1632/1390
f 901/1632/1390 290/1631/1389 902/1633/1391
f 902/1633/1391 290/1631/1389 289/1634/1392
f 902/1633/1391 289/1634/1392 903/1635/1393
f 903/1635/1393 289/1634/1392 288/1636/1394
f 903/1635/1393 288/1636/1394 904/1637/1395
f 904/1637/1395 288/1636/1394 287/1638/1396
f 904/1637/1395 287/1638/1396 905/1639/1397
f 905/1639/1397 287/1638/1396 286/1640/1398
f 905/1639/1397 286/1640/1398 285/1641/1399
f 905/1639/1397 285/1641/1399 906/1642/1400
f 906/1642/1400 285/1641/1399 284/1643/1401
f 906/1642/1400 284/1643/1401 907/1624/1382
f 907/1624/1382 284/1643/1401 283/1622/1380
f 472/1644/853 675/1645/851 473/1646/1402
f 473/1646/1402 675/1645/851 674/1647/1403
f 473/1646/1402 674/1647/1403 673/1648/1404
f 591/1649/679 475/1650/677 673/1648/1404
f 673/1648/1404 475/1650/677 474/1651/1405
f 673/1648/1404 474/1651/1405 473/1646/1402
f 480/1652/1126 736/1653/1124 908/1654/1406
f 908/1654/1406 736/1653/1124 735/1655/1407
f 908/1654/1406 735/1655/1407 909/1656/1408
f 909/1656/1408 735/1655/1407 734/1657/1409
f 909/1656/1408 734/1657/1409 733/1658/1146
f 733/1658/1146 483/1659/1144 909/1656/1408
f 909/1656/1408 483/1659/1144 482/1660/1410
f 909/1656/1408 482/1660/1410 908/1654/1406
f 908/1654/1406 482/1660/1410 481/1661/1411
f 908/1654/1406 481/1661/1411 480/1652/1126
f 484/1662/1143 732/1663/1145 485/1664/1412
f 485/1664/1412 732/1663/1145 731/1665/1413
f 485/1664/1412 731/1665/1413 486/1666/1414
f 486/1666/1414 731/1665/1413 730/1667/1415
f 486/1666/1414 730/1667/1415 487/1668/1142
f 487/1668/1142 730/1667/1415 729/1669/1141
f 300/1670/342 299/1671/341 476/1672/1416
f 476/1672/1416 299/1671/341 740/1673/1417
f 476/1672/1416 740/1673/1417 477/1674/1418
f 477/1674/1418 740/1673/1417 739/1675/1419
f 477/1674/1418 739/1675/1419 478/1676/1128
f 478/1676/1128 739/1675/1419 738/1677/1130
f 490/1678/1420 726/1679/1421 491/1680/1422
f 491/1680/1422 726/1679/1421 725/1681/1423
f 491/1680/1422 725/1681/1423 492/1682/1424
f 492/1682/1424 725/1681/1423 724/1683/1425
f 492/1682/1424 724/1683/1425 361/1684/1134
f 361/1684/1134 724/1683/1425 723/1685/1133
f 370/1686/892 715/1687/893 371/1688/1426
f 371/1688/1426 715/1687/893 751/1689/1427
f 371/1688/1426 751/1689/1427 372/1690/1428
f 372/1690/1428 751/1689/1427 750/1691/1429
f 372/1690/1428 750/1691/1429 373/1692/1430
f 373/1692/1430 750/1691/1429 711/1693/1431
f 388/1694/674 308/1695/673 389/1696/1432
f 389/1696/1432 308/1695/673 307/1697/1433
f 389/1696/1432 307/1697/1433 306/1698/1434
f 305/1699/783 391/1700/781 306/1698/1434
f 306/1698/1434 391/1700/781 390/1701/1435
f 306/1698/1434 390/1701/1435 389/1696/1432
f 377/1702/881 710/1703/879 910/1704/1436
f 910/1704/1436 710/1703/879 749/1705/1437
f 910/1704/1436 749/1705/1437 911/1706/1438
f 911/1706/1438 749/1705/1437 748/1707/1439
f 911/1706/1438 748/1707/1439 707/1708/877
f 707/1708/877 380/1709/875 911/1706/1438
f 911/1706/1438 380/1709/875 379/1710/1440
f 911/1706/1438 379/1710/1440 910/1704/1436
f 910/1704/1436 379/1710/1440 378/1711/1441
f 910/1704/1436 378/1711/1441 377/1702/881
f 385/1712/873 706/1713/871 386/1714/1442
f 386/1714/1442 706/1713/871 745/1715/1443
f 386/1714/1442 745/1715/1443 387/1716/1444
f 387/1716/1444 745/1715/1443 744/1717/1445
f 387/1716/1444 744/1717/1445 357/1718/410
f 357/1718/410 744/1717/1445 358/1719/409
f 381/1720/874 708/1721/876 382/1722/1446
f 382/1722/1446 708/1721/876 747/1723/1447
f 382/1722/1446 747/1723/1447 746/1724/1448
f 705/1725/870 384/1726/872 746/1724/1448
f 746/1724/1448 384/1726/872 383/1727/1449
f 746/1724/1448 383/1727/1449 382/1722/1446
f 913/1728/1450 694/1729/1451 912/1730/1452
f 912/1730/1452 694/1729/1451 693/1731/1453
f 912/1730/1452 693/1731/1453 923/1732/1454
f 923/1732/1454 693/1731/1453 704/1733/1455
f 923/1732/1454 704/1733/1455 922/1734/1456
f 922/1734/1456 704/1733/1455 703/1735/1457
f 922/1734/1456 703/1735/1457 921/1736/1458
f 921/1736/1458 703/1735/1457 702/1737/1459
f 921/1736/1458 702/1737/1459 920/1738/1460
f 920/1738/1460 702/1737/1459 701/1739/1461
f 920/1738/1460 701/1739/1461 919/1740/1462
f 919/1740/1462 701/1739/1461 700/1741/1463
f 919/1740/1462 700/1741/1463 918/1742/1464
f 918/1742/1464 700/1741/1463 699/1743/1465
f 918/1744/1464 699/1745/1465 917/1746/1466
f 917/1746/1466 699/1745/1465 698/1747/1467
f 917/1746/1466 698/1747/1467 916/1748/1468
f 916/1748/1468 698/1747/1467 697/1749/1469
f 916/1748/1468 697/1749/1469 915/1750/1470
f 915/1750/1470 697/1749/1469 696/1751/1471
f 915/1750/1470 696/1751/1471 914/1752/1472
f 914/1752/1472 696/1751/1471 695/1753/1473
f 914/1752/1472 695/1753/1473 913/1728/1450
f 913/1728/1450 695/1753/1473 694/1729/1451
f 923/1754/1474 929/1755/1475 912/1756/1476
f 912/1756/1476 929/1755/1475 930/1757/1477
f 912/1756/1476 930/1757/1477 931/1758/1478
f 929/1755/1475 923/1754/1474 928/1759/1479
f 928/1759/1479 923/1754/1474 922/1760/1480
f 928/1759/1479 922/1760/1480 927/1761/1481
f 927/1761/1481 922/1760/1480 921/1762/1482
f 927/1761/1481 921/1762/1482 920/1763/1483
f 927/1761/1481 920/1763/1483 926/1764/1484
f 926/1764/1484 920/1763/1483 919/1765/1485
f 926/1764/1484 919/1765/1485 925/1766/1486
f 925/1766/1486 919/1765/1485 924/1767/1487
f 924/1767/1487 919/1765/1485 918/1768/1488
f 924/1767/1487 918/1768/1488 935/1769/1489
f 935/1769/1489 918/1768/1488 917/1770/1490
f 935/1769/1489 917/1770/1490 934/1771/1491
f 934/1771/1491 917/1770/1490 916/1772/1492
f 934/1771/1491 916/1772/1492 933/1773/1493
f 933/1773/1493 916/1772/1492 915/1774/1494
f 933/1773/1493 915/1774/1494 914/1775/1495
f 933/1773/1493 914/1775/1495 932/1776/1496
f 932/1776/1496 914/1775/1495 913/1777/1497
f 932/1776/1496 913/1777/1497 931/1758/1478
f 931/1758/1478 913/1777/1497 912/1756/1476
f 937/1778/1498 948/1779/1499 936/1780/1500
f 939/1781/1501 948/1782/1502 938/1783/1503
f 941/1784/1504 948/1785/1505 940/1786/1506
f 943/1787/1507 948/1788/1508 942/1789/1509
f 945/1790/1510 948/1791/1511 944/1792/1512
f 947/1793/1513 948/1794/1514 946/1795/1515
f 936/1796/1500 948/1797/1516 947/1793/1513
f 944/1792/1512 948/1798/1517 943/1787/1507
f 940/1786/1506 948/1799/1518 939/1781/1501
f 946/1795/1515 948/1800/1519 945/1790/1510
f 942/1789/1509 948/1801/1520 941/1784/1504
f 938/1783/1503 948/1802/1521 937/1778/1498
f 947/1803/1522 925/1804/1523 936/1805/1524
f 936/1805/1524 925/1804/1523 924/1806/1525
f 936/1805/1524 924/1806/1525 937/1807/1526
f 937/1807/1526 924/1806/1525 935/1808/1527
f 937/1807/1526 935/1808/1527 938/1809/1528
f 938/1809/1528 935/1808/1527 934/1810/1529
f 938/1809/1528 934/1810/1529 939/1811/1530
f 939/1811/1530 934/1810/1529 933/1812/1531
f 939/1811/1530 933/1812/1531 940/1813/1532
f 940/1813/1532 933/1812/1531 932/1814/1533
f 940/1813/1532 932/1814/1533 941/1815/1534
f 941/1815/1534 932/1814/1533 931/1816/1535
f 941/1815/1534 931/1816/1535 942/1817/1536
f 942/1817/1536 931/1816/1535 930/1818/1537
f 942/1819/1536 930/1820/1537 943/1821/1538
f 943/1821/1538 930/1820/1537 929/1822/1539
f 943/1821/1538 929/1822/1539 944/1823/1540
f 944/1823/1540 929/1822/1539 928/1824/1541
f 944/1823/1540 928/1824/1541 945/1825/1542
f 945/1825/1542 928/1824/1541 927/1826/1543
f 945/1825/1542 927/1826/1543 946/1827/1544
f 946/1827/1544 927/1826/1543 926/1828/1545
f 946/1827/1544 926/1828/1545 947/1803/1522
f 947/1803/1522 926/1828/1545 925/1804/1523
f 950/1829/1546 351/1830/1547 949/1831/1548
f 949/1831/1548 351/1830/1547 350/1832/1549
f 949/1831/1548 350/1832/1549 968/1833/1550
f 968/1833/1550 350/1832/1549 349/1834/1551
f 968/1833/1550 349/1834/1551 348/1835/1552
f 950/1829/1546 951/1836/1553 351/1830/1547
f 351/1830/1547 951/1836/1553 352/1837/1554
f 352/1837/1554 951/1836/1553 952/1838/1555
f 352/1837/1554 952/1838/1555 353/1839/1556
f 353/1839/1556 952/1838/1555 334/1840/1557
f 334/1840/1557 952/1838/1555 953/1841/1558
f 334/1840/1557 953/1841/1558 335/1842/1559
f 335/1842/1559 953/1841/1558 954/1843/1560
f 335/1842/1559 954/1843/1560 955/1844/1561
f 956/1845/1562 337/1846/1563 955/1844/1561
f 955/1844/1561 337/1846/1563 336/1847/1564
f 955/1844/1561 336/1847/1564 335/1842/1559
f 956/1845/1562 957/1848/1565 337/1846/1563
f 337/1846/1563 957/1848/1565 338/1849/1566
f 338/1849/1566 957/1848/1565 339/1850/1567
f 339/1850/1567 957/1848/1565 958/1851/1568
f 339/1850/1567 958/1851/1568 959/1852/1569
f 960/1853/1570 341/1854/1571 959/1855/1569
f 959/1855/1569 341/1854/1571 340/1856/1572
f 959/1852/1569 340/1857/1572 339/1850/1567
f 960/1853/1570 961/1858/1573 341/1854/1571
f 341/1854/1571 961/1858/1573 342/1859/1574
f 342/1859/1574 961/1858/1573 962/1860/1575
f 342/1859/1574 962/1860/1575 343/1861/1576
f 343/1861/1576 962/1860/1575 344/1862/1577
f 344/1862/1577 962/1860/1575 963/1863/1578
f 344/1862/1577 963/1863/1578 964/1864/1579
f 965/1865/1580 346/1866/1581 964/1864/1579
f 964/1864/1579 346/1866/1581 345/1867/1582
f 964/1864/1579 345/1867/1582 344/1862/1577
f 965/1865/1580 966/1868/1583 346/1866/1581
f 346/1866/1581 966/1868/1583 347/1869/1584
f 347/1869/1584 966/1868/1583 348/1835/1552
f 348/1835/1552 966/1868/1583 967/1870/1585
f 348/1835/1552 967/1870/1585 968/1833/1550
f 950/1871/1586 949/1872/1587 969/1873/1588
f 969/1873/1588 949/1872/1587 968/1874/1589
f 969/1873/1588 968/1874/1589 980/1875/1590
f 980/1875/1590 968/1874/1589 967/1876/1591
f 980/1875/1590 967/1876/1591 966/1877/1592
f 980/1875/1590 966/1877/1592 979/1878/1593
f 979/1878/1593 966/1877/1592 965/1879/1594
f 979/1878/1593 965/1879/1594 978/1880/1595
f 978/1880/1595 965/1879/1594 964/1881/1596
f 978/1880/1595 964/1881/1596 963/1882/1597
f 978/1880/1595 963/1882/1597 977/1883/1598
f 977/1883/1598 963/1882/1597 962/1884/1599
f 977/1883/1598 962/1884/1599 961/1885/1600
f 977/1883/1598 961/1885/1600 976/1886/1601
f 976/1886/1601 961/1885/1600 960/1887/1602
f 976/1886/1601 960/1887/1602 959/1888/1603
f 976/1886/1601 959/1888/1603 975/1889/1604
f 975/1889/1604 959/1888/1603 958/1890/1605
f 975/1889/1604 958/1890/1605 957/1891/1606
f 975/1889/1604 957/1891/1606 974/1892/1607
f 974/1892/1607 957/1891/1606 956/1893/1608
f 974/1892/1607 956/1893/1608 973/1894/1609
f 973/1894/1609 956/1893/1608 955/1895/1610
f 973/1894/1609 955/1895/1610 954/1896/1611
f 973/1894/1609 954/1896/1611 972/1897/1612
f 972/1897/1612 954/1896/1611 953/1898/1613
f 972/1897/1612 953/1898/1613 952/1899/1614
f 972/1897/1612 952/1899/1614 971/1900/1615
f 971/1900/1615 952/1899/1614 951/1901/1616
f 971/1900/1615 951/1901/1616 970/1902/1617
f 970/1902/1617 951/1901/1616 950/1871/1586
f 970/1902/1617 950/1871/1586 969/1873/1588
f 982/1903/1618 993/1904/1619 981/1905/1620
f 984/1906/1621 993/1907/1622 983/1908/1623
f 986/1909/1624 993/1910/1625 985/1911/1626
f 988/1912/1627 993/1913/1628 987/1914/1629
f 990/1915/1630 993/1916/1631 989/1917/1632
f 992/1918/1633 993/1919/1634 991/1920/1635
f 981/1921/1620 993/1922/1636 992/1918/1633
f 989/1917/1632 993/1923/1637 988/1912/1627
f 985/1911/1626 993/1924/1638 984/1906/1621
f 991/1920/1635 993/1925/1639 990/1915/1630
f 987/1914/1629 993/1926/1640 986/1909/1624
f 983/1908/1623 993/1927/1641 982/1903/1618
f 992/1928/1642 976/1929/1643 981/1930/1644
f 981/1930/1644 976/1929/1643 975/1931/1645
f 981/1930/1644 975/1931/1645 982/1932/1646
f 982/1932/1646 975/1931/1645 974/1933/1647
f 982/1932/1646 974/1933/1647 983/1934/1648
f 983/1934/1648 974/1933/1647 973/1935/1649
f 983/1934/1648 973/1935/1649 984/1936/1650
f 984/1936/1650 973/1935/1649 972/1937/1651
f 984/1936/1650 972/1937/1651 985/1938/1652
f 985/1938/1652 972/1937/1651 971/1939/1653
f 985/1938/1652 971/1939/1653 986/1940/1654
f 986/1940/1654 971/1939/1653 970/1941/1655
f 986/1940/1654 970/1941/1655 987/1942/1656
f 987/1942/1656 970/1941/1655 969/1943/1657
f 987/1944/1656 969/1945/1657 988/1946/1658
f 988/1946/1658 969/1945/1657 980/1947/1659
f 988/1946/1658 980/1947/1659 989/1948/1660
f 989/1948/1660 980/1947/1659 979/1949/1661
f 989/1948/1660 979/1949/1661 990/1950/1662
f 990/1950/1662 979/1949/1661 978/1951/1663
f 990/1950/1662 978/1951/1663 991/1952/1664
f 991/1952/1664 978/1951/1663 977/1953/1665
f 991/1952/1664 977/1953/1665 992/1928/1642
f 992/1928/1642 977/1953/1665 976/1929/1643
f 995/1954/1666 532/1955/1667 994/1956/1668
f 994/1956/1668 532/1955/1667 531/1957/1669
f 994/1956/1668 531/1957/1669 1005/1958/1670
f 1005/1958/1670 531/1957/1669 542/1959/1671
f 1005/1958/1670 542/1959/1671 1004/1960/1672
f 1004/1960/1672 542/1959/1671 541/1961/1673
f 1004/1960/1672 541/1961/1673 1003/1962/1674
f 1003/1962/1674 541/1961/1673 540/1963/1675
f 1003/1962/1674 540/1963/1675 1002/1964/1676
f 1002/1964/1676 540/1963/1675 539/1965/1677
f 1002/1964/1676 539/1965/1677 1001/1966/1678
f 1001/1966/1678 539/1965/1677 538/1967/1679
f 1001/1966/1678 538/1967/1679 1000/1968/1680
f 1000/1968/1680 538/1967/1679 537/1969/1681
f 1000/1970/1680 537/1971/1681 999/1972/1682
f 999/1972/1682 537/1971/1681 536/1973/1683
f 999/1972/1682 536/1973/1683 998/1974/1684
f 998/1974/1684 536/1973/1683 535/1975/1685
f 998/1974/1684 535/1975/1685 997/1976/1686
f 997/1976/1686 535/1975/1685 534/1977/1687
f 997/1976/1686 534/1977/1687 996/1978/1688
f 996/1978/1688 534/1977/1687 533/1979/1689
f 996/1978/1688 533/1979/1689 995/1954/1666
f 995/1954/1666 533/1979/1689 532/1955/1667
f 1005/1980/1690 648/1981/1691 994/1982/1692
f 994/1982/1692 648/1981/1691 647/1983/1693
f 994/1982/1692 647/1983/1693 646/1984/1694
f 648/1981/1691 1005/1980/1690 649/1985/1695
f 649/1985/1695 1005/1980/1690 1004/1986/1696
f 649/1985/1695 1004/1986/1696 650/1987/1697
f 650/1987/1697 1004/1986/1696 1003/1988/1698
f 650/1987/1697 1003/1988/1698 1002/1989/1699
f 650/1987/1697 1002/1989/1699 651/1990/1700
f 651/1990/1700 1002/1989/1699 1001/1991/1701
f 651/1990/1700 1001/1991/1701 652/1992/1702
f 652/1992/1702 1001/1991/1701 641/1993/1703
f 641/1993/1703 1001/1991/1701 1000/1994/1704
f 641/1993/1703 1000/1994/1704 642/1995/1705
f 642/1995/1705 1000/1994/1704 999/1996/1706
f 642/1995/1705 999/1996/1706 643/1997/1707
f 643/1997/1707 999/1996/1706 998/1998/1708
f 643/1997/1707 998/1998/1708 644/1999/1709
f 644/1999/1709 998/1998/1708 997/2000/1710
f 644/1999/1709 997/2000/1710 996/2001/1711
f 644/1999/1709 996/2001/1711 645/2002/1712
f 645/2002/1712 996/2001/1711 995/2003/1713
f 645/2002/1712 995/2003/1713 646/1984/1694
f 646/1984/1694 995/2003/1713 994/1982/1692
f 1007/2004/1714 520/2005/1715 1006/2006/1716
f 1006/2006/1716 520/2005/1715 519/2007/1717
f 1006/2006/1716 519/2007/1717 1017/2008/1718
f 1017/2008/1718 519/2007/1717 530/2009/1719
f 1017/2008/1718 530/2009/1719 1016/2010/1720
f 1016/2010/1720 530/2009/1719 529/2011/1721
f 1016/2010/1720 529/2011/1721 1015/2012/1722
f 1015/2012/1722 529/2011/1721 528/2013/1723
f 1015/2012/1722 528/2013/1723 1014/2014/1724
f 1014/2014/1724 528/2013/1723 527/2015/1725
f 1014/2014/1724 527/2015/1725 1013/2016/1726
f 1013/2016/1726 527/2015/1725 526/2017/1727
f 1013/2016/1726 526/2017/1727 1012/2018/1728
f 1012/2018/1728 526/2017/1727 525/2019/1729
f 1012/2020/1728 525/2021/1729 1011/2022/1730
f 1011/2022/1730 525/2021/1729 524/2023/1731
f 1011/2022/1730 524/2023/1731 1010/2024/1732
f 1010/2024/1732 524/2023/1731 523/2025/1733
f 1010/2024/1732 523/2025/1733 1009/2026/1734
f 1009/2026/1734 523/2025/1733 522/2027/1735
f 1009/2026/1734 522/2027/1735 1008/2028/1736
f 1008/2028/1736 522/2027/1735 521/2029/1737
f 1008/2028/1736 521/2029/1737 1007/2004/1714
f 1007/2004/1714 521/2029/1737 520/2005/1715
f 1017/2030/1738 618/2031/1739 1006/2032/1740
f 1006/2032/1740 618/2031/1739 617/2033/1741
f 1006/2032/1740 617/2033/1741 616/2034/1742
f 618/2031/1739 1017/2030/1738 619/2035/1743
f 619/2035/1743 1017/2030/1738 1016/2036/1744
f 619/2035/1743 1016/2036/1744 620/2037/1745
f 620/2037/1745 1016/2036/1744 1015/2038/1746
f 620/2037/1745 1015/2038/1746 1014/2039/1747
f 620/2037/1745 1014/2039/1747 621/2040/1748
f 621/2040/1748 1014/2039/1747 1013/2041/1749
f 621/2040/1748 1013/2041/1749 622/2042/1750
f 622/2042/1750 1013/2041/1749 611/2043/1751
f 611/2043/1751 1013/2041/1749 1012/2044/1752
f 611/2043/1751 1012/2044/1752 612/2045/1753
f 612/2045/1753 1012/2044/1752 1011/2046/1754
f 612/2045/1753 1011/2046/1754 613/2047/1755
f 613/2047/1755 1011/2046/1754 1010/2048/1756
f 613/2047/1755 1010/2048/1756 614/2049/1757
f 614/2049/1757 1010/2048/1756 1009/2050/1758
f 614/2049/1757 1009/2050/1758 1008/2051/1759
f 614/2049/1757 1008/2051/1759 615/2052/1760
f 615/2052/1760 1008/2051/1759 1007/2053/1761
f 615/2052/1760 1007/2053/1761 616/2034/1742
f 616/2034/1742 1007/2053/1761 1006/2032/1740
f 805/2054/1762 1018/2055/1763 548/2056/619
f 548/2056/619 1018/2055/1763 250/2057/290
f 548/2056/619 250/2057/290 247/2058/284
f 805/2054/1762 804/2059/1764 1018/2055/1763
f 1018/2055/1763 804/2059/1764 136/2060/151
f 1018/2055/1763 136/2060/151 251/2061/287
f 804/2059/1764 549/2062/623 136/2060/151
f 251/2061/287 250/2057/290 1018/2055/1763
f 825/2063/1765 1019/2064/1766 550/2065/627
f 550/2065/627 1019/2064/1766 167/2066/206
f 550/2065/627 167/2066/206 137/2067/153
f 825/2063/1765 824/2068/1767 1019/2064/1766
f 1019/2064/1766 824/2068/1767 169/2069/204
f 1019/2064/1766 169/2069/204 168/2070/207
f 824/2068/1767 587/2071/659 169/2069/204
f 168/2070/207 167/2066/206 1019/2064/1766
f 543/2072/613 511/2073/611 1021/2074/1768
f 1021/2074/1768 511/2073/611 510/2075/1769
f 1021/2074/1768 510/2075/1769 1020/2076/1770
f 1020/2076/1770 510/2075/1769 509/2077/1771
f 1020/2076/1770 509/2077/1771 546/2078/615
f 546/2078/615 509/2077/1771 508/2079/617
f 623/2080/711 515/2081/710 1023/2082/1772
f 1023/2082/1772 515/2081/710 514/2083/1773
f 1023/2082/1772 514/2083/1773 1022/2084/1774
f 1022/2084/1774 514/2083/1773 513/2085/1775
f 1022/2084/1774 513/2085/1775 544/2086/612
f 544/2086/612 513/2085/1775 512/2087/610
f 663/2088/1776 653/2089/1777 664/2090/1778
f 664/2090/1778 653/2089/1777 668/2091/1779
f 664/2090/1778 668/2091/1779 665/2092/1780
f 665/2092/1780 668/2091/1779 667/2093/1781
f 665/2092/1780 667/2093/1781 666/2094/1782
f 666/2094/1782 667/2093/1781 544/2095/1783
f 666/2094/1782 544/2095/1783 543/2096/1784
f 653/2089/1777 663/2088/1776 654/2097/1785
f 654/2097/1785 663/2088/1776 662/2098/1786
f 654/2097/1785 662/2098/1786 655/2099/1787
f 655/2099/1787 662/2098/1786 661/2100/1788
f 655/2099/1787 661/2100/1788 656/2101/1789
f 656/2101/1789 661/2100/1788 660/2102/1790
f 656/2101/1789 660/2102/1790 657/2103/1791
f 657/2103/1791 660/2102/1790 659/2104/1792
f 657/2103/1791 659/2104/1792 658/2105/1793
f 667/2093/1781 624/2106/1794 544/2095/1783
f 544/2095/1783 624/2106/1794 623/2107/1795
f 544/2095/1783 623/2107/1795 1023/2108/1796
f 1023/2108/1796 1022/2109/1797 544/2095/1783
f 1021/2110/1798 1020/2111/1799 543/2096/1784
f 543/2096/1784 1020/2111/1799 546/2112/1800
f 543/2096/1784 546/2112/1800 545/2113/1801
f 545/2113/1801 666/2094/1782 543/2096/1784
f 640/2114/1802 636/2115/1803 629/2116/1804
f 629/2116/1804 636/2115/1803 635/2117/1805
f 629/2116/1804 635/2117/1805 630/2118/1806
f 630/2118/1806 635/2117/1805 634/2119/1807
f 630/2118/1806 634/2119/1807 631/2120/1808
f 631/2120/1808 634/2119/1807 633/2121/1809
f 631/2120/1808 633/2121/1809 632/2122/1810
f 636/2115/1803 640/2114/1802 637/2123/1811
f 637/2123/1811 640/2114/1802 639/2124/1812
f 637/2123/1811 639/2124/1812 638/2125/1813
f 610/2126/1814 606/2127/1815 599/2128/1816
f 599/2128/1816 606/2127/1815 605/2129/1817
f 599/2128/1816 605/2129/1817 600/2130/1818
f 600/2130/1818 605/2129/1817 604/2131/1819
f 600/2130/1818 604/2131/1819 601/2132/1820
f 601/2132/1820 604/2131/1819 603/2133/1821
f 601/2132/1820 603/2133/1821 602/2134/1822
f 606/2127/1815 610/2126/1814 607/2135/1823
f 607/2135/1823 610/2126/1814 609/2136/1824
f 607/2135/1823 609/2136/1824 608/2137/1825
f 282/2138/314 1027/2139/1826 271/2140/312
f 271/2140/312 1027/2139/1826 1029/2141/1827
f 271/2140/312 1029/2141/1827 272/2142/310
f 272/2142/310 1029/2141/1827 1046/2143/1828
f 272/2142/310 1046/2143/1828 273/2144/332
f 273/2144/332 1046/2143/1828 1044/2145/1829
f 273/2144/332 1044/2145/1829 274/2146/330
f 274/2146/330 1044/2145/1829 1042/2147/1830
f 274/2146/330 1042/2147/1830 275/2148/328
f 275/2148/328 1042/2147/1830 1040/2149/1831
f 275/2148/328 1040/2149/1831 276/2150/326
f 276/2150/326 1040/2149/1831 1038/2151/1832
f 276/2150/326 1038/2151/1832 277/2152/324
f 277/2152/324 1038/2151/1832 1024/2153/1833
f 277/2154/324 1024/2155/1833 278/2156/322
f 278/2156/322 1024/2155/1833 1036/2157/1834
f 278/2156/322 1036/2157/1834 279/2158/320
f 279/2158/320 1036/2157/1834 1034/2159/1835
f 279/2158/320 1034/2159/1835 280/2160/318
f 280/2160/318 1034/2159/1835 1032/2161/1836
f 280/2160/318 1032/2161/1836 281/2162/316
f 281/2162/316 1032/2161/1836 1030/2163/1837
f 281/2162/316 1030/2163/1837 282/2138/314
f 282/2138/314 1030/2163/1837 1027/2139/1826
f 83/2164/96 176/2165/1838 84/2166/95
f 84/2166/95 176/2165/1838 1028/2167/1839
f 84/2166/95 1028/2167/1839 1031/2168/1840
f 1031/2168/1840 1028/2167/1839 1027/2139/1826
f 1031/2168/1840 1027/2139/1826 1030/2163/1837
f 1028/2167/1839 176/2165/1838 1026/2169/1841
f 1026/2169/1841 176/2165/1838 175/2170/1842
f 1026/2169/1841 175/2170/1842 1047/2171/1843
f 1047/2171/1843 175/2170/1842 1045/2172/1844
f 1047/2171/1843 1045/2172/1844 1044/2145/1829
f 1044/2145/1829 1045/2172/1844 1042/2147/1830
f 175/2170/1842 174/2173/1845 1045/2172/1844
f 1045/2172/1844 174/2173/1845 1043/2174/1846
f 1045/2172/1844 1043/2174/1846 1042/2147/1830
f 1042/2147/1830 1043/2174/1846 1040/2149/1831
f 174/2173/1845 93/2175/106 1043/2174/1846
f 1043/2174/1846 93/2175/106 92/2176/105
f 1043/2174/1846 92/2176/105 1041/2177/1847
f 1041/2177/1847 92/2176/105 91/2178/103
f 1041/2177/1847 91/2178/103 1039/2179/1848
f 1039/2179/1848 91/2178/103 90/2180/100
f 1039/2179/1848 90/2180/100 1025/2181/1849
f 1025/2182/1849 90/2183/100 89/2184/98
f 1025/2182/1849 89/2184/98 1037/2185/1850
f 1037/2185/1850 89/2184/98 88/2186/68
f 1037/2185/1850 88/2186/68 1035/2187/1851
f 1035/2187/1851 88/2186/68 87/2188/70
f 1035/2187/1851 87/2188/70 1033/2189/1852
f 1033/2189/1852 87/2188/70 86/2190/92
f 1033/2189/1852 86/2190/92 1031/2168/1840
f 1031/2168/1840 86/2190/92 85/2191/94
f 1031/2168/1840 85/2191/94 84/2166/95
f 1024/2155/1833 1025/2182/1849 1036/2157/1834
f 1036/2157/1834 1025/2182/1849 1037/2185/1850
f 1036/2157/1834 1037/2185/1850 1034/2159/1835
f 1034/2159/1835 1037/2185/1850 1035/2187/1851
f 1034/2159/1835 1035/2187/1851 1032/2161/1836
f 1032/2161/1836 1035/2187/1851 1033/2189/1852
f 1032/2161/1836 1033/2189/1852 1030/2163/1837
f 1030/2163/1837 1033/2189/1852 1031/2168/1840
f 1025/2181/1849 1024/2153/1833 1039/2179/1848
f 1039/2179/1848 1024/2153/1833 1038/2151/1832
f 1039/2179/1848 1038/2151/1832 1041/2177/1847
f 1041/2177/1847 1038/2151/1832 1040/2149/1831
f 1041/2177/1847 1040/2149/1831 1043/2174/1846
f 1027/2139/1826 1028/2167/1839 1029/2141/1827
f 1029/2141/1827 1028/2167/1839 1026/2169/1841
f 1029/2141/1827 1026/2169/1841 1046/2143/1828
f 1046/2143/1828 1026/2169/1841 1047/2171/1843
f 1046/2143/1828 1047/2171/1843 1044/2145/1829
f 30/2192/34 29/2193/33 719/2194/1853
f 719/2194/1853 29/2193/33 365/2195/1854
f 719/2194/1853 365/2195/1854 720/2196/1855
f 720/2196/1855 365/2195/1854 364/2197/1856
f 720/2196/1855 364/2197/1856 721/2198/1857
f 721/2198/1857 364/2197/1856 363/2199/1858
f 721/2198/1857 363/2199/1858 722/2200/1131
f 722/2200/1131 363/2199/1858 362/2201/1132
f 34/2202/39 33/2203/38 366/2204/1859
f 366/2204/1859 33/2203/38 718/2205/1860
f 366/2204/1859 718/2205/1860 367/2206/1861
f 367/2206/1861 718/2205/1860 717/2207/1862
f 367/2206/1861 717/2207/1862 368/2208/1863
f 368/2208/1863 717/2207/1862 716/2209/1864
f 368/2208/1863 716/2209/1864 369/2210/890
f 369/2210/890 716/2209/1864 714/2211/891
f 217/2212/260 598/2213/685 228/2214/271
f 228/2214/271 598/2213/685 692/2215/1865
f 228/2214/271 692/2215/1865 691/2216/1866
f 625/2217/717 230/2218/270 691/2216/1866
f 691/2216/1866 230/2218/270 229/2219/269
f 691/2216/1866 229/2219/269 228/2214/271
f 187/2220/1867 318/2221/661 192/2222/232
f 192/2222/232 318/2221/661 317/2223/1868
f 192/2222/232 317/2223/1868 316/2224/1869
f 315/2225/672 194/2226/231 316/2224/1869
f 316/2224/1869 194/2226/231 193/2227/230
f 316/2224/1869 193/2227/230 192/2222/232
f 41/2228/1870 1048/2229/1871 42/2230/1872
f 42/2230/1872 1048/2229/1871 1049/2231/1873
f 42/2230/1872 1049/2231/1873 22/2232/1874
f 22/2232/1874 1049/2231/1873 1050/2233/1875
f 22/2232/1874 1050/2233/1875 23/2234/1876
f 23/2234/1876 1050/2233/1875 24/2235/1877
f 24/2235/1877 1050/2233/1875 1053/2236/1878
f 24/2235/1877 1053/2236/1878 13/2237/31
f 13/2237/31 1053/2236/1878 1052/2238/1879
f 13/2237/31 1052/2238/1879 28/2239/30
f 28/2239/30 1052/2238/1879 1051/2240/1880
f 28/2239/30 1051/2240/1880 40/2241/1881
f 40/2241/1881 1051/2240/1880 41/2228/1870
f 41/2228/1870 1051/2240/1880 1048/2229/1871
f 1053/2236/1878 1050/2233/1875 1049/2231/1873
f 1051/2240/1880 1052/2238/1879 1048/2229/1871
f 1048/2229/1871 1052/2238/1879 1049/2231/1873
f 1052/2238/1879 1053/2236/1878 1049/2231/1873
f 18/2242/1882 1056/2243/1883 19/2244/334
f 19/2244/334 1056/2243/1883 1057/2245/1884
f 19/2244/334 1057/2245/1884 1058/2246/1885
f 1058/2246/1885 1057/2245/1884 1063/2247/1886
f 1058/2246/1885 1063/2247/1886 1064/2248/1887
f 1064/2248/1887 1063/2247/1886 11/2249/4
f 1064/2248/1887 11/2249/4 1065/2250/1888
f 1065/2250/1888 11/2249/4 1054/2251/1889
f 1065/2250/1888 1054/2251/1889 1060/2252/1890
f 1060/2252/1890 1054/2251/1889 1055/2253/1891
f 1060/2252/1890 1055/2253/1891 115/2254/130
f 1056/2243/1883 18/2242/1882 1061/2255/1892
f 1061/2255/1892 18/2242/1882 17/2256/1893
f 1061/2255/1892 17/2256/1893 12/2257/3
f 11/2249/4 1063/2247/1886 12/2257/3
f 12/2257/3 1063/2247/1886 1062/2258/1894
f 12/2257/3 1062/2258/1894 1061/2255/1892
f 1061/2255/1892 1062/2258/1894 1056/2243/1883
f 19/2244/334 1058/2246/1885 115/2254/130
f 115/2254/130 1058/2246/1885 1059/2259/1895
f 115/2254/130 1059/2259/1895 1060/2252/1890
f 1060/2252/1890 1059/2259/1895 1065/2250/1888
f 1063/2247/1886 1057/2245/1884 1062/2258/1894
f 1062/2258/1894 1057/2245/1884 1056/2243/1883
f 1065/2250/1888 1059/2259/1895 1064/2248/1887
f 1064/2248/1887 1059/2259/1895 1058/2246/1885
f 116/2260/1896 115/2261/130 1068/2262/1897
f 1068/2262/1897 115/2261/130 1055/2263/1898
f 1068/2262/1897 1055/2263/1898 1073/2264/1899
f 1073/2264/1899 1055/2263/1898 1054/2265/1900
f 1073/2264/1899 1054/2265/1900 1078/2266/1901
f 1078/2266/1901 1054/2265/1900 11/2267/4
f 1078/2266/1901 11/2267/4 10/2268/1902
f 1078/2266/1901 10/2268/1902 1079/2269/1903
f 1079/2269/1903 10/2268/1902 9/2270/1904
f 1079/2269/1903 9/2270/1904 1080/2271/1905
f 1080/2271/1905 9/2270/1904 1081/2272/1906
f 1080/2271/1905 1081/2272/1906 1075/2273/1907
f 1075/2273/1907 1081/2272/1906 1076/2274/1908
f 1075/2273/1907 1076/2274/1908 1070/2275/1909
f 1070/2275/1909 1076/2274/1908 1071/2276/1910
f 1070/2275/1909 1071/2276/1910 117/2277/1911
f 117/2277/1911 1071/2276/1910 118/2278/1912
f 118/2278/1912 1071/2276/1910 1072/2279/1913
f 118/2278/1912 1072/2279/1913 112/2280/64
f 112/2280/64 1072/2279/1913 1067/2281/1914
f 1067/2281/1914 1072/2279/1913 1077/2282/1915
f 1067/2281/1914 1077/2282/1915 1066/2283/1916
f 1066/2283/1916 1077/2282/1915 1082/2284/1917
f 1066/2283/1916 1082/2284/1917 7/2285/8
f 7/2285/8 1082/2284/1917 8/2286/1918
f 8/2286/1918 1082/2284/1917 1081/2272/1906
f 8/2286/1918 1081/2272/1906 9/2270/1904
f 1070/2275/1909 117/2277/1911 1069/2287/1919
f 1069/2287/1919 117/2277/1911 116/2260/1896
f 1069/2287/1919 116/2260/1896 1068/2262/1897
f 1075/2273/1907 1070/2275/1909 1069/2287/1919
f 1069/2287/1919 1068/2262/1897 1074/2288/1920
f 1074/2288/1920 1068/2262/1897 1073/2264/1899
f 1074/2288/1920 1073/2264/1899 1079/2269/1903
f 1079/2269/1903 1073/2264/1899 1078/2266/1901
f 1077/2282/1915 1072/2279/1913 1071/2276/1910
f 1077/2282/1915 1071/2276/1910 1076/2274/1908
f 1080/2271/1905 1075/2273/1907 1074/2288/1920
f 1074/2288/1920 1075/2273/1907 1069/2287/1919
f 1080/2271/1905 1074/2288/1920 1079/2269/1903
f 1082/2284/1917 1077/2282/1915 1076/2274/1908
f 1082/2284/1917 1076/2274/1908 1081/2272/1906
f 58/2289/1921 112/2290/64 1084/2291/1922
f 1084/2291/1922 112/2290/64 1067/2292/1923
f 1084/2291/1922 1067/2292/1923 1083/2293/1924
f 1083/2293/1924 1067/2292/1923 1066/2294/1925
f 1083/2293/1924 1066/2294/1925 6/2295/9
f 6/2295/9 1066/2294/1925 7/2296/8
f 58/2297/65 1084/2298/1922 59/2299/67
f 59/2299/67 1084/2298/1922 1088/2300/1926
f 59/2299/67 1088/2300/1926 60/2301/73
f 60/2301/73 1088/2300/1926 1090/2302/1927
f 60/2301/73 1090/2302/1927 61/2303/75
f 61/2303/75 1090/2302/1927 1092/2304/1928
f 61/2303/75 1092/2304/1928 62/2305/76
f 62/2305/76 1092/2304/1928 1094/2306/1929
f 62/2305/76 1094/2306/1929 63/2307/77
f 63/2307/77 1094/2306/1929 1096/2308/1930
f 63/2307/77 1096/2308/1930 64/2309/80
f 64/2309/80 1096/2308/1930 1086/2310/1931
f 1086/2310/1931 1096/2308/1930 1095/2311/1932
f 1086/2310/1931 1095/2311/1932 1085/2312/1933
f 1085/2312/1933 1095/2311/1932 256/2313/294
f 1085/2312/1933 256/2313/294 255/2314/292
f 1084/2298/1922 1083/2315/1924 1088/2300/1926
f 1088/2300/1926 1083/2315/1924 1087/2316/1934
f 1088/2300/1926 1087/2316/1934 1090/2302/1927
f 1090/2302/1927 1087/2316/1934 1089/2317/1935
f 1090/2302/1927 1089/2317/1935 1092/2304/1928
f 1092/2304/1928 1089/2317/1935 1091/2318/1936
f 1092/2304/1928 1091/2318/1936 1094/2306/1929
f 1094/2306/1929 1091/2318/1936 1093/2319/1937
f 1094/2306/1929 1093/2319/1937 1096/2308/1930
f 1096/2308/1930 1093/2319/1937 1095/2311/1932
f 1083/2315/1924 6/2320/9 1087/2316/1934
f 1087/2316/1934 6/2320/9 260/2321/302
f 1087/2316/1934 260/2321/302 1089/2317/1935
f 1089/2317/1935 260/2321/302 259/2322/300
f 1089/2317/1935 259/2322/300 1091/2318/1936
f 1091/2318/1936 259/2322/300 258/2323/298
f 1091/2318/1936 258/2323/298 1093/2319/1937
f 1093/2319/1937 258/2323/298 257/2324/296
f 1093/2319/1937 257/2324/296 1095/2311/1932
f 1095/2311/1932 257/2324/296 256/2313/294
f 65/2325/1938 64/2326/80 1098/2327/1939
f 1098/2327/1939 64/2326/80 1086/2328/1931
f 1098/2327/1939 1086/2328/1931 1097/2329/1940
f 1097/2329/1940 1086/2328/1931 1085/2330/1933
f 1097/2329/1940 1085/2330/1933 269/2331/308
f 269/2331/308 1085/2330/1933 255/2332/292
f 53/2333/1941 1101/2334/1942 54/2335/303
f 54/2335/303 1101/2334/1942 1102/2336/1943
f 54/2335/303 1102/2336/1943 267/2337/1944
f 267/2337/1944 1102/2336/1943 1103/2338/1945
f 267/2337/1944 1103/2338/1945 268/2339/1946
f 268/2339/1946 1103/2338/1945 1104/2340/1947
f 268/2339/1946 1104/2340/1947 269/2341/1948
f 269/2341/1948 1104/2340/1947 1097/2342/1949
f 1097/2342/1949 1104/2340/1947 1108/2343/1950
f 1097/2342/1949 1108/2343/1950 1099/2344/1951
f 1099/2344/1951 1108/2343/1950 1107/2345/1952
f 1099/2344/1951 1107/2345/1952 1113/2346/1953
f 1113/2346/1953 1107/2345/1952 1106/2347/1954
f 1113/2346/1953 1106/2347/1954 1114/2348/1955
f 1114/2348/1955 1106/2347/1954 1105/2349/1956
f 1114/2348/1955 1105/2349/1956 1115/2350/1957
f 1115/2350/1957 1105/2349/1956 52/2351/1958
f 1115/2350/1957 52/2351/1958 1109/2352/1959
f 1109/2352/1959 52/2351/1958 51/2353/1960
f 1109/2352/1959 51/2353/1960 1116/2354/1961
f 1116/2354/1961 51/2353/1960 50/2355/1962
f 1116/2354/1961 50/2355/1962 163/2356/1963
f 1101/2334/1942 53/2333/1941 1105/2349/1956
f 1105/2349/1956 53/2333/1941 52/2351/1958
f 1116/2354/1961 163/2356/1963 1117/2357/1964
f 1117/2357/1964 163/2356/1963 162/2358/1965
f 1117/2357/1964 162/2358/1965 1118/2359/1966
f 1118/2359/1966 162/2358/1965 161/2360/1967
f 1118/2359/1966 161/2360/1967 1100/2361/1968
f 1100/2361/1968 161/2360/1967 65/2362/1969
f 1100/2361/1968 65/2362/1969 1098/2363/1970
f 1097/2342/1949 1099/2344/1951 1098/2363/1970
f 1098/2363/1970 1099/2344/1951 1112/2364/1971
f 1098/2363/1970 1112/2364/1971 1100/2361/1968
f 1100/2361/1968 1112/2364/1971 1111/2365/1972
f 1100/2361/1968 1111/2365/1972 1118/2359/1966
f 1118/2359/1966 1111/2365/1972 1110/2366/1973
f 1118/2359/1966 1110/2366/1973 1117/2357/1964
f 1117/2357/1964 1110/2366/1973 1109/2352/1959
f 1117/2357/1964 1109/2352/1959 1116/2354/1961
f 267/2337/1944 266/2367/1974 54/2335/303
f 1105/2349/1956 1106/2347/1954 1101/2334/1942
f 1101/2334/1942 1106/2347/1954 1102/2336/1943
f 1108/2343/1950 1104/2340/1947 1103/2338/1945
f 1106/2347/1954 1107/2345/1952 1102/2336/1943
f 1102/2336/1943 1107/2345/1952 1103/2338/1945
f 1107/2345/1952 1108/2343/1950 1103/2338/1945
f 1114/2348/1955 1115/2350/1957 1110/2366/1973
f 1110/2366/1973 1115/2350/1957 1109/2352/1959
f 1113/2346/1953 1114/2348/1955 1111/2365/1972
f 1111/2365/1972 1114/2348/1955 1110/2366/1973
f 1099/2344/1951 1113/2346/1953 1112/2364/1971
f 1112/2364/1971 1113/2346/1953 1111/2365/1972
f 2/2368/1975 1/2369/1976 741/2370/1977
f 741/2370/1977 1/2369/1976 16/2371/1978
f 741/2370/1977 16/2371/1978 742/2372/1979
f 742/2372/1979 16/2371/1978 15/2373/1980
f 742/2372/1979 15/2373/1980 743/2374/1981
f 743/2374/1981 15/2373/1980 14/2375/1982
f 743/2374/1981 14/2375/1982 27/2376/1983
f 1120/2377/1984 1131/2378/1985 1119/2379/1986
f 1122/2380/1987 1131/2381/1988 1121/2382/1989
f 1124/2383/1990 1131/2384/1991 1123/2385/1992
f 1126/2386/1993 1131/2387/1994 1125/2388/1995
f 1128/2389/1996 1131/2390/1997 1127/2391/1998
f 1130/2392/1999 1131/2393/2000 1129/2394/2001
f 1119/2395/1986 1131/2396/2002 1130/2392/1999
f 1127/2391/1998 1131/2397/2003 1126/2386/1993
f 1123/2385/1992 1131/2398/2004 1122/2380/1987
f 1129/2394/2001 1131/2399/2005 1128/2389/1996
f 1125/2388/1995 1131/2400/2006 1124/2383/1990
f 1121/2382/1989 1131/2401/2007 1120/2377/1984
f 1130/2402/2008 576/2403/2009 1119/2404/2010
f 1119/2404/2010 576/2403/2009 575/2405/2011
f 1119/2404/2010 575/2405/2011 1120/2406/2012
f 1120/2406/2012 575/2405/2011 586/2407/2013
f 1120/2406/2012 586/2407/2013 1121/2408/2014
f 1121/2408/2014 586/2407/2013 585/2409/2015
f 1121/2408/2014 585/2409/2015 1122/2410/2016
f 1122/2410/2016 585/2409/2015 584/2411/2017
f 1122/2410/2016 584/2411/2017 1123/2412/2018
f 1123/2412/2018 584/2411/2017 583/2413/2019
f 1123/2412/2018 583/2413/2019 1124/2414/2020
f 1124/2414/2020 583/2413/2019 582/2415/2021
f 1124/2414/2020 582/2415/2021 1125/2416/2022
f 1125/2416/2022 582/2415/2021 581/2417/2023
f 1125/2418/2022 581/2419/2023 1126/2420/2024
f 1126/2420/2024 581/2419/2023 580/2421/2025
f 1126/2420/2024 580/2421/2025 1127/2422/2026
f 1127/2422/2026 580/2421/2025 579/2423/2027
f 1127/2422/2026 579/2423/2027 1128/2424/2028
f 1128/2424/2028 579/2423/2027 578/2425/2029
f 1128/2424/2028 578/2425/2029 1129/2426/2030
f 1129/2426/2030 578/2425/2029 577/2427/2031
f 1129/2426/2030 577/2427/2031 1130/2402/2008
f 1130/2402/2008 577/2427/2031 576/2403/2009
f 1133/2428/2032 1144/2429/2033 1132/2430/2034
f 1135/2431/2035 1144/2432/2036 1134/2433/2037
f 1137/2434/2038 1144/2435/2039 1136/2436/2040
f 1139/2437/2041 1144/2438/2042 1138/2439/2043
f 1141/2440/2044 1144/2441/2045 1140/2442/2046
f 1143/2443/2047 1144/2444/2048 1142/2445/2049
f 1132/2446/2034 1144/2447/2050 1143/2443/2047
f 1140/2442/2046 1144/2448/2051 1139/2437/2041
f 1136/2436/2040 1144/2449/2052 1135/2431/2035
f 1142/2445/2049 1144/2450/2053 1141/2440/2044
f 1138/2439/2043 1144/2451/2054 1137/2434/2038
f 1134/2433/2037 1144/2452/2055 1133/2428/2032
f 1143/2453/2056 564/2454/2057 1132/2455/2058
f 1132/2455/2058 564/2454/2057 563/2456/2059
f 1132/2455/2058 563/2456/2059 1133/2457/2060
f 1133/2457/2060 563/2456/2059 574/2458/2061
f 1133/2457/2060 574/2458/2061 1134/2459/2062
f 1134/2459/2062 574/2458/2061 573/2460/2063
f 1134/2459/2062 573/2460/2063 1135/2461/2064
f 1135/2461/2064 573/2460/2063 572/2462/2065
f 1135/2461/2064 572/2462/2065 1136/2463/2066
f 1136/2463/2066 572/2462/2065 571/2464/2067
f 1136/2463/2066 571/2464/2067 1137/2465/2068
f 1137/2465/2068 571/2464/2067 570/2466/2069
f 1137/2465/2068 570/2466/2069 1138/2467/2070
f 1138/2467/2070 570/2466/2069 569/2468/2071
f 1138/2469/2070 569/2470/2071 1139/2471/2072
f 1139/2471/2072 569/2470/2071 568/2472/2073
f 1139/2471/2072 568/2472/2073 1140/2473/2074
f 1140/2473/2074 568/2472/2073 567/2474/2075
f 1140/2473/2074 567/2474/2075 1141/2475/2076
f 1141/2475/2076 567/2474/2075 566/2476/2077
f 1141/2475/2076 566/2476/2077 1142/2477/2078
f 1142/2477/2078 566/2476/2077 565/2478/2079
f 1142/2477/2078 565/2478/2079 1143/2453/2056
f 1143/2453/2056 565/2478/2079 564/2454/2057
f 1146/2479/2080 1157/2480/2081 1145/2481/2082
f 1148/2482/2083 1157/2483/2084 1147/2484/2085
f 1150/2485/2086 1157/2486/2087 1149/2487/2088
f 1152/2488/2089 1157/2489/2090 1151/2490/2091
f 1154/2491/2092 1157/2492/2093 1153/2493/2094
f 1156/2494/2095 1157/2495/2096 1155/2496/2097
f 1145/2497/2082 1157/2498/2098 1156/2494/2095
f 1153/2493/2094 1157/2499/2099 1152/2488/2089
f 1149/2487/2088 1157/2500/2100 1148/2482/2083
f 1155/2496/2097 1157/2501/2101 1154/2491/2092
f 1151/2490/2091 1157/2502/2102 1150/2485/2086
f 1147/2484/2085 1157/2503/2103 1146/2479/2080
f 1156/2504/2104 552/2505/2105 1145/2506/2106
f 1145/2506/2106 552/2505/2105 551/2507/2107
f 1145/2506/2106 551/2507/2107 1146/2508/2108
f 1146/2508/2108 551/2507/2107 562/2509/2109
f 1146/2508/2108 562/2509/2109 1147/2510/2110
f 1147/2510/2110 562/2509/2109 561/2511/2111
f 1147/2510/2110 561/2511/2111 1148/2512/2112
f 1148/2512/2112 561/2511/2111 560/2513/2113
f 1148/2512/2112 560/2513/2113 1149/2514/2114
f 1149/2514/2114 560/2513/2113 559/2515/2115
f 1149/2514/2114 559/2515/2115 1150/2516/2116
f 1150/2516/2116 559/2515/2115 558/2517/2117
f 1150/2516/2116 558/2517/2117 1151/2518/2118
f 1151/2518/2118 558/2517/2117 557/2519/2119
f 1151/2520/2118 557/2521/2119 1152/2522/2120
f 1152/2522/2120 557/2521/2119 556/2523/2121
f 1152/2522/2120 556/2523/2121 1153/2524/2122
f 1153/2524/2122 556/2523/2121 555/2525/2123
f 1153/2524/2122 555/2525/2123 1154/2526/2124
f 1154/2526/2124 555/2525/2123 554/2527/2125
f 1154/2526/2124 554/2527/2125 1155/2528/2126
f 1155/2528/2126 554/2527/2125 553/2529/2127
f 1155/2528/2126 553/2529/2127 1156/2504/2104
f 1156/2504/2104 553/2529/2127 552/2505/2105
# 1157 vertices
# 2529 texture params
# 2127 normals
# 2318 facets

# 1 groups
