# WaveFront *.obj file (generated by Autodesk ATF)

mtllib Brass_insert_M3_1.mtl

g Body1

v 1.430909 0.450000 1.015489
v 1.169922 0.938766 1.052023
v 0.749995 1.299043 1.086346
v -0.000000 1.500000 1.135938
v -0.749995 1.299043 1.185529
v -1.169922 0.938766 1.219852
v -1.430909 0.450000 1.256386
v -1.112430 0.450000 1.051752
v -0.901225 0.792334 1.018595
v -0.600000 1.039230 0.988542
v 0.000000 1.200000 0.939062
v 0.600000 1.039230 0.889583
v 0.901225 0.792334 0.859530
v 1.112430 0.450000 0.826373
v 0.674999 1.169135 0.988021
v 1.097352 0.786332 0.948240
v -0.000000 1.350000 1.037500
v -0.675000 1.169134 1.086979
v 1.430909 0.450000 1.609239
v 1.169922 0.938766 1.645773
v 0.749995 1.299043 1.680096
v 0.000000 1.500000 1.729687
v -0.749995 1.299043 1.779279
v -1.169922 0.938766 1.813602
v -1.430909 0.450000 1.850136
v -1.112430 0.450000 1.645502
v -0.901225 0.792334 1.612345
v -0.600000 1.039230 1.582292
v 0.000000 1.200000 1.532813
v 0.600000 1.039230 1.483333
v 0.901225 0.792334 1.453280
v 1.112430 0.450000 1.420123
v 0.674999 1.169135 1.581771
v 1.097352 0.786332 1.541990
v 0.000000 1.350000 1.631250
v -0.675000 1.169134 1.680729
v 1.430909 0.450000 2.202989
v 1.169922 0.938766 2.239523
v 0.749995 1.299043 2.273846
v 0.000000 1.500000 2.323437
v -0.749995 1.299043 2.373029
v -1.169922 0.938766 2.407352
v -1.430909 0.450000 2.443886
v -1.112430 0.450000 2.239252
v -0.901225 0.792334 2.206095
v -0.600000 1.039230 2.176042
v 0.000000 1.200000 2.126562
v 0.600000 1.039230 2.077083
v 0.901225 0.792334 2.047030
v 1.112430 0.450000 2.013873
v 0.674999 1.169135 2.175521
v 1.097352 0.786332 2.135740
v 0.000000 1.350000 2.225000
v -0.675000 1.169134 2.274479
v 1.430909 0.450000 2.796739
v 1.169922 0.938766 2.833273
v 0.749995 1.299043 2.867596
v -0.000000 1.500000 2.917188
v -0.749995 1.299043 2.966779
v -1.169922 0.938766 3.001102
v -1.430909 0.450000 3.037636
v -1.112430 0.450000 2.833002
v -0.901225 0.792334 2.799845
v -0.600000 1.039230 2.769792
v 0.000000 1.200000 2.720312
v 0.600000 1.039230 2.670833
v 0.901225 0.792334 2.640780
v 1.112430 0.450000 2.607623
v 0.674999 1.169135 2.769271
v 1.097352 0.786332 2.729490
v -0.000000 1.350000 2.818750
v -0.675000 1.169134 2.868229
v 1.430909 0.450000 3.390489
v 1.169922 0.938766 3.427023
v 0.749995 1.299043 3.461346
v -0.000000 1.500000 3.510937
v -0.749995 1.299043 3.560529
v -1.169922 0.938766 3.594852
v -1.430909 0.450000 3.631386
v -1.112430 0.450000 3.426752
v -0.901225 0.792334 3.393595
v -0.600000 1.039230 3.363542
v 0.000000 1.200000 3.314062
v 0.600000 1.039230 3.264583
v 0.901225 0.792334 3.234530
v 1.112430 0.450000 3.201373
v 0.674999 1.169135 3.363021
v 1.097352 0.786332 3.323240
v -0.000000 1.350000 3.412500
v -0.675000 1.169134 3.461979
v 1.430909 0.450000 3.984239
v 1.169922 0.938766 4.020773
v 0.749995 1.299043 4.055096
v -0.000000 1.500000 4.104688
v -0.749995 1.299043 4.154279
v -1.169922 0.938766 4.188602
v -1.430909 0.450000 4.225136
v -1.112430 0.450000 4.020502
v -0.901225 0.792334 3.987345
v -0.600000 1.039230 3.957292
v 0.000000 1.200000 3.907812
v 0.600000 1.039230 3.858333
v 0.901225 0.792334 3.828280
v 1.112430 0.450000 3.795123
v 0.674999 1.169135 3.956771
v 1.097352 0.786332 3.916990
v -0.000000 1.350000 4.006250
v -0.675000 1.169134 4.055729
v -1.112430 -0.450000 1.123248
v -1.430909 -0.450000 1.312364
v -1.169922 -0.938766 1.348898
v -0.749995 -1.299043 1.383221
v -0.000000 -1.500000 1.432812
v 0.749995 -1.299043 1.482404
v 1.169922 -0.938766 1.516727
v 1.430909 -0.450000 1.553261
v 1.112430 -0.450000 1.348627
v 0.901225 -0.792334 1.315470
v 0.600000 -1.039230 1.285417
v -0.000000 -1.200000 1.235937
v -0.600000 -1.039230 1.186458
v -0.901225 -0.792334 1.156405
v -0.674999 -1.169135 1.284896
v -1.097352 -0.786332 1.245115
v -0.000000 -1.350000 1.334375
v 0.675000 -1.169134 1.383854
v -1.112430 -0.450000 1.716998
v -1.430909 -0.450000 1.906114
v -1.169922 -0.938766 1.942648
v -0.749995 -1.299043 1.976971
v -0.000000 -1.500000 2.026562
v 0.749995 -1.299043 2.076154
v 1.169922 -0.938766 2.110477
v 1.430909 -0.450000 2.147011
v 1.112430 -0.450000 1.942377
v 0.901225 -0.792334 1.909220
v 0.600000 -1.039230 1.879167
v -0.000000 -1.200000 1.829688
v -0.600000 -1.039230 1.780208
v -0.901225 -0.792334 1.750155
v -0.674999 -1.169135 1.878646
v -1.097352 -0.786332 1.838865
v -0.000000 -1.350000 1.928125
v 0.675000 -1.169134 1.977604
v -1.112430 -0.450000 2.310748
v -1.430909 -0.450000 2.499864
v -1.169922 -0.938766 2.536398
v -0.749995 -1.299043 2.570721
v -0.000000 -1.500000 2.620312
v 0.749995 -1.299043 2.669904
v 1.169922 -0.938766 2.704227
v 1.430909 -0.450000 2.740761
v 1.112430 -0.450000 2.536127
v 0.901225 -0.792334 2.502970
v 0.600000 -1.039230 2.472917
v -0.000000 -1.200000 2.423437
v -0.600000 -1.039230 2.373958
v -0.901225 -0.792334 2.343905
v -0.674999 -1.169135 2.472396
v -1.097352 -0.786332 2.432615
v -0.000000 -1.350000 2.521875
v 0.675000 -1.169134 2.571354
v -1.112430 -0.450000 2.904498
v -1.430909 -0.450000 3.093614
v -1.169922 -0.938766 3.130148
v -0.749995 -1.299043 3.164471
v 0.000000 -1.500000 3.214063
v 0.749995 -1.299043 3.263654
v 1.169922 -0.938766 3.297977
v 1.430909 -0.450000 3.334511
v 1.112430 -0.450000 3.129877
v 0.901225 -0.792334 3.096720
v 0.600000 -1.039230 3.066667
v -0.000000 -1.200000 3.017187
v -0.600000 -1.039230 2.967708
v -0.901225 -0.792334 2.937655
v -0.674999 -1.169135 3.066146
v -1.097352 -0.786332 3.026365
v 0.000000 -1.350000 3.115625
v 0.675000 -1.169134 3.165104
v -1.112430 -0.450000 3.498248
v -1.430909 -0.450000 3.687364
v -1.169922 -0.938766 3.723898
v -0.749995 -1.299043 3.758221
v 0.000000 -1.500000 3.807813
v 0.749995 -1.299043 3.857404
v 1.169922 -0.938766 3.891727
v 1.430909 -0.450000 3.928261
v 1.112430 -0.450000 3.723627
v 0.901225 -0.792334 3.690470
v 0.600000 -1.039230 3.660417
v -0.000000 -1.200000 3.610937
v -0.600000 -1.039230 3.561458
v -0.901225 -0.792334 3.531405
v -0.674999 -1.169135 3.659896
v -1.097352 -0.786332 3.620115
v 0.000000 -1.350000 3.709375
v 0.675000 -1.169134 3.758854
v -1.112430 -0.450000 4.091998
v -1.430909 -0.450000 4.281114
v -1.201912 -0.897444 4.314232
v -0.838345 -1.243858 4.345839
v -0.749996 -1.299043 4.351980
v -0.009878 -1.499967 4.400911
v 0.734211 -1.308027 4.450000
v 0.034381 -1.365902 4.316334
v -0.300950 -1.256498 4.242034
v -0.607618 -1.052376 4.165229
v -0.661014 -1.001529 4.150000
v -0.928647 -0.760010 4.121716
v -0.675011 -1.169128 4.253645
v -1.430909 0.450000 0.862636
v -1.170166 0.938462 0.826127
v -0.750007 1.299035 0.791539
v 0.000021 1.499999 0.742186
v 0.750000 1.299038 0.692718
v 1.126609 0.990330 0.662648
v 1.384452 0.577315 0.630546
v 1.405736 0.523361 0.626761
v 1.499958 -0.011445 0.593195
v 1.499907 -0.016841 0.592876
v 1.438253 -0.425940 0.567378
v 1.397686 -0.544493 0.559266
v 1.396446 -0.547665 0.559044
v 1.137115 -0.978248 0.525889
v 0.750007 -1.299036 0.494670
v 0.069812 -1.498374 0.449918
v -0.626157 -1.363058 0.404004
v -0.750000 -1.299038 0.395825
v -1.285024 -0.773765 0.348174
v -1.499023 -0.054132 0.300000
v -1.185029 -0.679476 0.433991
v -0.610618 -1.057550 0.578925
v -0.511579 -1.085489 0.600000
v 0.052908 -1.198833 0.646551
v 0.600000 -1.039230 0.691667
v 0.901225 -0.792334 0.721720
v 1.112430 -0.450000 0.754877
v 1.120863 -0.450000 0.750000
v 1.261912 -0.000001 0.750000
v 1.231667 0.450000 0.750000
v 1.350000 -0.000000 0.692187
v 1.169134 0.675000 0.741667
v 0.675000 1.169134 0.791146
v 0.000009 1.350000 0.840624
v -0.675000 1.169134 0.890104
v 1.169134 -0.675000 0.642708
v 0.675000 -1.169134 0.593229
v -0.000000 -1.350000 0.543750
v -0.675016 -1.169125 0.494270
v -1.430909 0.450000 1.456386
v -1.169922 0.938766 1.419852
v -0.749995 1.299043 1.385529
v 0.000000 1.500000 1.335938
v 0.749995 1.299043 1.286346
v 1.169922 0.938766 1.252023
v 1.430909 0.450000 1.215489
v 0.675000 1.169134 1.384896
v 1.097352 0.786332 1.345115
v 0.000000 1.350000 1.434375
v -0.674999 1.169135 1.483854
v -1.430909 0.450000 2.050136
v -1.169922 0.938766 2.013602
v -0.749995 1.299043 1.979279
v -0.000000 1.500000 1.929688
v 0.749995 1.299043 1.880096
v 1.169922 0.938766 1.845773
v 1.430909 0.450000 1.809239
v 0.675000 1.169134 1.978646
v 1.097352 0.786332 1.938865
v 0.000000 1.350000 2.028125
v -0.674999 1.169135 2.077604
v -1.430909 0.450000 2.643886
v -1.169923 0.938766 2.607352
v -0.749995 1.299043 2.573029
v 0.000000 1.500000 2.523437
v 0.749995 1.299043 2.473846
v 1.169922 0.938766 2.439523
v 1.430909 0.450000 2.402989
v 0.675000 1.169134 2.572396
v 1.097352 0.786332 2.532615
v 0.000000 1.350000 2.621875
v -0.674999 1.169135 2.671354
v -1.430909 0.450000 3.237636
v -1.169923 0.938766 3.201102
v -0.749995 1.299043 3.166779
v 0.000000 1.500000 3.117188
v 0.749995 1.299043 3.067596
v 1.169922 0.938766 3.033273
v 1.430909 0.450000 2.996739
v 0.675000 1.169134 3.166146
v 1.097352 0.786332 3.126365
v 0.000000 1.350000 3.215625
v -0.674999 1.169135 3.265104
v -1.430909 0.450000 3.831386
v -1.169923 0.938766 3.794852
v -0.749995 1.299043 3.760529
v 0.000000 1.500000 3.710937
v 0.749995 1.299043 3.661346
v 1.169922 0.938766 3.627023
v 1.430909 0.450000 3.590489
v 0.675000 1.169134 3.759896
v 1.097352 0.786332 3.720115
v 0.000000 1.350000 3.809375
v -0.674999 1.169135 3.858854
v 1.264013 0.450000 4.291726
v 1.034504 0.888311 4.313560
v 0.691306 1.197353 4.332510
v 0.313714 1.363233 4.348864
v -0.036951 1.413343 4.363826
v -0.721064 1.248918 4.392147
v -1.142738 0.913577 4.413036
v -1.414967 0.450000 4.434800
v -1.430909 0.450000 4.425136
v -1.169923 0.938766 4.388602
v -0.749995 1.299043 4.354279
v 0.000000 1.500000 4.304688
v 0.749995 1.299043 4.255096
v 1.169922 0.938766 4.220773
v 1.430909 0.450000 4.184239
v 0.710195 1.230092 4.307454
v 1.154597 0.827290 4.267669
v 0.000000 1.420388 4.356933
v -1.430909 -0.450000 1.512364
v 1.430909 -0.450000 1.753261
v 1.169922 -0.938766 1.716727
v 0.749995 -1.299043 1.682404
v 0.000000 -1.500000 1.632813
v -0.749995 -1.299043 1.583221
v -1.169922 -0.938766 1.548898
v -0.675000 -1.169134 1.681771
v -1.097352 -0.786332 1.641990
v -0.000000 -1.350000 1.731250
v 0.674999 -1.169135 1.780729
v -1.430909 -0.450000 2.106114
v 1.430909 -0.450000 2.347011
v 1.169922 -0.938766 2.310477
v 0.749995 -1.299043 2.276154
v -0.000000 -1.500000 2.226562
v -0.749995 -1.299043 2.176971
v -1.169922 -0.938766 2.142648
v -0.675000 -1.169134 2.275521
v -1.097352 -0.786332 2.235740
v -0.000000 -1.350000 2.325000
v 0.674999 -1.169135 2.374479
v -1.430909 -0.450000 2.699864
v 1.430909 -0.450000 2.940761
v 1.169923 -0.938766 2.904227
v 0.749995 -1.299043 2.869904
v -0.000000 -1.500000 2.820312
v -0.749995 -1.299043 2.770721
v -1.169922 -0.938766 2.736398
v -0.675000 -1.169134 2.869271
v -1.097352 -0.786332 2.829490
v -0.000000 -1.350000 2.918750
v 0.674999 -1.169135 2.968229
v -1.430909 -0.450000 3.293614
v 1.430909 -0.450000 3.534511
v 1.169922 -0.938766 3.497977
v 0.749995 -1.299043 3.463654
v 0.000000 -1.500000 3.414062
v -0.749995 -1.299043 3.364471
v -1.169922 -0.938766 3.330148
v -0.675000 -1.169134 3.463021
v -1.097352 -0.786332 3.423240
v -0.000000 -1.350000 3.512500
v 0.674999 -1.169135 3.561979
v -1.430909 -0.450000 3.887364
v -0.601583 -1.041967 4.153180
v -0.302997 -1.179873 4.168157
v 0.020233 -1.233833 4.183998
v 0.631499 -1.093810 4.213015
v 0.632441 -1.093318 4.213060
v 1.001599 -0.802941 4.233711
v 1.222756 -0.450000 4.252932
v 1.430909 -0.450000 4.128261
v 1.169922 -0.938766 4.091727
v 0.749995 -1.299043 4.057404
v -0.000000 -1.500000 4.007812
v -0.749995 -1.299043 3.958221
v -0.814214 -1.259786 3.953785
v -1.193170 -0.909036 3.921433
v -0.675000 -1.169134 4.056771
v -1.097352 -0.786332 4.016990
v -0.000000 -1.350000 4.106250
v 0.675621 -1.168776 4.155775
v -1.430909 -0.450000 0.918614
v 1.430909 -0.450000 1.159511
v 1.169922 -0.938766 1.122977
v 0.749995 -1.299043 1.088654
v 0.000000 -1.500000 1.039063
v -0.749995 -1.299043 0.989471
v -1.169922 -0.938766 0.955148
v -0.675000 -1.169134 1.088021
v -1.097352 -0.786332 1.048240
v 0.000000 -1.350000 1.137500
v 0.674999 -1.169135 1.186979
v -1.430909 -0.450000 4.450000
v -1.098463 -1.021459 4.450000
v -0.552630 -1.394489 4.450000
v 0.100558 -1.496626 4.450000
v 1.430909 -0.450000 0.959511
v 1.170184 -0.938440 0.923004
v 0.750007 -1.299035 0.888420
v 0.054979 -1.498991 0.842690
v -0.652617 -1.350589 0.796154
v -0.750002 -1.299037 0.789623
v -1.166220 -0.943361 0.755533
v -1.427001 -0.462242 0.719442
v -1.430303 -0.451920 0.718744
v -1.499672 -0.031445 0.692568
v -1.434697 0.437771 0.663459
v -1.432578 0.444656 0.662996
v -1.171978 0.936197 0.626317
v -0.750008 1.299035 0.591533
v -0.000094 1.499999 0.542194
v 0.750000 1.299038 0.492709
v 1.298907 0.750228 0.443247
v 1.500000 0.000000 0.393750
v 1.500000 0.000000 0.300000
v 1.303527 -0.742171 0.300000
v 0.765575 -1.289920 0.300000
v 0.027071 -1.499756 0.300000
v -0.718526 -1.316708 0.300000
v -1.275894 -0.788730 0.300000
v -1.430909 0.450000 0.750000
v -1.492270 0.152085 0.750000
v -1.492270 -0.152085 0.750000
v -1.430909 -0.450000 0.750000
v -1.948718 0.450000 1.551412
v -2.027528 0.450000 2.027213
v -2.040559 0.663018 2.027213
v -1.902132 0.618040 1.366000
v -1.902215 0.617720 1.366000
v -1.968252 0.450000 1.366000
v -1.959906 0.450001 1.427601
v -1.953393 0.450001 1.489423
v 2.027528 0.450000 2.027213
v 1.948718 0.450000 1.551412
v 1.902215 0.617720 1.366000
v 1.902132 0.618040 1.366000
v 2.040559 0.663018 2.027213
v 1.953393 0.450001 1.489423
v 1.959906 0.450001 1.427601
v 1.968252 0.450000 1.366000
v 1.911185 0.450000 4.750000
v 1.660652 1.047551 4.750000
v 1.588462 1.154086 4.750000
v 1.509450 1.255663 4.750000
v 1.154086 1.588462 4.750000
v 0.727760 1.823593 4.750000
v 0.606739 1.867350 4.750000
v 0.483110 1.903084 4.750000
v -0.000000 1.963448 4.750000
v -0.483110 1.903084 4.750000
v -0.606739 1.867350 4.750000
v -0.727760 1.823593 4.750000
v -1.154086 1.588462 4.750000
v -1.509450 1.255663 4.750000
v -1.588462 1.154086 4.750000
v -1.660652 1.047551 4.750000
v -1.911185 0.450000 4.750000
v -1.742843 0.450000 4.750000
v -1.385888 1.148614 4.750000
v -0.765668 1.629034 4.750000
v -0.000000 1.800000 4.750000
v 0.765668 1.629034 4.750000
v 1.385888 1.148614 4.750000
v 1.742843 0.450000 4.750000
v -1.948718 0.450000 2.525412
v -1.968306 0.450000 2.718547
v -1.902113 0.618034 2.718547
v -1.919284 0.562447 2.654202
v -1.934821 0.506428 2.589815
v 1.968306 0.450000 4.067168
v 1.948718 0.450000 3.875355
v 1.934782 0.506569 3.939185
v 1.919245 0.562587 4.003131
v 1.902113 0.618034 4.067168
v 2.027528 0.450000 3.392857
v 2.040559 0.663018 3.392857
v 1.976413 0.450000 4.517395
v 1.948718 0.450000 4.260302
v 1.934821 0.506428 4.195899
v 1.919284 0.562447 4.131512
v 1.948896 0.633235 4.436149
v 1.929274 0.590842 4.292681
v 1.948718 0.450000 2.910360
v 1.934782 0.506569 2.846529
v 1.919245 0.562587 2.782583
v 1.902113 0.618034 2.718547
v 1.968306 0.450000 2.718547
v 1.948718 0.450000 2.525412
v 1.919284 0.562447 2.654202
v 1.934821 0.506428 2.589815
v -1.968306 0.450000 4.067168
v -1.948718 0.450000 4.260302
v -1.934821 0.506428 4.195899
v -1.919284 0.562447 4.131512
v -1.902113 0.618034 4.067168
v -1.976413 0.450000 4.517395
v -1.948896 0.633235 4.436149
v -1.929274 0.590842 4.292681
v -1.948718 0.450000 3.875355
v -1.919245 0.562587 4.003131
v -1.934782 0.506569 3.939185
v -2.027528 0.450000 3.392857
v -2.040559 0.663018 3.392857
v -1.948718 0.450000 2.910360
v -1.934782 0.506569 2.846529
v -1.919245 0.562587 2.782583
v 1.948718 0.450000 1.366000
v 1.934841 0.506349 1.366000
v 1.919336 0.562271 1.366000
v -1.919336 0.562271 1.366000
v -1.934841 0.506349 1.366000
v -1.948718 0.450000 1.366000
v -2.000000 0.000000 0.000000
v -1.732051 -1.000000 0.000000
v -1.000000 -1.732051 0.000000
v -0.000000 -2.000000 0.000000
v 1.000000 -1.732051 0.000000
v 1.732051 -1.000000 0.000000
v 2.000000 -0.000000 0.000000
v 1.732051 1.000000 0.000000
v 1.000000 1.732051 0.000000
v 0.000000 2.000000 0.000000
v -1.000000 1.732051 0.000000
v -1.732051 1.000000 0.000000
v -1.948718 0.450000 0.750000
v -1.902147 0.617929 1.366000
v -1.902079 0.618139 1.366000
v -1.902011 0.618348 1.366000
v -1.618034 1.175571 1.366000
v -1.175838 1.617840 1.366000
v -1.175660 1.617969 1.366000
v -1.175481 1.618099 1.366000
v -1.175303 1.618228 1.366000
v -0.618034 1.902113 1.366000
v -0.000000 2.000000 1.366000
v 0.618034 1.902113 1.366000
v 1.175303 1.618228 1.366000
v 1.175481 1.618099 1.366000
v 1.175660 1.617969 1.366000
v 1.175838 1.617840 1.366000
v 1.618034 1.175571 1.366000
v 1.902011 0.618348 1.366000
v 1.902079 0.618139 1.366000
v 1.902147 0.617929 1.366000
v 1.948718 0.450000 0.750000
v 1.994280 0.151151 0.750000
v 1.994280 -0.151151 0.750000
v 1.948718 -0.450000 0.750000
v 1.948718 -0.450000 1.366000
v 1.934841 -0.506349 1.366000
v 1.919336 -0.562271 1.366000
v 1.902215 -0.617720 1.366000
v 1.902147 -0.617929 1.366000
v 1.902079 -0.618139 1.366000
v 1.902011 -0.618348 1.366000
v 1.618034 -1.175571 1.366000
v 1.175838 -1.617840 1.366000
v 1.175660 -1.617969 1.366000
v 1.175481 -1.618099 1.366000
v 1.175303 -1.618228 1.366000
v 0.618034 -1.902113 1.366000
v 0.000000 -2.000000 1.366000
v -0.618034 -1.902113 1.366000
v -1.175303 -1.618228 1.366000
v -1.175481 -1.618099 1.366000
v -1.175660 -1.617969 1.366000
v -1.175838 -1.617840 1.366000
v -1.618034 -1.175571 1.366000
v -1.902011 -0.618348 1.366000
v -1.902079 -0.618139 1.366000
v -1.902147 -0.617929 1.366000
v -1.902215 -0.617720 1.366000
v -1.919336 -0.562271 1.366000
v -1.934841 -0.506349 1.366000
v -1.948718 -0.450000 1.366000
v -1.948718 -0.450000 0.750000
v -1.994280 -0.151151 0.750000
v -1.994280 0.151151 0.750000
v 1.691567 1.067052 4.616205
v 1.658322 1.134541 4.582230
v 1.638096 1.190146 4.525435
v 1.591462 1.226565 4.582230
v 1.537550 1.279039 4.616205
v 1.204484 1.657830 4.436149
v 0.741309 1.857542 4.616205
v 0.674744 1.892600 4.582230
v 0.625697 1.925697 4.525435
v 0.566563 1.927750 4.582230
v 0.492104 1.938513 4.616205
v -0.000000 2.049191 4.436149
v -0.492104 1.938513 4.616205
v -0.566563 1.927750 4.582230
v -0.625697 1.925697 4.525435
v -0.674744 1.892600 4.582230
v -0.741309 1.857542 4.616205
v -1.204484 1.657830 4.436149
v -1.537550 1.279039 4.616205
v -1.591462 1.226565 4.582230
v -1.638096 1.190146 4.525435
v -1.658322 1.134541 4.582230
v -1.691567 1.067052 4.616205
v -0.602201 -1.043046 0.595565
v -0.868497 -0.855723 0.580759
v -1.075481 -0.606827 0.565133
v -1.262698 -0.029028 0.537033
v -1.264244 -0.000005 0.535812
v -1.228774 0.357802 0.520192
v -1.110178 0.666846 0.504941
v -0.661940 1.146517 0.476121
v -0.333408 1.296718 0.461106
v 0.023131 1.354596 0.445207
v 0.691881 1.198392 0.416251
v 1.019531 0.959199 0.400177
v 1.240908 0.679700 0.385134
v 1.443396 0.000000 0.356604
v -1.349992 -0.000001 0.592182
v 0.674997 -1.169126 0.790099
v -0.000000 -1.349992 0.740619
v -0.674996 -1.169127 0.691140
v -1.169127 -0.674996 0.641661
v -1.169127 0.674996 0.542703
v -0.674996 1.169127 0.493224
v -1.800000 0.000000 0.000000
v -1.558846 -0.900000 0.000000
v -0.900000 -1.558846 0.000000
v 0.000000 -1.800000 0.000000
v 0.900000 -1.558846 0.000000
v 1.558846 -0.900000 0.000000
v 1.800000 0.000000 0.000000
v 1.558846 0.900000 0.000000
v 0.900000 1.558846 0.000000
v -0.000000 1.800000 0.000000
v -0.900000 1.558846 0.000000
v -1.558846 0.900000 0.000000
v -1.175582 -1.618050 1.366000
v -1.044024 -1.705876 1.534351
v -0.907981 -1.782013 1.696429
v -0.766270 -1.847385 1.858679
v -0.618034 -1.902113 2.027213
v -1.261135 -1.735804 2.027213
v -0.662975 -2.040427 1.366000
v -0.653866 -1.940497 1.660941
v -1.618034 -1.175571 2.027213
v -1.520177 -1.299640 1.858679
v -1.414214 -1.414214 1.696429
v -1.299764 -1.520070 1.534351
v -1.735691 -1.261053 1.366000
v -1.643467 -1.221510 1.660941
v -1.618034 1.175571 2.027213
v -1.705791 1.044163 1.858679
v -1.782013 0.907981 1.696429
v -1.847322 0.766421 1.534351
v -1.735691 1.261053 1.366000
v -1.669584 1.185562 1.660941
v -0.662975 2.040427 1.366000
v -0.618034 1.902113 2.027213
v -0.465940 1.944968 1.858679
v -0.312869 1.975377 1.696429
v -0.157964 1.993752 1.534253
v -0.609582 1.954860 1.658804
v 0.662975 2.040427 1.366000
v 0.157964 1.993752 1.534253
v 0.312869 1.975377 1.696429
v 0.465940 1.944968 1.858679
v 0.618034 1.902113 2.027213
v 0.609582 1.954860 1.658804
v 1.847322 0.766421 1.534351
v 1.782013 0.907981 1.696429
v 1.705791 1.044163 1.858679
v 1.618034 1.175571 2.027213
v 1.735691 1.261053 1.366000
v 1.669584 1.185562 1.660941
v 1.175582 -1.618050 1.366000
v 1.299764 -1.520070 1.534351
v 1.414214 -1.414214 1.696429
v 1.520177 -1.299640 1.858679
v 1.618034 -1.175571 2.027213
v 1.261135 -1.735804 2.027213
v 1.735691 -1.261053 1.366000
v 1.643467 -1.221510 1.660941
v 0.618034 -1.902113 2.027213
v 0.766270 -1.847385 1.858679
v 0.907981 -1.782013 1.696429
v 1.044024 -1.705876 1.534351
v 0.662975 -2.040427 1.366000
v 0.653866 -1.940497 1.660941
v 1.902132 -0.618040 1.366000
v 2.040559 -0.663018 2.027213
v 1.705791 -1.044163 1.858679
v 1.782013 -0.907981 1.696429
v 1.847322 -0.766421 1.534351
v 1.669584 -1.185562 1.660941
v 1.968252 -0.450000 1.366000
v 1.959906 -0.450001 1.427601
v 1.953393 -0.450001 1.489423
v 1.948718 -0.450000 1.551412
v 2.027528 -0.450000 2.027213
v 1.175582 1.618050 1.366000
v 1.261135 1.735804 2.027213
v 1.520177 1.299640 1.858679
v 1.414214 1.414214 1.696429
v 1.299764 1.520070 1.534351
v 1.643467 1.221510 1.660941
v 0.766270 1.847385 1.858679
v 0.907981 1.782013 1.696429
v 1.044024 1.705876 1.534351
v 0.653866 1.940497 1.660941
v -1.175582 1.618050 1.366000
v -1.261135 1.735804 2.027213
v -0.766270 1.847385 1.858679
v -0.907981 1.782013 1.696429
v -1.044024 1.705876 1.534351
v -0.653866 1.940497 1.660941
v -1.520177 1.299640 1.858679
v -1.414214 1.414214 1.696429
v -1.299764 1.520070 1.534351
v -1.643467 1.221510 1.660941
v -2.040559 -0.663018 2.027213
v -2.027528 -0.450000 2.027213
v -1.948718 -0.450000 1.551412
v -1.902132 -0.618040 1.366000
v -1.953393 -0.450001 1.489423
v -1.959906 -0.450001 1.427601
v -1.968252 -0.450000 1.366000
v -1.705791 -1.044163 1.858679
v -1.782013 -0.907981 1.696429
v -1.847322 -0.766421 1.534351
v -1.669584 -1.185562 1.660941
v -0.157964 -1.993752 1.534253
v -0.312869 -1.975377 1.696429
v -0.465940 -1.944968 1.858679
v -0.609621 -1.954848 1.658845
v 0.465940 -1.944968 1.858679
v 0.312869 -1.975377 1.696429
v 0.157964 -1.993752 1.534253
v 0.609543 -1.954872 1.658763
v -1.742843 -0.450000 4.750000
v -1.911185 -0.450000 4.750000
v -1.660652 -1.047551 4.750000
v -1.588462 -1.154086 4.750000
v -1.509450 -1.255663 4.750000
v -1.154086 -1.588462 4.750000
v -0.727760 -1.823593 4.750000
v -0.606739 -1.867350 4.750000
v -0.483110 -1.903084 4.750000
v 0.000000 -1.963448 4.750000
v 0.483110 -1.903084 4.750000
v 0.606739 -1.867350 4.750000
v 0.727760 -1.823593 4.750000
v 1.154086 -1.588462 4.750000
v 1.509450 -1.255663 4.750000
v 1.588462 -1.154086 4.750000
v 1.660652 -1.047551 4.750000
v 1.911185 -0.450000 4.750000
v 1.742843 -0.450000 4.750000
v 1.385888 -1.148614 4.750000
v 0.765668 -1.629034 4.750000
v -0.000000 -1.800000 4.750000
v -0.765668 -1.629034 4.750000
v -1.385888 -1.148614 4.750000
v 1.902113 -0.618034 4.067168
v 1.919284 -0.562447 4.131512
v 1.934821 -0.506428 4.195899
v 1.948718 -0.450000 4.260302
v 1.976413 -0.450000 4.517395
v 1.948896 -0.633235 4.436149
v 1.929274 -0.590842 4.292681
v 1.968306 -0.450000 4.067168
v -0.000000 -2.000000 2.718547
v -0.663018 -2.040559 2.718547
v -0.000000 -2.145571 2.027213
v 0.618034 -1.902113 3.392857
v -0.000000 -2.145571 3.392857
v 0.663018 -2.040559 2.718547
v 0.620784 -1.951377 3.034730
v 1.175571 -1.618034 4.067168
v 0.663018 -2.040559 4.067168
v 1.261135 -1.735804 3.392857
v -1.175571 -1.618034 2.718547
v -0.618034 -1.902113 3.392857
v -0.620784 -1.951377 3.034730
v -0.000000 -2.000000 4.067168
v 1.204484 -1.657830 4.436149
v 0.741309 -1.857542 4.616205
v 1.120378 -1.678077 4.342861
v 0.674744 -1.892600 4.582230
v 0.625697 -1.925697 4.525435
v 0.681933 -1.930857 4.344515
v 0.492104 -1.938513 4.616205
v 0.000000 -2.049191 4.436149
v 0.079944 -2.016135 4.342861
v 0.566563 -1.927750 4.582230
v 0.583234 -1.962927 4.344515
v -1.175571 -1.618034 4.067168
v -1.735804 -1.261135 4.067168
v -1.618034 -1.175571 3.392857
v -1.261135 -1.735804 3.392857
v -2.040559 -0.663018 3.392857
v -1.902113 -0.618034 2.718547
v -1.735804 -1.261135 2.718547
v -1.664037 -1.193409 3.034730
v -1.968306 -0.450000 2.718547
v -1.948718 -0.450000 2.525412
v -1.934821 -0.506428 2.589815
v -1.919284 -0.562447 2.654202
v -1.902113 -0.618034 4.067168
v -1.204484 -1.657830 4.436149
v -1.537550 -1.279039 4.616205
v -1.249730 -1.584098 4.342861
v -1.591462 -1.226565 4.582230
v -1.638096 -1.190146 4.525435
v -1.625625 -1.245225 4.344515
v -2.027528 -0.450000 3.392857
v -1.948718 -0.450000 2.910360
v -1.934782 -0.506569 2.846529
v -1.919245 -0.562587 2.782583
v -1.691567 -1.067052 4.616205
v -1.948896 -0.633235 4.436149
v -1.892754 -0.699051 4.342861
v -1.658322 -1.134541 4.582230
v -1.686625 -1.161266 4.344515
v 0.000000 2.145571 2.027213
v -1.175571 1.618034 2.718547
v -0.663018 2.040559 2.718547
v -1.618034 1.175571 3.392857
v -1.261135 1.735804 3.392857
v -1.735804 1.261135 2.718547
v -1.649215 1.213809 3.034730
v -1.735804 1.261135 4.067168
v -0.000000 2.000000 2.718547
v -0.618034 1.902113 3.392857
v -0.644766 1.943584 3.034730
v -1.175571 1.618034 4.067168
v -1.892754 0.699051 4.342861
v -1.686625 1.161266 4.344515
v -1.249730 1.584098 4.342861
v -1.625625 1.245225 4.344515
v 0.618034 1.902113 3.392857
v 1.261135 1.735804 3.392857
v 1.175571 1.618034 2.718547
v 0.663018 2.040559 2.718547
v 0.644766 1.943584 3.034730
v 0.000000 2.000000 4.067168
v 0.663018 2.040559 4.067168
v 0.000000 2.145571 3.392857
v 1.735804 1.261135 2.718547
v 1.618034 1.175571 3.392857
v 1.649215 1.213809 3.034730
v 1.175571 1.618034 4.067168
v 0.079944 2.016135 4.342861
v 0.583234 1.962927 4.344515
v 1.120378 1.678077 4.342861
v 0.681933 1.930857 4.344515
v 1.735804 -1.261135 2.718547
v 1.902113 -0.618034 2.718547
v 1.919245 -0.562587 2.782583
v 1.934782 -0.506569 2.846529
v 1.948718 -0.450000 2.910360
v 2.027528 -0.450000 3.392857
v 2.040559 -0.663018 3.392857
v 1.968306 -0.450000 2.718547
v 1.175571 -1.618034 2.718547
v 1.618034 -1.175571 3.392857
v 1.664037 -1.193409 3.034730
v 1.919245 -0.562587 4.003131
v 1.934782 -0.506569 3.939185
v 1.948718 -0.450000 3.875355
v 1.735804 1.261135 4.067168
v 1.686625 1.161266 4.344515
v 1.892754 0.699051 4.342861
v 1.249730 1.584098 4.342861
v 1.625625 1.245225 4.344515
v 1.919284 -0.562447 2.654202
v 1.934821 -0.506428 2.589815
v 1.948718 -0.450000 2.525412
v 1.664037 1.193409 3.034730
v -0.663018 2.040559 4.067168
v -0.583234 1.962927 4.344515
v -0.079944 2.016135 4.342861
v 0.620784 1.951377 3.034730
v -1.120378 1.678077 4.342861
v -0.681933 1.930857 4.344515
v -0.620784 1.951377 3.034730
v -1.976413 -0.450000 4.517395
v -1.948718 -0.450000 4.260302
v -1.934821 -0.506428 4.195899
v -1.919284 -0.562447 4.131512
v -1.929274 -0.590842 4.292681
v -1.968306 -0.450000 4.067168
v -1.664037 1.193409 3.034730
v -1.919245 -0.562587 4.003131
v -1.934782 -0.506569 3.939185
v -1.948718 -0.450000 3.875355
v -0.663018 -2.040559 4.067168
v -0.625697 -1.925697 4.525435
v -0.674744 -1.892600 4.582230
v -0.741309 -1.857542 4.616205
v -0.681933 -1.930857 4.344515
v -1.120378 -1.678077 4.342861
v -1.649215 -1.213809 3.034730
v -0.492104 -1.938513 4.616205
v -0.079944 -2.016135 4.342861
v -0.566563 -1.927750 4.582230
v -0.583234 -1.962927 4.344515
v -0.644766 -1.943584 3.034730
v 1.735804 -1.261135 4.067168
v 1.638096 -1.190146 4.525435
v 1.591462 -1.226565 4.582230
v 1.537550 -1.279039 4.616205
v 1.625625 -1.245225 4.344515
v 1.249730 -1.584098 4.342861
v 0.644766 -1.943584 3.034730
v 1.691567 -1.067052 4.616205
v 1.892754 -0.699051 4.342861
v 1.658322 -1.134541 4.582230
v 1.686625 -1.161266 4.344515
v 1.649215 -1.213809 3.034730
vt 0.000000 0.924149 0.000000
vt 0.035883 0.913272 0.000000
vt 0.017942 0.956320 0.000000
vt 0.035883 0.963720 0.000000
vt 0.017942 1.015562 0.000000
vt 0.035877 1.015562 0.000000
vt 0.017942 1.088102 0.000000
vt 0.035883 1.088102 0.000000
vt 0.035883 1.160642 0.000000
vt 0.017942 1.160642 0.000000
vt 0.035883 1.212484 0.000000
vt 0.000000 1.206349 0.000000
vt 0.000000 1.252056 0.000000
vt 0.035883 1.262933 0.000000
vt 0.000000 1.160642 0.000000
vt 0.000000 1.088102 0.000000
vt 0.000000 1.015562 0.000000
vt 0.000000 0.969855 0.000000
vt 0.000000 1.794631 0.000000
vt 0.035883 1.783753 0.000000
vt 0.017942 1.826802 0.000000
vt 0.035883 1.834202 0.000000
vt 0.017942 1.886044 0.000000
vt 0.035877 1.886044 0.000000
vt 0.017942 1.958584 0.000000
vt 0.035883 1.958584 0.000000
vt 0.035883 2.031124 0.000000
vt 0.017942 2.031124 0.000000
vt 0.035883 2.082966 0.000000
vt 0.000000 2.076831 0.000000
vt 0.000000 2.122537 0.000000
vt 0.035883 2.133415 0.000000
vt 0.000000 2.031124 0.000000
vt 0.000000 1.958584 0.000000
vt 0.000000 1.886044 0.000000
vt 0.000000 1.840337 0.000000
vt 0.000000 2.665112 0.000000
vt 0.035883 2.654235 0.000000
vt 0.017942 2.697284 0.000000
vt 0.035883 2.704684 0.000000
vt 0.017942 2.756526 0.000000
vt 0.035877 2.756526 0.000000
vt 0.017942 2.829066 0.000000
vt 0.035883 2.829066 0.000000
vt 0.035883 2.901606 0.000000
vt 0.017942 2.901606 0.000000
vt 0.035883 2.953448 0.000000
vt 0.000000 2.947313 0.000000
vt 0.000000 2.993019 0.000000
vt 0.035883 3.003896 0.000000
vt 0.000000 2.901606 0.000000
vt 0.000000 2.829066 0.000000
vt 0.000000 2.756526 0.000000
vt 0.000000 2.710819 0.000000
vt 0.000000 3.535594 0.000000
vt 0.035883 3.524717 0.000000
vt 0.017942 3.567765 0.000000
vt 0.035883 3.575166 0.000000
vt 0.017942 3.627007 0.000000
vt 0.035877 3.627008 0.000000
vt 0.017942 3.699548 0.000000
vt 0.035883 3.699548 0.000000
vt 0.035883 3.772088 0.000000
vt 0.017942 3.772088 0.000000
vt 0.035883 3.823929 0.000000
vt 0.000000 3.817794 0.000000
vt 0.000000 3.863501 0.000000
vt 0.035883 3.874378 0.000000
vt 0.000000 3.772088 0.000000
vt 0.000000 3.699548 0.000000
vt 0.000000 3.627007 0.000000
vt 0.000000 3.581301 0.000000
vt 0.000000 4.406076 0.000000
vt 0.035883 4.395199 0.000000
vt 0.017942 4.438247 0.000000
vt 0.035883 4.445647 0.000000
vt 0.017942 4.497489 0.000000
vt 0.035877 4.497489 0.000000
vt 0.017942 4.570029 0.000000
vt 0.035883 4.570029 0.000000
vt 0.035883 4.642569 0.000000
vt 0.017942 4.642569 0.000000
vt 0.035883 4.694411 0.000000
vt 0.000000 4.688276 0.000000
vt 0.000000 4.733983 0.000000
vt 0.035883 4.744860 0.000000
vt 0.000000 4.642569 0.000000
vt 0.000000 4.570029 0.000000
vt 0.000000 4.497489 0.000000
vt 0.000000 4.451783 0.000000
vt 0.000000 5.276558 0.000000
vt 0.035883 5.265680 0.000000
vt 0.017942 5.308729 0.000000
vt 0.035883 5.316129 0.000000
vt 0.017942 5.367971 0.000000
vt 0.035877 5.367971 0.000000
vt 0.017942 5.440511 0.000000
vt 0.035883 5.440511 0.000000
vt 0.035883 5.513051 0.000000
vt 0.017942 5.513051 0.000000
vt 0.035883 5.564893 0.000000
vt 0.000000 5.558758 0.000000
vt 0.000000 5.604464 0.000000
vt 0.035883 5.615342 0.000000
vt 0.000000 5.513051 0.000000
vt 0.000000 5.440511 0.000000
vt 0.000000 5.367971 0.000000
vt 0.000000 5.322264 0.000000
vt 0.000000 1.405096 0.000000
vt 0.000000 1.359390 0.000000
vt 0.017942 1.391561 0.000000
vt 0.035883 1.348512 0.000000
vt 0.035883 1.398961 0.000000
vt 0.017942 1.450803 0.000000
vt 0.035877 1.450803 0.000000
vt 0.017942 1.523343 0.000000
vt 0.035883 1.523343 0.000000
vt 0.035883 1.595883 0.000000
vt 0.017942 1.595883 0.000000
vt 0.035883 1.647725 0.000000
vt 0.000000 1.641590 0.000000
vt 0.000000 1.687297 0.000000
vt 0.035883 1.698174 0.000000
vt 0.000000 1.595883 0.000000
vt 0.000000 1.523343 0.000000
vt 0.000000 1.450803 0.000000
vt 0.000000 2.275578 0.000000
vt 0.000000 2.229871 0.000000
vt 0.017942 2.262043 0.000000
vt 0.035883 2.218994 0.000000
vt 0.035883 2.269443 0.000000
vt 0.017942 2.321285 0.000000
vt 0.035877 2.321285 0.000000
vt 0.017942 2.393825 0.000000
vt 0.035883 2.393825 0.000000
vt 0.035883 2.466365 0.000000
vt 0.017942 2.466365 0.000000
vt 0.035883 2.518207 0.000000
vt 0.000000 2.512072 0.000000
vt 0.000000 2.557778 0.000000
vt 0.035883 2.568656 0.000000
vt 0.000000 2.466365 0.000000
vt 0.000000 2.393825 0.000000
vt 0.000000 2.321285 0.000000
vt 0.000000 3.146060 0.000000
vt 0.000000 3.100353 0.000000
vt 0.017942 3.132525 0.000000
vt 0.035883 3.089476 0.000000
vt 0.035883 3.139925 0.000000
vt 0.017942 3.191767 0.000000
vt 0.035877 3.191767 0.000000
vt 0.017942 3.264307 0.000000
vt 0.035883 3.264307 0.000000
vt 0.035883 3.336847 0.000000
vt 0.017942 3.336847 0.000000
vt 0.035883 3.388689 0.000000
vt 0.000000 3.382553 0.000000
vt 0.000000 3.428260 0.000000
vt 0.035883 3.439137 0.000000
vt 0.000000 3.336847 0.000000
vt 0.000000 3.264307 0.000000
vt 0.000000 3.191766 0.000000
vt 0.000000 4.016542 0.000000
vt 0.000000 3.970835 0.000000
vt 0.017942 4.003006 0.000000
vt 0.035883 3.959958 0.000000
vt 0.035883 4.010406 0.000000
vt 0.017942 4.062248 0.000000
vt 0.035877 4.062248 0.000000
vt 0.017942 4.134788 0.000000
vt 0.035883 4.134788 0.000000
vt 0.035883 4.207329 0.000000
vt 0.017942 4.207329 0.000000
vt 0.035883 4.259170 0.000000
vt 0.000000 4.253035 0.000000
vt 0.000000 4.298742 0.000000
vt 0.035883 4.309619 0.000000
vt 0.000000 4.207329 0.000000
vt 0.000000 4.134788 0.000000
vt 0.000000 4.062248 0.000000
vt 0.000000 4.887023 0.000000
vt 0.000000 4.841317 0.000000
vt 0.017942 4.873488 0.000000
vt 0.035883 4.830439 0.000000
vt 0.035883 4.880888 0.000000
vt 0.017942 4.932730 0.000000
vt 0.035877 4.932730 0.000000
vt 0.017942 5.005270 0.000000
vt 0.035883 5.005270 0.000000
vt 0.035883 5.077810 0.000000
vt 0.017942 5.077810 0.000000
vt 0.035883 5.129652 0.000000
vt 0.000000 5.123517 0.000000
vt 0.000000 5.169224 0.000000
vt 0.035883 5.180101 0.000000
vt 0.000000 5.077810 0.000000
vt 0.000000 5.005270 0.000000
vt 0.000000 4.932730 0.000000
vt 0.000000 5.509026 0.000000
vt 0.035883 5.498535 0.000000
vt 0.000000 5.548461 0.000000
vt 0.017942 5.597193 0.000000
vt 0.001820 5.597192 0.000000
vt 0.011008 5.636325 0.000000
vt 0.035878 5.597194 0.000000
vt 0.035883 5.666300 0.000000
vt 0.035883 5.542623 0.000000
vt 0.035874 5.587561 0.000000
vt 0.035883 5.735432 0.000000
vt 0.019895 5.670445 0.000000
vt 0.000000 5.588894 0.000000
vt 0.022571 0.883848 0.000000
vt 0.035883 0.888312 0.000000
vt 0.017942 0.906454 0.000000
vt 0.035883 0.932247 0.000000
vt 0.017942 0.976181 0.000000
vt 0.035883 0.976181 0.000000
vt 0.017942 1.045907 0.000000
vt 0.035883 1.045908 0.000000
vt 0.035883 1.115635 0.000000
vt 0.017942 1.115635 0.000000
vt 0.035883 1.159570 0.000000
vt 0.035883 1.203504 0.000000
vt 0.000000 1.213959 0.000000
vt 0.000000 1.165501 0.000000
vt -0.000000 1.115635 0.000000
vt 0.000000 1.045906 0.000000
vt 0.000001 0.976181 0.000000
vt 0.000000 0.932236 0.000000
vt 0.000000 0.889708 0.000000
vt 0.000000 0.884649 0.000000
vt 0.017942 0.836726 0.000000
vt 0.000005 0.835664 0.000000
vt 0.000005 0.835163 0.000000
vt 0.000000 0.797807 0.000000
vt 0.017942 0.766999 0.000000
vt 0.028478 0.836726 0.000000
vt 0.034948 0.785483 0.000000
vt 0.035883 0.785141 0.000000
vt 0.035883 0.741206 0.000000
vt 0.017942 0.697272 0.000000
vt 0.035883 0.697272 0.000000
vt 0.035883 0.633284 0.000000
vt 0.017942 0.627545 0.000000
vt 0.035883 0.569297 0.000000
vt 0.017942 0.557816 0.000000
vt 0.033357 0.557814 0.000000
vt 0.000000 0.490484 0.000000
vt 0.016027 0.487703 0.000000
vt 0.000000 0.423373 0.000000
vt 0.000000 0.786830 0.000000
vt 0.000000 0.786533 0.000000
vt 0.000000 0.742618 0.000000
vt -0.000000 0.697272 0.000000
vt 0.000000 0.633604 0.000000
vt 0.000000 0.570633 0.000000
vt -0.000000 0.557818 0.000000
vt 0.000000 1.783753 0.000000
vt 0.035883 1.794631 0.000000
vt 0.017942 1.826802 0.000000
vt 0.035883 1.840337 0.000000
vt 0.017942 1.886044 0.000000
vt 0.035883 1.886044 0.000000
vt 0.035883 1.958584 0.000000
vt 0.035883 2.031124 0.000000
vt 0.017942 2.031124 0.000000
vt 0.017942 1.958584 0.000000
vt 0.000000 1.886044 0.000000
vt 0.000000 1.834202 0.000000
vt 0.035883 2.076831 0.000000
vt 0.000000 2.082966 0.000000
vt 0.000006 2.031124 0.000000
vt 0.035883 2.122537 0.000000
vt 0.000000 2.133415 0.000000
vt 0.000000 1.958584 0.000000
vt 0.000000 2.654235 0.000000
vt 0.035883 2.665112 0.000000
vt 0.017942 2.697284 0.000000
vt 0.035883 2.710819 0.000000
vt 0.017942 2.756526 0.000000
vt 0.035883 2.756526 0.000000
vt 0.035883 2.829066 0.000000
vt 0.035883 2.901606 0.000000
vt 0.017942 2.901606 0.000000
vt 0.017942 2.829066 0.000000
vt 0.000000 2.756526 0.000000
vt 0.000000 2.704684 0.000000
vt 0.035883 2.947313 0.000000
vt 0.000000 2.953448 0.000000
vt 0.000006 2.901606 0.000000
vt 0.035883 2.993019 0.000000
vt 0.000000 3.003896 0.000000
vt 0.000000 2.829066 0.000000
vt 0.000000 3.524717 0.000000
vt 0.035883 3.535594 0.000000
vt 0.017942 3.567765 0.000000
vt 0.035883 3.581301 0.000000
vt 0.017942 3.627007 0.000000
vt 0.035883 3.627007 0.000000
vt 0.035883 3.699548 0.000000
vt 0.035883 3.772088 0.000000
vt 0.017942 3.772088 0.000000
vt 0.017942 3.699548 0.000000
vt 0.000000 3.627007 0.000000
vt 0.000000 3.575166 0.000000
vt 0.035883 3.817794 0.000000
vt 0.000000 3.823930 0.000000
vt 0.000006 3.772087 0.000000
vt 0.035883 3.863501 0.000000
vt 0.000000 3.874378 0.000000
vt 0.000000 3.699548 0.000000
vt 0.000000 4.395199 0.000000
vt 0.035883 4.406076 0.000000
vt 0.017942 4.438247 0.000000
vt 0.035883 4.451783 0.000000
vt 0.017942 4.497489 0.000000
vt 0.035883 4.497489 0.000000
vt 0.035883 4.570029 0.000000
vt 0.035883 4.642569 0.000000
vt 0.017942 4.642569 0.000000
vt 0.017942 4.570029 0.000000
vt 0.000000 4.497489 0.000000
vt 0.000000 4.445647 0.000000
vt 0.035883 4.688276 0.000000
vt 0.000000 4.694411 0.000000
vt 0.000006 4.642569 0.000000
vt 0.035883 4.733983 0.000000
vt 0.000000 4.744860 0.000000
vt 0.000000 4.570029 0.000000
vt 0.000000 5.265680 0.000000
vt 0.035883 5.276558 0.000000
vt 0.017942 5.308729 0.000000
vt 0.035883 5.322264 0.000000
vt 0.017942 5.367971 0.000000
vt 0.035883 5.367971 0.000000
vt 0.035883 5.440511 0.000000
vt 0.035883 5.513051 0.000000
vt 0.017942 5.513051 0.000000
vt 0.017942 5.440511 0.000000
vt 0.000000 5.367971 0.000000
vt 0.000000 5.316129 0.000000
vt 0.035883 5.558758 0.000000
vt 0.000000 5.564893 0.000000
vt 0.000006 5.513051 0.000000
vt 0.035883 5.604464 0.000000
vt 0.000000 5.615342 0.000000
vt 0.000000 5.440511 0.000000
vt 0.000000 6.456578 0.000000
vt 0.018931 6.461948 0.000000
vt 0.009522 6.501869 0.000000
vt 0.016320 6.514438 0.000000
vt 0.014057 6.564209 0.000000
vt 0.009522 6.564209 0.000000
vt 0.012097 6.608184 0.000000
vt 0.009522 6.640538 0.000000
vt 0.010307 6.644261 0.000000
vt 0.006922 6.716866 0.000000
vt 0.004421 6.771672 0.000000
vt 0.000000 6.771414 0.000000
vt 0.000006 6.716865 0.000000
vt 0.000000 6.640538 0.000000
vt 0.001818 6.824033 0.000000
vt 0.000000 6.824497 0.000000
vt 0.000000 6.564210 0.000000
vt 0.000000 6.509661 0.000000
vt 0.000000 2.269443 0.000000
vt 0.000000 2.218994 0.000000
vt 0.017942 2.262043 0.000000
vt 0.035883 2.229871 0.000000
vt 0.035883 2.275578 0.000000
vt 0.017942 2.321285 0.000000
vt 0.035883 2.321285 0.000000
vt 0.035883 2.393825 0.000000
vt 0.035883 2.466365 0.000000
vt 0.017942 2.466365 0.000000
vt 0.017942 2.393825 0.000000
vt 0.000000 2.321285 0.000000
vt 0.035883 2.512072 0.000000
vt 0.000000 2.518207 0.000000
vt 0.000006 2.466365 0.000000
vt 0.035883 2.557778 0.000000
vt 0.000000 2.568656 0.000000
vt 0.000000 2.393825 0.000000
vt 0.000000 3.139925 0.000000
vt 0.000000 3.089476 0.000000
vt 0.017942 3.132525 0.000000
vt 0.035883 3.100353 0.000000
vt 0.035883 3.146060 0.000000
vt 0.017942 3.191767 0.000000
vt 0.035883 3.191766 0.000000
vt 0.035883 3.264307 0.000000
vt 0.035883 3.336847 0.000000
vt 0.017942 3.336847 0.000000
vt 0.017942 3.264307 0.000000
vt 0.000000 3.191767 0.000000
vt 0.035883 3.382553 0.000000
vt 0.000000 3.388689 0.000000
vt 0.000006 3.336847 0.000000
vt 0.035883 3.428260 0.000000
vt 0.000000 3.439137 0.000000
vt 0.000000 3.264307 0.000000
vt 0.000000 4.010406 0.000000
vt 0.000000 3.959958 0.000000
vt 0.017942 4.003006 0.000000
vt 0.035883 3.970835 0.000000
vt 0.035883 4.016542 0.000000
vt 0.017942 4.062248 0.000000
vt 0.035883 4.062248 0.000000
vt 0.035883 4.134788 0.000000
vt 0.035883 4.207329 0.000000
vt 0.017942 4.207328 0.000000
vt 0.017942 4.134788 0.000000
vt 0.000000 4.062248 0.000000
vt 0.035883 4.253035 0.000000
vt 0.000000 4.259170 0.000000
vt 0.000006 4.207328 0.000000
vt 0.035883 4.298742 0.000000
vt 0.000000 4.309619 0.000000
vt 0.000000 4.134788 0.000000
vt 0.000000 4.880888 0.000000
vt 0.000000 4.830439 0.000000
vt 0.017942 4.873488 0.000000
vt 0.035883 4.841317 0.000000
vt 0.035883 4.887023 0.000000
vt 0.017942 4.932730 0.000000
vt 0.035883 4.932730 0.000000
vt 0.035883 5.005270 0.000000
vt 0.035883 5.077810 0.000000
vt 0.017942 5.077810 0.000000
vt 0.017942 5.005270 0.000000
vt 0.000000 4.932730 0.000000
vt 0.035883 5.123517 0.000000
vt 0.000000 5.129652 0.000000
vt 0.000006 5.077810 0.000000
vt 0.035883 5.169224 0.000000
vt 0.000000 5.180101 0.000000
vt 0.000000 5.005270 0.000000
vt 0.000000 5.747947 0.000000
vt 0.000000 5.700921 0.000000
vt 0.017942 5.743970 0.000000
vt 0.035883 5.711799 0.000000
vt 0.035883 5.752684 0.000000
vt 0.035883 5.794606 0.000000
vt 0.017942 5.803212 0.000000
vt 0.000000 5.795978 0.000000
vt 0.000000 5.803212 0.000000
vt 0.017942 5.875752 0.000000
vt 0.000000 5.875752 0.000000
vt 0.000006 5.948292 0.000000
vt 0.017942 5.948369 0.000000
vt 0.000000 6.000134 0.000000
vt 0.025870 6.000197 0.000000
vt 0.023571 6.044030 0.000000
vt 0.035508 5.803212 0.000000
vt 0.033711 5.841545 0.000000
vt 0.031817 5.877971 0.000000
vt 0.028357 5.948292 0.000000
vt 0.028352 5.948414 0.000000
vt 0.000000 6.050583 0.000000
vt 0.000000 1.398961 0.000000
vt 0.000000 1.348512 0.000000
vt 0.017942 1.391561 0.000000
vt 0.035883 1.359390 0.000000
vt 0.035883 1.405096 0.000000
vt 0.017942 1.450803 0.000000
vt 0.035883 1.450803 0.000000
vt 0.035883 1.523343 0.000000
vt 0.035883 1.595883 0.000000
vt 0.017942 1.595883 0.000000
vt 0.017942 1.523343 0.000000
vt 0.000000 1.450803 0.000000
vt 0.035883 1.641590 0.000000
vt 0.000000 1.647725 0.000000
vt 0.000006 1.595883 0.000000
vt 0.035883 1.687297 0.000000
vt 0.000000 1.698174 0.000000
vt 0.000000 1.523343 0.000000
vt 0.076576 0.425535 0.000000
vt 0.056576 0.425535 0.000000
vt 0.072923 0.369807 0.000000
vt 0.052923 0.369807 0.000000
vt 0.069490 0.314159 0.000000
vt 0.049490 0.314159 0.000000
vt 0.064531 0.235619 0.000000
vt 0.044531 0.235619 0.000000
vt 0.059572 0.157080 0.000000
vt 0.039572 0.157080 0.000000
vt 0.056140 0.101432 0.000000
vt 0.036140 0.101432 0.000000
vt 0.052486 0.045704 0.000000
vt 0.032486 0.045704 0.000000
vt 0.135951 0.425535 0.000000
vt 0.115951 0.425535 0.000000
vt 0.132298 0.369807 0.000000
vt 0.112298 0.369807 0.000000
vt 0.128865 0.314159 0.000000
vt 0.108865 0.314159 0.000000
vt 0.123906 0.235619 0.000000
vt 0.103906 0.235619 0.000000
vt 0.118947 0.157080 0.000000
vt 0.098947 0.157080 0.000000
vt 0.115515 0.101432 0.000000
vt 0.095515 0.101432 0.000000
vt 0.111861 0.045704 0.000000
vt 0.091861 0.045704 0.000000
vt 0.195326 0.425535 0.000000
vt 0.175326 0.425535 0.000000
vt 0.191673 0.369807 0.000000
vt 0.171673 0.369807 0.000000
vt 0.188240 0.314159 0.000000
vt 0.168240 0.314159 0.000000
vt 0.183281 0.235619 0.000000
vt 0.163281 0.235619 0.000000
vt 0.178322 0.157080 0.000000
vt 0.158322 0.157080 0.000000
vt 0.174890 0.101432 0.000000
vt 0.154890 0.101432 0.000000
vt 0.171236 0.045704 0.000000
vt 0.151236 0.045704 0.000000
vt 0.254701 0.425535 0.000000
vt 0.234701 0.425535 0.000000
vt 0.251048 0.369807 0.000000
vt 0.231048 0.369807 0.000000
vt 0.247615 0.314159 0.000000
vt 0.227615 0.314159 0.000000
vt 0.242656 0.235619 0.000000
vt 0.222656 0.235619 0.000000
vt 0.237697 0.157080 0.000000
vt 0.217697 0.157080 0.000000
vt 0.234265 0.101432 0.000000
vt 0.214265 0.101432 0.000000
vt 0.230611 0.045704 0.000000
vt 0.210611 0.045704 0.000000
vt 0.314076 0.425535 0.000000
vt 0.294076 0.425535 0.000000
vt 0.310423 0.369807 0.000000
vt 0.290423 0.369807 0.000000
vt 0.306990 0.314159 0.000000
vt 0.286990 0.314159 0.000000
vt 0.302031 0.235619 0.000000
vt 0.282031 0.235619 0.000000
vt 0.297072 0.157080 0.000000
vt 0.277072 0.157080 0.000000
vt 0.293640 0.101432 0.000000
vt 0.273640 0.101432 0.000000
vt 0.289986 0.045704 0.000000
vt 0.269986 0.045704 0.000000
vt 0.373451 0.425535 0.000000
vt 0.353451 0.425535 0.000000
vt 0.369798 0.369807 0.000000
vt 0.349798 0.369807 0.000000
vt 0.366365 0.314159 0.000000
vt 0.346365 0.314159 0.000000
vt 0.361406 0.235619 0.000000
vt 0.341406 0.235619 0.000000
vt 0.356447 0.157080 0.000000
vt 0.336447 0.157080 0.000000
vt 0.353015 0.101432 0.000000
vt 0.333015 0.101432 0.000000
vt 0.349361 0.045704 0.000000
vt 0.329361 0.045704 0.000000
vt 0.343764 -0.045704 0.000000
vt 0.323764 -0.045704 0.000000
vt 0.340110 -0.101432 0.000000
vt 0.320110 -0.101432 0.000000
vt 0.336678 -0.157080 0.000000
vt 0.316678 -0.157080 0.000000
vt 0.331719 -0.235619 0.000000
vt 0.311719 -0.235619 0.000000
vt 0.326760 -0.314159 0.000000
vt 0.306760 -0.314159 0.000000
vt 0.323327 -0.369807 0.000000
vt 0.303327 -0.369807 0.000000
vt 0.319674 -0.425535 0.000000
vt 0.299674 -0.425535 0.000000
vt 0.284389 -0.045704 0.000000
vt 0.264389 -0.045704 0.000000
vt 0.280735 -0.101432 0.000000
vt 0.260735 -0.101432 0.000000
vt 0.277303 -0.157080 0.000000
vt 0.257303 -0.157080 0.000000
vt 0.272344 -0.235619 0.000000
vt 0.252344 -0.235619 0.000000
vt 0.267385 -0.314159 0.000000
vt 0.247385 -0.314159 0.000000
vt 0.263952 -0.369807 0.000000
vt 0.243952 -0.369807 0.000000
vt 0.260299 -0.425535 0.000000
vt 0.240299 -0.425535 0.000000
vt 0.225014 -0.045704 0.000000
vt 0.205014 -0.045704 0.000000
vt 0.221360 -0.101432 0.000000
vt 0.201360 -0.101432 0.000000
vt 0.217928 -0.157080 0.000000
vt 0.197928 -0.157080 0.000000
vt 0.212969 -0.235619 0.000000
vt 0.192969 -0.235619 0.000000
vt 0.208010 -0.314159 0.000000
vt 0.188010 -0.314159 0.000000
vt 0.204577 -0.369807 0.000000
vt 0.184577 -0.369807 0.000000
vt 0.200924 -0.425535 0.000000
vt 0.180924 -0.425535 0.000000
vt 0.165639 -0.045704 0.000000
vt 0.145639 -0.045704 0.000000
vt 0.161985 -0.101432 0.000000
vt 0.141985 -0.101432 0.000000
vt 0.158553 -0.157080 0.000000
vt 0.138553 -0.157080 0.000000
vt 0.153594 -0.235619 0.000000
vt 0.133594 -0.235619 0.000000
vt 0.148635 -0.314159 0.000000
vt 0.128635 -0.314159 0.000000
vt 0.145202 -0.369807 0.000000
vt 0.125202 -0.369807 0.000000
vt 0.141549 -0.425535 0.000000
vt 0.121549 -0.425535 0.000000
vt 0.106264 -0.045704 0.000000
vt 0.086264 -0.045704 0.000000
vt 0.102610 -0.101432 0.000000
vt 0.082857 -0.097658 0.000000
vt 0.079622 -0.149553 0.000000
vt 0.099178 -0.157080 0.000000
vt 0.079178 -0.157080 0.000000
vt 0.094219 -0.235619 0.000000
vt 0.074219 -0.235619 0.000000
vt 0.089260 -0.314159 0.000000
vt 0.069260 -0.314159 0.000000
vt 0.085827 -0.369807 0.000000
vt 0.065827 -0.369807 0.000000
vt 0.082174 -0.425535 0.000000
vt 0.062174 -0.425535 0.000000
vt 0.046889 -0.045704 0.000000
vt 0.030000 -0.045704 0.000000
vt 0.043577 -0.096206 0.000000
vt 0.030000 -0.112364 0.000000
vt 0.040416 -0.146661 0.000000
vt 0.030000 -0.179023 0.000000
vt 0.039802 -0.157080 0.000000
vt 0.034909 -0.234632 0.000000
vt 0.030000 -0.245683 0.000000
vt 0.030000 -0.312342 0.000000
vt 0.379049 -0.425535 0.000000
vt 0.382700 -0.369849 0.000000
vt 0.359049 -0.425535 0.000000
vt 0.362702 -0.369807 0.000000
vt 0.386158 -0.314160 0.000000
vt 0.366135 -0.314159 0.000000
vt 0.390731 -0.241119 0.000000
vt 0.371094 -0.235619 0.000000
vt 0.395385 -0.168101 0.000000
vt 0.376053 -0.157080 0.000000
vt 0.396038 -0.157079 0.000000
vt 0.399447 -0.102022 0.000000
vt 0.379485 -0.101432 0.000000
vt 0.403056 -0.046989 0.000000
vt 0.383139 -0.045704 0.000000
vt 0.403126 -0.045905 0.000000
vt 0.400000 -0.045704 0.000000
vt 0.400000 -0.015235 0.000000
vt 0.405743 -0.003145 0.000000
vt 0.400000 0.015235 0.000000
vt 0.408654 0.044424 0.000000
vt 0.400000 0.045704 0.000000
vt 0.408700 0.045144 0.000000
vt 0.412368 0.101103 0.000000
vt 0.392387 0.101393 0.000000
vt 0.415847 0.157079 0.000000
vt 0.395846 0.157079 0.000000
vt 0.420781 0.235610 0.000000
vt 0.400781 0.235622 0.000000
vt 0.425729 0.314159 0.000000
vt 0.405728 0.314159 0.000000
vt 0.408735 0.363072 0.000000
vt 0.430675 0.392673 0.000000
vt 0.411945 0.411978 0.000000
vt 0.412324 0.417778 0.000000
vt 0.435625 0.471239 0.000000
vt 0.415680 0.472383 0.000000
vt 0.415680 -0.470094 0.000000
vt 0.435625 -0.471239 0.000000
vt 0.445000 -0.471239 0.000000
vt 0.415712 -0.469555 0.000000
vt 0.418262 -0.428051 0.000000
vt 0.445000 -0.393601 0.000000
vt 0.419073 -0.415517 0.000000
vt 0.419096 -0.415176 0.000000
vt 0.422411 -0.364673 0.000000
vt 0.445000 -0.315964 0.000000
vt 0.425533 -0.314160 0.000000
vt 0.430008 -0.242603 0.000000
vt 0.445000 -0.238327 0.000000
vt 0.434600 -0.171026 0.000000
vt 0.445000 -0.160689 0.000000
vt 0.435417 -0.157080 0.000000
vt 0.445000 -0.083052 0.000000
vt 0.440183 -0.081299 0.000000
vt 0.445000 -0.005414 0.000000
vt 0.388736 0.045704 0.000000
vt -0.000000 0.176811 0.000000
vt -0.000000 0.201544 0.000000
vt -0.000033 0.176811 0.000000
vt -0.045084 0.266525 0.000000
vt -0.066426 0.266525 0.000000
vt -0.049601 0.182187 0.000000
vt -0.055623 0.190552 0.000000
vt -0.067626 0.182187 0.000000
vt -0.061627 0.199045 0.000000
vt -0.067626 0.207673 0.000000
vt 0.045084 0.266525 0.000000
vt 0.000000 0.201544 0.000000
vt 0.066426 0.266525 0.000000
vt 0.000033 0.176811 0.000000
vt 0.000000 0.176811 0.000000
vt 0.067626 0.207673 0.000000
vt 0.061627 0.199045 0.000000
vt 0.067626 0.182187 0.000000
vt 0.055623 0.190552 0.000000
vt 0.049601 0.182187 0.000000
vt 0.191118 0.045000 0.000000
vt 0.166065 0.104755 0.000000
vt 0.174284 0.045000 0.000000
vt 0.138589 0.114861 0.000000
vt 0.158846 0.115409 0.000000
vt 0.150945 0.125566 0.000000
vt 0.076567 0.162903 0.000000
vt 0.115409 0.158846 0.000000
vt 0.072776 0.182359 0.000000
vt -0.000000 0.180000 0.000000
vt 0.060674 0.186735 0.000000
vt 0.048311 0.190308 0.000000
vt -0.000000 0.196345 0.000000
vt -0.048311 0.190308 0.000000
vt -0.060674 0.186735 0.000000
vt -0.072776 0.182359 0.000000
vt -0.076567 0.162903 0.000000
vt -0.115409 0.158846 0.000000
vt -0.150945 0.125566 0.000000
vt -0.138589 0.114861 0.000000
vt -0.158846 0.115409 0.000000
vt -0.166065 0.104755 0.000000
vt -0.191118 0.045000 0.000000
vt -0.174284 0.045000 0.000000
vt 0.000000 0.354084 0.000000
vt 0.018060 0.380161 0.000000
vt 0.000000 0.362768 0.000000
vt 0.000000 0.371458 0.000000
vt 0.000000 0.380161 0.000000
vt 0.067626 0.356338 0.000000
vt 0.067626 0.365078 0.000000
vt 0.022542 0.287754 0.000000
vt 0.001200 0.287754 0.000000
vt 0.067626 0.373823 0.000000
vt 0.067626 0.382581 0.000000
vt -0.000000 0.540919 0.000000
vt -0.000000 0.549613 0.000000
vt -0.018060 0.566899 0.000000
vt -0.000000 0.558270 0.000000
vt -0.000000 0.566899 0.000000
vt -0.067626 0.534248 0.000000
vt -0.022542 0.466349 0.000000
vt -0.067626 0.542835 0.000000
vt -0.067626 0.551385 0.000000
vt -0.001200 0.466349 0.000000
vt -0.067626 0.559908 0.000000
vt 0.034059 0.622439 0.000000
vt 0.022948 0.633517 0.000000
vt 0.017131 0.602994 0.000000
vt 0.000000 0.598616 0.000000
vt 0.000000 0.589908 0.000000
vt 0.000000 0.581196 0.000000
vt 0.000000 0.572470 0.000000
vt 0.067626 0.597061 0.000000
vt 0.049566 0.570984 0.000000
vt 0.067626 0.588377 0.000000
vt 0.067626 0.579687 0.000000
vt 0.067626 0.570984 0.000000
vt 0.000000 0.398420 0.000000
vt 0.000000 0.389834 0.000000
vt 0.045084 0.466313 0.000000
vt 0.066426 0.466313 0.000000
vt 0.000000 0.381284 0.000000
vt 0.000000 0.372762 0.000000
vt 0.067626 0.403409 0.000000
vt 0.049566 0.377431 0.000000
vt 0.067626 0.394716 0.000000
vt 0.067626 0.386059 0.000000
vt 0.067626 0.377431 0.000000
vt -0.067626 0.356338 0.000000
vt -0.022542 0.287754 0.000000
vt -0.067626 0.365078 0.000000
vt -0.067626 0.373823 0.000000
vt -0.067626 0.382581 0.000000
vt -0.001200 0.287754 0.000000
vt -0.000000 0.354084 0.000000
vt -0.000000 0.362768 0.000000
vt -0.018060 0.380161 0.000000
vt -0.000000 0.371458 0.000000
vt -0.000000 0.380161 0.000000
vt -0.067626 0.597061 0.000000
vt -0.067626 0.588377 0.000000
vt -0.049566 0.570984 0.000000
vt -0.067626 0.579687 0.000000
vt -0.067626 0.570984 0.000000
vt -0.000000 0.589908 0.000000
vt -0.000000 0.598616 0.000000
vt -0.017131 0.602994 0.000000
vt -0.022948 0.633517 0.000000
vt -0.034059 0.622439 0.000000
vt -0.000000 0.572470 0.000000
vt -0.000000 0.581196 0.000000
vt 0.000000 0.540919 0.000000
vt 0.018060 0.566899 0.000000
vt 0.000000 0.549613 0.000000
vt 0.000000 0.558270 0.000000
vt 0.000000 0.566899 0.000000
vt 0.067626 0.534248 0.000000
vt 0.067626 0.542835 0.000000
vt 0.022542 0.466349 0.000000
vt 0.001200 0.466349 0.000000
vt 0.067626 0.551385 0.000000
vt 0.067626 0.559908 0.000000
vt -0.067626 0.403409 0.000000
vt -0.067626 0.394716 0.000000
vt -0.049566 0.377431 0.000000
vt -0.067626 0.386059 0.000000
vt -0.067626 0.377431 0.000000
vt -0.000000 0.398420 0.000000
vt -0.045084 0.466313 0.000000
vt -0.000000 0.389834 0.000000
vt -0.000000 0.381284 0.000000
vt -0.000000 0.372762 0.000000
vt -0.066426 0.466313 0.000000
vt 0.190222 -0.061772 0.000000
vt 0.196825 -0.045000 0.000000
vt 0.191934 -0.056227 0.000000
vt 0.193484 -0.050635 0.000000
vt 0.194872 -0.045000 0.000000
vt -0.190222 -0.061772 0.000000
vt -0.191934 -0.056227 0.000000
vt -0.196825 -0.045000 0.000000
vt -0.193484 -0.050635 0.000000
vt -0.194872 -0.045000 0.000000
vt -0.136600 -0.104720 0.000000
vt -0.061600 -0.045389 0.000000
vt -0.136600 0.000000 0.000000
vt -0.061600 -0.015130 0.000000
vt -0.061600 0.015130 0.000000
vt -0.136600 -0.209440 0.000000
vt -0.000000 -0.188463 0.000000
vt 0.000000 -0.125664 0.000000
vt -0.000000 -0.062865 0.000000
vt -0.136600 -0.314159 0.000000
vt -0.000000 -0.251327 0.000000
vt -0.000000 -0.188529 0.000000
vt 0.000000 -0.188507 0.000000
vt -0.136600 -0.418879 0.000000
vt -0.000000 -0.376991 0.000000
vt -0.000000 -0.314159 0.000000
vt -0.136600 -0.523599 0.000000
vt -0.000000 -0.439856 0.000000
vt -0.000000 -0.439834 0.000000
vt -0.000000 -0.439812 0.000000
vt -0.136600 -0.628319 0.000000
vt -0.061600 -0.582930 0.000000
vt -0.000000 -0.565454 0.000000
vt -0.000000 -0.502655 0.000000
vt -0.136600 0.523599 0.000000
vt -0.061600 0.582930 0.000000
vt -0.136600 0.628319 0.000000
vt -0.061600 0.613189 0.000000
vt -0.061600 -0.643448 0.000000
vt -0.061600 -0.613189 0.000000
vt -0.136600 0.418879 0.000000
vt -0.000000 0.439856 0.000000
vt -0.000000 0.502655 0.000000
vt -0.000000 0.565454 0.000000
vt -0.136600 0.314159 0.000000
vt -0.000000 0.376991 0.000000
vt -0.000000 0.439790 0.000000
vt -0.000000 0.439812 0.000000
vt -0.136600 0.209440 0.000000
vt -0.000000 0.251327 0.000000
vt -0.000000 0.314159 0.000000
vt -0.136600 0.104720 0.000000
vt -0.000000 0.188463 0.000000
vt -0.000000 0.188485 0.000000
vt -0.000000 0.188507 0.000000
vt -0.061600 0.045389 0.000000
vt -0.000000 0.062865 0.000000
vt -0.000000 0.125664 0.000000
vt -0.000000 0.045389 0.000000
vt -0.000000 0.051192 0.000000
vt -0.000000 0.056995 0.000000
vt -0.000000 0.062799 0.000000
vt -0.000000 0.062821 0.000000
vt -0.000000 0.062843 0.000000
vt -0.000000 0.188529 0.000000
vt -0.000000 0.439834 0.000000
vt -0.000000 0.565476 0.000000
vt -0.000000 0.565498 0.000000
vt -0.000000 0.565520 0.000000
vt -0.000000 0.571323 0.000000
vt -0.000000 0.577127 0.000000
vt -0.000000 0.582930 0.000000
vt -0.000000 -0.582930 0.000000
vt -0.000000 -0.577127 0.000000
vt -0.000000 -0.571323 0.000000
vt -0.000000 -0.565520 0.000000
vt -0.000000 -0.565498 0.000000
vt -0.000000 -0.565476 0.000000
vt -0.000000 -0.439790 0.000000
vt 0.000000 -0.188485 0.000000
vt 0.000000 -0.062843 0.000000
vt 0.000000 -0.062821 0.000000
vt -0.000000 -0.062799 0.000000
vt 0.000000 -0.056995 0.000000
vt 0.000000 -0.051192 0.000000
vt -0.000000 -0.045389 0.000000
vt 0.000000 0.039693 0.000000
vt 0.000000 0.108712 0.000000
vt -0.064810 0.053726 0.000000
vt -0.061722 0.111455 0.000000
vt -0.059036 0.164499 0.000000
vt 0.000000 0.177731 0.000000
vt -0.056729 0.211220 0.000000
vt 0.000000 0.246751 0.000000
vt -0.054613 0.250857 0.000000
vt -0.000000 0.315770 0.000000
vt -0.050609 0.329001 0.000000
vt 0.000000 0.384789 0.000000
vt -0.047654 0.387560 0.000000
vt -0.044576 0.445132 0.000000
vt 0.000000 0.453809 0.000000
vt 0.046673 0.044915 0.000000
vt 0.070786 0.046395 0.000000
vt 0.038250 0.063030 0.000000
vt 0.056916 0.112908 0.000000
vt 0.070786 0.112908 0.000000
vt 0.053394 0.120381 0.000000
vt 0.070786 0.126061 0.000000
vt 0.047506 0.126061 0.000000
vt 0.053394 0.131741 0.000000
vt 0.070786 0.139213 0.000000
vt 0.056916 0.139213 0.000000
vt 0.070786 0.189091 0.000000
vt 0.038250 0.189091 0.000000
vt 0.056916 0.238969 0.000000
vt 0.070786 0.238969 0.000000
vt 0.053394 0.246442 0.000000
vt 0.070786 0.252122 0.000000
vt 0.047506 0.252122 0.000000
vt 0.053394 0.257801 0.000000
vt 0.056916 0.265274 0.000000
vt 0.070786 0.265274 0.000000
vt 0.070786 0.315152 0.000000
vt 0.070786 0.365030 0.000000
vt 0.056916 0.365030 0.000000
vt 0.038250 0.315152 0.000000
vt 0.053394 0.372502 0.000000
vt 0.070786 0.378182 0.000000
vt 0.047506 0.378182 0.000000
vt 0.053394 0.383862 0.000000
vt 0.056916 0.391335 0.000000
vt 0.070786 0.391335 0.000000
vt 0.070786 0.441213 0.000000
vt 0.070786 0.491091 0.000000
vt 0.056916 0.491091 0.000000
vt 0.038250 0.441213 0.000000
vt 0.070786 0.504243 0.000000
vt 0.053394 0.498563 0.000000
vt 0.047506 0.504243 0.000000
vt 0.053394 0.509923 0.000000
vt 0.056916 0.517395 0.000000
vt 0.070786 0.517395 0.000000
vt 0.038250 0.567273 0.000000
vt 0.070786 0.583909 0.000000
vt 0.046673 0.585389 0.000000
vt 0.035883 0.798506 0.000000
vt 0.000000 0.788013 0.000000
vt 0.035883 0.749873 0.000000
vt 0.017941 0.699823 0.000000
vt 0.035876 0.699823 0.000000
vt 0.035883 0.634629 0.000000
vt 0.017941 0.629841 0.000000
vt 0.035883 0.570047 0.000000
vt 0.017941 0.559858 0.000000
vt 0.035883 0.559858 0.000000
vt 0.035883 0.510361 0.000000
vt 0.017941 0.489876 0.000000
vt 0.035883 0.462306 0.000000
vt 0.035883 0.461352 0.000000
vt 0.017941 0.419894 0.000000
vt 0.035883 0.422821 0.000000
vt 0.035883 0.379741 0.000000
vt 0.017941 0.349911 0.000000
vt 0.035883 0.379106 0.000000
vt 0.035883 0.330231 0.000000
vt 0.017941 0.279929 0.000000
vt 0.035876 0.279929 0.000000
vt 0.016613 0.242986 0.000000
vt 0.035883 0.209955 0.000000
vt 0.018515 0.207717 0.000000
vt 0.035883 0.139965 0.000000
vt 0.021972 0.139965 0.000000
vt 0.023901 0.100325 0.000000
vt 0.000000 0.743918 0.000000
vt 0.000000 0.699823 0.000000
vt 0.000000 0.635601 0.000000
vt 0.000000 0.571379 0.000000
vt 0.000525 0.559858 0.000000
vt 0.002301 0.523277 0.000000
vt 0.004171 0.488584 0.000000
vt 0.007536 0.423101 0.000000
vt 0.007679 0.419894 0.000000
vt 0.009546 0.381437 0.000000
vt 0.011370 0.347651 0.000000
vt 0.014819 0.279929 0.000000
vt 0.035883 0.070005 0.000000
vt 0.025700 0.067045 0.000000
vt 0.035883 0.000000 0.000000
vt 0.029113 0.000000 0.000000
vt 0.015000 0.009687 0.000000
vt 0.009340 0.005973 0.000000
vt 0.015000 0.000313 0.000000
vt 0.173205 0.100000 0.000000
vt 0.155885 0.090000 0.000000
vt 0.200000 0.000000 0.000000
vt 0.180000 0.000000 0.000000
vt 0.173205 -0.100000 0.000000
vt 0.155885 -0.090000 0.000000
vt 0.090000 -0.155885 0.000000
vt 0.090000 0.155885 0.000000
vt 0.100000 0.173205 0.000000
vt 0.000000 0.180000 0.000000
vt -0.000000 0.200000 0.000000
vt -0.100000 0.173205 0.000000
vt -0.090000 0.155885 0.000000
vt -0.173205 0.100000 0.000000
vt -0.155885 0.090000 0.000000
vt -0.200000 -0.000000 0.000000
vt -0.180000 0.000000 0.000000
vt -0.155885 -0.090000 0.000000
vt -0.173205 -0.100000 0.000000
vt -0.090000 -0.155885 0.000000
vt -0.100000 -0.173205 0.000000
vt -0.000000 -0.180000 0.000000
vt 0.000000 -0.200000 0.000000
vt 0.100000 -0.173205 0.000000
vt -0.000000 0.176811 0.000000
vt -0.000000 0.199228 0.000000
vt -0.000033 0.176811 0.000000
vt -0.000000 0.221645 0.000000
vt -0.000000 0.244085 0.000000
vt -0.000000 0.266525 0.000000
vt -0.066426 0.266525 0.000000
vt -0.067626 0.176809 0.000000
vt -0.001239 0.176809 0.000000
vt -0.067626 0.199226 0.000000
vt -0.034233 0.216650 0.000000
vt -0.067626 0.221642 0.000000
vt -0.067626 0.244082 0.000000
vt -0.067626 0.266522 0.000000
vt 0.000000 0.176811 0.000000
vt 0.000033 0.176811 0.000000
vt 0.000000 0.199228 0.000000
vt 0.000000 0.221645 0.000000
vt 0.066426 0.266525 0.000000
vt 0.000000 0.244085 0.000000
vt 0.000000 0.266525 0.000000
vt 0.067626 0.176809 0.000000
vt 0.067626 0.199226 0.000000
vt 0.001239 0.176809 0.000000
vt 0.034233 0.216650 0.000000
vt 0.067626 0.266522 0.000000
vt 0.067626 0.244082 0.000000
vt 0.067626 0.221642 0.000000
vt 0.000000 0.176811 0.000000
vt 0.000033 0.176811 0.000000
vt 0.000000 0.199228 0.000000
vt 0.000000 0.221645 0.000000
vt 0.066426 0.266525 0.000000
vt 0.000000 0.244085 0.000000
vt 0.000000 0.266525 0.000000
vt 0.067626 0.176809 0.000000
vt 0.067626 0.199226 0.000000
vt 0.001239 0.176809 0.000000
vt 0.034233 0.216650 0.000000
vt 0.067626 0.266522 0.000000
vt 0.067626 0.244082 0.000000
vt 0.067626 0.221642 0.000000
vt -0.067626 0.176785 0.000000
vt -0.001239 0.176806 0.000000
vt -0.067626 0.199210 0.000000
vt -0.034233 0.216347 0.000000
vt -0.067626 0.221639 0.000000
vt -0.067626 0.244078 0.000000
vt -0.067626 0.266518 0.000000
vt 0.067626 0.199213 0.000000
vt 0.001239 0.176809 0.000000
vt 0.034233 0.216351 0.000000
vt 0.067626 0.266522 0.000000
vt 0.067626 0.244082 0.000000
vt 0.067626 0.221642 0.000000
vt -0.000000 0.176811 0.000000
vt -0.000000 0.199228 0.000000
vt -0.000033 0.176811 0.000000
vt -0.000000 0.221645 0.000000
vt -0.000000 0.244085 0.000000
vt -0.000000 0.266525 0.000000
vt -0.066426 0.266525 0.000000
vt -0.067626 0.176809 0.000000
vt -0.001239 0.176809 0.000000
vt -0.067626 0.199226 0.000000
vt -0.034233 0.216650 0.000000
vt -0.067626 0.221642 0.000000
vt -0.067626 0.244082 0.000000
vt -0.067626 0.266522 0.000000
vt -0.000000 0.176811 0.000000
vt -0.000000 0.199228 0.000000
vt -0.000033 0.176811 0.000000
vt -0.000000 0.221645 0.000000
vt -0.000000 0.244085 0.000000
vt -0.000000 0.266525 0.000000
vt -0.066426 0.266525 0.000000
vt -0.067626 0.176809 0.000000
vt -0.001239 0.176809 0.000000
vt -0.067626 0.199226 0.000000
vt -0.034233 0.216650 0.000000
vt -0.067626 0.221642 0.000000
vt -0.067626 0.244082 0.000000
vt -0.067626 0.266522 0.000000
vt 0.000000 0.176811 0.000000
vt 0.000033 0.176811 0.000000
vt 0.000000 0.199228 0.000000
vt 0.000000 0.221645 0.000000
vt 0.066426 0.266525 0.000000
vt 0.000000 0.244085 0.000000
vt 0.000000 0.266525 0.000000
vt 0.067626 0.176809 0.000000
vt 0.067626 0.199226 0.000000
vt 0.001239 0.176809 0.000000
vt 0.034233 0.216650 0.000000
vt 0.067626 0.266522 0.000000
vt 0.067626 0.244082 0.000000
vt 0.067626 0.221642 0.000000
vt 0.000000 0.176811 0.000000
vt 0.000033 0.176811 0.000000
vt 0.000000 0.199228 0.000000
vt 0.000000 0.221645 0.000000
vt 0.066426 0.266525 0.000000
vt 0.000000 0.244085 0.000000
vt 0.000000 0.266525 0.000000
vt 0.067626 0.176809 0.000000
vt 0.067626 0.199226 0.000000
vt 0.001239 0.176809 0.000000
vt 0.034233 0.216650 0.000000
vt 0.067626 0.266522 0.000000
vt 0.067626 0.244082 0.000000
vt 0.067626 0.221642 0.000000
vt -0.049601 0.182187 0.000000
vt -0.055623 0.190552 0.000000
vt -0.067626 0.182187 0.000000
vt -0.061627 0.199045 0.000000
vt -0.067626 0.207673 0.000000
vt -0.000000 0.176811 0.000000
vt -0.000000 0.201544 0.000000
vt -0.000033 0.176811 0.000000
vt -0.045084 0.266525 0.000000
vt -0.066426 0.266525 0.000000
vt 0.000000 0.176811 0.000000
vt 0.000033 0.176811 0.000000
vt 0.000000 0.199228 0.000000
vt 0.000000 0.221645 0.000000
vt 0.066426 0.266525 0.000000
vt 0.000000 0.244085 0.000000
vt 0.000000 0.266525 0.000000
vt 0.067626 0.176809 0.000000
vt 0.067626 0.199226 0.000000
vt 0.001239 0.176809 0.000000
vt 0.034233 0.216650 0.000000
vt 0.067626 0.266522 0.000000
vt 0.067626 0.244082 0.000000
vt 0.067626 0.221642 0.000000
vt -0.067626 0.176809 0.000000
vt -0.001239 0.176809 0.000000
vt -0.067626 0.199226 0.000000
vt -0.034233 0.216650 0.000000
vt -0.067626 0.221642 0.000000
vt -0.067626 0.244082 0.000000
vt -0.067626 0.266522 0.000000
vt -0.000000 0.176811 0.000000
vt -0.000000 0.199228 0.000000
vt -0.000033 0.176811 0.000000
vt -0.000000 0.221645 0.000000
vt -0.000000 0.244085 0.000000
vt -0.000000 0.266525 0.000000
vt -0.066426 0.266525 0.000000
vt 0.000000 0.176811 0.000000
vt 0.000033 0.176811 0.000000
vt 0.000000 0.199228 0.000000
vt 0.000000 0.221645 0.000000
vt 0.066426 0.266525 0.000000
vt 0.000000 0.244085 0.000000
vt 0.000000 0.266525 0.000000
vt 0.067626 0.176809 0.000000
vt 0.067626 0.199226 0.000000
vt 0.001239 0.176809 0.000000
vt 0.034233 0.216650 0.000000
vt 0.067626 0.266522 0.000000
vt 0.067626 0.244082 0.000000
vt 0.067626 0.221642 0.000000
vt -0.067626 0.176809 0.000000
vt -0.001239 0.176809 0.000000
vt -0.067626 0.199226 0.000000
vt -0.034233 0.216650 0.000000
vt -0.067626 0.221642 0.000000
vt -0.067626 0.244082 0.000000
vt -0.067626 0.266522 0.000000
vt -0.000000 0.176811 0.000000
vt -0.000000 0.199228 0.000000
vt -0.000033 0.176811 0.000000
vt -0.000000 0.221645 0.000000
vt -0.000000 0.244085 0.000000
vt -0.000000 0.266525 0.000000
vt -0.066426 0.266525 0.000000
vt 0.045084 0.266525 0.000000
vt 0.000000 0.201544 0.000000
vt 0.066426 0.266525 0.000000
vt 0.000033 0.176811 0.000000
vt 0.000000 0.176811 0.000000
vt 0.067626 0.207673 0.000000
vt 0.061627 0.199045 0.000000
vt 0.067626 0.182187 0.000000
vt 0.055623 0.190552 0.000000
vt 0.049601 0.182187 0.000000
vt -0.067626 0.176809 0.000000
vt -0.001239 0.176809 0.000000
vt -0.067626 0.199226 0.000000
vt -0.034233 0.216650 0.000000
vt -0.067626 0.221642 0.000000
vt -0.067626 0.244082 0.000000
vt -0.067626 0.266522 0.000000
vt -0.000000 0.176811 0.000000
vt -0.000000 0.199228 0.000000
vt -0.000033 0.176811 0.000000
vt -0.000000 0.221645 0.000000
vt -0.000000 0.244085 0.000000
vt -0.000000 0.266525 0.000000
vt -0.066426 0.266525 0.000000
vt 0.067626 0.176785 0.000000
vt 0.067626 0.199210 0.000000
vt 0.001239 0.176806 0.000000
vt 0.034233 0.216353 0.000000
vt 0.067626 0.266518 0.000000
vt 0.067626 0.244078 0.000000
vt 0.067626 0.221639 0.000000
vt -0.001239 0.176809 0.000000
vt -0.067626 0.199213 0.000000
vt -0.034233 0.216345 0.000000
vt -0.067626 0.221642 0.000000
vt -0.067626 0.244082 0.000000
vt -0.067626 0.266522 0.000000
vt -0.191118 -0.045000 0.000000
vt -0.166065 -0.104755 0.000000
vt -0.174284 -0.045000 0.000000
vt -0.138589 -0.114861 0.000000
vt -0.158846 -0.115409 0.000000
vt -0.150945 -0.125566 0.000000
vt -0.076567 -0.162903 0.000000
vt -0.115409 -0.158846 0.000000
vt -0.072776 -0.182359 0.000000
vt -0.000000 -0.180000 0.000000
vt -0.060674 -0.186735 0.000000
vt -0.048311 -0.190308 0.000000
vt 0.000000 -0.196345 0.000000
vt 0.048311 -0.190308 0.000000
vt 0.060674 -0.186735 0.000000
vt 0.072776 -0.182359 0.000000
vt 0.076567 -0.162903 0.000000
vt 0.115409 -0.158846 0.000000
vt 0.150945 -0.125566 0.000000
vt 0.138589 -0.114861 0.000000
vt 0.158846 -0.115409 0.000000
vt 0.166065 -0.104755 0.000000
vt 0.191118 -0.045000 0.000000
vt 0.174284 -0.045000 0.000000
vt -0.034059 0.622439 0.000000
vt -0.000000 0.572470 0.000000
vt -0.017131 0.602994 0.000000
vt -0.000000 0.581196 0.000000
vt -0.000000 0.589908 0.000000
vt -0.000000 0.598616 0.000000
vt -0.022948 0.633517 0.000000
vt -0.067626 0.570984 0.000000
vt -0.049566 0.570984 0.000000
vt -0.067626 0.579687 0.000000
vt -0.067626 0.588377 0.000000
vt -0.067626 0.597061 0.000000
vt -0.000000 0.382581 0.000000
vt -0.066426 0.382581 0.000000
vt -0.000000 0.287754 0.000000
vt -0.001200 0.287754 0.000000
vt -0.067626 0.382581 0.000000
vt -0.067626 0.287754 0.000000
vt -0.000000 0.466313 0.000000
vt -0.066426 0.466313 0.000000
vt -0.000000 0.372762 0.000000
vt -0.067626 0.372762 0.000000
vt -0.001200 0.372762 0.000000
vt -0.034214 0.415341 0.000000
vt -0.067626 0.466313 0.000000
vt -0.000000 0.559908 0.000000
vt -0.066426 0.559908 0.000000
vt -0.000000 0.466349 0.000000
vt -0.001200 0.466349 0.000000
vt -0.067626 0.559908 0.000000
vt -0.067626 0.466349 0.000000
vt 0.066426 0.382581 0.000000
vt 0.000000 0.382581 0.000000
vt 0.000000 0.287754 0.000000
vt 0.067626 0.287754 0.000000
vt 0.067626 0.382581 0.000000
vt 0.001200 0.287754 0.000000
vt 0.066426 0.466313 0.000000
vt 0.000000 0.466313 0.000000
vt 0.000000 0.372762 0.000000
vt 0.001200 0.372762 0.000000
vt 0.067626 0.372762 0.000000
vt 0.034214 0.415341 0.000000
vt 0.067626 0.466313 0.000000
vt 0.066426 0.559908 0.000000
vt 0.000000 0.559908 0.000000
vt 0.000000 0.466349 0.000000
vt 0.067626 0.466349 0.000000
vt 0.067626 0.559908 0.000000
vt 0.001200 0.466349 0.000000
vt 0.000000 0.646563 0.000000
vt 0.000000 0.571998 0.000000
vt 0.017131 0.609281 0.000000
vt 0.034059 0.621926 0.000000
vt 0.001200 0.575837 0.000000
vt 0.067626 0.575837 0.000000
vt 0.034214 0.613595 0.000000
vt 0.067626 0.650902 0.000000
vt 0.045968 0.638349 0.000000
vt 0.057007 0.646190 0.000000
vt -0.034059 0.621926 0.000000
vt -0.000000 0.571998 0.000000
vt -0.017131 0.609281 0.000000
vt -0.000000 0.646563 0.000000
vt -0.067626 0.575837 0.000000
vt -0.001200 0.575837 0.000000
vt -0.034214 0.613595 0.000000
vt -0.045968 0.638349 0.000000
vt -0.057007 0.646190 0.000000
vt -0.067626 0.650902 0.000000
vt -0.000000 0.559908 0.000000
vt -0.066426 0.559908 0.000000
vt -0.000000 0.466349 0.000000
vt -0.001200 0.466349 0.000000
vt -0.067626 0.559908 0.000000
vt -0.067626 0.466349 0.000000
vt -0.000000 0.466313 0.000000
vt -0.066426 0.466313 0.000000
vt -0.000000 0.372762 0.000000
vt -0.067626 0.372762 0.000000
vt -0.001200 0.372762 0.000000
vt -0.034214 0.415341 0.000000
vt -0.067626 0.466313 0.000000
vt -0.000000 0.380161 0.000000
vt -0.018060 0.380161 0.000000
vt -0.000000 0.371458 0.000000
vt -0.000000 0.362768 0.000000
vt -0.000000 0.354084 0.000000
vt -0.001200 0.287754 0.000000
vt -0.067626 0.382581 0.000000
vt -0.022542 0.287754 0.000000
vt -0.067626 0.373823 0.000000
vt -0.067626 0.365078 0.000000
vt -0.067626 0.356338 0.000000
vt 0.066426 0.559908 0.000000
vt 0.000000 0.559908 0.000000
vt 0.000000 0.466349 0.000000
vt 0.067626 0.466349 0.000000
vt 0.067626 0.559908 0.000000
vt 0.001200 0.466349 0.000000
vt 0.000000 0.646563 0.000000
vt 0.000000 0.571998 0.000000
vt 0.017131 0.609281 0.000000
vt 0.034059 0.621926 0.000000
vt 0.001200 0.575837 0.000000
vt 0.067626 0.575837 0.000000
vt 0.034214 0.613595 0.000000
vt 0.067626 0.650902 0.000000
vt 0.045968 0.638349 0.000000
vt 0.057007 0.646190 0.000000
vt 0.045084 0.466313 0.000000
vt 0.000000 0.389834 0.000000
vt 0.066426 0.466313 0.000000
vt 0.000000 0.381284 0.000000
vt 0.000000 0.372762 0.000000
vt 0.000000 0.398420 0.000000
vt 0.067626 0.377431 0.000000
vt 0.067626 0.386059 0.000000
vt 0.049566 0.377431 0.000000
vt 0.067626 0.394716 0.000000
vt 0.067626 0.403409 0.000000
vt -0.034059 0.621926 0.000000
vt -0.000000 0.571998 0.000000
vt -0.017131 0.609281 0.000000
vt -0.000000 0.646563 0.000000
vt -0.067626 0.575837 0.000000
vt -0.001200 0.575837 0.000000
vt -0.034214 0.613595 0.000000
vt -0.045968 0.638349 0.000000
vt -0.057007 0.646190 0.000000
vt -0.067626 0.650902 0.000000
vt -0.000000 0.266525 0.000000
vt -0.066426 0.266525 0.000000
vt -0.000000 0.244085 0.000000
vt -0.000033 0.176811 0.000000
vt -0.000000 0.221645 0.000000
vt -0.000000 0.199215 0.000000
vt -0.000000 0.382581 0.000000
vt -0.066426 0.382581 0.000000
vt -0.000000 0.287754 0.000000
vt -0.001200 0.287754 0.000000
vt -0.067626 0.382581 0.000000
vt -0.067626 0.287754 0.000000
vt -0.000000 0.466313 0.000000
vt -0.066426 0.466313 0.000000
vt -0.000000 0.372762 0.000000
vt -0.067626 0.372762 0.000000
vt -0.001200 0.372762 0.000000
vt -0.034214 0.415341 0.000000
vt -0.067626 0.466313 0.000000
vt -0.000000 0.559908 0.000000
vt -0.066426 0.559908 0.000000
vt -0.000000 0.466349 0.000000
vt -0.001200 0.466349 0.000000
vt -0.067626 0.559908 0.000000
vt -0.067626 0.466349 0.000000
vt 0.000000 0.266525 0.000000
vt 0.000000 0.244085 0.000000
vt 0.066426 0.266525 0.000000
vt 0.000000 0.221645 0.000000
vt 0.000000 0.199215 0.000000
vt 0.000033 0.176811 0.000000
vt 0.066426 0.382581 0.000000
vt 0.000000 0.382581 0.000000
vt 0.000000 0.287754 0.000000
vt 0.067626 0.287754 0.000000
vt 0.067626 0.382581 0.000000
vt 0.001200 0.287754 0.000000
vt 0.066426 0.466313 0.000000
vt 0.000000 0.466313 0.000000
vt 0.000000 0.372762 0.000000
vt 0.001200 0.372762 0.000000
vt 0.067626 0.372762 0.000000
vt 0.034214 0.415341 0.000000
vt 0.067626 0.466313 0.000000
vt 0.066426 0.559908 0.000000
vt 0.000000 0.559908 0.000000
vt 0.000000 0.466349 0.000000
vt 0.067626 0.466349 0.000000
vt 0.067626 0.559908 0.000000
vt 0.001200 0.466349 0.000000
vt 0.000000 0.646563 0.000000
vt 0.000000 0.571998 0.000000
vt 0.017131 0.609281 0.000000
vt 0.034059 0.621926 0.000000
vt 0.001200 0.575837 0.000000
vt 0.067626 0.575837 0.000000
vt 0.034214 0.613595 0.000000
vt 0.067626 0.650902 0.000000
vt 0.045968 0.638349 0.000000
vt 0.057007 0.646190 0.000000
vt -0.034059 0.621926 0.000000
vt -0.000000 0.571998 0.000000
vt -0.017131 0.609281 0.000000
vt -0.000000 0.646563 0.000000
vt -0.067626 0.575837 0.000000
vt -0.001200 0.575837 0.000000
vt -0.034214 0.613595 0.000000
vt -0.045968 0.638349 0.000000
vt -0.057007 0.646190 0.000000
vt -0.067626 0.650902 0.000000
vt -0.000000 0.466313 0.000000
vt -0.066426 0.466313 0.000000
vt -0.000000 0.372762 0.000000
vt -0.067626 0.372762 0.000000
vt -0.001200 0.372762 0.000000
vt -0.034214 0.415341 0.000000
vt -0.067626 0.466313 0.000000
vt -0.000000 0.559908 0.000000
vt -0.066426 0.559908 0.000000
vt -0.000000 0.466349 0.000000
vt -0.001200 0.466349 0.000000
vt -0.067626 0.559908 0.000000
vt -0.067626 0.466349 0.000000
vt -0.000000 0.382581 0.000000
vt -0.066426 0.382581 0.000000
vt -0.000000 0.287754 0.000000
vt -0.001200 0.287754 0.000000
vt -0.067626 0.382581 0.000000
vt -0.067626 0.287754 0.000000
vt 0.066426 0.466313 0.000000
vt 0.000000 0.466313 0.000000
vt 0.000000 0.372762 0.000000
vt 0.001200 0.372762 0.000000
vt 0.067626 0.372762 0.000000
vt 0.034214 0.415341 0.000000
vt 0.067626 0.466313 0.000000
vt 0.066426 0.559908 0.000000
vt 0.000000 0.559908 0.000000
vt 0.000000 0.466349 0.000000
vt 0.067626 0.466349 0.000000
vt 0.067626 0.559908 0.000000
vt 0.001200 0.466349 0.000000
vt 0.000000 0.646563 0.000000
vt 0.000000 0.571998 0.000000
vt 0.017131 0.609281 0.000000
vt 0.034059 0.621926 0.000000
vt 0.001200 0.575837 0.000000
vt 0.067626 0.575837 0.000000
vt 0.034214 0.613595 0.000000
vt 0.067626 0.650902 0.000000
vt 0.045968 0.638349 0.000000
vt 0.057007 0.646190 0.000000
vt 0.066426 0.382581 0.000000
vt 0.000000 0.382581 0.000000
vt 0.000000 0.287754 0.000000
vt 0.067626 0.287754 0.000000
vt 0.067626 0.382581 0.000000
vt 0.001200 0.287754 0.000000
vt -0.034059 0.621926 0.000000
vt -0.000000 0.571998 0.000000
vt -0.017131 0.609281 0.000000
vt -0.000000 0.646563 0.000000
vt -0.067626 0.575837 0.000000
vt -0.001200 0.575837 0.000000
vt -0.034214 0.613595 0.000000
vt -0.045968 0.638349 0.000000
vt -0.057007 0.646190 0.000000
vt -0.067626 0.650902 0.000000
vt -0.066426 0.382581 0.000000
vt -0.000000 0.287754 0.000000
vt -0.000000 0.382581 0.000000
vt -0.067626 0.287754 0.000000
vt -0.001200 0.287754 0.000000
vt -0.067626 0.382581 0.000000
vt -0.066426 0.466313 0.000000
vt -0.000000 0.372762 0.000000
vt -0.045084 0.466313 0.000000
vt -0.000000 0.381284 0.000000
vt -0.000000 0.389834 0.000000
vt -0.000000 0.398420 0.000000
vt -0.067626 0.377431 0.000000
vt -0.049566 0.377431 0.000000
vt -0.067626 0.386059 0.000000
vt -0.067626 0.394716 0.000000
vt -0.067626 0.403409 0.000000
vt 0.000000 0.382581 0.000000
vt 0.000000 0.287754 0.000000
vt 0.066426 0.382581 0.000000
vt 0.001200 0.287754 0.000000
vt 0.067626 0.287754 0.000000
vt 0.067626 0.382581 0.000000
vt 0.000000 0.466313 0.000000
vt 0.000000 0.372762 0.000000
vt 0.066426 0.466313 0.000000
vt 0.067626 0.466313 0.000000
vt 0.001200 0.372762 0.000000
vt 0.034214 0.415341 0.000000
vt 0.067626 0.372762 0.000000
vt -0.000000 0.566899 0.000000
vt 0.000000 0.558270 0.000000
vt 0.018060 0.566899 0.000000
vt 0.000000 0.549613 0.000000
vt -0.000000 0.540919 0.000000
vt 0.022542 0.466349 0.000000
vt 0.067626 0.542835 0.000000
vt 0.001200 0.466349 0.000000
vt 0.067626 0.551385 0.000000
vt 0.067626 0.559908 0.000000
vt 0.067626 0.534248 0.000000
vt -0.067626 0.575837 0.000000
vt -0.001200 0.575837 0.000000
vt -0.034214 0.613595 0.000000
vt -0.045968 0.638349 0.000000
vt -0.057007 0.646190 0.000000
vt -0.067626 0.650902 0.000000
vt -0.034059 0.621926 0.000000
vt -0.000000 0.571998 0.000000
vt -0.017131 0.609281 0.000000
vt -0.000000 0.646563 0.000000
vt 0.066426 0.559908 0.000000
vt 0.000000 0.559908 0.000000
vt 0.000000 0.466349 0.000000
vt 0.067626 0.466349 0.000000
vt 0.067626 0.559908 0.000000
vt 0.001200 0.466349 0.000000
vt 0.000000 0.646563 0.000000
vt 0.000000 0.571998 0.000000
vt 0.017131 0.609281 0.000000
vt 0.034059 0.621926 0.000000
vt 0.001200 0.575837 0.000000
vt 0.067626 0.575837 0.000000
vt 0.034214 0.613595 0.000000
vt 0.067626 0.650902 0.000000
vt 0.045968 0.638349 0.000000
vt 0.057007 0.646190 0.000000
vt 0.000000 0.380161 0.000000
vt 0.000000 0.371458 0.000000
vt 0.018060 0.380161 0.000000
vt 0.000000 0.362768 0.000000
vt 0.000000 0.354084 0.000000
vt 0.022542 0.287754 0.000000
vt 0.067626 0.365078 0.000000
vt 0.001200 0.287754 0.000000
vt 0.067626 0.373823 0.000000
vt 0.067626 0.382581 0.000000
vt 0.067626 0.356338 0.000000
vt -0.001200 0.466349 0.000000
vt -0.067626 0.559908 0.000000
vt -0.067626 0.466349 0.000000
vt -0.000000 0.559908 0.000000
vt -0.066426 0.559908 0.000000
vt -0.000000 0.466349 0.000000
vt -0.067626 0.466313 0.000000
vt -0.067626 0.372762 0.000000
vt -0.034214 0.415341 0.000000
vt -0.001200 0.372762 0.000000
vt -0.066426 0.466313 0.000000
vt -0.000000 0.372762 0.000000
vt -0.000000 0.466313 0.000000
vt -0.067626 0.575837 0.000000
vt -0.001200 0.575837 0.000000
vt -0.034214 0.613595 0.000000
vt -0.045968 0.638349 0.000000
vt -0.057007 0.646190 0.000000
vt -0.067626 0.650902 0.000000
vt -0.034059 0.621926 0.000000
vt -0.000000 0.571998 0.000000
vt -0.017131 0.609281 0.000000
vt -0.000000 0.646563 0.000000
vt 0.066426 0.382581 0.000000
vt 0.000000 0.382581 0.000000
vt 0.000000 0.287754 0.000000
vt 0.067626 0.287754 0.000000
vt 0.067626 0.382581 0.000000
vt 0.001200 0.287754 0.000000
vt 0.066426 0.466313 0.000000
vt 0.000000 0.466313 0.000000
vt 0.000000 0.372762 0.000000
vt 0.001200 0.372762 0.000000
vt 0.067626 0.372762 0.000000
vt 0.034214 0.415341 0.000000
vt 0.067626 0.466313 0.000000
vt 0.066426 0.559908 0.000000
vt 0.000000 0.559908 0.000000
vt 0.000000 0.466349 0.000000
vt 0.067626 0.466349 0.000000
vt 0.067626 0.559908 0.000000
vt 0.001200 0.466349 0.000000
vt 0.000000 0.646563 0.000000
vt 0.000000 0.571998 0.000000
vt 0.017131 0.609281 0.000000
vt 0.034059 0.621926 0.000000
vt 0.001200 0.575837 0.000000
vt 0.067626 0.575837 0.000000
vt 0.034214 0.613595 0.000000
vt 0.067626 0.650902 0.000000
vt 0.045968 0.638349 0.000000
vt 0.057007 0.646190 0.000000
vt -0.001200 0.287754 0.000000
vt -0.067626 0.382581 0.000000
vt -0.067626 0.287754 0.000000
vt -0.000000 0.382581 0.000000
vt -0.066426 0.382581 0.000000
vt -0.000000 0.287754 0.000000
vt -0.067626 0.372762 0.000000
vt -0.001200 0.372762 0.000000
vt -0.034214 0.415341 0.000000
vt -0.067626 0.466313 0.000000
vt -0.000000 0.466313 0.000000
vt -0.066426 0.466313 0.000000
vt -0.000000 0.372762 0.000000
vt -0.001200 0.466349 0.000000
vt -0.067626 0.559908 0.000000
vt -0.067626 0.466349 0.000000
vt -0.000000 0.559908 0.000000
vt -0.066426 0.559908 0.000000
vt -0.000000 0.466349 0.000000
vt 0.000000 0.572470 0.000000
vt 0.034059 0.622439 0.000000
vt 0.017131 0.602994 0.000000
vt 0.022948 0.633517 0.000000
vt 0.000000 0.598616 0.000000
vt 0.000000 0.589908 0.000000
vt 0.000000 0.581196 0.000000
vt 0.067626 0.570984 0.000000
vt 0.067626 0.579687 0.000000
vt 0.049566 0.570984 0.000000
vt 0.067626 0.588377 0.000000
vt 0.067626 0.597061 0.000000
vt 0.066426 0.382581 0.000000
vt 0.000000 0.382581 0.000000
vt 0.000000 0.287754 0.000000
vt 0.067626 0.287754 0.000000
vt 0.067626 0.382581 0.000000
vt 0.001200 0.287754 0.000000
vt 0.066426 0.466313 0.000000
vt 0.000000 0.466313 0.000000
vt 0.000000 0.372762 0.000000
vt 0.001200 0.372762 0.000000
vt 0.067626 0.372762 0.000000
vt 0.034214 0.415341 0.000000
vt 0.067626 0.466313 0.000000
vt -0.067626 0.559908 0.000000
vt -0.067626 0.551385 0.000000
vt -0.001200 0.466349 0.000000
vt -0.022542 0.466349 0.000000
vt -0.067626 0.542835 0.000000
vt -0.067626 0.534248 0.000000
vt -0.000000 0.566899 0.000000
vt -0.018060 0.566899 0.000000
vt -0.000000 0.558270 0.000000
vt -0.000000 0.549613 0.000000
vt -0.000000 0.540919 0.000000
vt -0.067626 0.287754 0.000000
vt -0.001200 0.287754 0.000000
vt -0.067626 0.382581 0.000000
vt -0.066426 0.382581 0.000000
vt -0.000000 0.287754 0.000000
vt -0.000000 0.382581 0.000000
vt -0.067626 0.575837 0.000000
vt -0.001200 0.575837 0.000000
vt -0.034214 0.613595 0.000000
vt -0.045968 0.638349 0.000000
vt -0.057007 0.646190 0.000000
vt -0.067626 0.650902 0.000000
vt -0.034059 0.621926 0.000000
vt -0.000000 0.571998 0.000000
vt -0.017131 0.609281 0.000000
vt -0.000000 0.646563 0.000000
vt 0.066426 0.466313 0.000000
vt 0.000000 0.466313 0.000000
vt 0.000000 0.372762 0.000000
vt 0.001200 0.372762 0.000000
vt 0.067626 0.372762 0.000000
vt 0.034214 0.415341 0.000000
vt 0.067626 0.466313 0.000000
vt 0.066426 0.559908 0.000000
vt 0.000000 0.559908 0.000000
vt 0.000000 0.466349 0.000000
vt 0.067626 0.466349 0.000000
vt 0.067626 0.559908 0.000000
vt 0.001200 0.466349 0.000000
vt 0.000000 0.646563 0.000000
vt 0.000000 0.571998 0.000000
vt 0.017131 0.609281 0.000000
vt 0.034059 0.621926 0.000000
vt 0.001200 0.575837 0.000000
vt 0.067626 0.575837 0.000000
vt 0.034214 0.613595 0.000000
vt 0.067626 0.650902 0.000000
vt 0.045968 0.638349 0.000000
vt 0.057007 0.646190 0.000000
vt 0.066426 0.382581 0.000000
vt 0.000000 0.382581 0.000000
vt 0.000000 0.287754 0.000000
vt 0.067626 0.287754 0.000000
vt 0.067626 0.382581 0.000000
vt 0.001200 0.287754 0.000000
vt -0.067626 0.372762 0.000000
vt -0.001200 0.372762 0.000000
vt -0.034214 0.415341 0.000000
vt -0.067626 0.466313 0.000000
vt -0.000000 0.466313 0.000000
vt -0.066426 0.466313 0.000000
vt -0.000000 0.372762 0.000000
vt -0.067626 0.287754 0.000000
vt -0.001200 0.287754 0.000000
vt -0.067626 0.382581 0.000000
vt -0.066426 0.382581 0.000000
vt -0.000000 0.287754 0.000000
vt -0.000000 0.382581 0.000000
vt -0.001200 0.466349 0.000000
vt -0.067626 0.559908 0.000000
vt -0.067626 0.466349 0.000000
vt -0.000000 0.559908 0.000000
vt -0.066426 0.559908 0.000000
vt -0.000000 0.466349 0.000000
vt -0.067626 0.575837 0.000000
vt -0.001200 0.575837 0.000000
vt -0.034214 0.613595 0.000000
vt -0.045968 0.638349 0.000000
vt -0.057007 0.646190 0.000000
vt -0.067626 0.650902 0.000000
vt -0.034059 0.621926 0.000000
vt -0.000000 0.571998 0.000000
vt -0.017131 0.609281 0.000000
vt -0.000000 0.646563 0.000000
vt 0.000000 0.266525 0.000000
vt 0.000000 0.244085 0.000000
vt 0.066426 0.266525 0.000000
vt 0.000000 0.221645 0.000000
vt 0.000000 0.199215 0.000000
vt 0.000033 0.176811 0.000000
vt 0.066426 0.382581 0.000000
vt 0.000000 0.382581 0.000000
vt 0.000000 0.287754 0.000000
vt 0.067626 0.287754 0.000000
vt 0.067626 0.382581 0.000000
vt 0.001200 0.287754 0.000000
vt 0.066426 0.466313 0.000000
vt 0.000000 0.466313 0.000000
vt 0.000000 0.372762 0.000000
vt 0.001200 0.372762 0.000000
vt 0.067626 0.372762 0.000000
vt 0.034214 0.415341 0.000000
vt 0.067626 0.466313 0.000000
vt 0.066426 0.559908 0.000000
vt 0.000000 0.559908 0.000000
vt 0.000000 0.466349 0.000000
vt 0.067626 0.466349 0.000000
vt 0.067626 0.559908 0.000000
vt 0.001200 0.466349 0.000000
vt 0.000000 0.646563 0.000000
vt 0.000000 0.571998 0.000000
vt 0.017131 0.609281 0.000000
vt 0.034059 0.621926 0.000000
vt 0.001200 0.575837 0.000000
vt 0.067626 0.575837 0.000000
vt 0.034214 0.613595 0.000000
vt 0.067626 0.650902 0.000000
vt 0.045968 0.638349 0.000000
vt 0.057007 0.646190 0.000000
vt -0.000000 0.266525 0.000000
vt -0.066426 0.266525 0.000000
vt -0.000000 0.244085 0.000000
vt -0.000033 0.176811 0.000000
vt -0.000000 0.221645 0.000000
vt -0.000000 0.199215 0.000000
vt -0.067626 0.287754 0.000000
vt -0.001200 0.287754 0.000000
vt -0.067626 0.382581 0.000000
vt -0.000000 0.382581 0.000000
vt -0.066426 0.382581 0.000000
vt -0.000000 0.287754 0.000000
vt -0.067626 0.466313 0.000000
vt -0.067626 0.372762 0.000000
vt -0.034214 0.415341 0.000000
vt -0.001200 0.372762 0.000000
vt -0.000000 0.466313 0.000000
vt -0.066426 0.466313 0.000000
vt -0.000000 0.372762 0.000000
vt -0.067626 0.466349 0.000000
vt -0.001200 0.466349 0.000000
vt -0.067626 0.559908 0.000000
vt -0.000000 0.559908 0.000000
vt -0.066426 0.559908 0.000000
vt -0.000000 0.466349 0.000000
vt -0.117584 0.161784 0.000000
vt -0.117566 0.161797 0.000000
vt -0.117558 0.161805 0.000000
vt -0.117548 0.161810 0.000000
vt -0.117530 0.161823 0.000000
vt -0.190201 -0.061835 0.000000
vt -0.190208 -0.061814 0.000000
vt -0.190213 -0.061804 0.000000
vt -0.190215 -0.061793 0.000000
vt -0.190222 -0.061772 0.000000
vt -0.117530 -0.161823 0.000000
vt -0.117548 -0.161810 0.000000
vt -0.117558 -0.161805 0.000000
vt -0.117566 -0.161797 0.000000
vt -0.117584 -0.161784 0.000000
vt -0.190222 0.061772 0.000000
vt -0.190215 0.061793 0.000000
vt -0.190213 0.061804 0.000000
vt -0.190208 0.061814 0.000000
vt -0.190201 0.061835 0.000000
vt 0.117530 -0.161823 0.000000
vt 0.061803 -0.190211 0.000000
vt 0.066297 -0.204043 0.000000
vt -0.000000 -0.200000 0.000000
vt 0.117558 -0.161805 0.000000
vt 0.117548 -0.161810 0.000000
vt 0.117566 -0.161797 0.000000
vt 0.117584 -0.161784 0.000000
vt 0.173569 -0.126105 0.000000
vt 0.161803 -0.117557 0.000000
vt 0.190201 -0.061835 0.000000
vt -0.000000 -0.200000 0.000000
vt -0.061803 -0.190211 0.000000
vt -0.066297 -0.204043 0.000000
vt -0.117530 -0.161823 0.000000
vt -0.117584 -0.161784 0.000000
vt -0.161803 -0.117557 0.000000
vt -0.173569 -0.126105 0.000000
vt -0.190201 -0.061835 0.000000
vt 0.190201 -0.061835 0.000000
vt 0.190213 -0.061804 0.000000
vt 0.190208 -0.061814 0.000000
vt 0.190215 -0.061793 0.000000
vt 0.190222 -0.061772 0.000000
vt 0.194872 0.045000 0.000000
vt 0.196825 0.045000 0.000000
vt 0.193484 0.050635 0.000000
vt 0.191934 0.056227 0.000000
vt 0.190222 0.061772 0.000000
vt 0.190213 0.061804 0.000000
vt 0.190215 0.061793 0.000000
vt 0.190208 0.061814 0.000000
vt 0.190201 0.061835 0.000000
vt -0.194872 0.045000 0.000000
vt -0.193484 0.050635 0.000000
vt -0.196825 0.045000 0.000000
vt -0.191934 0.056227 0.000000
vt -0.190222 0.061772 0.000000
vt 0.190201 0.061835 0.000000
vt 0.173569 0.126105 0.000000
vt 0.161803 0.117557 0.000000
vt 0.117584 0.161784 0.000000
vt -0.190201 0.061835 0.000000
vt -0.161803 0.117557 0.000000
vt -0.173569 0.126105 0.000000
vt -0.117584 0.161784 0.000000
vt -0.117530 0.161823 0.000000
vt -0.061803 0.190211 0.000000
vt -0.066297 0.204043 0.000000
vt 0.000000 0.200000 0.000000
vt 0.117584 0.161784 0.000000
vt 0.117558 0.161805 0.000000
vt 0.117566 0.161797 0.000000
vt 0.117548 0.161810 0.000000
vt 0.117530 0.161823 0.000000
vt 0.066297 0.204043 0.000000
vt 0.061803 0.190211 0.000000
vt 0.000000 0.200000 0.000000
vt 0.000000 -0.433337 0.000000
vt 0.000000 -0.367431 0.000000
vt -0.042426 -0.425535 0.000000
vt -0.042426 -0.358875 0.000000
vt -0.000000 -0.301525 0.000000
vt -0.042426 -0.292216 0.000000
vt 0.000000 -0.235619 0.000000
vt -0.042426 -0.225556 0.000000
vt 0.000000 -0.169714 0.000000
vt -0.042426 -0.158897 0.000000
vt 0.000000 -0.103808 0.000000
vt -0.073014 -0.101363 0.000000
vt -0.070296 -0.052896 0.000000
vt 0.000000 -0.037902 0.000000
vt -0.075935 -0.156955 0.000000
vt -0.075941 -0.157081 0.000000
vt -0.061330 -0.231845 0.000000
vt -0.080045 -0.233160 0.000000
vt -0.071837 -0.270882 0.000000
vt -0.082285 -0.273325 0.000000
vt -0.082702 -0.314162 0.000000
vt -0.084404 -0.314160 0.000000
vt -0.084853 -0.323126 0.000000
vt -0.084853 0.301682 0.000000
vt -0.081865 0.314164 0.000000
vt -0.084228 0.314159 0.000000
vt -0.082132 0.354540 0.000000
vt -0.061376 0.393146 0.000000
vt -0.079922 0.394183 0.000000
vt -0.075943 0.467791 0.000000
vt -0.042426 0.465825 0.000000
vt -0.075771 0.471238 0.000000
vt 0.000000 0.471239 0.000000
vt -0.073566 0.513742 0.000000
vt -0.073566 -0.428736 0.000000
vt 0.000000 -0.471239 0.000000
vt 0.000000 -0.392699 0.000000
vt -0.071409 -0.390103 0.000000
vt -0.000000 -0.314159 0.000000
vt -0.067333 -0.314159 0.000000
vt -0.065210 -0.273369 0.000000
vt 0.000000 -0.235619 0.000000
vt -0.062962 -0.233058 0.000000
vt -0.058865 -0.157081 0.000000
vt -0.000000 -0.157080 0.000000
vt -0.056593 -0.113238 0.000000
vt 0.000000 -0.078540 0.000000
vt -0.054466 -0.075166 0.000000
vt -0.042426 0.000000 0.000000
vt -0.050431 0.000000 0.000000
vt -0.000000 0.392699 0.000000
vt -0.042426 0.388187 0.000000
vt -0.000000 0.314159 0.000000
vt -0.042426 0.310550 0.000000
vt 0.000000 0.235619 0.000000
vt -0.042426 0.232912 0.000000
vt 0.000000 0.157080 0.000000
vt -0.042426 0.155275 0.000000
vt 0.000000 0.078540 0.000000
vt -0.042426 0.077637 0.000000
vt 0.000000 -0.000000 0.000000
vt 0.070786 -0.517395 0.000000
vt 0.056916 -0.517395 0.000000
vt 0.070786 -0.583909 0.000000
vt 0.038250 -0.567273 0.000000
vt 0.046673 -0.585389 0.000000
vt 0.053394 -0.509923 0.000000
vt 0.070786 -0.504243 0.000000
vt 0.047506 -0.504243 0.000000
vt 0.053394 -0.498563 0.000000
vt 0.070786 -0.491091 0.000000
vt 0.056916 -0.491091 0.000000
vt 0.070786 -0.441213 0.000000
vt 0.038250 -0.441213 0.000000
vt 0.056916 -0.391335 0.000000
vt 0.070786 -0.391335 0.000000
vt 0.053394 -0.383862 0.000000
vt 0.070786 -0.378182 0.000000
vt 0.047506 -0.378182 0.000000
vt 0.053394 -0.372502 0.000000
vt 0.056916 -0.365030 0.000000
vt 0.070786 -0.365030 0.000000
vt 0.070786 -0.315152 0.000000
vt 0.070786 -0.265274 0.000000
vt 0.056916 -0.265274 0.000000
vt 0.038250 -0.315152 0.000000
vt 0.053394 -0.257801 0.000000
vt 0.070786 -0.252122 0.000000
vt 0.047506 -0.252122 0.000000
vt 0.053394 -0.246442 0.000000
vt 0.056916 -0.238969 0.000000
vt 0.070786 -0.238969 0.000000
vt 0.070786 -0.189091 0.000000
vt 0.070786 -0.139213 0.000000
vt 0.056916 -0.139213 0.000000
vt 0.038250 -0.189091 0.000000
vt 0.070786 -0.126061 0.000000
vt 0.053394 -0.131741 0.000000
vt 0.047506 -0.126061 0.000000
vt 0.053394 -0.120381 0.000000
vt 0.056916 -0.112908 0.000000
vt 0.070786 -0.112908 0.000000
vt 0.038250 -0.063030 0.000000
vt 0.070786 -0.046395 0.000000
vt 0.046673 -0.044915 0.000000
vt 0.024261 0.007637 0.000000
vt 0.036184 0.000000 0.000000
vt 0.056109 0.026549 0.000000
vt 0.107889 0.000000 0.000000
vt 0.107889 0.061600 0.000000
vt 0.109843 0.061600 0.000000
vt 0.109008 0.067760 0.000000
vt 0.108357 0.073942 0.000000
vt 0.107889 0.080141 0.000000
vt 0.115770 0.127721 0.000000
vt 0.107889 0.177541 0.000000
vt 0.056109 0.145299 0.000000
vt 0.056109 0.105924 0.000000
vt 0.024261 0.126387 0.000000
vt 0.109848 0.196855 0.000000
vt 0.107889 0.216036 0.000000
vt 0.056109 0.204674 0.000000
vt 0.056109 0.165299 0.000000
vt 0.024261 0.185762 0.000000
vt 0.115770 0.264286 0.000000
vt 0.107889 0.312535 0.000000
vt 0.056109 0.264049 0.000000
vt 0.056109 0.224674 0.000000
vt 0.024261 0.245137 0.000000
vt 0.109848 0.331717 0.000000
vt 0.107889 0.351030 0.000000
vt 0.087302 0.400000 0.000000
vt 0.056109 0.284049 0.000000
vt 0.056109 0.323424 0.000000
vt 0.024261 0.304512 0.000000
vt 0.110659 0.376739 0.000000
vt 0.104136 0.400000 0.000000
vt 0.039419 0.354173 0.000000
vt 0.056109 0.343424 0.000000
vt 0.056109 0.085924 0.000000
vt 0.024261 0.067012 0.000000
vt 0.056109 0.046549 0.000000
vt -0.024261 0.000488 0.000000
vt -0.056109 0.020951 0.000000
vt -0.025104 0.000000 0.000000
vt -0.107889 0.000000 0.000000
vt -0.107889 0.061600 0.000000
vt -0.056109 0.040951 0.000000
vt -0.056109 0.080326 0.000000
vt -0.024261 0.059863 0.000000
vt -0.107889 0.080141 0.000000
vt -0.056109 0.100326 0.000000
vt -0.056109 0.139701 0.000000
vt -0.024261 0.119238 0.000000
vt -0.107889 0.177541 0.000000
vt -0.056109 0.159701 0.000000
vt -0.056109 0.199076 0.000000
vt -0.024261 0.178613 0.000000
vt -0.107889 0.216036 0.000000
vt -0.056109 0.219076 0.000000
vt -0.056109 0.258451 0.000000
vt -0.024261 0.237988 0.000000
vt -0.107889 0.312535 0.000000
vt -0.056109 0.278451 0.000000
vt -0.087302 0.400000 0.000000
vt -0.056109 0.317826 0.000000
vt -0.056109 0.337826 0.000000
vt -0.024261 0.297363 0.000000
vt -0.035293 0.350293 0.000000
vt -0.107889 0.351030 0.000000
vt -0.104136 0.400000 0.000000
vt -0.110659 0.376739 0.000000
vt -0.109848 0.331717 0.000000
vt -0.115770 0.264286 0.000000
vt -0.109848 0.196855 0.000000
vt -0.115770 0.127721 0.000000
vt -0.108357 0.073942 0.000000
vt -0.109008 0.067760 0.000000
vt -0.109843 0.061600 0.000000
vt 0.112086 -0.045000 0.000000
vt 0.194872 -0.045000 0.000000
vt 0.126191 -0.000000 0.000000
vt 0.199428 -0.015115 0.000000
vt 0.199428 0.015115 0.000000
vt 0.194872 0.045000 0.000000
vt 0.123167 0.045000 0.000000
vt -0.143091 0.045000 0.000000
vt -0.194872 0.045000 0.000000
vt -0.149227 0.015208 0.000000
vt -0.199428 0.015115 0.000000
vt -0.149227 -0.015208 0.000000
vt -0.199428 -0.015115 0.000000
vt -0.194872 -0.045000 0.000000
vt -0.143091 -0.045000 0.000000
vt -0.198225 0.030175 0.000000
vt -0.230073 0.050639 0.000000
vt -0.230073 0.011264 0.000000
vt -0.281854 0.061600 0.000000
vt -0.281854 0.000000 0.000000
vt -0.230073 0.070639 0.000000
vt -0.281854 0.080141 0.000000
vt -0.282322 0.073942 0.000000
vt -0.198225 0.089550 0.000000
vt -0.230073 0.110014 0.000000
vt -0.230073 0.130014 0.000000
vt -0.281854 0.177541 0.000000
vt -0.289735 0.127721 0.000000
vt -0.198225 0.148925 0.000000
vt -0.230073 0.169389 0.000000
vt -0.230073 0.189389 0.000000
vt -0.281854 0.216036 0.000000
vt -0.283813 0.196855 0.000000
vt -0.198225 0.208300 0.000000
vt -0.230073 0.228764 0.000000
vt -0.230073 0.248764 0.000000
vt -0.281854 0.312535 0.000000
vt -0.289735 0.264286 0.000000
vt -0.198225 0.267675 0.000000
vt -0.230073 0.288139 0.000000
vt -0.261267 0.400000 0.000000
vt -0.230073 0.308139 0.000000
vt -0.230073 0.347514 0.000000
vt -0.198225 0.327050 0.000000
vt -0.230073 0.367514 0.000000
vt -0.228479 0.368480 0.000000
vt -0.281854 0.351030 0.000000
vt -0.278101 0.400000 0.000000
vt -0.284624 0.376739 0.000000
vt -0.283813 0.331717 0.000000
vt -0.282973 0.067760 0.000000
vt -0.283808 0.061600 0.000000
vt -0.230073 0.000000 0.000000
vt 0.230073 0.000000 0.000000
vt 0.281854 0.000000 0.000000
vt 0.230073 0.016861 0.000000
vt 0.281854 0.061600 0.000000
vt 0.230073 0.056236 0.000000
vt 0.230073 0.076236 0.000000
vt 0.281854 0.080141 0.000000
vt 0.230073 0.115611 0.000000
vt 0.230073 0.135611 0.000000
vt 0.281854 0.177541 0.000000
vt 0.230073 0.174986 0.000000
vt 0.230073 0.194986 0.000000
vt 0.281854 0.216036 0.000000
vt 0.230073 0.234361 0.000000
vt 0.230073 0.254361 0.000000
vt 0.281854 0.312535 0.000000
vt 0.230073 0.293736 0.000000
vt 0.261267 0.400000 0.000000
vt 0.230073 0.313736 0.000000
vt 0.230073 0.353111 0.000000
vt 0.198225 0.334200 0.000000
vt 0.283808 0.061600 0.000000
vt 0.282973 0.067760 0.000000
vt 0.282322 0.073942 0.000000
vt 0.289735 0.127721 0.000000
vt 0.283813 0.196855 0.000000
vt 0.289735 0.264286 0.000000
vt 0.283813 0.331717 0.000000
vt 0.281854 0.351030 0.000000
vt 0.284624 0.376739 0.000000
vt 0.278101 0.400000 0.000000
vt 0.230073 0.370000 0.000000
vt 0.198225 0.274825 0.000000
vt 0.198225 0.215450 0.000000
vt 0.198225 0.156075 0.000000
vt 0.198225 0.096700 0.000000
vt 0.198225 0.037325 0.000000
vn -0.048189 -0.026842 0.083411
vn -0.050650 -0.021564 0.083484
vn -0.040969 -0.036847 0.083450
vn -0.039322 -0.038532 0.083481
vn -0.022804 -0.050098 0.083487
vn -0.023269 -0.049847 0.083510
vn 0.006117 -0.054763 0.083448
vn 0.005507 -0.054782 0.083478
vn 0.031534 -0.045075 0.083510
vn 0.031984 -0.044798 0.083487
vn 0.046136 -0.030041 0.083481
vn 0.045565 -0.031078 0.083414
vn 0.053298 -0.014212 0.083411
vn 0.053876 -0.011307 0.083484
vn 0.032546 -0.044450 0.083456
vn 0.006878 -0.054736 0.083407
vn -0.022222 -0.050411 0.083456
vn -0.036658 -0.041210 0.083414
vn -0.048189 -0.026842 0.083411
vn -0.050650 -0.021564 0.083484
vn -0.040969 -0.036847 0.083450
vn -0.039322 -0.038532 0.083481
vn -0.022804 -0.050098 0.083487
vn -0.023269 -0.049847 0.083510
vn 0.006117 -0.054763 0.083448
vn 0.005507 -0.054782 0.083478
vn 0.031534 -0.045075 0.083510
vn 0.031984 -0.044798 0.083487
vn 0.046136 -0.030041 0.083481
vn 0.045565 -0.031078 0.083414
vn 0.053298 -0.014212 0.083411
vn 0.053876 -0.011307 0.083484
vn 0.032546 -0.044450 0.083456
vn 0.006878 -0.054736 0.083407
vn -0.022222 -0.050411 0.083456
vn -0.036658 -0.041210 0.083414
vn -0.048189 -0.026842 0.083411
vn -0.050650 -0.021564 0.083484
vn -0.040969 -0.036847 0.083450
vn -0.039322 -0.038532 0.083481
vn -0.022804 -0.050098 0.083487
vn -0.023269 -0.049847 0.083510
vn 0.006117 -0.054763 0.083448
vn 0.005507 -0.054782 0.083478
vn 0.031534 -0.045075 0.083510
vn 0.031984 -0.044798 0.083487
vn 0.046136 -0.030041 0.083481
vn 0.045565 -0.031078 0.083414
vn 0.053298 -0.014212 0.083411
vn 0.053876 -0.011307 0.083484
vn 0.032546 -0.044450 0.083456
vn 0.006878 -0.054736 0.083407
vn -0.022222 -0.050411 0.083456
vn -0.036658 -0.041210 0.083414
vn -0.048189 -0.026842 0.083411
vn -0.050650 -0.021564 0.083484
vn -0.040969 -0.036847 0.083450
vn -0.039322 -0.038532 0.083481
vn -0.022804 -0.050098 0.083487
vn -0.023269 -0.049847 0.083510
vn 0.006117 -0.054763 0.083448
vn 0.005507 -0.054782 0.083478
vn 0.031534 -0.045075 0.083510
vn 0.031984 -0.044798 0.083487
vn 0.046136 -0.030041 0.083481
vn 0.045565 -0.031078 0.083414
vn 0.053298 -0.014212 0.083411
vn 0.053876 -0.011307 0.083484
vn 0.032546 -0.044450 0.083456
vn 0.006878 -0.054736 0.083407
vn -0.022222 -0.050411 0.083456
vn -0.036658 -0.041210 0.083414
vn -0.048189 -0.026842 0.083411
vn -0.050650 -0.021564 0.083484
vn -0.040969 -0.036847 0.083450
vn -0.039322 -0.038532 0.083481
vn -0.022804 -0.050098 0.083487
vn -0.023269 -0.049847 0.083510
vn 0.006117 -0.054763 0.083448
vn 0.005507 -0.054782 0.083478
vn 0.031534 -0.045075 0.083510
vn 0.031984 -0.044798 0.083487
vn 0.046136 -0.030041 0.083481
vn 0.045565 -0.031078 0.083414
vn 0.053298 -0.014212 0.083411
vn 0.053876 -0.011307 0.083484
vn 0.032546 -0.044450 0.083456
vn 0.006878 -0.054736 0.083407
vn -0.022222 -0.050411 0.083456
vn -0.036658 -0.041210 0.083414
vn -0.048189 -0.026842 0.083411
vn -0.050650 -0.021564 0.083484
vn -0.040969 -0.036847 0.083450
vn -0.039322 -0.038532 0.083481
vn -0.022804 -0.050098 0.083487
vn -0.023269 -0.049847 0.083510
vn 0.006117 -0.054763 0.083448
vn 0.005507 -0.054782 0.083478
vn 0.031534 -0.045075 0.083510
vn 0.031984 -0.044798 0.083487
vn 0.046136 -0.030041 0.083481
vn 0.045565 -0.031078 0.083414
vn 0.053298 -0.014212 0.083411
vn 0.053876 -0.011307 0.083484
vn 0.032546 -0.044450 0.083456
vn 0.006878 -0.054736 0.083407
vn -0.022222 -0.050411 0.083456
vn -0.036658 -0.041210 0.083414
vn 0.036658 0.041210 0.083414
vn 0.048189 0.026842 0.083411
vn 0.040969 0.036847 0.083450
vn 0.050650 0.021564 0.083484
vn 0.039322 0.038532 0.083481
vn 0.022804 0.050098 0.083487
vn 0.023269 0.049847 0.083510
vn -0.006117 0.054763 0.083448
vn -0.005507 0.054782 0.083478
vn -0.031534 0.045075 0.083510
vn -0.031984 0.044798 0.083487
vn -0.046136 0.030041 0.083481
vn -0.045565 0.031078 0.083414
vn -0.053298 0.014212 0.083411
vn -0.053876 0.011307 0.083484
vn -0.032546 0.044450 0.083456
vn -0.006878 0.054736 0.083407
vn 0.022222 0.050411 0.083456
vn 0.036658 0.041210 0.083414
vn 0.048189 0.026842 0.083411
vn 0.040969 0.036847 0.083450
vn 0.050650 0.021564 0.083484
vn 0.039322 0.038532 0.083481
vn 0.022804 0.050098 0.083487
vn 0.023269 0.049847 0.083510
vn -0.006117 0.054763 0.083448
vn -0.005507 0.054782 0.083478
vn -0.031534 0.045075 0.083510
vn -0.031984 0.044798 0.083487
vn -0.046136 0.030041 0.083481
vn -0.045565 0.031078 0.083414
vn -0.053298 0.014212 0.083411
vn -0.053876 0.011307 0.083484
vn -0.032546 0.044450 0.083456
vn -0.006878 0.054736 0.083407
vn 0.022222 0.050411 0.083456
vn 0.036658 0.041210 0.083414
vn 0.048189 0.026842 0.083411
vn 0.040969 0.036847 0.083450
vn 0.050650 0.021564 0.083484
vn 0.039322 0.038532 0.083481
vn 0.022804 0.050098 0.083487
vn 0.023269 0.049847 0.083510
vn -0.006117 0.054763 0.083448
vn -0.005507 0.054782 0.083478
vn -0.031534 0.045075 0.083510
vn -0.031984 0.044798 0.083487
vn -0.046136 0.030041 0.083481
vn -0.045565 0.031078 0.083414
vn -0.053298 0.014212 0.083411
vn -0.053876 0.011307 0.083484
vn -0.032546 0.044450 0.083456
vn -0.006878 0.054736 0.083407
vn 0.022222 0.050411 0.083456
vn 0.036658 0.041210 0.083414
vn 0.048189 0.026842 0.083411
vn 0.040969 0.036847 0.083450
vn 0.050650 0.021564 0.083484
vn 0.039322 0.038532 0.083481
vn 0.022804 0.050098 0.083487
vn 0.023269 0.049847 0.083510
vn -0.006117 0.054763 0.083448
vn -0.005507 0.054782 0.083478
vn -0.031534 0.045075 0.083510
vn -0.031984 0.044798 0.083487
vn -0.046136 0.030041 0.083481
vn -0.045565 0.031078 0.083414
vn -0.053298 0.014212 0.083411
vn -0.053876 0.011307 0.083484
vn -0.032546 0.044450 0.083456
vn -0.006878 0.054736 0.083407
vn 0.022222 0.050411 0.083456
vn 0.036658 0.041210 0.083414
vn 0.048189 0.026842 0.083411
vn 0.040969 0.036847 0.083450
vn 0.050650 0.021564 0.083484
vn 0.039322 0.038532 0.083481
vn 0.022804 0.050098 0.083487
vn 0.023269 0.049847 0.083510
vn -0.006117 0.054763 0.083448
vn -0.005507 0.054782 0.083478
vn -0.031534 0.045075 0.083510
vn -0.031984 0.044798 0.083487
vn -0.046136 0.030041 0.083481
vn -0.045565 0.031078 0.083414
vn -0.053298 0.014212 0.083411
vn -0.053876 0.011307 0.083484
vn -0.032546 0.044450 0.083456
vn -0.006878 0.054736 0.083407
vn 0.022222 0.050411 0.083456
vn 0.048189 0.026842 0.083411
vn 0.050650 0.021564 0.083484
vn 0.038062 0.039922 0.083412
vn 0.022805 0.050098 0.083487
vn 0.022289 0.050375 0.083460
vn 0.006711 0.054701 0.083443
vn 0.023269 0.049847 0.083510
vn -0.005146 0.054817 0.083478
vn 0.040624 0.037159 0.083480
vn 0.026522 0.048208 0.083502
vn -0.031014 0.045437 0.083508
vn -0.007418 0.054596 0.083452
vn 0.025029 0.049095 0.083446
vn -0.053563 -0.012966 -0.083444
vn -0.053298 -0.014212 -0.083411
vn -0.050485 -0.022084 -0.083448
vn -0.045565 -0.031078 -0.083414
vn -0.031984 -0.044798 -0.083487
vn -0.032546 -0.044450 -0.083456
vn -0.006117 -0.054763 -0.083448
vn -0.006878 -0.054736 -0.083407
vn 0.022222 -0.050411 -0.083456
vn 0.022804 -0.050098 -0.083487
vn 0.036658 -0.041210 -0.083414
vn 0.048189 -0.026842 -0.083411
vn 0.050650 -0.021564 -0.083484
vn 0.039332 -0.038522 -0.083481
vn 0.023270 -0.049847 -0.083510
vn -0.005508 -0.054782 -0.083478
vn -0.031534 -0.045075 -0.083510
vn -0.044713 -0.032114 -0.083483
vn -0.052666 -0.016044 -0.083480
vn -0.053237 -0.014025 -0.083481
vn -0.054789 0.005300 -0.083487
vn -0.054764 0.005210 -0.083509
vn -0.054745 0.005417 -0.083508
vn -0.051011 0.020692 -0.083485
vn -0.044368 0.032679 -0.083448
vn -0.054777 0.005669 -0.083470
vn -0.048278 0.026673 -0.083413
vn -0.048189 0.026842 -0.083411
vn -0.036658 0.041210 -0.083414
vn -0.022804 0.050098 -0.083487
vn -0.022222 0.050411 -0.083456
vn 0.004452 0.054986 -0.083407
vn 0.006117 0.054763 -0.083448
vn 0.028975 0.046880 -0.083443
vn 0.031985 0.044798 -0.083487
vn 0.032460 0.044504 -0.083461
vn 0.049772 0.023542 -0.083478
vn 0.050517 0.021997 -0.083452
vn 0.054941 -0.002886 -0.083506
vn -0.049071 0.024959 -0.083481
vn -0.049014 0.025072 -0.083481
vn -0.038002 0.039831 -0.083482
vn -0.023270 0.049847 -0.083510
vn 0.002946 0.054979 -0.083478
vn 0.027423 0.047705 -0.083500
vn 0.031534 0.045075 -0.083510
vn -0.053876 -0.011307 -0.083484
vn -0.053298 -0.014212 -0.083411
vn -0.048061 -0.026950 -0.083450
vn -0.045565 -0.031078 -0.083414
vn -0.031984 -0.044798 -0.083487
vn -0.032546 -0.044450 -0.083456
vn -0.006878 -0.054736 -0.083407
vn 0.022222 -0.050411 -0.083456
vn 0.022804 -0.050098 -0.083487
vn -0.006117 -0.054763 -0.083448
vn -0.031534 -0.045075 -0.083510
vn -0.046136 -0.030041 -0.083481
vn 0.036658 -0.041210 -0.083414
vn 0.039322 -0.038532 -0.083481
vn 0.023269 -0.049847 -0.083510
vn 0.048189 -0.026842 -0.083411
vn 0.050650 -0.021564 -0.083484
vn -0.005507 -0.054782 -0.083478
vn -0.053876 -0.011307 -0.083484
vn -0.053298 -0.014212 -0.083411
vn -0.048061 -0.026950 -0.083450
vn -0.045565 -0.031078 -0.083414
vn -0.031984 -0.044798 -0.083487
vn -0.032546 -0.044450 -0.083456
vn -0.006878 -0.054736 -0.083407
vn 0.022222 -0.050411 -0.083456
vn 0.022804 -0.050098 -0.083487
vn -0.006117 -0.054763 -0.083448
vn -0.031534 -0.045075 -0.083510
vn -0.046136 -0.030041 -0.083481
vn 0.036658 -0.041210 -0.083414
vn 0.039322 -0.038532 -0.083481
vn 0.023269 -0.049847 -0.083510
vn 0.048189 -0.026842 -0.083411
vn 0.050650 -0.021564 -0.083484
vn -0.005507 -0.054782 -0.083478
vn -0.053876 -0.011307 -0.083484
vn -0.053298 -0.014212 -0.083411
vn -0.048061 -0.026950 -0.083450
vn -0.045565 -0.031078 -0.083414
vn -0.031984 -0.044798 -0.083487
vn -0.032546 -0.044450 -0.083456
vn -0.006878 -0.054736 -0.083407
vn 0.022222 -0.050411 -0.083456
vn 0.022804 -0.050098 -0.083487
vn -0.006117 -0.054763 -0.083448
vn -0.031534 -0.045075 -0.083510
vn -0.046136 -0.030041 -0.083481
vn 0.036658 -0.041210 -0.083414
vn 0.039322 -0.038532 -0.083481
vn 0.023269 -0.049847 -0.083510
vn 0.048189 -0.026842 -0.083411
vn 0.050650 -0.021564 -0.083484
vn -0.005507 -0.054782 -0.083478
vn -0.053876 -0.011307 -0.083484
vn -0.053298 -0.014212 -0.083411
vn -0.048061 -0.026950 -0.083450
vn -0.045565 -0.031078 -0.083414
vn -0.031984 -0.044798 -0.083487
vn -0.032546 -0.044450 -0.083456
vn -0.006878 -0.054736 -0.083407
vn 0.022222 -0.050411 -0.083456
vn 0.022804 -0.050098 -0.083487
vn -0.006117 -0.054763 -0.083448
vn -0.031534 -0.045075 -0.083510
vn -0.046136 -0.030041 -0.083481
vn 0.036658 -0.041210 -0.083414
vn 0.039322 -0.038532 -0.083481
vn 0.023269 -0.049847 -0.083510
vn 0.048189 -0.026842 -0.083411
vn 0.050650 -0.021564 -0.083484
vn -0.005507 -0.054782 -0.083478
vn -0.053876 -0.011307 -0.083484
vn -0.053298 -0.014212 -0.083411
vn -0.048061 -0.026950 -0.083450
vn -0.045565 -0.031078 -0.083414
vn -0.031984 -0.044798 -0.083487
vn -0.032546 -0.044450 -0.083456
vn -0.006878 -0.054736 -0.083407
vn 0.022222 -0.050411 -0.083456
vn 0.022804 -0.050098 -0.083487
vn -0.006117 -0.054763 -0.083448
vn -0.031534 -0.045075 -0.083510
vn -0.046136 -0.030041 -0.083481
vn 0.036658 -0.041210 -0.083414
vn 0.039322 -0.038532 -0.083481
vn 0.023269 -0.049847 -0.083510
vn 0.048189 -0.026842 -0.083411
vn 0.050650 -0.021564 -0.083484
vn -0.005507 -0.054782 -0.083478
vn -0.053876 -0.011307 -0.083484
vn -0.053623 -0.012664 -0.083451
vn -0.047895 -0.027198 -0.083465
vn -0.045429 -0.031164 -0.083457
vn -0.031878 -0.044863 -0.083493
vn -0.031761 -0.044936 -0.083499
vn -0.017892 -0.052089 -0.083466
vn -0.005815 -0.054773 -0.083463
vn -0.004406 -0.054906 -0.083462
vn 0.023102 -0.049938 -0.083502
vn 0.039302 -0.038567 -0.083474
vn 0.039322 -0.038532 -0.083481
vn 0.023269 -0.049847 -0.083510
vn -0.005507 -0.054782 -0.083478
vn 0.050561 -0.021783 -0.083481
vn 0.050650 -0.021564 -0.083484
vn -0.031534 -0.045075 -0.083510
vn -0.046136 -0.030041 -0.083481
vn 0.046136 0.030041 -0.083481
vn 0.053876 0.011307 -0.083484
vn 0.048061 0.026950 -0.083450
vn 0.053298 0.014212 -0.083411
vn 0.045565 0.031078 -0.083414
vn 0.031984 0.044798 -0.083487
vn 0.032546 0.044450 -0.083456
vn 0.006878 0.054736 -0.083407
vn -0.022222 0.050411 -0.083456
vn -0.022804 0.050098 -0.083487
vn 0.006117 0.054763 -0.083448
vn 0.031534 0.045075 -0.083510
vn -0.036658 0.041210 -0.083414
vn -0.039322 0.038532 -0.083481
vn -0.023269 0.049847 -0.083510
vn -0.048189 0.026842 -0.083411
vn -0.050650 0.021564 -0.083484
vn 0.005507 0.054782 -0.083478
vn 0.046136 0.030041 -0.083481
vn 0.053876 0.011307 -0.083484
vn 0.048061 0.026950 -0.083450
vn 0.053298 0.014212 -0.083411
vn 0.045565 0.031078 -0.083414
vn 0.031984 0.044798 -0.083487
vn 0.032546 0.044450 -0.083456
vn 0.006878 0.054736 -0.083407
vn -0.022222 0.050411 -0.083456
vn -0.022804 0.050098 -0.083487
vn 0.006117 0.054763 -0.083448
vn 0.031534 0.045075 -0.083510
vn -0.036658 0.041210 -0.083414
vn -0.039322 0.038532 -0.083481
vn -0.023269 0.049847 -0.083510
vn -0.048189 0.026842 -0.083411
vn -0.050650 0.021564 -0.083484
vn 0.005507 0.054782 -0.083478
vn 0.046136 0.030041 -0.083481
vn 0.053876 0.011307 -0.083484
vn 0.048061 0.026950 -0.083450
vn 0.053298 0.014212 -0.083411
vn 0.045565 0.031078 -0.083414
vn 0.031984 0.044798 -0.083487
vn 0.032546 0.044450 -0.083456
vn 0.006878 0.054736 -0.083407
vn -0.022222 0.050411 -0.083456
vn -0.022804 0.050098 -0.083487
vn 0.006117 0.054763 -0.083448
vn 0.031534 0.045075 -0.083510
vn -0.036658 0.041210 -0.083414
vn -0.039322 0.038532 -0.083481
vn -0.023269 0.049847 -0.083510
vn -0.048189 0.026842 -0.083411
vn -0.050650 0.021564 -0.083484
vn 0.005507 0.054782 -0.083478
vn 0.046136 0.030041 -0.083481
vn 0.053876 0.011307 -0.083484
vn 0.048061 0.026950 -0.083450
vn 0.053298 0.014212 -0.083411
vn 0.045565 0.031078 -0.083414
vn 0.031984 0.044798 -0.083487
vn 0.032546 0.044450 -0.083456
vn 0.006878 0.054736 -0.083407
vn -0.022222 0.050411 -0.083456
vn -0.022804 0.050098 -0.083487
vn 0.006117 0.054763 -0.083448
vn 0.031534 0.045075 -0.083510
vn -0.036658 0.041210 -0.083414
vn -0.039322 0.038532 -0.083481
vn -0.023269 0.049847 -0.083510
vn -0.048189 0.026842 -0.083411
vn -0.050650 0.021564 -0.083484
vn 0.005507 0.054782 -0.083478
vn 0.046888 0.028855 -0.083480
vn 0.053876 0.011307 -0.083484
vn 0.048061 0.026950 -0.083450
vn 0.053298 0.014212 -0.083411
vn 0.046660 0.029415 -0.083412
vn 0.035302 0.042314 -0.083446
vn 0.031984 0.044798 -0.083487
vn 0.033864 0.043362 -0.083504
vn 0.031534 0.045075 -0.083510
vn 0.006117 0.054763 -0.083448
vn 0.005507 0.054782 -0.083478
vn -0.023269 0.049847 -0.083510
vn -0.022830 0.050087 -0.083487
vn -0.039322 0.038532 -0.083481
vn -0.038745 0.039209 -0.083436
vn -0.049232 0.024773 -0.083442
vn 0.032533 0.044459 -0.083457
vn 0.019975 0.051394 -0.083424
vn 0.005790 0.054845 -0.083418
vn -0.022483 0.050271 -0.083471
vn -0.022523 0.050253 -0.083470
vn -0.050650 0.021564 -0.083484
vn 0.046136 0.030041 -0.083481
vn 0.053876 0.011307 -0.083484
vn 0.048061 0.026950 -0.083450
vn 0.053298 0.014212 -0.083411
vn 0.045565 0.031078 -0.083414
vn 0.031984 0.044798 -0.083487
vn 0.032546 0.044450 -0.083456
vn 0.006878 0.054736 -0.083407
vn -0.022222 0.050411 -0.083456
vn -0.022804 0.050098 -0.083487
vn 0.006117 0.054763 -0.083448
vn 0.031534 0.045075 -0.083510
vn -0.036658 0.041210 -0.083414
vn -0.039322 0.038532 -0.083481
vn -0.023269 0.049847 -0.083510
vn -0.048189 0.026842 -0.083411
vn -0.050650 0.021564 -0.083484
vn 0.005507 0.054782 -0.083478
vn -0.095394 -0.030000 0.000000
vn -0.095394 -0.030000 0.000000
vn -0.077995 -0.062584 0.000000
vn -0.077995 -0.062584 0.000000
vn -0.050000 -0.086603 0.000000
vn -0.050000 -0.086603 0.000000
vn 0.000000 -0.100000 0.000000
vn -0.000000 -0.100000 0.000000
vn 0.050000 -0.086603 0.000000
vn 0.050000 -0.086603 0.000000
vn 0.077995 -0.062584 0.000000
vn 0.077995 -0.062584 0.000000
vn 0.095394 -0.030000 0.000000
vn 0.095394 -0.030000 0.000000
vn -0.095394 -0.030000 0.000000
vn -0.095394 -0.030000 0.000000
vn -0.077995 -0.062584 0.000000
vn -0.077995 -0.062584 0.000000
vn -0.050000 -0.086603 0.000000
vn -0.050000 -0.086603 0.000000
vn 0.000000 -0.100000 0.000000
vn -0.000000 -0.100000 0.000000
vn 0.050000 -0.086603 0.000000
vn 0.050000 -0.086603 0.000000
vn 0.077995 -0.062584 0.000000
vn 0.077995 -0.062584 0.000000
vn 0.095394 -0.030000 0.000000
vn 0.095394 -0.030000 0.000000
vn -0.095394 -0.030000 0.000000
vn -0.095394 -0.030000 0.000000
vn -0.077995 -0.062584 0.000000
vn -0.077995 -0.062584 0.000000
vn -0.050000 -0.086603 0.000000
vn -0.050000 -0.086603 0.000000
vn 0.000000 -0.100000 0.000000
vn -0.000000 -0.100000 0.000000
vn 0.050000 -0.086603 0.000000
vn 0.050000 -0.086603 0.000000
vn 0.077995 -0.062584 0.000000
vn 0.077995 -0.062584 0.000000
vn 0.095394 -0.030000 0.000000
vn 0.095394 -0.030000 0.000000
vn -0.095394 -0.030000 0.000000
vn -0.095394 -0.030000 0.000000
vn -0.077995 -0.062584 0.000000
vn -0.077995 -0.062584 0.000000
vn -0.050000 -0.086603 0.000000
vn -0.050000 -0.086603 0.000000
vn -0.000000 -0.100000 0.000000
vn -0.000000 -0.100000 0.000000
vn 0.050000 -0.086603 0.000000
vn 0.050000 -0.086603 0.000000
vn 0.077995 -0.062584 0.000000
vn 0.077995 -0.062584 0.000000
vn 0.095394 -0.030000 0.000000
vn 0.095394 -0.030000 0.000000
vn -0.095394 -0.030000 0.000000
vn -0.095394 -0.030000 0.000000
vn -0.077995 -0.062584 0.000000
vn -0.077995 -0.062584 0.000000
vn -0.050000 -0.086603 0.000000
vn -0.050000 -0.086603 0.000000
vn -0.000000 -0.100000 0.000000
vn 0.000000 -0.100000 0.000000
vn 0.050000 -0.086603 0.000000
vn 0.050000 -0.086603 0.000000
vn 0.077995 -0.062584 0.000000
vn 0.077995 -0.062584 0.000000
vn 0.095394 -0.030000 0.000000
vn 0.095394 -0.030000 0.000000
vn -0.095394 -0.030000 0.000000
vn -0.095394 -0.030000 0.000000
vn -0.077995 -0.062584 0.000000
vn -0.077995 -0.062584 0.000000
vn -0.050000 -0.086603 0.000000
vn -0.050000 -0.086603 0.000000
vn 0.000000 -0.100000 0.000000
vn -0.000000 -0.100000 0.000000
vn 0.050000 -0.086603 0.000000
vn 0.050000 -0.086603 0.000000
vn 0.077995 -0.062584 0.000000
vn 0.077995 -0.062584 0.000000
vn 0.095394 -0.030000 0.000000
vn 0.095394 -0.030000 0.000000
vn 0.095394 0.030000 0.000000
vn 0.095394 0.030000 0.000000
vn 0.077995 0.062584 0.000000
vn 0.077995 0.062584 0.000000
vn 0.050000 0.086603 0.000000
vn 0.050000 0.086603 0.000000
vn 0.000000 0.100000 0.000000
vn -0.000000 0.100000 0.000000
vn -0.050000 0.086603 0.000000
vn -0.050000 0.086603 0.000000
vn -0.077995 0.062584 0.000000
vn -0.077995 0.062584 0.000000
vn -0.095394 0.030000 0.000000
vn -0.095394 0.030000 0.000000
vn 0.095394 0.030000 0.000000
vn 0.095394 0.030000 0.000000
vn 0.077995 0.062584 0.000000
vn 0.077995 0.062584 0.000000
vn 0.050000 0.086603 0.000000
vn 0.050000 0.086603 0.000000
vn 0.000000 0.100000 0.000000
vn 0.000000 0.100000 0.000000
vn -0.050000 0.086603 0.000000
vn -0.050000 0.086603 0.000000
vn -0.077995 0.062584 0.000000
vn -0.077995 0.062584 0.000000
vn -0.095394 0.030000 0.000000
vn -0.095394 0.030000 0.000000
vn 0.095394 0.030000 0.000000
vn 0.095394 0.030000 0.000000
vn 0.077995 0.062584 0.000000
vn 0.077995 0.062584 0.000000
vn 0.050000 0.086603 0.000000
vn 0.050000 0.086603 0.000000
vn 0.000000 0.100000 0.000000
vn 0.000000 0.100000 0.000000
vn -0.050000 0.086603 0.000000
vn -0.050000 0.086603 0.000000
vn -0.077995 0.062584 0.000000
vn -0.077995 0.062584 0.000000
vn -0.095394 0.030000 0.000000
vn -0.095394 0.030000 0.000000
vn 0.095394 0.030000 0.000000
vn 0.095394 0.030000 0.000000
vn 0.077995 0.062584 0.000000
vn 0.077995 0.062584 0.000000
vn 0.050000 0.086603 0.000000
vn 0.050000 0.086603 0.000000
vn -0.000000 0.100000 0.000000
vn -0.000000 0.100000 0.000000
vn -0.050000 0.086603 0.000000
vn -0.050000 0.086603 0.000000
vn -0.077995 0.062584 0.000000
vn -0.077995 0.062584 0.000000
vn -0.095394 0.030000 0.000000
vn -0.095394 0.030000 0.000000
vn 0.095394 0.030000 0.000000
vn 0.095394 0.030000 0.000000
vn 0.077995 0.062584 0.000000
vn 0.079545 0.060602 0.000000
vn 0.054281 0.083986 0.000000
vn 0.050000 0.086603 0.000000
vn 0.050000 0.086603 0.000000
vn -0.000000 0.100000 0.000000
vn 0.000000 0.100000 0.000000
vn -0.050000 0.086603 0.000000
vn -0.050000 0.086603 0.000000
vn -0.077995 0.062584 0.000000
vn -0.077995 0.062584 0.000000
vn -0.095394 0.030000 0.000000
vn -0.095394 0.030000 0.000000
vn 0.095394 0.030000 0.000000
vn 0.095394 0.030000 0.000000
vn 0.080127 0.059830 0.000000
vn 0.073231 0.068097 0.000000
vn 0.055890 0.082924 0.000000
vn 0.036842 0.092966 0.000000
vn 0.050000 0.086603 0.000000
vn 0.000659 0.099998 0.000000
vn -0.006704 0.099775 0.000000
vn -0.048947 0.087202 0.000000
vn -0.095394 0.030000 0.000000
vn -0.078012 0.062563 0.000000
vn -0.095394 0.030000 0.000000
vn -0.077995 0.062584 0.000000
vn -0.050000 0.086602 0.000000
vn -0.050000 0.086603 0.000000
vn -0.003665 0.099933 0.000000
vn -0.000000 0.100000 0.000000
vn 0.043508 0.090039 0.000000
vn 0.050000 0.086603 0.000000
vn 0.050000 0.086602 0.000000
vn 0.077748 0.062891 0.000000
vn 0.077995 0.062584 0.000000
vn 0.095133 0.030816 0.000000
vn 0.095394 0.030000 0.000000
vn 0.095354 0.030128 0.000000
vn 0.095394 0.030000 0.000000
vn 0.099485 0.010139 0.000000
vn 0.099978 0.002096 0.000000
vn 0.099485 -0.010139 0.000000
vn 0.095646 -0.029185 0.000000
vn 0.095394 -0.030000 0.000000
vn 0.095505 -0.029644 0.000000
vn 0.078132 -0.062413 0.000000
vn 0.078011 -0.062564 0.000000
vn 0.050000 -0.086602 0.000000
vn 0.050000 -0.086602 0.000000
vn 0.000006 -0.100000 0.000000
vn -0.000001 -0.100000 0.000000
vn -0.050000 -0.086603 0.000000
vn -0.050000 -0.086603 0.000000
vn -0.075107 -0.066022 0.000000
vn -0.086594 -0.050015 0.000000
vn -0.092297 -0.038488 0.000000
vn -0.093716 -0.034891 0.000000
vn -0.100000 -0.000000 0.000000
vn -0.099997 0.000763 0.000000
vn -0.100000 0.000000 0.000000
vn -0.099994 0.001123 0.000000
vn -0.095884 0.028396 0.000000
vn -0.086902 0.049478 0.000000
vn -0.093179 0.036300 0.000000
vn -0.093096 0.036511 0.000000
vn -0.075808 0.065217 0.000000
vn -0.051038 0.085995 0.000000
vn -0.050000 0.086602 0.000000
vn -0.004654 0.099892 0.000000
vn -0.001805 0.099984 0.000000
vn 0.041744 0.090871 0.000000
vn 0.047902 0.087781 0.000000
vn 0.050000 0.086603 0.000000
vn 0.085060 0.052582 0.000000
vn 0.085668 0.051584 0.000000
vn 0.099935 0.003609 0.000000
vn 0.095394 -0.030000 0.000000
vn -0.096664 0.024981 -0.005657
vn -0.098462 0.016481 -0.005800
vn -0.096663 0.024981 -0.005673
vn -0.096463 -0.005901 -0.025692
vn -0.093767 -0.005736 -0.034276
vn -0.092145 0.036280 0.013894
vn -0.093463 0.033737 0.011247
vn -0.092898 0.036577 0.005657
vn -0.094657 0.031095 0.008552
vn -0.095719 0.028360 0.005800
vn 0.096463 -0.005901 -0.025692
vn 0.098462 0.016481 -0.005800
vn 0.093767 -0.005736 -0.034276
vn 0.096663 0.024981 -0.005673
vn 0.096664 0.024981 -0.005657
vn 0.095719 0.028360 0.005800
vn 0.094657 0.031095 0.008552
vn 0.092898 0.036577 0.005657
vn 0.093463 0.033737 0.011247
vn 0.092145 0.036280 0.013894
vn 0.000000 0.000000 0.100000
vn 0.000000 0.000000 0.100000
vn 0.000000 0.000000 0.100000
vn 0.000000 0.000000 0.100000
vn 0.000000 0.000000 0.100000
vn 0.000000 0.000000 0.100000
vn 0.000000 0.000000 0.100000
vn 0.000000 0.000000 0.100000
vn 0.000000 0.000000 0.100000
vn 0.000000 0.000000 0.100000
vn 0.000000 0.000000 0.100000
vn 0.000000 0.000000 0.100000
vn 0.000000 0.000000 0.100000
vn 0.000000 0.000000 0.100000
vn 0.000000 0.000000 0.100000
vn 0.000000 0.000000 0.100000
vn 0.000000 0.000000 0.100000
vn 0.000000 0.000000 0.100000
vn 0.000000 0.000000 0.100000
vn 0.000000 0.000000 0.100000
vn 0.000000 0.000000 0.100000
vn 0.000000 0.000000 0.100000
vn 0.000000 0.000000 0.100000
vn 0.000000 0.000000 0.100000
vn -0.095735 0.028364 -0.005501
vn -0.092180 0.036312 -0.013573
vn -0.094870 0.031134 -0.005502
vn -0.093925 0.033878 -0.005508
vn -0.092900 0.036595 -0.005518
vn -0.098479 0.016484 0.005501
vn -0.097958 0.019338 0.005502
vn -0.096463 -0.005901 0.025692
vn -0.093767 -0.005736 0.034276
vn -0.097354 0.022177 0.005508
vn -0.096668 0.024999 0.005518
vn 0.095731 0.028363 -0.005577
vn 0.094866 0.031140 -0.005553
vn 0.092180 0.036312 -0.013573
vn 0.093921 0.033884 -0.005533
vn 0.092900 0.036595 -0.005518
vn 0.098474 0.016483 0.005577
vn 0.096122 -0.005880 0.026945
vn 0.097954 0.019344 0.005553
vn 0.097351 0.022183 0.005533
vn 0.093179 -0.005700 0.035849
vn 0.096668 0.024999 0.005518
vn 0.097509 0.008445 -0.020511
vn 0.098625 0.004889 -0.015787
vn 0.098003 0.014936 -0.013128
vn 0.098479 0.016484 -0.005501
vn 0.097958 0.019338 -0.005502
vn 0.097354 0.022177 -0.005508
vn 0.096668 0.024999 -0.005518
vn 0.095735 0.028364 0.005501
vn 0.092180 0.036312 0.013573
vn 0.094870 0.031134 0.005502
vn 0.093925 0.033878 0.005508
vn 0.092900 0.036595 0.005518
vn 0.098474 0.016483 -0.005577
vn 0.097954 0.019344 -0.005553
vn 0.096122 -0.005880 -0.026945
vn 0.093179 -0.005700 -0.035849
vn 0.097351 0.022183 -0.005533
vn 0.096668 0.024999 -0.005518
vn 0.095731 0.028363 0.005577
vn 0.092180 0.036312 0.013573
vn 0.094866 0.031140 0.005553
vn 0.093921 0.033884 0.005533
vn 0.092900 0.036595 0.005518
vn 0.098479 0.016484 0.005501
vn 0.096463 -0.005901 0.025692
vn 0.097958 0.019338 0.005502
vn 0.097354 0.022177 0.005508
vn 0.096668 0.024999 0.005518
vn 0.093767 -0.005736 0.034276
vn 0.095735 0.028364 -0.005501
vn 0.094870 0.031134 -0.005502
vn 0.092180 0.036312 -0.013573
vn 0.093925 0.033878 -0.005508
vn 0.092900 0.036595 -0.005518
vn -0.095735 0.028364 0.005501
vn -0.094870 0.031134 0.005502
vn -0.092180 0.036312 0.013573
vn -0.093925 0.033878 0.005508
vn -0.092900 0.036595 0.005518
vn -0.097958 0.019338 -0.005502
vn -0.098479 0.016484 -0.005501
vn -0.098003 0.014936 -0.013128
vn -0.098625 0.004889 -0.015787
vn -0.097509 0.008445 -0.020511
vn -0.096668 0.024999 -0.005518
vn -0.097354 0.022177 -0.005508
vn -0.095731 0.028363 -0.005577
vn -0.092180 0.036312 -0.013573
vn -0.094866 0.031140 -0.005553
vn -0.093921 0.033884 -0.005533
vn -0.092900 0.036595 -0.005518
vn -0.098474 0.016483 0.005577
vn -0.097954 0.019344 0.005553
vn -0.096122 -0.005880 0.026945
vn -0.093179 -0.005700 0.035849
vn -0.097351 0.022183 0.005533
vn -0.096668 0.024999 0.005518
vn -0.095731 0.028363 0.005577
vn -0.094866 0.031140 0.005553
vn -0.092180 0.036312 0.013573
vn -0.093921 0.033884 0.005533
vn -0.092900 0.036595 0.005518
vn -0.098474 0.016483 -0.005577
vn -0.096122 -0.005880 -0.026945
vn -0.097954 0.019344 -0.005553
vn -0.097351 0.022183 -0.005533
vn -0.096668 0.024999 -0.005518
vn -0.093179 -0.005700 -0.035849
vn 0.000000 0.000000 -0.100000
vn 0.000000 0.000000 -0.100000
vn 0.000000 0.000000 -0.100000
vn 0.000000 0.000000 -0.100000
vn 0.000000 0.000000 -0.100000
vn 0.000000 0.000000 -0.100000
vn 0.000000 0.000000 -0.100000
vn 0.000000 0.000000 -0.100000
vn 0.000000 0.000000 -0.100000
vn 0.000000 0.000000 -0.100000
vn -0.086603 -0.050000 0.000000
vn -0.097436 -0.022500 0.000000
vn -0.100000 0.000000 -0.000000
vn -0.099714 -0.007558 0.000000
vn -0.099714 0.007558 -0.000000
vn -0.050000 -0.086603 0.000000
vn -0.058792 -0.080892 0.000000
vn -0.080902 -0.058779 0.000000
vn -0.095101 -0.030917 0.000000
vn -0.000000 -0.100000 0.000000
vn -0.030902 -0.095106 0.000000
vn -0.058765 -0.080911 0.000000
vn -0.058774 -0.080905 0.000000
vn 0.050000 -0.086603 0.000000
vn 0.030902 -0.095106 0.000000
vn 0.000000 -0.100000 0.000000
vn 0.086603 -0.050000 0.000000
vn 0.058792 -0.080892 0.000000
vn 0.058783 -0.080898 0.000000
vn 0.058774 -0.080905 0.000000
vn 0.100000 -0.000000 0.000000
vn 0.097436 -0.022500 0.000000
vn 0.095101 -0.030917 0.000000
vn 0.080902 -0.058779 0.000000
vn 0.086603 0.050000 0.000000
vn 0.097436 0.022500 0.000000
vn 0.099714 0.007558 0.000000
vn 0.099714 -0.007558 0.000000
vn 0.050000 0.086603 0.000000
vn 0.058792 0.080892 0.000000
vn 0.080902 0.058779 0.000000
vn 0.095101 0.030917 0.000000
vn 0.000000 0.100000 0.000000
vn 0.030902 0.095106 0.000000
vn 0.058765 0.080911 0.000000
vn 0.058774 0.080905 0.000000
vn -0.050000 0.086603 -0.000000
vn -0.030902 0.095106 -0.000000
vn -0.000000 0.100000 -0.000000
vn -0.086603 0.050000 -0.000000
vn -0.058792 0.080892 -0.000000
vn -0.058783 0.080898 -0.000000
vn -0.058774 0.080905 -0.000000
vn -0.097436 0.022500 -0.000000
vn -0.095101 0.030917 -0.000000
vn -0.080902 0.058779 -0.000000
vn -0.097436 0.022500 -0.000000
vn -0.096742 0.025317 -0.000000
vn -0.095967 0.028114 -0.000000
vn -0.095111 0.030886 -0.000000
vn -0.095107 0.030896 -0.000000
vn -0.095104 0.030907 -0.000000
vn -0.058765 0.080911 -0.000000
vn 0.058783 0.080898 0.000000
vn 0.095104 0.030907 0.000000
vn 0.095107 0.030896 0.000000
vn 0.095111 0.030886 0.000000
vn 0.095967 0.028114 0.000000
vn 0.096742 0.025317 0.000000
vn 0.097436 0.022500 0.000000
vn 0.097436 -0.022500 0.000000
vn 0.096742 -0.025317 0.000000
vn 0.095967 -0.028114 0.000000
vn 0.095111 -0.030886 0.000000
vn 0.095107 -0.030896 0.000000
vn 0.095104 -0.030907 0.000000
vn 0.058765 -0.080911 0.000000
vn -0.058783 -0.080898 0.000000
vn -0.095104 -0.030907 0.000000
vn -0.095107 -0.030896 0.000000
vn -0.095111 -0.030886 0.000000
vn -0.095967 -0.028114 0.000000
vn -0.096742 -0.025317 0.000000
vn -0.097436 -0.022500 0.000000
vn -0.068465 -0.017678 0.070711
vn -0.054443 -0.045122 0.070711
vn -0.066615 -0.023716 0.070711
vn -0.053647 -0.046065 0.070711
vn -0.035356 -0.061237 0.070711
vn -0.030078 -0.063995 0.070711
vn -0.015858 -0.068910 0.070711
vn 0.000000 -0.070711 0.070711
vn 0.001848 -0.070687 0.070711
vn 0.030078 -0.063995 0.070711
vn 0.035355 -0.061237 0.070711
vn 0.054443 -0.045122 0.070711
vn 0.055230 -0.044155 0.070711
vn 0.067385 -0.021430 0.070711
vn 0.068465 -0.017678 0.070711
vn -0.094058 0.021416 0.026354
vn -0.093897 0.022109 0.026354
vn -0.091744 0.029809 0.026354
vn -0.081588 0.051467 0.026354
vn -0.081588 0.051467 0.026354
vn -0.079615 0.054469 0.026354
vn -0.078042 0.056701 0.026354
vn -0.078042 0.056701 0.026354
vn -0.076405 0.058887 0.026354
vn -0.074160 0.061691 0.026354
vn -0.074160 0.061691 0.026354
vn -0.056701 0.078042 0.026354
vn -0.056701 0.078042 0.026354
vn -0.035755 0.089594 0.026354
vn -0.035755 0.089594 0.026354
vn -0.032394 0.090863 0.026354
vn -0.029809 0.091744 0.026354
vn -0.029809 0.091744 0.026354
vn -0.027200 0.092551 0.026354
vn -0.023735 0.093499 0.026354
vn -0.023735 0.093499 0.026354
vn -0.000000 0.096465 0.026354
vn 0.023735 0.093499 0.026354
vn 0.023735 0.093499 0.026354
vn -0.000000 0.096465 0.026354
vn 0.027200 0.092551 0.026354
vn 0.029809 0.091744 0.026354
vn 0.029809 0.091744 0.026354
vn 0.032394 0.090863 0.026354
vn 0.035755 0.089594 0.026354
vn 0.035755 0.089594 0.026354
vn 0.056701 0.078042 0.026354
vn 0.074160 0.061691 0.026354
vn 0.074160 0.061691 0.026354
vn 0.056701 0.078042 0.026354
vn 0.078042 0.056701 0.026354
vn 0.076405 0.058887 0.026354
vn 0.078042 0.056701 0.026354
vn 0.079615 0.054469 0.026354
vn 0.081588 0.051467 0.026354
vn 0.081588 0.051467 0.026354
vn 0.091744 0.029809 0.026354
vn 0.093897 0.022109 0.026354
vn 0.094058 0.021416 0.026354
vn -0.053876 0.011307 0.083484
vn -0.053298 0.014212 0.083411
vn -0.046144 0.030028 0.083481
vn -0.031984 0.044798 0.083487
vn -0.031534 0.045075 0.083510
vn -0.007508 0.054544 0.083478
vn -0.006117 0.054763 0.083448
vn 0.019375 0.051498 0.083502
vn 0.022804 0.050098 0.083487
vn 0.023270 0.049847 0.083510
vn 0.039172 0.038684 0.083481
vn 0.044368 0.032679 0.083448
vn 0.050460 0.022007 0.083483
vn 0.050620 0.021634 0.083484
vn 0.054789 0.005300 0.083487
vn 0.054688 0.005976 0.083507
vn 0.053967 -0.010857 0.083484
vn 0.050485 -0.022084 0.083448
vn 0.053916 -0.011111 0.083484
vn 0.046203 -0.029938 0.083481
vn 0.031984 -0.044798 0.083487
vn 0.031534 -0.045075 0.083510
vn 0.019424 -0.051555 0.083455
vn 0.005511 -0.054782 0.083478
vn 0.005159 -0.054860 0.083449
vn -0.023270 -0.049847 0.083510
vn -0.022918 -0.050037 0.083493
vn -0.035959 -0.041717 0.083467
vn -0.045565 0.031078 0.083414
vn -0.032546 0.044450 0.083456
vn -0.009278 0.054380 0.083407
vn 0.017714 0.052187 0.083443
vn 0.022241 0.050400 0.083457
vn 0.034399 0.043093 0.083425
vn 0.044392 0.032723 0.083418
vn 0.054629 0.006994 0.083467
vn 0.054778 0.005659 0.083471
vn 0.054326 -0.009292 0.083440
vn 0.050220 -0.022729 0.083435
vn 0.032073 -0.044744 0.083483
vn -0.044684 -0.032168 0.083478
vn -0.045234 -0.031431 0.083462
vn -0.054803 -0.004771 0.083510
vn -0.054798 -0.004958 0.083502
vn 0.000000 -0.100000 0.000000
vn 0.000000 -0.100000 0.000000
vn 0.000000 -0.100000 0.000000
vn 0.000000 0.000000 -0.100000
vn 0.000000 0.000000 -0.100000
vn 0.000000 0.000000 -0.100000
vn 0.000000 0.000000 -0.100000
vn 0.000000 0.000000 -0.100000
vn 0.000000 0.000000 -0.100000
vn 0.000000 0.000000 -0.100000
vn 0.000000 0.000000 -0.100000
vn 0.000000 0.000000 -0.100000
vn 0.000000 0.000000 -0.100000
vn 0.000000 0.000000 -0.100000
vn 0.000000 0.000000 -0.100000
vn 0.000000 0.000000 -0.100000
vn 0.000000 0.000000 -0.100000
vn 0.000000 0.000000 -0.100000
vn 0.000000 0.000000 -0.100000
vn 0.000000 0.000000 -0.100000
vn 0.000000 0.000000 -0.100000
vn 0.000000 0.000000 -0.100000
vn 0.000000 0.000000 -0.100000
vn 0.000000 0.000000 -0.100000
vn 0.000000 0.000000 -0.100000
vn 0.000000 0.000000 -0.100000
vn 0.000000 0.000000 -0.100000
vn -0.053629 -0.084214 -0.005657
vn -0.046817 -0.088174 -0.005785
vn -0.053629 -0.084213 -0.005673
vn -0.039803 -0.091544 -0.005953
vn -0.032547 -0.094378 -0.005784
vn -0.024997 -0.096660 -0.005657
vn -0.023520 -0.090950 -0.034276
vn -0.063494 -0.077049 0.005657
vn -0.059747 -0.072501 0.034263
vn -0.057216 -0.081810 0.005785
vn -0.051003 -0.083261 0.021594
vn -0.050665 -0.086010 0.005953
vn -0.043809 -0.089707 0.005784
vn -0.036592 -0.092892 0.005657
vn -0.063520 -0.077028 -0.005657
vn -0.063519 -0.077027 -0.005673
vn -0.069391 -0.071773 -0.005785
vn -0.074764 -0.066144 -0.005953
vn -0.079231 -0.050474 -0.034276
vn -0.079701 -0.060119 -0.005784
vn -0.084205 -0.053643 -0.005657
vn -0.053657 -0.084196 0.005657
vn -0.060125 -0.079696 0.005785
vn -0.050490 -0.079226 0.034263
vn -0.063425 -0.074236 0.021594
vn -0.077038 -0.063507 0.005657
vn -0.071779 -0.069385 0.005784
vn -0.066144 -0.074764 0.005953
vn -0.092886 0.036608 -0.005657
vn -0.092885 0.036608 -0.005673
vn -0.089703 0.043816 -0.005785
vn -0.086010 0.050665 -0.005953
vn -0.072487 0.059755 -0.034276
vn -0.081805 0.057223 -0.005784
vn -0.077038 0.063507 -0.005657
vn -0.096656 0.025013 0.005657
vn -0.094375 0.032555 0.005785
vn -0.090951 0.023536 0.034263
vn -0.090202 0.037381 0.021594
vn -0.084205 0.053643 0.005657
vn -0.088170 0.046824 0.005784
vn -0.091544 0.039803 0.005953
vn 0.006087 0.099654 0.005657
vn 0.005721 0.093773 0.034263
vn -0.001794 0.099816 0.005784
vn -0.007577 0.097348 0.021585
vn -0.009566 0.099363 0.005953
vn -0.017287 0.098325 0.005784
vn -0.024997 0.096660 0.005657
vn -0.006087 0.099654 0.005657
vn 0.001794 0.099816 0.005784
vn -0.005721 0.093773 0.034263
vn 0.007577 0.097348 0.021585
vn 0.024997 0.096660 0.005657
vn 0.017287 0.098325 0.005784
vn 0.009566 0.099363 0.005953
vn 0.092886 0.036608 -0.005657
vn 0.089703 0.043816 -0.005785
vn 0.092885 0.036608 -0.005673
vn 0.086010 0.050665 -0.005953
vn 0.081805 0.057223 -0.005784
vn 0.077038 0.063507 -0.005657
vn 0.072487 0.059755 -0.034276
vn 0.096656 0.025013 0.005657
vn 0.090951 0.023536 0.034263
vn 0.094375 0.032555 0.005785
vn 0.090202 0.037381 0.021594
vn 0.091544 0.039803 0.005953
vn 0.088170 0.046824 0.005784
vn 0.084205 0.053643 0.005657
vn 0.063520 -0.077028 -0.005657
vn 0.069391 -0.071773 -0.005785
vn 0.063519 -0.077027 -0.005673
vn 0.074764 -0.066144 -0.005953
vn 0.079701 -0.060119 -0.005784
vn 0.084205 -0.053643 -0.005657
vn 0.079231 -0.050474 -0.034276
vn 0.053657 -0.084196 0.005657
vn 0.050490 -0.079226 0.034263
vn 0.060125 -0.079696 0.005785
vn 0.063425 -0.074236 0.021594
vn 0.066144 -0.074764 0.005953
vn 0.071779 -0.069385 0.005784
vn 0.077038 -0.063507 0.005657
vn 0.053629 -0.084214 -0.005657
vn 0.053629 -0.084213 -0.005673
vn 0.046817 -0.088174 -0.005785
vn 0.039803 -0.091544 -0.005953
vn 0.023520 -0.090950 -0.034276
vn 0.032547 -0.094378 -0.005784
vn 0.024997 -0.096660 -0.005657
vn 0.063494 -0.077049 0.005657
vn 0.057216 -0.081810 0.005785
vn 0.059747 -0.072501 0.034263
vn 0.051003 -0.083261 0.021594
vn 0.036592 -0.092892 0.005657
vn 0.043809 -0.089707 0.005784
vn 0.050665 -0.086010 0.005953
vn 0.092886 -0.036608 -0.005657
vn 0.092885 -0.036608 -0.005673
vn 0.089703 -0.043816 -0.005785
vn 0.086010 -0.050665 -0.005953
vn 0.072487 -0.059755 -0.034276
vn 0.081805 -0.057223 -0.005784
vn 0.077038 -0.063507 -0.005657
vn 0.096656 -0.025013 0.005657
vn 0.094375 -0.032555 0.005785
vn 0.090951 -0.023536 0.034263
vn 0.090202 -0.037381 0.021594
vn 0.084205 -0.053643 0.005657
vn 0.088170 -0.046824 0.005784
vn 0.091544 -0.039803 0.005953
vn 0.092145 -0.036280 0.013894
vn 0.093463 -0.033737 0.011247
vn 0.092898 -0.036577 0.005657
vn 0.094657 -0.031095 0.008552
vn 0.095719 -0.028360 0.005800
vn 0.096664 -0.024981 -0.005657
vn 0.098462 -0.016481 -0.005800
vn 0.096663 -0.024981 -0.005673
vn 0.096463 0.005901 -0.025692
vn 0.093767 0.005736 -0.034276
vn 0.063520 0.077028 -0.005657
vn 0.063519 0.077027 -0.005673
vn 0.069391 0.071773 -0.005785
vn 0.074764 0.066144 -0.005953
vn 0.079231 0.050474 -0.034276
vn 0.079701 0.060119 -0.005784
vn 0.084205 0.053643 -0.005657
vn 0.053657 0.084196 0.005657
vn 0.060125 0.079696 0.005785
vn 0.050490 0.079226 0.034263
vn 0.063425 0.074236 0.021594
vn 0.077038 0.063507 0.005657
vn 0.071779 0.069385 0.005784
vn 0.066144 0.074764 0.005953
vn 0.063494 0.077049 0.005657
vn 0.059747 0.072501 0.034263
vn 0.057216 0.081810 0.005785
vn 0.051003 0.083261 0.021594
vn 0.050665 0.086010 0.005953
vn 0.043809 0.089707 0.005784
vn 0.036592 0.092892 0.005657
vn 0.053629 0.084214 -0.005657
vn 0.046817 0.088174 -0.005785
vn 0.053629 0.084213 -0.005673
vn 0.039803 0.091544 -0.005953
vn 0.032547 0.094378 -0.005784
vn 0.024997 0.096660 -0.005657
vn 0.023520 0.090950 -0.034276
vn -0.053629 0.084214 -0.005657
vn -0.053629 0.084213 -0.005673
vn -0.046817 0.088174 -0.005785
vn -0.039803 0.091544 -0.005953
vn -0.023520 0.090950 -0.034276
vn -0.032547 0.094378 -0.005784
vn -0.024997 0.096660 -0.005657
vn -0.063494 0.077049 0.005657
vn -0.057216 0.081810 0.005785
vn -0.059747 0.072501 0.034263
vn -0.051003 0.083261 0.021594
vn -0.036592 0.092892 0.005657
vn -0.043809 0.089707 0.005784
vn -0.050665 0.086010 0.005953
vn -0.053657 0.084196 0.005657
vn -0.050490 0.079226 0.034263
vn -0.060125 0.079696 0.005785
vn -0.063425 0.074236 0.021594
vn -0.066144 0.074764 0.005953
vn -0.071779 0.069385 0.005784
vn -0.077038 0.063507 0.005657
vn -0.063520 0.077028 -0.005657
vn -0.069391 0.071773 -0.005785
vn -0.063519 0.077027 -0.005673
vn -0.074764 0.066144 -0.005953
vn -0.079701 0.060119 -0.005784
vn -0.084205 0.053643 -0.005657
vn -0.079231 0.050474 -0.034276
vn -0.096463 0.005901 -0.025692
vn -0.098462 -0.016481 -0.005800
vn -0.093767 0.005736 -0.034276
vn -0.096663 -0.024981 -0.005673
vn -0.096664 -0.024981 -0.005657
vn -0.095719 -0.028360 0.005800
vn -0.094657 -0.031095 0.008552
vn -0.092898 -0.036577 0.005657
vn -0.093463 -0.033737 0.011247
vn -0.092145 -0.036280 0.013894
vn -0.096656 -0.025013 0.005657
vn -0.090951 -0.023536 0.034263
vn -0.094375 -0.032555 0.005785
vn -0.090202 -0.037381 0.021594
vn -0.091544 -0.039803 0.005953
vn -0.088170 -0.046824 0.005784
vn -0.084205 -0.053643 0.005657
vn -0.092886 -0.036608 -0.005657
vn -0.089703 -0.043816 -0.005785
vn -0.092885 -0.036608 -0.005673
vn -0.086010 -0.050665 -0.005953
vn -0.081805 -0.057223 -0.005784
vn -0.077038 -0.063507 -0.005657
vn -0.072487 -0.059755 -0.034276
vn 0.006087 -0.099654 0.005657
vn -0.001794 -0.099816 0.005784
vn 0.005721 -0.093773 0.034263
vn -0.007579 -0.097348 0.021586
vn -0.024997 -0.096660 0.005657
vn -0.017287 -0.098325 0.005784
vn -0.009566 -0.099363 0.005953
vn -0.006087 -0.099654 0.005657
vn -0.005721 -0.093773 0.034263
vn 0.001794 -0.099816 0.005784
vn 0.007575 -0.097348 0.021585
vn 0.009566 -0.099363 0.005953
vn 0.017287 -0.098325 0.005784
vn 0.024997 -0.096660 0.005657
vn 0.000000 0.000000 0.100000
vn 0.000000 0.000000 0.100000
vn 0.000000 0.000000 0.100000
vn 0.000000 0.000000 0.100000
vn 0.000000 0.000000 0.100000
vn 0.000000 0.000000 0.100000
vn 0.000000 0.000000 0.100000
vn 0.000000 0.000000 0.100000
vn 0.000000 0.000000 0.100000
vn 0.000000 0.000000 0.100000
vn 0.000000 0.000000 0.100000
vn 0.000000 0.000000 0.100000
vn 0.000000 0.000000 0.100000
vn 0.000000 0.000000 0.100000
vn 0.000000 0.000000 0.100000
vn 0.000000 0.000000 0.100000
vn 0.000000 0.000000 0.100000
vn 0.000000 0.000000 0.100000
vn 0.000000 0.000000 0.100000
vn 0.000000 0.000000 0.100000
vn 0.000000 0.000000 0.100000
vn 0.000000 0.000000 0.100000
vn 0.000000 0.000000 0.100000
vn 0.000000 0.000000 0.100000
vn 0.097509 -0.008445 -0.020511
vn 0.096668 -0.024999 -0.005518
vn 0.098003 -0.014936 -0.013128
vn 0.097354 -0.022177 -0.005508
vn 0.097958 -0.019338 -0.005502
vn 0.098479 -0.016484 -0.005501
vn 0.098625 -0.004889 -0.015787
vn 0.092900 -0.036595 0.005518
vn 0.092180 -0.036312 0.013573
vn 0.093925 -0.033878 0.005508
vn 0.094870 -0.031134 0.005502
vn 0.095735 -0.028364 0.005501
vn 0.006097 -0.099661 -0.005518
vn 0.005753 -0.094036 -0.033528
vn -0.034431 -0.087405 0.034276
vn -0.006097 -0.099661 0.005518
vn 0.036586 -0.092876 -0.005953
vn 0.034215 -0.086857 -0.035849
vn 0.006097 -0.099661 -0.005518
vn -0.006097 -0.099661 0.005518
vn -0.005753 -0.094036 0.033528
vn 0.008142 -0.097505 0.020651
vn 0.024992 -0.096643 0.005953
vn 0.063512 -0.077044 -0.005518
vn 0.059927 -0.072695 -0.033528
vn 0.036586 -0.092876 -0.005953
vn 0.023373 -0.090380 0.035849
vn 0.053647 -0.084211 0.005518
vn -0.059927 -0.072695 -0.033528
vn -0.063512 -0.077044 -0.005518
vn -0.036592 -0.092892 -0.005657
vn -0.053647 -0.084211 0.005518
vn -0.023520 -0.090950 0.034276
vn -0.034215 -0.086857 -0.035849
vn -0.036586 -0.092876 -0.005953
vn -0.006097 -0.099661 -0.005518
vn 0.005753 -0.094036 0.033528
vn 0.006097 -0.099661 0.005518
vn -0.008142 -0.097505 0.020651
vn -0.024992 -0.096643 0.005953
vn -0.005753 -0.094036 -0.033528
vn -0.006097 -0.099661 -0.005518
vn 0.024992 -0.096643 -0.005953
vn 0.036586 -0.092876 0.005953
vn 0.006097 -0.099661 0.005518
vn 0.034215 -0.086857 0.035849
vn 0.031276 -0.094819 -0.005582
vn 0.053647 -0.084211 -0.005518
vn 0.042470 -0.089575 -0.013138
vn 0.038164 -0.090127 -0.020511
vn 0.059927 -0.072695 0.033528
vn 0.063512 -0.077044 0.005518
vn 0.052373 -0.082763 0.020182
vn 0.042601 -0.090300 0.005582
vn 0.045834 -0.087563 0.015229
vn 0.043829 -0.089283 0.010369
vn 0.022100 -0.095346 -0.020511
vn 0.006097 -0.099661 -0.005518
vn 0.018292 -0.097431 -0.013138
vn 0.030430 -0.095094 -0.005582
vn -0.006097 -0.099661 0.005518
vn -0.005753 -0.094036 0.033528
vn 0.006277 -0.097741 0.020182
vn 0.014387 -0.097781 0.015229
vn 0.017021 -0.097994 0.010369
vn 0.018612 -0.098094 0.005582
vn -0.053647 -0.084211 -0.005518
vn -0.050619 -0.079458 -0.033528
vn -0.077025 -0.063496 -0.005953
vn -0.078734 -0.050158 0.035849
vn -0.063512 -0.077044 0.005518
vn -0.084190 -0.053634 0.005953
vn -0.077025 -0.063496 -0.005953
vn -0.072033 -0.059381 -0.035849
vn -0.092900 -0.036595 -0.005518
vn -0.096668 -0.024999 0.005518
vn -0.091211 -0.023588 0.033528
vn -0.090217 -0.037875 0.020651
vn -0.092900 -0.036595 -0.005518
vn -0.092180 -0.036312 -0.013573
vn -0.093925 -0.033878 -0.005508
vn -0.094870 -0.031134 -0.005502
vn -0.095735 -0.028364 -0.005501
vn -0.093767 0.005736 0.034276
vn -0.096463 0.005901 0.025692
vn -0.097354 -0.022177 0.005508
vn -0.097958 -0.019338 0.005502
vn -0.098479 -0.016484 0.005501
vn -0.091211 -0.023588 -0.033528
vn -0.096668 -0.024999 -0.005518
vn -0.084190 -0.053634 -0.005953
vn -0.077025 -0.063496 0.005953
vn -0.092900 -0.036595 0.005518
vn -0.072033 -0.059381 0.035849
vn -0.080513 -0.059046 -0.005582
vn -0.063512 -0.077044 -0.005518
vn -0.072067 -0.068072 -0.013138
vn -0.073922 -0.064147 -0.020511
vn -0.050619 -0.079458 0.033528
vn -0.053647 -0.084211 0.005518
vn -0.062529 -0.075385 0.020182
vn -0.072716 -0.068420 0.005582
vn -0.069114 -0.070650 0.015229
vn -0.071369 -0.069274 0.010369
vn -0.096122 0.005880 -0.026945
vn -0.097954 -0.019344 -0.005553
vn -0.093179 0.005700 -0.035849
vn -0.097351 -0.022183 -0.005533
vn -0.096668 -0.024999 -0.005518
vn -0.098474 -0.016483 -0.005577
vn -0.092900 -0.036595 0.005518
vn -0.093921 -0.033884 0.005533
vn -0.092180 -0.036312 0.013573
vn -0.094866 -0.031140 0.005553
vn -0.095731 -0.028363 0.005577
vn -0.083850 -0.050482 -0.020511
vn -0.092900 -0.036595 -0.005518
vn -0.087010 -0.047504 -0.013138
vn -0.081036 -0.058326 -0.005582
vn -0.096668 -0.024999 0.005518
vn -0.091211 -0.023588 0.033528
vn -0.091018 -0.036173 0.020182
vn -0.088549 -0.043899 0.015229
vn -0.087938 -0.046469 0.010369
vn -0.087542 -0.048014 0.005582
vn -0.036592 0.092892 -0.005657
vn -0.034431 0.087405 -0.034276
vn -0.029143 0.095484 -0.005784
vn -0.006113 0.099652 -0.005672
vn -0.021607 0.097456 -0.005953
vn -0.013947 0.098854 -0.005784
vn -0.063512 0.077044 -0.005518
vn -0.059927 0.072695 -0.033528
vn -0.023520 0.090950 0.034276
vn -0.053647 0.084211 0.005518
vn -0.084190 0.053634 -0.005953
vn -0.078734 0.050158 -0.035849
vn -0.063512 0.077044 -0.005518
vn -0.053647 0.084211 0.005518
vn -0.050619 0.079458 0.033528
vn -0.063899 0.074097 0.020651
vn -0.077025 0.063496 0.005953
vn -0.091211 0.023588 -0.033528
vn -0.084190 0.053634 -0.005953
vn -0.072033 0.059381 0.035849
vn -0.092900 0.036595 0.005518
vn 0.036592 0.092892 -0.005657
vn 0.029143 0.095484 -0.005784
vn 0.034431 0.087405 -0.034276
vn 0.021607 0.097456 -0.005953
vn 0.013947 0.098854 -0.005784
vn 0.006113 0.099652 -0.005672
vn 0.005753 0.094036 -0.033528
vn 0.006097 0.099661 -0.005518
vn -0.006097 0.099661 0.005518
vn -0.034431 0.087405 0.034276
vn -0.023373 0.090380 -0.035849
vn -0.024992 0.096643 -0.005953
vn -0.053647 0.084211 -0.005518
vn -0.059927 0.072695 0.033528
vn -0.063512 0.077044 0.005518
vn -0.050725 0.083669 0.020651
vn -0.036586 0.092876 0.005953
vn -0.050619 0.079458 -0.033528
vn -0.053647 0.084211 -0.005518
vn -0.077025 0.063496 -0.005953
vn -0.084190 0.053634 0.005953
vn -0.063512 0.077044 0.005518
vn -0.078734 0.050158 0.035849
vn -0.081036 0.058326 -0.005582
vn -0.087010 0.047504 -0.013138
vn -0.083850 0.050482 -0.020511
vn -0.091211 0.023588 0.033528
vn -0.091018 0.036173 0.020182
vn -0.087542 0.048014 0.005582
vn -0.088549 0.043899 0.015229
vn -0.087938 0.046469 0.010369
vn -0.073922 0.064147 -0.020511
vn -0.063512 0.077044 -0.005518
vn -0.072067 0.068072 -0.013138
vn -0.080513 0.059046 -0.005582
vn -0.053647 0.084211 0.005518
vn -0.050619 0.079458 0.033528
vn -0.062529 0.075385 0.020182
vn -0.069114 0.070650 0.015229
vn -0.071369 0.069274 0.010369
vn -0.072716 0.068420 0.005582
vn 0.024992 0.096643 -0.005953
vn 0.023373 0.090380 -0.035849
vn 0.053647 0.084211 -0.005518
vn 0.063512 0.077044 0.005518
vn 0.059927 0.072695 0.033528
vn 0.050725 0.083669 0.020651
vn 0.036586 0.092876 0.005953
vn -0.006097 0.099661 -0.005518
vn -0.005753 0.094036 -0.033528
vn 0.024992 0.096643 -0.005953
vn 0.034215 0.086857 0.035849
vn 0.006097 0.099661 0.005518
vn 0.053647 0.084211 -0.005518
vn 0.050619 0.079458 -0.033528
vn 0.079231 0.050474 0.034276
vn 0.063512 0.077044 0.005518
vn 0.078734 0.050158 -0.035849
vn 0.084190 0.053634 -0.005953
vn 0.063512 0.077044 -0.005518
vn 0.050619 0.079458 0.033528
vn 0.053647 0.084211 0.005518
vn 0.063899 0.074097 0.020651
vn 0.077025 0.063496 0.005953
vn 0.059927 0.072695 -0.033528
vn 0.063512 0.077044 -0.005518
vn 0.036586 0.092876 -0.005953
vn 0.024992 0.096643 0.005953
vn 0.053647 0.084211 0.005518
vn 0.023373 0.090380 0.035849
vn 0.030430 0.095094 -0.005582
vn 0.006097 0.099661 -0.005518
vn 0.018292 0.097431 -0.013138
vn 0.022100 0.095346 -0.020511
vn -0.005753 0.094036 0.033528
vn -0.006097 0.099661 0.005518
vn 0.006277 0.097741 0.020182
vn 0.018612 0.098094 0.005582
vn 0.014387 0.097781 0.015229
vn 0.017021 0.097994 0.010369
vn 0.091211 0.023588 -0.033528
vn 0.084205 0.053643 -0.005657
vn 0.072487 0.059755 0.034276
vn 0.038164 0.090127 -0.020511
vn 0.053647 0.084211 -0.005518
vn 0.042470 0.089575 -0.013138
vn 0.031276 0.094819 -0.005582
vn 0.063512 0.077044 0.005518
vn 0.059927 0.072695 0.033528
vn 0.052373 0.082763 0.020182
vn 0.045834 0.087563 0.015229
vn 0.043829 0.089283 0.010369
vn 0.042601 0.090300 0.005582
vn 0.091211 -0.023588 -0.033528
vn 0.096668 -0.024999 -0.005518
vn 0.072487 -0.059755 0.034276
vn 0.092900 -0.036595 0.005518
vn 0.093179 0.005700 -0.035849
vn 0.096122 0.005880 -0.026945
vn 0.097351 -0.022183 -0.005533
vn 0.097954 -0.019344 -0.005553
vn 0.098474 -0.016483 -0.005577
vn 0.092900 -0.036595 0.005518
vn 0.092180 -0.036312 0.013573
vn 0.093921 -0.033884 0.005533
vn 0.094866 -0.031140 0.005553
vn 0.095731 -0.028363 0.005577
vn 0.053647 -0.084211 -0.005518
vn 0.077038 -0.063507 -0.005657
vn 0.050619 -0.079458 -0.033528
vn 0.079231 -0.050474 0.034276
vn 0.063512 -0.077044 0.005518
vn 0.077025 -0.063496 -0.005953
vn 0.092900 -0.036595 -0.005518
vn 0.072033 -0.059381 -0.035849
vn 0.084190 -0.053634 0.005953
vn 0.091211 -0.023588 0.033528
vn 0.090217 -0.037875 0.020651
vn 0.096668 -0.024999 0.005518
vn 0.092900 -0.036595 -0.005518
vn 0.093921 -0.033884 -0.005533
vn 0.092180 -0.036312 -0.013573
vn 0.094866 -0.031140 -0.005553
vn 0.095731 -0.028363 -0.005577
vn 0.096122 0.005880 0.026945
vn 0.097954 -0.019344 0.005553
vn 0.093179 0.005700 0.035849
vn 0.097351 -0.022183 0.005533
vn 0.096668 -0.024999 0.005518
vn 0.098474 -0.016483 0.005577
vn 0.091211 0.023588 0.033528
vn 0.091018 0.036173 0.020182
vn 0.088549 0.043899 0.015229
vn 0.087938 0.046469 0.010369
vn 0.087542 0.048014 0.005582
vn 0.083850 0.050482 -0.020511
vn 0.092900 0.036595 -0.005518
vn 0.087010 0.047504 -0.013138
vn 0.081036 0.058326 -0.005582
vn 0.091211 0.023588 -0.033528
vn 0.096668 0.024999 -0.005518
vn 0.084190 0.053634 -0.005953
vn 0.077025 0.063496 0.005953
vn 0.092900 0.036595 0.005518
vn 0.072033 0.059381 0.035849
vn 0.080513 0.059046 -0.005582
vn 0.063512 0.077044 -0.005518
vn 0.072067 0.068072 -0.013138
vn 0.073922 0.064147 -0.020511
vn 0.050619 0.079458 0.033528
vn 0.062529 0.075385 0.020182
vn 0.072716 0.068420 0.005582
vn 0.069114 0.070650 0.015229
vn 0.071369 0.069274 0.010369
vn 0.092900 -0.036595 -0.005518
vn 0.093925 -0.033878 -0.005508
vn 0.092180 -0.036312 -0.013573
vn 0.094870 -0.031134 -0.005502
vn 0.095735 -0.028364 -0.005501
vn 0.096463 0.005901 0.025692
vn 0.097958 -0.019338 0.005502
vn 0.093767 0.005736 0.034276
vn 0.097354 -0.022177 0.005508
vn 0.096668 -0.024999 0.005518
vn 0.098479 -0.016484 0.005501
vn 0.078734 0.050158 0.035849
vn 0.063512 0.077044 0.005518
vn 0.084190 0.053634 0.005953
vn 0.053647 0.084211 -0.005518
vn 0.050619 0.079458 -0.033528
vn 0.077025 0.063496 -0.005953
vn 0.090217 0.037875 0.020651
vn 0.091211 0.023588 0.033528
vn 0.072033 0.059381 -0.035849
vn 0.092900 0.036595 -0.005518
vn 0.077025 0.063496 -0.005953
vn 0.006097 0.099661 0.005518
vn 0.005753 0.094036 0.033528
vn -0.006277 0.097741 0.020182
vn -0.014387 0.097781 0.015229
vn -0.017021 0.097994 0.010369
vn -0.018612 0.098094 0.005582
vn -0.022100 0.095346 -0.020511
vn -0.006097 0.099661 -0.005518
vn -0.018292 0.097431 -0.013138
vn -0.030430 0.095094 -0.005582
vn 0.059927 0.072695 -0.033528
vn 0.053647 0.084211 0.005518
vn 0.023520 0.090950 0.034276
vn 0.034215 0.086857 -0.035849
vn 0.036586 0.092876 -0.005953
vn -0.005753 0.094036 0.033528
vn -0.006097 0.099661 0.005518
vn 0.008142 0.097505 0.020651
vn 0.024992 0.096643 0.005953
vn 0.005753 0.094036 -0.033528
vn 0.006097 0.099661 -0.005518
vn -0.024992 0.096643 -0.005953
vn -0.036586 0.092876 0.005953
vn -0.034215 0.086857 0.035849
vn -0.031276 0.094819 -0.005582
vn -0.053647 0.084211 -0.005518
vn -0.042470 0.089575 -0.013138
vn -0.038164 0.090127 -0.020511
vn -0.059927 0.072695 0.033528
vn -0.052373 0.082763 0.020182
vn -0.042601 0.090300 0.005582
vn -0.045834 0.087563 0.015229
vn -0.043829 0.089283 0.010369
vn 0.034431 0.087405 0.034276
vn 0.006097 0.099661 0.005518
vn -0.006097 0.099661 -0.005518
vn -0.005753 0.094036 -0.033528
vn 0.006097 0.099661 0.005518
vn 0.005753 0.094036 0.033528
vn -0.008142 0.097505 0.020651
vn -0.024992 0.096643 0.005953
vn -0.036586 0.092876 -0.005953
vn -0.034215 0.086857 -0.035849
vn -0.006097 0.099661 -0.005518
vn -0.023373 0.090380 0.035849
vn -0.053647 0.084211 0.005518
vn -0.063512 0.077044 -0.005518
vn -0.059927 0.072695 -0.033528
vn -0.036586 0.092876 -0.005953
vn -0.096668 -0.024999 -0.005518
vn -0.097509 -0.008445 -0.020511
vn -0.098003 -0.014936 -0.013128
vn -0.098625 -0.004889 -0.015787
vn -0.098479 -0.016484 -0.005501
vn -0.097958 -0.019338 -0.005502
vn -0.097354 -0.022177 -0.005508
vn -0.092900 -0.036595 0.005518
vn -0.093925 -0.033878 0.005508
vn -0.092180 -0.036312 0.013573
vn -0.094870 -0.031134 0.005502
vn -0.095735 -0.028364 0.005501
vn -0.050619 0.079458 -0.033528
vn -0.063512 0.077044 0.005518
vn -0.079231 0.050474 0.034276
vn -0.072033 0.059381 -0.035849
vn -0.077025 0.063496 -0.005953
vn -0.092900 0.036595 -0.005518
vn -0.091211 0.023588 0.033528
vn -0.096668 0.024999 0.005518
vn -0.090217 0.037875 0.020651
vn -0.084190 0.053634 0.005953
vn -0.097351 -0.022183 0.005533
vn -0.093179 0.005700 0.035849
vn -0.096122 0.005880 0.026945
vn -0.097954 -0.019344 0.005553
vn -0.098474 -0.016483 0.005577
vn -0.092900 -0.036595 -0.005518
vn -0.092180 -0.036312 -0.013573
vn -0.093921 -0.033884 -0.005533
vn -0.094866 -0.031140 -0.005553
vn -0.095731 -0.028363 -0.005577
vn -0.072487 0.059755 0.034276
vn -0.092900 0.036595 0.005518
vn -0.091211 0.023588 -0.033528
vn -0.063512 -0.077044 0.005518
vn -0.059927 -0.072695 0.033528
vn -0.052373 -0.082763 0.020182
vn -0.045834 -0.087563 0.015229
vn -0.043829 -0.089283 0.010369
vn -0.042601 -0.090300 0.005582
vn -0.038164 -0.090127 -0.020511
vn -0.053647 -0.084211 -0.005518
vn -0.042470 -0.089575 -0.013138
vn -0.031276 -0.094819 -0.005582
vn -0.078734 -0.050158 -0.035849
vn -0.084190 -0.053634 -0.005953
vn -0.050619 -0.079458 0.033528
vn -0.053647 -0.084211 0.005518
vn -0.063899 -0.074097 0.020651
vn -0.077025 -0.063496 0.005953
vn -0.059927 -0.072695 -0.033528
vn -0.063512 -0.077044 -0.005518
vn -0.036586 -0.092876 -0.005953
vn -0.024992 -0.096643 0.005953
vn -0.023373 -0.090380 0.035849
vn -0.030430 -0.095094 -0.005582
vn -0.006097 -0.099661 -0.005518
vn -0.018292 -0.097431 -0.013138
vn -0.022100 -0.095346 -0.020511
vn 0.005753 -0.094036 0.033528
vn -0.006277 -0.097741 0.020182
vn -0.018612 -0.098094 0.005582
vn -0.014387 -0.097781 0.015229
vn -0.017021 -0.097994 0.010369
vn -0.091211 -0.023588 -0.033528
vn -0.072487 -0.059755 0.034276
vn -0.063512 -0.077044 0.005518
vn -0.059927 -0.072695 0.033528
vn -0.050725 -0.083669 0.020651
vn -0.036586 -0.092876 0.005953
vn -0.024992 -0.096643 -0.005953
vn -0.023373 -0.090380 -0.035849
vn -0.053647 -0.084211 -0.005518
vn -0.079231 -0.050474 0.034276
vn -0.063512 -0.077044 0.005518
vn -0.050619 -0.079458 -0.033528
vn -0.053647 -0.084211 -0.005518
vn -0.034215 -0.086857 0.035849
vn -0.006097 -0.099661 0.005518
vn 0.006097 -0.099661 -0.005518
vn 0.005753 -0.094036 -0.033528
vn -0.024992 -0.096643 -0.005953
vn 0.053647 -0.084211 0.005518
vn 0.050619 -0.079458 0.033528
vn 0.062529 -0.075385 0.020182
vn 0.069114 -0.070650 0.015229
vn 0.071369 -0.069274 0.010369
vn 0.072716 -0.068420 0.005582
vn 0.073922 -0.064147 -0.020511
vn 0.063512 -0.077044 -0.005518
vn 0.072067 -0.068072 -0.013138
vn 0.080513 -0.059046 -0.005582
vn -0.029143 -0.095484 -0.005784
vn -0.034431 -0.087405 -0.034276
vn -0.021607 -0.097456 -0.005953
vn -0.013947 -0.098854 -0.005784
vn -0.006113 -0.099652 -0.005672
vn -0.005753 -0.094036 -0.033528
vn 0.024997 -0.096660 -0.005657
vn 0.006097 -0.099661 0.005518
vn 0.034431 -0.087405 0.034276
vn 0.023373 -0.090380 -0.035849
vn 0.024992 -0.096643 -0.005953
vn 0.059927 -0.072695 0.033528
vn 0.063512 -0.077044 0.005518
vn 0.050725 -0.083669 0.020651
vn 0.036586 -0.092876 0.005953
vn 0.050619 -0.079458 -0.033528
vn 0.053647 -0.084211 -0.005518
vn 0.077025 -0.063496 -0.005953
vn 0.084190 -0.053634 0.005953
vn 0.078734 -0.050158 0.035849
vn 0.081036 -0.058326 -0.005582
vn 0.092900 -0.036595 -0.005518
vn 0.087010 -0.047504 -0.013138
vn 0.083850 -0.050482 -0.020511
vn 0.091211 -0.023588 0.033528
vn 0.091018 -0.036173 0.020182
vn 0.087542 -0.048014 0.005582
vn 0.088549 -0.043899 0.015229
vn 0.087938 -0.046469 0.010369
vn 0.036592 -0.092892 -0.005657
vn 0.034431 -0.087405 -0.034276
vn 0.029143 -0.095484 -0.005784
vn 0.006113 -0.099652 -0.005672
vn 0.021607 -0.097456 -0.005953
vn 0.013947 -0.098854 -0.005784
vn 0.023520 -0.090950 0.034276
vn 0.053647 -0.084211 0.005518
vn 0.063512 -0.077044 -0.005518
vn 0.059927 -0.072695 -0.033528
vn 0.077025 -0.063496 0.005953
vn 0.053647 -0.084211 0.005518
vn 0.063899 -0.074097 0.020651
vn 0.050619 -0.079458 0.033528
vn 0.084190 -0.053634 -0.005953
vn 0.078734 -0.050158 -0.035849
vn 0.063512 -0.077044 -0.005518
vn 0.077025 -0.063496 0.005953
vn 0.072033 -0.059381 0.035849
vn 0.092900 -0.036595 0.005518
vn 0.091211 -0.023588 -0.033528
vn 0.084190 -0.053634 -0.005953
vn 0.000000 0.000000 -0.100000
vn 0.000000 0.000000 -0.100000
vn 0.000000 0.000000 -0.100000
vn 0.000000 0.000000 -0.100000
vn 0.000000 0.000000 -0.100000
vn 0.000000 0.000000 -0.100000
vn 0.000000 0.000000 -0.100000
vn 0.000000 0.000000 -0.100000
vn 0.000000 0.000000 -0.100000
vn 0.000000 0.000000 -0.100000
vn 0.000000 0.000000 -0.100000
vn 0.000000 0.000000 -0.100000
vn 0.000000 0.000000 -0.100000
vn 0.000000 0.000000 -0.100000
vn 0.000000 0.000000 -0.100000
vn 0.000000 0.000000 -0.100000
vn 0.000000 0.000000 -0.100000
vn 0.000000 0.000000 -0.100000
vn 0.000000 0.000000 -0.100000
vn 0.000000 0.000000 -0.100000
vn 0.000000 0.000000 -0.100000
vn 0.000000 0.000000 -0.100000
vn 0.000000 0.000000 -0.100000
vn 0.000000 0.000000 -0.100000
vn 0.000000 0.000000 -0.100000
vn 0.000000 0.000000 -0.100000
vn 0.000000 0.000000 -0.100000
vn 0.000000 0.000000 -0.100000
vn 0.000000 0.000000 -0.100000
vn 0.000000 0.000000 -0.100000
vn 0.000000 0.000000 -0.100000
vn 0.000000 0.000000 -0.100000
vn 0.000000 0.000000 -0.100000
vn 0.000000 0.000000 -0.100000
vn 0.000000 0.000000 -0.100000
vn 0.000000 0.000000 -0.100000
vn 0.000000 0.000000 -0.100000
vn 0.000000 0.000000 -0.100000
vn 0.000000 0.000000 -0.100000
vn 0.000000 0.000000 -0.100000
vn 0.000000 0.000000 -0.100000
vn 0.000000 0.000000 -0.100000
vn 0.000000 0.000000 -0.100000
vn 0.000000 0.000000 -0.100000
vn 0.000000 0.000000 -0.100000
vn 0.000000 0.000000 -0.100000
vn 0.000000 0.000000 -0.100000
vn 0.000000 0.000000 -0.100000
vn 0.000000 0.000000 -0.100000
vn 0.000000 0.000000 -0.100000
vn 0.000000 0.000000 -0.100000
vn 0.000000 0.000000 -0.100000
vn 0.000000 0.000000 -0.100000
vn 0.000000 0.000000 -0.100000
vn 0.000000 0.000000 -0.100000
vn 0.000000 0.000000 -0.100000
vn 0.000000 0.000000 -0.100000
vn 0.000000 0.000000 -0.100000
vn 0.000000 0.000000 -0.100000
vn 0.000000 0.000000 -0.100000
vn 0.000000 0.000000 -0.100000
vn 0.000000 0.000000 -0.100000
vn 0.000000 0.000000 -0.100000
vn 0.000000 0.000000 -0.100000
vn 0.068465 0.017678 0.070711
vn 0.054443 0.045122 0.070711
vn 0.067454 0.021213 0.070711
vn 0.051782 0.048152 0.070711
vn 0.030078 0.063995 0.070711
vn 0.026051 0.065737 0.070711
vn 0.000000 0.070711 0.070711
vn -0.004740 0.070552 0.070711
vn -0.030078 0.063995 0.070711
vn -0.034611 0.061661 0.070711
vn -0.054443 0.045122 0.070711
vn -0.055171 0.044228 0.070711
vn -0.066359 0.024422 0.070711
vn -0.068465 0.017678 0.070711
vn -0.035406 0.061208 0.070711
vn -0.035355 0.061238 0.070711
vn -0.001779 0.070688 0.070711
vn -0.001159 0.070701 0.070711
vn 0.016470 0.068766 0.070711
vn 0.017588 0.068488 0.070711
vn 0.035357 0.061237 0.070711
vn 0.035355 0.061237 0.070711
vn 0.038951 0.059016 0.070711
vn 0.030145 0.063963 -0.070711
vn 0.035357 0.061236 -0.070711
vn 0.035355 0.061237 -0.070711
vn 0.050369 0.049628 -0.070711
vn 0.061342 0.035173 -0.070711
vn 0.061584 0.034748 -0.070711
vn 0.070692 0.001625 -0.070711
vn 0.070665 0.002552 -0.070711
vn 0.070711 0.000000 -0.070711
vn 0.070711 0.000000 -0.070711
vn 0.067891 -0.019769 -0.070711
vn 0.061237 -0.035355 -0.070711
vn 0.060616 -0.036410 -0.070711
vn 0.035355 -0.061237 -0.070711
vn 0.035355 -0.061237 -0.070711
vn 0.017608 -0.068483 -0.070711
vn 0.000000 -0.070711 -0.070711
vn -0.001207 -0.070700 -0.070711
vn -0.035355 -0.061237 -0.070711
vn -0.035355 -0.061237 -0.070711
vn -0.051501 -0.048453 -0.070711
vn -0.061237 -0.035355 -0.070711
vn -0.062017 -0.033969 -0.070711
vn -0.070711 0.000000 -0.070711
vn -0.070711 0.000000 -0.070711
vn 0.061237 0.035355 -0.070711
vn 0.060146 0.037181 -0.070711
vn 0.035355 0.061237 -0.070711
vn 0.033872 0.062070 -0.070711
vn -0.000000 0.070711 -0.070711
vn -0.001276 0.070699 -0.070711
vn -0.035355 0.061237 -0.070711
vn -0.036090 0.060807 -0.070711
vn -0.061237 0.035355 -0.070711
vn -0.061449 0.034986 -0.070711
vn -0.070711 -0.000000 -0.070711
vn 0.081588 -0.051467 0.026354
vn 0.081588 -0.051467 0.026354
vn 0.093897 -0.022109 0.026354
vn 0.091744 -0.029809 0.026354
vn 0.094058 -0.021416 0.026354
vn 0.079615 -0.054469 0.026354
vn 0.078042 -0.056701 0.026354
vn 0.078042 -0.056701 0.026354
vn 0.076405 -0.058887 0.026354
vn 0.074160 -0.061691 0.026354
vn 0.074160 -0.061691 0.026354
vn 0.056701 -0.078042 0.026354
vn 0.056701 -0.078042 0.026354
vn 0.035755 -0.089594 0.026354
vn 0.035755 -0.089594 0.026354
vn 0.032394 -0.090863 0.026354
vn 0.029809 -0.091744 0.026354
vn 0.029809 -0.091744 0.026354
vn 0.027200 -0.092551 0.026354
vn 0.023735 -0.093499 0.026354
vn 0.023735 -0.093499 0.026354
vn 0.000000 -0.096465 0.026354
vn -0.023735 -0.093499 0.026354
vn -0.023735 -0.093499 0.026354
vn 0.000000 -0.096465 0.026354
vn -0.027200 -0.092551 0.026354
vn -0.029809 -0.091744 0.026354
vn -0.029809 -0.091744 0.026354
vn -0.032394 -0.090863 0.026354
vn -0.035755 -0.089594 0.026354
vn -0.035755 -0.089594 0.026354
vn -0.056701 -0.078042 0.026354
vn -0.074160 -0.061691 0.026354
vn -0.074160 -0.061691 0.026354
vn -0.056701 -0.078042 0.026354
vn -0.078042 -0.056701 0.026354
vn -0.076405 -0.058887 0.026354
vn -0.078042 -0.056701 0.026354
vn -0.079615 -0.054469 0.026354
vn -0.081588 -0.051467 0.026354
vn -0.081588 -0.051467 0.026354
vn -0.091744 -0.029809 0.026354
vn -0.093897 -0.022109 0.026354
vn -0.094058 -0.021416 0.026354
vn 0.000000 -0.100000 0.000000
vn 0.000000 -0.100000 0.000000
vn 0.000000 -0.100000 0.000000
vn 0.000000 -0.100000 0.000000
vn 0.000000 -0.100000 0.000000
vn 0.000000 -0.100000 0.000000
vn 0.000000 -0.100000 0.000000
vn 0.000000 -0.100000 0.000000
vn 0.000000 -0.100000 0.000000
vn 0.000000 -0.100000 0.000000
vn 0.000000 -0.100000 0.000000
vn 0.000000 -0.100000 0.000000
vn 0.000000 -0.100000 0.000000
vn 0.000000 -0.100000 0.000000
vn 0.000000 -0.100000 0.000000
vn 0.000000 -0.100000 0.000000
vn 0.000000 -0.100000 0.000000
vn 0.000000 -0.100000 0.000000
vn 0.000000 -0.100000 0.000000
vn 0.000000 -0.100000 0.000000
vn 0.000000 -0.100000 0.000000
vn 0.000000 -0.100000 0.000000
vn 0.000000 -0.100000 0.000000
vn 0.000000 -0.100000 0.000000
vn 0.000000 -0.100000 0.000000
vn 0.000000 -0.100000 0.000000
vn 0.000000 -0.100000 0.000000
vn 0.000000 -0.100000 0.000000
vn 0.000000 -0.100000 0.000000
vn 0.000000 -0.100000 0.000000
vn 0.000000 -0.100000 0.000000
vn 0.000000 -0.100000 0.000000
vn 0.000000 -0.100000 0.000000
vn 0.000000 -0.100000 0.000000
vn 0.000000 -0.100000 0.000000
vn 0.000000 -0.100000 0.000000
vn 0.000000 -0.100000 0.000000
vn -0.000000 0.100000 -0.000000
vn -0.000000 0.100000 -0.000000
vn -0.000000 0.100000 -0.000000
vn -0.000000 0.100000 -0.000000
vn -0.000000 0.100000 -0.000000
vn -0.000000 0.100000 -0.000000
vn -0.000000 0.100000 -0.000000
vn -0.000000 0.100000 -0.000000
vn -0.000000 0.100000 -0.000000
vn -0.000000 0.100000 -0.000000
vn -0.000000 0.100000 -0.000000
vn -0.000000 0.100000 -0.000000
vn -0.000000 0.100000 -0.000000
vn -0.000000 0.100000 -0.000000
vn -0.000000 0.100000 -0.000000
vn -0.000000 0.100000 -0.000000
vn -0.000000 0.100000 -0.000000
vn -0.000000 0.100000 -0.000000
vn -0.000000 0.100000 -0.000000
vn -0.000000 0.100000 -0.000000
vn -0.000000 0.100000 -0.000000
vn -0.000000 0.100000 -0.000000
vn -0.000000 0.100000 -0.000000
vn -0.000000 0.100000 -0.000000
vn -0.000000 0.100000 -0.000000
vn -0.000000 0.100000 -0.000000
vn -0.000000 0.100000 -0.000000
vn -0.000000 0.100000 -0.000000
vn -0.000000 0.100000 -0.000000
vn -0.000000 0.100000 -0.000000
vn -0.000000 0.100000 -0.000000
vn -0.000000 0.100000 -0.000000
vn -0.000000 0.100000 -0.000000
vn -0.000000 0.100000 -0.000000
vn -0.000000 0.100000 -0.000000
vn -0.000000 0.100000 -0.000000
vn -0.000000 0.100000 -0.000000
vn 0.000000 0.000000 0.100000
vn 0.000000 0.000000 0.100000
vn 0.000000 0.000000 0.100000
vn 0.000000 0.000000 0.100000
vn 0.000000 0.000000 0.100000
vn 0.000000 0.000000 0.100000
vn 0.000000 0.000000 0.100000
vn 0.000000 0.000000 0.100000
vn 0.000000 0.000000 0.100000
vn 0.000000 0.000000 0.100000
vn 0.000000 0.000000 0.100000
vn 0.000000 0.000000 0.100000
vn 0.000000 0.000000 0.100000
vn 0.000000 0.000000 0.100000
vn 0.000000 0.000000 0.100000
vn 0.000000 -0.100000 0.000000
vn 0.000000 -0.100000 0.000000
vn 0.000000 -0.100000 0.000000
vn 0.000000 -0.100000 0.000000
vn 0.000000 -0.100000 0.000000
vn 0.000000 -0.100000 0.000000
vn 0.000000 -0.100000 0.000000
vn 0.000000 -0.100000 0.000000
vn 0.000000 -0.100000 0.000000
vn 0.000000 -0.100000 0.000000
vn 0.000000 -0.100000 0.000000
vn 0.000000 -0.100000 0.000000
vn 0.000000 -0.100000 0.000000
vn 0.000000 -0.100000 0.000000
vn 0.000000 -0.100000 0.000000
vn 0.000000 -0.100000 0.000000
vn 0.000000 -0.100000 0.000000
vn 0.000000 -0.100000 0.000000
vn 0.000000 -0.100000 0.000000
vn 0.000000 -0.100000 0.000000
vn 0.000000 -0.100000 0.000000
vn 0.000000 -0.100000 0.000000
vn 0.000000 -0.100000 0.000000
vn 0.000000 -0.100000 0.000000
vn 0.000000 -0.100000 0.000000
vn 0.000000 -0.100000 0.000000
vn 0.000000 -0.100000 0.000000
vn 0.000000 -0.100000 0.000000
vn 0.000000 -0.100000 0.000000
vn 0.000000 -0.100000 0.000000
vn 0.000000 -0.100000 0.000000
vn 0.000000 -0.100000 0.000000
vn 0.000000 -0.100000 0.000000
vn 0.000000 -0.100000 0.000000
vn 0.000000 -0.100000 0.000000
vn 0.000000 -0.100000 0.000000
vn 0.000000 -0.100000 0.000000
vn 0.000000 -0.100000 0.000000
vn -0.000000 0.100000 -0.000000
vn -0.000000 0.100000 -0.000000
vn -0.000000 0.100000 -0.000000
vn -0.000000 0.100000 -0.000000
vn -0.000000 0.100000 -0.000000
vn -0.000000 0.100000 -0.000000
vn -0.000000 0.100000 -0.000000
vn -0.000000 0.100000 -0.000000
vn -0.000000 0.100000 -0.000000
vn -0.000000 0.100000 -0.000000
vn -0.000000 0.100000 -0.000000
vn -0.000000 0.100000 -0.000000
vn -0.000000 0.100000 -0.000000
vn -0.000000 0.100000 -0.000000
vn -0.000000 0.100000 -0.000000
vn -0.000000 0.100000 -0.000000
vn -0.000000 0.100000 -0.000000
vn -0.000000 0.100000 -0.000000
vn -0.000000 0.100000 -0.000000
vn -0.000000 0.100000 -0.000000
vn -0.000000 0.100000 -0.000000
vn -0.000000 0.100000 -0.000000
vn -0.000000 0.100000 -0.000000
vn -0.000000 0.100000 -0.000000
vn -0.000000 0.100000 -0.000000
vn -0.000000 0.100000 -0.000000
vn -0.000000 0.100000 -0.000000
vn -0.000000 0.100000 -0.000000
vn -0.000000 0.100000 -0.000000
vn -0.000000 0.100000 -0.000000
vn -0.000000 0.100000 -0.000000
vn -0.000000 0.100000 -0.000000
vn -0.000000 0.100000 -0.000000
vn -0.000000 0.100000 -0.000000
vn -0.000000 0.100000 -0.000000
vn -0.000000 0.100000 -0.000000
vn -0.000000 0.100000 -0.000000
usemtl Opaque(255,193,14)
f 14/1/1 1/2/2 16/3/3
f 16/3/3 1/2/2 2/4/4
f 16/3/3 2/4/4 15/5/5
f 15/5/5 2/4/4 3/6/6
f 15/5/5 3/6/6 17/7/7
f 17/7/7 3/6/6 4/8/8
f 17/7/7 4/8/8 5/9/9
f 17/7/7 5/9/9 18/10/10
f 18/10/10 5/9/9 6/11/11
f 18/10/10 6/11/11 9/12/12
f 9/12/12 6/11/11 8/13/13
f 8/13/13 6/11/11 7/14/14
f 9/12/12 10/15/15 18/10/10
f 18/10/10 10/15/15 11/16/16
f 18/10/10 11/16/16 17/7/7
f 17/7/7 11/16/16 15/5/5
f 11/16/16 12/17/17 15/5/5
f 15/5/5 12/17/17 13/18/18
f 15/5/5 13/18/18 16/3/3
f 16/3/3 13/18/18 14/1/1
f 32/19/19 19/20/20 34/21/21
f 34/21/21 19/20/20 20/22/22
f 34/21/21 20/22/22 33/23/23
f 33/23/23 20/22/22 21/24/24
f 33/23/23 21/24/24 35/25/25
f 35/25/25 21/24/24 22/26/26
f 35/25/25 22/26/26 23/27/27
f 35/25/25 23/27/27 36/28/28
f 36/28/28 23/27/27 24/29/29
f 36/28/28 24/29/29 27/30/30
f 27/30/30 24/29/29 26/31/31
f 26/31/31 24/29/29 25/32/32
f 27/30/30 28/33/33 36/28/28
f 36/28/28 28/33/33 29/34/34
f 36/28/28 29/34/34 35/25/25
f 35/25/25 29/34/34 33/23/23
f 29/34/34 30/35/35 33/23/23
f 33/23/23 30/35/35 31/36/36
f 33/23/23 31/36/36 34/21/21
f 34/21/21 31/36/36 32/19/19
f 50/37/37 37/38/38 52/39/39
f 52/39/39 37/38/38 38/40/40
f 52/39/39 38/40/40 51/41/41
f 51/41/41 38/40/40 39/42/42
f 51/41/41 39/42/42 53/43/43
f 53/43/43 39/42/42 40/44/44
f 53/43/43 40/44/44 41/45/45
f 53/43/43 41/45/45 54/46/46
f 54/46/46 41/45/45 42/47/47
f 54/46/46 42/47/47 45/48/48
f 45/48/48 42/47/47 44/49/49
f 44/49/49 42/47/47 43/50/50
f 45/48/48 46/51/51 54/46/46
f 54/46/46 46/51/51 47/52/52
f 54/46/46 47/52/52 53/43/43
f 53/43/43 47/52/52 51/41/41
f 47/52/52 48/53/53 51/41/41
f 51/41/41 48/53/53 49/54/54
f 51/41/41 49/54/54 52/39/39
f 52/39/39 49/54/54 50/37/37
f 68/55/55 55/56/56 70/57/57
f 70/57/57 55/56/56 56/58/58
f 70/57/57 56/58/58 69/59/59
f 69/59/59 56/58/58 57/60/60
f 69/59/59 57/60/60 71/61/61
f 71/61/61 57/60/60 58/62/62
f 71/61/61 58/62/62 59/63/63
f 71/61/61 59/63/63 72/64/64
f 72/64/64 59/63/63 60/65/65
f 72/64/64 60/65/65 63/66/66
f 63/66/66 60/65/65 62/67/67
f 62/67/67 60/65/65 61/68/68
f 63/66/66 64/69/69 72/64/64
f 72/64/64 64/69/69 65/70/70
f 72/64/64 65/70/70 71/61/61
f 71/61/61 65/70/70 69/59/59
f 65/70/70 66/71/71 69/59/59
f 69/59/59 66/71/71 67/72/72
f 69/59/59 67/72/72 70/57/57
f 70/57/57 67/72/72 68/55/55
f 86/73/73 73/74/74 88/75/75
f 88/75/75 73/74/74 74/76/76
f 88/75/75 74/76/76 87/77/77
f 87/77/77 74/76/76 75/78/78
f 87/77/77 75/78/78 89/79/79
f 89/79/79 75/78/78 76/80/80
f 89/79/79 76/80/80 77/81/81
f 89/79/79 77/81/81 90/82/82
f 90/82/82 77/81/81 78/83/83
f 90/82/82 78/83/83 81/84/84
f 81/84/84 78/83/83 80/85/85
f 80/85/85 78/83/83 79/86/86
f 81/84/84 82/87/87 90/82/82
f 90/82/82 82/87/87 83/88/88
f 90/82/82 83/88/88 89/79/79
f 89/79/79 83/88/88 87/77/77
f 83/88/88 84/89/89 87/77/77
f 87/77/77 84/89/89 85/90/90
f 87/77/77 85/90/90 88/75/75
f 88/75/75 85/90/90 86/73/73
f 104/91/91 91/92/92 106/93/93
f 106/93/93 91/92/92 92/94/94
f 106/93/93 92/94/94 105/95/95
f 105/95/95 92/94/94 93/96/96
f 105/95/95 93/96/96 107/97/97
f 107/97/97 93/96/96 94/98/98
f 107/97/97 94/98/98 95/99/99
f 107/97/97 95/99/99 108/100/100
f 108/100/100 95/99/99 96/101/101
f 108/100/100 96/101/101 99/102/102
f 99/102/102 96/101/101 98/103/103
f 98/103/103 96/101/101 97/104/104
f 99/102/102 100/105/105 108/100/100
f 108/100/100 100/105/105 101/106/106
f 108/100/100 101/106/106 107/97/97
f 107/97/97 101/106/106 105/95/95
f 101/106/106 102/107/107 105/95/95
f 105/95/95 102/107/107 103/108/108
f 105/95/95 103/108/108 106/93/93
f 106/93/93 103/108/108 104/91/91
f 122/109/109 109/110/110 124/111/111
f 124/111/111 109/110/110 110/112/112
f 124/111/111 110/112/112 111/113/113
f 124/111/111 111/113/113 123/114/114
f 123/114/114 111/113/113 112/115/115
f 123/114/114 112/115/115 125/116/116
f 125/116/116 112/115/115 113/117/117
f 125/116/116 113/117/117 114/118/118
f 125/116/116 114/118/118 126/119/119
f 126/119/119 114/118/118 115/120/120
f 126/119/119 115/120/120 118/121/121
f 118/121/121 115/120/120 117/122/122
f 117/122/122 115/120/120 116/123/123
f 118/121/121 119/124/124 126/119/119
f 126/119/119 119/124/124 120/125/125
f 126/119/119 120/125/125 125/116/116
f 125/116/116 120/125/125 123/114/114
f 120/125/125 121/126/126 123/114/114
f 123/114/114 121/126/126 122/109/109
f 123/114/114 122/109/109 124/111/111
f 140/127/127 127/128/128 142/129/129
f 142/129/129 127/128/128 128/130/130
f 142/129/129 128/130/130 129/131/131
f 142/129/129 129/131/131 141/132/132
f 141/132/132 129/131/131 130/133/133
f 141/132/132 130/133/133 143/134/134
f 143/134/134 130/133/133 131/135/135
f 143/134/134 131/135/135 132/136/136
f 143/134/134 132/136/136 144/137/137
f 144/137/137 132/136/136 133/138/138
f 144/137/137 133/138/138 136/139/139
f 136/139/139 133/138/138 135/140/140
f 135/140/140 133/138/138 134/141/141
f 136/139/139 137/142/142 144/137/137
f 144/137/137 137/142/142 138/143/143
f 144/137/137 138/143/143 143/134/134
f 143/134/134 138/143/143 141/132/132
f 138/143/143 139/144/144 141/132/132
f 141/132/132 139/144/144 140/127/127
f 141/132/132 140/127/127 142/129/129
f 158/145/145 145/146/146 160/147/147
f 160/147/147 145/146/146 146/148/148
f 160/147/147 146/148/148 147/149/149
f 160/147/147 147/149/149 159/150/150
f 159/150/150 147/149/149 148/151/151
f 159/150/150 148/151/151 161/152/152
f 161/152/152 148/151/151 149/153/153
f 161/152/152 149/153/153 150/154/154
f 161/152/152 150/154/154 162/155/155
f 162/155/155 150/154/154 151/156/156
f 162/155/155 151/156/156 154/157/157
f 154/157/157 151/156/156 153/158/158
f 153/158/158 151/156/156 152/159/159
f 154/157/157 155/160/160 162/155/155
f 162/155/155 155/160/160 156/161/161
f 162/155/155 156/161/161 161/152/152
f 161/152/152 156/161/161 159/150/150
f 156/161/161 157/162/162 159/150/150
f 159/150/150 157/162/162 158/145/145
f 159/150/150 158/145/145 160/147/147
f 176/163/163 163/164/164 178/165/165
f 178/165/165 163/164/164 164/166/166
f 178/165/165 164/166/166 165/167/167
f 178/165/165 165/167/167 177/168/168
f 177/168/168 165/167/167 166/169/169
f 177/168/168 166/169/169 179/170/170
f 179/170/170 166/169/169 167/171/171
f 179/170/170 167/171/171 168/172/172
f 179/170/170 168/172/172 180/173/173
f 180/173/173 168/172/172 169/174/174
f 180/173/173 169/174/174 172/175/175
f 172/175/175 169/174/174 171/176/176
f 171/176/176 169/174/174 170/177/177
f 172/175/175 173/178/178 180/173/173
f 180/173/173 173/178/178 174/179/179
f 180/173/173 174/179/179 179/170/170
f 179/170/170 174/179/179 177/168/168
f 174/179/179 175/180/180 177/168/168
f 177/168/168 175/180/180 176/163/163
f 177/168/168 176/163/163 178/165/165
f 194/181/181 181/182/182 196/183/183
f 196/183/183 181/182/182 182/184/184
f 196/183/183 182/184/184 183/185/185
f 196/183/183 183/185/185 195/186/186
f 195/186/186 183/185/185 184/187/187
f 195/186/186 184/187/187 197/188/188
f 197/188/188 184/187/187 185/189/189
f 197/188/188 185/189/189 186/190/190
f 197/188/188 186/190/190 198/191/191
f 198/191/191 186/190/190 187/192/192
f 198/191/191 187/192/192 190/193/193
f 190/193/193 187/192/192 189/194/194
f 189/194/194 187/192/192 188/195/195
f 190/193/193 191/196/196 198/191/191
f 198/191/191 191/196/196 192/197/197
f 198/191/191 192/197/197 197/188/188
f 197/188/188 192/197/197 195/186/186
f 192/197/197 193/198/198 195/186/186
f 195/186/186 193/198/198 194/181/181
f 195/186/186 194/181/181 196/183/183
f 199/199/199 200/200/200 210/201/201
f 210/201/201 200/200/200 211/202/202
f 210/201/201 211/202/202 208/203/203
f 208/203/203 211/202/202 207/204/204
f 207/204/204 211/202/202 203/205/205
f 207/204/204 203/205/205 204/206/206
f 200/200/200 201/207/207 211/202/202
f 211/202/202 201/207/207 202/208/208
f 211/202/202 202/208/208 203/205/205
f 205/209/209 206/210/210 204/206/206
f 204/206/206 206/210/210 207/204/204
f 208/203/203 209/211/211 210/201/201
f 241/212/212 14/213/213 243/214/214
f 243/214/214 14/213/213 13/215/215
f 243/214/214 13/215/215 244/216/216
f 244/216/216 13/215/215 12/217/217
f 244/216/216 12/217/217 245/218/218
f 245/218/218 12/217/217 11/219/219
f 245/218/218 11/219/219 10/220/220
f 245/218/218 10/220/220 246/221/221
f 246/221/221 10/220/220 9/222/222
f 246/221/221 9/222/222 8/223/223
f 212/224/224 213/225/225 8/223/223
f 8/223/223 213/225/225 246/221/221
f 213/225/225 214/226/226 246/221/221
f 246/221/221 214/226/226 215/227/227
f 246/221/221 215/227/227 245/218/218
f 245/218/218 215/227/227 216/228/228
f 245/218/218 216/228/228 244/216/216
f 244/216/216 216/228/228 217/229/229
f 244/216/216 217/229/229 243/214/214
f 243/214/214 217/229/229 218/230/230
f 243/214/214 218/230/230 219/231/231
f 243/214/214 219/231/231 242/232/232
f 242/232/232 219/231/231 220/233/233
f 242/232/232 220/233/233 221/234/234
f 221/234/234 222/235/235 242/232/232
f 242/232/232 222/235/235 247/236/236
f 242/232/232 247/236/236 240/237/237
f 240/237/237 247/236/236 239/238/238
f 239/238/238 247/236/236 238/239/239
f 238/239/239 247/236/236 237/240/240
f 237/240/240 247/236/236 248/241/241
f 237/240/240 248/241/241 236/242/242
f 236/242/242 248/241/241 235/243/243
f 235/243/243 248/241/241 249/244/244
f 235/243/243 249/244/244 234/245/245
f 234/245/245 249/244/244 250/246/246
f 234/245/245 250/246/246 233/247/247
f 233/247/247 250/246/246 230/248/248
f 233/247/247 230/248/248 232/249/249
f 232/249/249 230/248/248 231/250/250
f 222/235/235 223/251/251 247/236/236
f 247/236/236 223/251/251 224/252/252
f 247/236/236 224/252/252 225/253/253
f 247/236/236 225/253/253 248/241/241
f 248/241/241 225/253/253 226/254/254
f 248/241/241 226/254/254 227/255/255
f 248/241/241 227/255/255 249/244/244
f 249/244/244 227/255/255 228/256/256
f 249/244/244 228/256/256 250/246/246
f 250/246/246 228/256/256 229/257/257
f 250/246/246 229/257/257 230/248/248
f 240/237/237 241/212/212 242/232/232
f 242/232/232 241/212/212 243/214/214
f 257/258/258 32/259/259 259/260/260
f 259/260/260 32/259/259 31/261/261
f 259/260/260 31/261/261 258/262/262
f 258/262/262 31/261/261 30/263/263
f 258/262/262 30/263/263 29/264/264
f 28/265/265 261/266/266 29/264/264
f 29/264/264 261/266/266 260/267/267
f 29/264/264 260/267/267 258/262/262
f 258/262/262 260/267/267 255/268/268
f 258/262/262 255/268/268 256/269/269
f 28/265/265 27/270/270 261/266/266
f 261/266/266 27/270/270 252/271/271
f 261/266/266 252/271/271 253/272/272
f 27/270/270 26/273/273 252/271/271
f 252/271/271 26/273/273 251/274/274
f 261/266/266 253/272/272 260/267/267
f 260/267/267 253/272/272 254/275/275
f 260/267/267 254/275/275 255/268/268
f 258/262/262 256/269/269 259/260/260
f 259/260/260 256/269/269 257/258/258
f 268/276/276 50/277/277 270/278/278
f 270/278/278 50/277/277 49/279/279
f 270/278/278 49/279/279 269/280/280
f 269/280/280 49/279/279 48/281/281
f 269/280/280 48/281/281 47/282/282
f 46/283/283 272/284/284 47/282/282
f 47/282/282 272/284/284 271/285/285
f 47/282/282 271/285/285 269/280/280
f 269/280/280 271/285/285 266/286/286
f 269/280/280 266/286/286 267/287/287
f 46/283/283 45/288/288 272/284/284
f 272/284/284 45/288/288 263/289/289
f 272/284/284 263/289/289 264/290/290
f 45/288/288 44/291/291 263/289/289
f 263/289/289 44/291/291 262/292/292
f 272/284/284 264/290/290 271/285/285
f 271/285/285 264/290/290 265/293/293
f 271/285/285 265/293/293 266/286/286
f 269/280/280 267/287/287 270/278/278
f 270/278/278 267/287/287 268/276/276
f 279/294/294 68/295/295 281/296/296
f 281/296/296 68/295/295 67/297/297
f 281/296/296 67/297/297 280/298/298
f 280/298/298 67/297/297 66/299/299
f 280/298/298 66/299/299 65/300/300
f 64/301/301 283/302/302 65/300/300
f 65/300/300 283/302/302 282/303/303
f 65/300/300 282/303/303 280/298/298
f 280/298/298 282/303/303 277/304/304
f 280/298/298 277/304/304 278/305/305
f 64/301/301 63/306/306 283/302/302
f 283/302/302 63/306/306 274/307/307
f 283/302/302 274/307/307 275/308/308
f 63/306/306 62/309/309 274/307/307
f 274/307/307 62/309/309 273/310/310
f 283/302/302 275/308/308 282/303/303
f 282/303/303 275/308/308 276/311/311
f 282/303/303 276/311/311 277/304/304
f 280/298/298 278/305/305 281/296/296
f 281/296/296 278/305/305 279/294/294
f 290/312/312 86/313/313 292/314/314
f 292/314/314 86/313/313 85/315/315
f 292/314/314 85/315/315 291/316/316
f 291/316/316 85/315/315 84/317/317
f 291/316/316 84/317/317 83/318/318
f 82/319/319 294/320/320 83/318/318
f 83/318/318 294/320/320 293/321/321
f 83/318/318 293/321/321 291/316/316
f 291/316/316 293/321/321 288/322/322
f 291/316/316 288/322/322 289/323/323
f 82/319/319 81/324/324 294/320/320
f 294/320/320 81/324/324 285/325/325
f 294/320/320 285/325/325 286/326/326
f 81/324/324 80/327/327 285/325/325
f 285/325/325 80/327/327 284/328/328
f 294/320/320 286/326/326 293/321/321
f 293/321/321 286/326/326 287/329/329
f 293/321/321 287/329/329 288/322/322
f 291/316/316 289/323/323 292/314/314
f 292/314/314 289/323/323 290/312/312
f 301/330/330 104/331/331 303/332/332
f 303/332/332 104/331/331 103/333/333
f 303/332/332 103/333/333 302/334/334
f 302/334/334 103/333/333 102/335/335
f 302/334/334 102/335/335 101/336/336
f 100/337/337 305/338/338 101/336/336
f 101/336/336 305/338/338 304/339/339
f 101/336/336 304/339/339 302/334/334
f 302/334/334 304/339/339 299/340/340
f 302/334/334 299/340/340 300/341/341
f 100/337/337 99/342/342 305/338/338
f 305/338/338 99/342/342 296/343/343
f 305/338/338 296/343/343 297/344/344
f 99/342/342 98/345/345 296/343/343
f 296/343/343 98/345/345 295/346/346
f 305/338/338 297/344/344 304/339/339
f 304/339/339 297/344/344 298/347/347
f 304/339/339 298/347/347 299/340/340
f 302/334/334 300/341/341 303/332/332
f 303/332/332 300/341/341 301/330/330
f 320/348/348 306/349/349 322/350/350
f 322/350/350 306/349/349 307/351/351
f 322/350/350 307/351/351 308/352/352
f 322/350/350 308/352/352 321/353/353
f 321/353/353 308/352/352 309/354/354
f 321/353/353 309/354/354 323/355/355
f 323/355/355 309/354/354 310/356/356
f 323/355/355 310/356/356 311/357/357
f 312/358/358 315/359/359 311/357/357
f 311/357/357 315/359/359 316/360/360
f 311/357/357 316/360/360 317/361/361
f 312/358/358 313/362/362 315/359/359
f 315/359/359 313/362/362 314/363/363
f 318/364/364 321/353/353 317/361/361
f 317/361/361 321/353/353 323/355/355
f 317/361/361 323/355/355 311/357/357
f 318/364/364 319/365/365 321/353/353
f 321/353/353 319/365/365 322/350/350
f 319/365/365 320/348/348 322/350/350
f 330/366/366 324/367/367 332/368/368
f 332/368/368 324/367/367 127/369/369
f 332/368/368 127/369/369 140/370/370
f 332/368/368 140/370/370 331/371/371
f 331/371/371 140/370/370 139/372/372
f 331/371/371 139/372/372 138/373/373
f 137/374/374 334/375/375 138/373/373
f 138/373/373 334/375/375 333/376/376
f 138/373/373 333/376/376 331/371/371
f 331/371/371 333/376/376 329/377/377
f 331/371/371 329/377/377 330/366/366
f 137/374/374 136/378/378 334/375/375
f 334/375/375 136/378/378 326/379/379
f 334/375/375 326/379/379 327/380/380
f 136/378/378 135/381/381 326/379/379
f 326/379/379 135/381/381 325/382/382
f 334/375/375 327/380/380 333/376/376
f 333/376/376 327/380/380 328/383/383
f 333/376/376 328/383/383 329/377/377
f 331/371/371 330/366/366 332/368/368
f 341/384/384 335/385/385 343/386/386
f 343/386/386 335/385/385 145/387/387
f 343/386/386 145/387/387 158/388/388
f 343/386/386 158/388/388 342/389/389
f 342/389/389 158/388/388 157/390/390
f 342/389/389 157/390/390 156/391/391
f 155/392/392 345/393/393 156/391/391
f 156/391/391 345/393/393 344/394/394
f 156/391/391 344/394/394 342/389/389
f 342/389/389 344/394/394 340/395/395
f 342/389/389 340/395/395 341/384/384
f 155/392/392 154/396/396 345/393/393
f 345/393/393 154/396/396 337/397/397
f 345/393/393 337/397/397 338/398/398
f 154/396/396 153/399/399 337/397/397
f 337/397/397 153/399/399 336/400/400
f 345/393/393 338/398/398 344/394/394
f 344/394/394 338/398/398 339/401/401
f 344/394/394 339/401/401 340/395/395
f 342/389/389 341/384/384 343/386/386
f 352/402/402 346/403/403 354/404/404
f 354/404/404 346/403/403 163/405/405
f 354/404/404 163/405/405 176/406/406
f 354/404/404 176/406/406 353/407/407
f 353/407/407 176/406/406 175/408/408
f 353/407/407 175/408/408 174/409/409
f 173/410/410 356/411/411 174/409/409
f 174/409/409 356/411/411 355/412/412
f 174/409/409 355/412/412 353/407/407
f 353/407/407 355/412/412 351/413/413
f 353/407/407 351/413/413 352/402/402
f 173/410/410 172/414/414 356/411/411
f 356/411/411 172/414/414 348/415/415
f 356/411/411 348/415/415 349/416/416
f 172/414/414 171/417/417 348/415/415
f 348/415/415 171/417/417 347/418/418
f 356/411/411 349/416/416 355/412/412
f 355/412/412 349/416/416 350/419/419
f 355/412/412 350/419/419 351/413/413
f 353/407/407 352/402/402 354/404/404
f 363/420/420 357/421/421 365/422/422
f 365/422/422 357/421/421 181/423/423
f 365/422/422 181/423/423 194/424/424
f 365/422/422 194/424/424 364/425/425
f 364/425/425 194/424/424 193/426/426
f 364/425/425 193/426/426 192/427/427
f 191/428/428 367/429/429 192/427/427
f 192/427/427 367/429/429 366/430/430
f 192/427/427 366/430/430 364/425/425
f 364/425/425 366/430/430 362/431/431
f 364/425/425 362/431/431 363/420/420
f 191/428/428 190/432/432 367/429/429
f 367/429/429 190/432/432 359/433/433
f 367/429/429 359/433/433 360/434/434
f 190/432/432 189/435/435 359/433/433
f 359/433/433 189/435/435 358/436/436
f 367/429/429 360/434/434 366/430/430
f 366/430/430 360/434/434 361/437/437
f 366/430/430 361/437/437 362/431/431
f 364/425/425 363/420/420 365/422/422
f 382/438/438 368/439/439 384/440/440
f 384/440/440 368/439/439 199/441/441
f 384/440/440 199/441/441 210/442/442
f 210/442/442 209/443/443 384/440/440
f 384/440/440 209/443/443 383/444/444
f 384/440/440 383/444/444 381/445/445
f 381/445/445 383/444/444 380/446/446
f 380/446/446 383/444/444 385/447/447
f 380/446/446 385/447/447 379/448/448
f 379/448/448 385/447/447 378/449/449
f 378/449/449 385/447/447 386/450/450
f 378/449/449 386/450/450 377/451/451
f 377/451/451 386/450/450 374/452/452
f 377/451/451 374/452/452 375/453/453
f 209/443/443 369/454/454 383/444/444
f 383/444/444 369/454/454 370/455/455
f 383/444/444 370/455/455 385/447/447
f 385/447/447 370/455/455 371/456/456
f 385/447/447 371/456/456 372/457/457
f 385/447/447 372/457/457 386/450/450
f 386/450/450 372/457/457 373/458/458
f 386/450/450 373/458/458 374/452/452
f 375/453/453 376/459/459 377/451/451
f 381/445/445 382/438/438 384/440/440
f 393/460/460 387/461/461 395/462/462
f 395/462/462 387/461/461 109/463/463
f 395/462/462 109/463/463 122/464/464
f 395/462/462 122/464/464 394/465/465
f 394/465/465 122/464/464 121/466/466
f 394/465/465 121/466/466 120/467/467
f 119/468/468 397/469/469 120/467/467
f 120/467/467 397/469/469 396/470/470
f 120/467/467 396/470/470 394/465/465
f 394/465/465 396/470/470 392/471/471
f 394/465/465 392/471/471 393/460/460
f 119/468/468 118/472/472 397/469/469
f 397/469/469 118/472/472 389/473/473
f 397/469/469 389/473/473 390/474/474
f 118/472/472 117/475/475 389/473/473
f 389/473/473 117/475/475 388/476/476
f 397/469/469 390/474/474 396/470/470
f 396/470/470 390/474/474 391/477/477
f 396/470/470 391/477/477 392/471/471
f 394/465/465 393/460/460 395/462/462
f 91/478/478 320/479/479 92/480/480
f 92/480/480 320/479/479 319/481/481
f 92/480/480 319/481/481 93/482/482
f 93/482/482 319/481/481 318/483/483
f 93/482/482 318/483/483 94/484/484
f 94/484/484 318/483/483 317/485/485
f 94/484/484 317/485/485 95/486/486
f 95/486/486 317/485/485 316/487/487
f 95/486/486 316/487/487 96/488/488
f 96/488/488 316/487/487 315/489/489
f 96/488/488 315/489/489 97/490/490
f 97/490/490 315/489/489 314/491/491
f 73/492/492 301/493/493 74/494/494
f 74/494/494 301/493/493 300/495/495
f 74/494/494 300/495/495 75/496/496
f 75/496/496 300/495/495 299/497/497
f 75/496/496 299/497/497 76/498/498
f 76/498/498 299/497/497 298/499/499
f 76/498/498 298/499/499 77/500/500
f 77/500/500 298/499/499 297/501/501
f 77/500/500 297/501/501 78/502/502
f 78/502/502 297/501/501 296/503/503
f 78/502/502 296/503/503 79/504/504
f 79/504/504 296/503/503 295/505/505
f 55/506/506 290/507/507 56/508/508
f 56/508/508 290/507/507 289/509/509
f 56/508/508 289/509/509 57/510/510
f 57/510/510 289/509/509 288/511/511
f 57/510/510 288/511/511 58/512/512
f 58/512/512 288/511/511 287/513/513
f 58/512/512 287/513/513 59/514/514
f 59/514/514 287/513/513 286/515/515
f 59/514/514 286/515/515 60/516/516
f 60/516/516 286/515/515 285/517/517
f 60/516/516 285/517/517 61/518/518
f 61/518/518 285/517/517 284/519/519
f 37/520/520 279/521/521 38/522/522
f 38/522/522 279/521/521 278/523/523
f 38/522/522 278/523/523 39/524/524
f 39/524/524 278/523/523 277/525/525
f 39/524/524 277/525/525 40/526/526
f 40/526/526 277/525/525 276/527/527
f 40/526/526 276/527/527 41/528/528
f 41/528/528 276/527/527 275/529/529
f 41/528/528 275/529/529 42/530/530
f 42/530/530 275/529/529 274/531/531
f 42/530/530 274/531/531 43/532/532
f 43/532/532 274/531/531 273/533/533
f 19/534/534 268/535/535 20/536/536
f 20/536/536 268/535/535 267/537/537
f 20/536/536 267/537/537 21/538/538
f 21/538/538 267/537/537 266/539/539
f 21/538/538 266/539/539 22/540/540
f 22/540/540 266/539/539 265/541/541
f 22/540/540 265/541/541 23/542/542
f 23/542/542 265/541/541 264/543/543
f 23/542/542 264/543/543 24/544/544
f 24/544/544 264/543/543 263/545/545
f 24/544/544 263/545/545 25/546/546
f 25/546/546 263/545/545 262/547/547
f 1/548/548 257/549/549 2/550/550
f 2/550/550 257/549/549 256/551/551
f 2/550/550 256/551/551 3/552/552
f 3/552/552 256/551/551 255/553/553
f 3/552/552 255/553/553 4/554/554
f 4/554/554 255/553/553 254/555/555
f 4/554/554 254/555/555 5/556/556
f 5/556/556 254/555/555 253/557/557
f 5/556/556 253/557/557 6/558/558
f 6/558/558 253/557/557 252/559/559
f 6/558/558 252/559/559 7/560/560
f 7/560/560 252/559/559 251/561/561
f 110/562/562 324/563/563 111/564/564
f 111/564/564 324/563/563 330/565/565
f 111/564/564 330/565/565 112/566/566
f 112/566/566 330/565/565 329/567/567
f 112/566/566 329/567/567 113/568/568
f 113/568/568 329/567/567 328/569/569
f 113/568/568 328/569/569 114/570/570
f 114/570/570 328/569/569 327/571/571
f 114/570/570 327/571/571 115/572/572
f 115/572/572 327/571/571 326/573/573
f 115/572/572 326/573/573 116/574/574
f 116/574/574 326/573/573 325/575/575
f 128/576/576 335/577/577 129/578/578
f 129/578/578 335/577/577 341/579/579
f 129/578/578 341/579/579 130/580/580
f 130/580/580 341/579/579 340/581/581
f 130/580/580 340/581/581 131/582/582
f 131/582/582 340/581/581 339/583/583
f 131/582/582 339/583/583 132/584/584
f 132/584/584 339/583/583 338/585/585
f 132/584/584 338/585/585 133/586/586
f 133/586/586 338/585/585 337/587/587
f 133/586/586 337/587/587 134/588/588
f 134/588/588 337/587/587 336/589/589
f 146/590/590 346/591/591 147/592/592
f 147/592/592 346/591/591 352/593/593
f 147/592/592 352/593/593 148/594/594
f 148/594/594 352/593/593 351/595/595
f 148/594/594 351/595/595 149/596/596
f 149/596/596 351/595/595 350/597/597
f 149/596/596 350/597/597 150/598/598
f 150/598/598 350/597/597 349/599/599
f 150/598/598 349/599/599 151/600/600
f 151/600/600 349/599/599 348/601/601
f 151/600/600 348/601/601 152/602/602
f 152/602/602 348/601/601 347/603/603
f 164/604/604 357/605/605 165/606/606
f 165/606/606 357/605/605 363/607/607
f 165/606/606 363/607/607 166/608/608
f 166/608/608 363/607/607 362/609/609
f 166/608/608 362/609/609 167/610/610
f 167/610/610 362/609/609 361/611/611
f 167/610/610 361/611/611 168/612/612
f 168/612/612 361/611/611 360/613/613
f 168/612/612 360/613/613 169/614/614
f 169/614/614 360/613/613 359/615/615
f 169/614/614 359/615/615 170/616/616
f 170/616/616 359/615/615 358/617/617
f 182/618/618 368/619/619 183/620/620
f 183/620/620 368/619/619 382/621/621
f 183/620/620 382/621/621 381/622/622
f 183/620/620 381/622/622 184/623/623
f 184/623/623 381/622/622 380/624/624
f 184/623/623 380/624/624 185/625/625
f 185/625/625 380/624/624 379/626/626
f 185/625/625 379/626/626 186/627/627
f 186/627/627 379/626/626 378/628/628
f 186/627/627 378/628/628 187/629/629
f 187/629/629 378/628/628 377/630/630
f 187/629/629 377/630/630 188/631/631
f 188/631/631 377/630/630 376/632/632
f 200/633/633 398/634/634 201/635/635
f 201/635/635 398/634/634 399/636/636
f 201/635/635 399/636/636 202/637/637
f 202/637/637 399/636/636 400/638/638
f 202/637/637 400/638/638 203/639/639
f 203/639/639 400/638/638 204/640/640
f 204/640/640 400/638/638 401/641/641
f 204/640/640 401/641/641 205/642/642
f 402/643/643 403/644/644 388/645/645
f 388/645/645 403/644/644 389/646/646
f 389/646/646 403/644/644 404/647/647
f 389/646/646 404/647/647 390/648/648
f 390/648/648 404/647/647 405/649/649
f 390/648/648 405/649/649 391/650/650
f 391/650/650 405/649/649 406/651/651
f 391/650/650 406/651/651 392/652/652
f 392/652/652 406/651/651 407/653/653
f 392/652/652 407/653/653 408/654/654
f 392/652/652 408/654/654 393/655/655
f 393/655/655 408/654/654 409/656/656
f 393/655/655 409/656/656 387/657/657
f 387/657/657 409/656/656 410/658/658
f 387/657/657 410/658/658 429/659/659
f 429/659/659 410/658/658 428/660/660
f 428/660/660 410/658/658 411/661/661
f 428/660/660 411/661/661 427/662/662
f 427/662/662 411/661/661 412/663/663
f 427/662/662 412/663/663 426/664/664
f 426/664/664 412/663/663 413/665/665
f 426/664/664 413/665/665 414/666/666
f 426/664/664 414/666/666 213/667/667
f 213/667/667 414/666/666 415/668/668
f 213/667/667 415/668/668 214/669/669
f 214/669/669 415/668/668 416/670/670
f 214/669/669 416/670/670 215/671/671
f 215/671/671 416/670/670 417/672/672
f 215/671/671 417/672/672 216/673/673
f 216/673/673 417/672/672 217/674/674
f 217/674/674 417/672/672 418/675/675
f 217/674/674 418/675/675 218/676/676
f 218/676/676 418/675/675 219/677/677
f 219/677/677 418/675/675 419/678/678
f 219/677/677 419/678/678 220/679/679
f 220/680/679 419/681/678 420/682/680
f 220/680/679 420/682/680 221/683/681
f 221/683/681 420/682/680 222/684/682
f 222/684/682 420/682/680 421/685/683
f 222/684/682 421/685/683 223/686/684
f 223/686/684 421/685/683 224/687/685
f 224/687/685 421/685/683 225/688/686
f 225/688/686 421/685/683 422/689/687
f 225/688/686 422/689/687 226/690/688
f 226/690/688 422/689/687 227/691/689
f 227/691/689 422/689/687 423/692/690
f 227/691/689 423/692/690 228/693/691
f 228/693/691 423/692/690 424/694/692
f 228/693/691 424/694/692 229/695/693
f 229/695/693 424/694/692 425/696/694
f 229/695/693 425/696/694 230/697/695
f 230/697/695 425/696/694 231/698/696
f 213/667/667 212/699/697 426/664/664
f 434/700/698 430/701/699 433/702/700
f 433/702/700 430/701/699 431/703/701
f 433/702/700 431/703/701 432/704/702
f 435/705/703 436/706/704 434/707/705
f 434/707/705 436/706/704 437/708/706
f 434/707/705 437/708/706 430/709/707
f 438/710/708 439/711/709 442/712/710
f 442/712/710 439/711/709 441/713/711
f 441/713/711 439/711/709 440/714/712
f 439/715/713 443/716/714 440/717/715
f 440/717/715 443/716/714 444/718/716
f 440/717/715 444/718/716 445/719/717
f 446/720/718 447/721/719 469/722/720
f 469/722/720 447/721/719 468/723/721
f 468/723/721 447/721/719 448/724/722
f 468/723/721 448/724/722 449/725/723
f 468/723/721 449/725/723 467/726/724
f 467/726/724 449/725/723 450/727/725
f 467/726/724 450/727/725 451/728/726
f 467/726/724 451/728/726 466/729/727
f 466/729/727 451/728/726 452/730/728
f 466/729/727 452/730/728 453/731/729
f 453/731/729 454/732/730 466/729/727
f 466/729/727 454/732/730 455/733/731
f 466/729/727 455/733/731 456/734/732
f 456/734/732 457/735/733 466/729/727
f 466/729/727 457/735/733 465/736/734
f 465/736/734 457/735/733 458/737/735
f 465/736/734 458/737/735 459/738/736
f 465/736/734 459/738/736 464/739/737
f 464/739/737 459/738/736 460/740/738
f 464/739/737 460/740/738 461/741/739
f 462/742/740 463/743/741 461/741/739
f 461/741/739 463/743/741 464/739/737
f 470/744/742 471/745/743 474/746/744
f 474/746/744 471/745/743 473/747/745
f 473/747/745 471/745/743 472/748/746
f 470/749/747 474/750/748 431/751/749
f 431/751/749 474/750/748 432/752/750
f 432/752/750 474/750/748 473/753/751
f 432/752/750 473/753/751 472/754/752
f 476/755/753 477/756/754 475/757/755
f 475/757/755 477/756/754 478/758/756
f 475/757/755 478/758/756 479/759/757
f 476/760/758 480/761/759 477/762/760
f 477/762/760 480/761/759 478/763/761
f 478/763/761 480/761/759 481/764/762
f 478/763/761 481/764/762 479/765/763
f 486/766/764 482/767/765 487/768/766
f 487/768/766 482/767/765 483/769/767
f 487/768/766 483/769/767 484/770/768
f 484/770/768 485/771/769 487/768/766
f 487/768/766 485/771/769 479/772/770
f 487/768/766 479/772/770 486/766/764
f 483/773/771 475/774/772 484/775/773
f 484/775/773 475/774/772 485/776/774
f 485/776/774 475/774/772 479/777/775
f 488/778/776 489/779/777 480/780/778
f 480/780/778 489/779/777 481/781/779
f 481/781/779 489/779/777 490/782/780
f 481/781/779 490/782/780 491/783/781
f 488/784/782 492/785/783 489/786/784
f 489/786/784 492/785/783 490/787/785
f 490/787/785 492/785/783 491/788/786
f 493/789/787 438/790/788 495/791/789
f 495/791/789 438/790/788 494/792/790
f 494/792/790 438/790/788 491/793/791
f 491/793/791 438/790/788 442/794/792
f 493/795/793 495/796/794 492/797/795
f 492/797/795 495/796/794 494/798/796
f 492/797/795 494/798/796 491/799/797
f 497/800/798 498/801/799 496/802/800
f 496/802/800 498/801/799 499/803/801
f 496/802/800 499/803/801 500/804/802
f 498/805/803 497/806/804 503/807/805
f 503/807/805 497/806/804 501/808/806
f 503/807/805 501/808/806 502/809/807
f 502/809/807 500/810/808 503/807/805
f 503/807/805 500/810/808 499/811/809
f 503/807/805 499/811/809 498/805/803
f 504/812/810 496/813/811 506/814/812
f 506/814/812 496/813/811 505/815/813
f 505/815/813 496/813/811 500/816/814
f 504/817/815 506/818/816 507/819/817
f 507/819/817 506/818/816 508/820/818
f 508/820/818 506/818/816 505/821/819
f 508/820/818 505/821/819 500/822/820
f 509/823/821 510/824/822 471/825/823
f 471/825/823 510/824/822 511/826/824
f 471/825/823 511/826/824 472/827/825
f 509/828/826 507/829/827 510/830/828
f 510/830/828 507/829/827 511/831/829
f 511/831/829 507/829/827 472/832/830
f 472/832/830 507/829/827 508/833/831
f 440/834/832 445/835/833 514/836/834
f 514/836/834 445/835/833 513/837/835
f 513/837/835 445/835/833 512/838/836
f 434/839/837 515/840/838 435/841/839
f 435/841/839 515/840/838 516/842/840
f 435/841/839 516/842/840 517/843/841
f 519/844/842 581/845/843 518/846/844
f 518/846/844 581/845/843 582/847/845
f 518/846/844 582/847/845 583/848/846
f 520/849/847 572/850/848 519/844/842
f 519/844/842 572/850/848 573/851/849
f 519/844/842 573/851/849 574/852/850
f 521/853/851 568/854/852 520/849/847
f 520/849/847 568/854/852 569/855/853
f 520/849/847 569/855/853 570/856/854
f 522/857/855 566/858/856 521/853/851
f 521/853/851 566/858/856 567/859/857
f 521/853/851 567/859/857 568/854/852
f 523/860/858 562/861/859 522/857/855
f 522/857/855 562/861/859 563/862/860
f 522/857/855 563/862/860 564/863/861
f 524/864/862 553/865/863 523/860/858
f 523/860/858 553/865/863 560/866/864
f 523/860/858 560/866/864 561/867/865
f 525/868/866 550/869/867 524/870/862
f 524/870/862 550/869/867 551/871/868
f 524/864/862 551/872/868 552/873/869
f 526/874/870 545/875/871 525/868/866
f 525/868/866 545/875/871 546/876/872
f 525/868/866 546/876/872 547/877/873
f 527/878/874 541/879/875 526/874/870
f 526/874/870 541/879/875 542/880/876
f 526/874/870 542/880/876 543/881/877
f 528/882/878 539/883/879 527/878/874
f 527/878/874 539/883/879 540/884/880
f 527/878/874 540/884/880 541/879/875
f 529/885/881 535/886/882 528/882/878
f 528/882/878 535/886/882 536/887/883
f 528/882/878 536/887/883 537/888/884
f 518/846/844 530/889/885 529/885/881
f 529/885/881 530/889/885 533/890/886
f 529/885/881 533/890/886 534/891/887
f 517/892/888 516/893/889 530/889/885
f 530/889/885 516/893/889 515/894/890
f 530/889/885 515/894/890 434/895/891
f 434/895/891 531/896/892 530/889/885
f 530/889/885 531/896/892 532/897/893
f 530/889/885 532/897/893 533/890/886
f 534/891/887 535/886/882 529/885/881
f 537/888/884 538/898/894 528/882/878
f 528/882/878 538/898/894 539/883/879
f 543/881/877 544/899/895 526/874/870
f 526/874/870 544/899/895 545/875/871
f 525/868/866 547/877/873 550/869/867
f 550/869/867 547/877/873 548/900/896
f 550/869/867 548/900/896 549/901/897
f 549/901/897 440/902/898 550/869/867
f 550/869/867 440/902/898 514/903/899
f 550/869/867 514/903/899 513/904/900
f 513/904/900 512/905/901 550/869/867
f 552/873/869 553/865/863 524/864/862
f 554/906/902 555/907/903 553/865/863
f 553/865/863 555/907/903 556/908/904
f 553/865/863 556/908/904 557/909/905
f 557/909/905 558/910/906 553/865/863
f 553/865/863 558/910/906 559/911/907
f 553/865/863 559/911/907 560/866/864
f 561/867/865 562/861/859 523/860/858
f 564/863/861 565/912/908 522/857/855
f 522/857/855 565/912/908 566/858/856
f 570/856/854 571/913/909 520/849/847
f 520/849/847 571/913/909 572/850/848
f 519/844/842 574/852/850 581/845/843
f 581/845/843 574/852/850 575/914/910
f 581/845/843 575/914/910 576/915/911
f 576/915/911 577/916/912 581/845/843
f 581/845/843 577/916/912 578/917/913
f 581/845/843 578/917/913 579/918/914
f 579/918/914 580/919/915 581/845/843
f 583/848/846 530/889/885 518/846/844
f 469/920/916 468/921/917 306/922/918
f 306/922/918 468/921/917 307/923/919
f 307/923/919 468/921/917 308/924/920
f 308/924/920 468/921/917 467/925/921
f 308/924/920 467/925/921 309/926/922
f 309/926/922 467/925/921 466/927/923
f 309/926/922 466/927/923 310/928/924
f 310/928/924 466/927/923 465/929/925
f 310/928/924 465/929/925 311/930/926
f 311/930/926 465/929/925 464/931/927
f 311/930/926 464/931/927 312/932/928
f 312/932/928 464/931/927 313/933/929
f 313/933/929 464/931/927 463/934/930
f 501/935/931 462/936/932 502/937/933
f 502/937/933 462/936/932 606/938/934
f 606/938/934 462/936/932 461/939/935
f 606/938/934 461/939/935 605/940/936
f 605/940/936 461/939/935 460/941/937
f 605/940/936 460/941/937 604/942/938
f 604/942/938 460/941/937 603/943/939
f 603/943/939 460/941/937 459/944/940
f 603/943/939 459/944/940 602/945/941
f 602/945/941 459/944/940 458/946/942
f 602/945/941 458/946/942 601/947/943
f 601/947/943 458/946/942 600/948/944
f 600/948/944 458/946/942 457/949/945
f 600/948/944 457/949/945 599/950/946
f 599/950/946 457/949/945 456/951/947
f 599/950/946 456/951/947 598/952/948
f 598/952/948 456/951/947 597/953/949
f 597/953/949 456/951/947 596/954/950
f 596/954/950 456/951/947 455/955/951
f 596/954/950 455/955/951 454/956/952
f 453/957/953 594/958/954 454/956/952
f 454/956/952 594/958/954 595/959/955
f 454/956/952 595/959/955 596/954/950
f 594/958/954 453/957/953 593/960/956
f 593/960/956 453/957/953 452/961/957
f 593/960/956 452/961/957 592/962/958
f 592/962/958 452/961/957 591/963/959
f 591/963/959 452/961/957 590/964/960
f 590/964/960 452/961/957 451/965/961
f 590/964/960 451/965/961 450/966/962
f 449/967/963 588/968/964 450/966/962
f 450/966/962 588/968/964 589/969/965
f 450/966/962 589/969/965 590/964/960
f 449/967/963 448/970/966 588/968/964
f 588/968/964 448/970/966 587/971/967
f 587/971/967 448/970/966 586/972/968
f 586/972/968 448/970/966 585/973/969
f 585/973/969 448/970/966 584/974/970
f 584/974/970 448/970/966 447/975/971
f 584/974/970 447/975/971 486/976/972
f 486/976/972 447/975/971 446/977/973
f 486/976/972 446/977/973 482/978/974
f 402/979/975 238/980/976 403/981/977
f 403/981/977 238/980/976 622/982/978
f 403/981/977 622/982/978 404/983/979
f 404/983/979 622/982/978 405/984/980
f 405/984/980 622/982/978 623/985/981
f 405/984/980 623/985/981 406/986/982
f 406/986/982 623/985/981 624/987/983
f 406/986/982 624/987/983 407/988/984
f 407/988/984 624/987/983 408/989/985
f 408/989/985 624/987/983 625/990/986
f 408/989/985 625/990/986 409/991/987
f 409/991/987 625/990/986 410/992/988
f 410/992/988 625/990/986 621/993/989
f 410/992/988 621/993/989 411/994/990
f 411/994/990 621/993/989 412/995/991
f 412/995/991 621/993/989 626/996/992
f 412/995/991 626/996/992 413/997/993
f 413/997/993 626/996/992 414/998/994
f 414/998/994 626/996/992 627/999/995
f 414/998/994 627/999/995 415/1000/996
f 415/1000/996 627/999/995 615/1001/997
f 415/1000/996 615/1001/997 416/1002/998
f 416/1002/998 615/1001/997 616/1003/999
f 416/1002/998 616/1003/999 417/1004/1000
f 417/1004/1000 616/1003/999 617/1005/1001
f 417/1004/1000 617/1005/1001 618/1006/1002
f 238/980/976 237/1007/1003 622/982/978
f 622/982/978 237/1007/1003 236/1008/1004
f 622/982/978 236/1008/1004 235/1009/1005
f 622/982/978 235/1009/1005 623/985/981
f 623/985/981 235/1009/1005 234/1010/1006
f 623/985/981 234/1010/1006 624/987/983
f 624/987/983 234/1010/1006 607/1011/1007
f 624/987/983 607/1011/1007 608/1012/1008
f 624/987/983 608/1012/1008 625/990/986
f 625/990/986 608/1012/1008 609/1013/1009
f 625/990/986 609/1013/1009 610/1014/1010
f 625/990/986 610/1014/1010 621/993/989
f 621/993/989 610/1014/1010 611/1015/1011
f 621/993/989 611/1015/1011 612/1016/1012
f 621/993/989 612/1016/1012 626/996/992
f 626/996/992 612/1016/1012 613/1017/1013
f 626/996/992 613/1017/1013 627/999/995
f 627/999/995 613/1017/1013 614/1018/1014
f 627/999/995 614/1018/1014 615/1001/997
f 417/1004/1000 618/1006/1002 418/1019/1015
f 418/1019/1015 618/1006/1002 619/1020/1016
f 418/1019/1015 619/1020/1016 419/1021/1017
f 419/1021/1017 619/1020/1016 620/1022/1018
f 419/1023/1019 620/1024/1020 420/1025/1021
f 529/1026/1022 639/1027/1023 518/1028/1024
f 518/1028/1024 639/1027/1023 628/1029/1025
f 518/1028/1024 628/1029/1025 519/1030/1026
f 519/1030/1026 628/1029/1025 629/1031/1027
f 519/1030/1026 629/1031/1027 630/1032/1028
f 639/1027/1023 529/1026/1022 638/1033/1029
f 638/1033/1029 529/1026/1022 528/1034/1030
f 638/1033/1029 528/1034/1030 637/1035/1031
f 637/1035/1031 528/1034/1030 527/1036/1032
f 637/1035/1031 527/1036/1032 526/1037/1033
f 637/1035/1031 526/1037/1033 636/1038/1034
f 636/1038/1034 526/1037/1033 525/1039/1035
f 636/1038/1034 525/1039/1035 635/1040/1036
f 635/1040/1036 525/1039/1035 524/1041/1037
f 635/1040/1036 524/1041/1037 634/1042/1038
f 634/1042/1038 524/1041/1037 633/1043/1039
f 633/1043/1039 524/1041/1037 523/1044/1040
f 633/1043/1039 523/1044/1040 632/1045/1041
f 632/1045/1041 523/1044/1040 522/1046/1042
f 632/1045/1041 522/1046/1042 631/1047/1043
f 631/1047/1043 522/1046/1042 521/1048/1044
f 631/1047/1043 521/1048/1044 520/1049/1045
f 631/1047/1043 520/1049/1045 630/1032/1028
f 630/1032/1028 520/1049/1045 519/1030/1026
f 569/1050/1046 641/1051/1047 640/1052/1048
f 640/1052/1048 641/1051/1047 642/1053/1049
f 640/1052/1048 642/1053/1049 643/1054/1050
f 644/1055/1051 645/1056/1052 643/1054/1050
f 643/1054/1050 645/1056/1052 640/1052/1048
f 569/1057/1053 646/1058/1054 641/1059/1055
f 641/1059/1055 646/1058/1054 647/1060/1056
f 641/1059/1055 647/1060/1056 642/1061/1057
f 642/1061/1057 647/1060/1056 643/1062/1058
f 643/1062/1058 647/1060/1056 644/1063/1059
f 644/1063/1059 647/1060/1056 646/1058/1054
f 572/1064/1060 640/1065/1061 651/1066/1062
f 651/1066/1062 640/1065/1061 650/1067/1063
f 650/1067/1063 640/1065/1061 645/1068/1064
f 650/1067/1063 645/1068/1064 649/1069/1065
f 649/1069/1065 645/1068/1064 648/1070/1066
f 572/1071/1067 651/1072/1068 652/1073/1069
f 652/1073/1069 651/1072/1068 653/1074/1070
f 652/1073/1069 653/1074/1070 648/1075/1071
f 648/1075/1071 653/1074/1070 649/1076/1072
f 649/1076/1072 653/1074/1070 650/1077/1073
f 650/1077/1073 653/1074/1070 651/1072/1068
f 533/1078/1074 433/1079/1075 657/1080/1076
f 657/1080/1076 433/1079/1075 656/1081/1077
f 656/1081/1077 433/1079/1075 432/1082/1078
f 656/1081/1077 432/1082/1078 655/1083/1079
f 655/1083/1079 432/1082/1078 654/1084/1080
f 533/1085/1081 657/1086/1082 658/1087/1083
f 658/1087/1083 657/1086/1082 659/1088/1084
f 658/1087/1083 659/1088/1084 654/1089/1085
f 654/1089/1085 659/1088/1084 655/1090/1086
f 655/1090/1086 659/1088/1084 656/1091/1087
f 656/1091/1087 659/1088/1084 657/1086/1082
f 540/1092/1088 660/1093/1089 664/1094/1090
f 664/1094/1090 660/1093/1089 665/1095/1091
f 664/1094/1090 665/1095/1091 663/1096/1092
f 663/1096/1092 665/1095/1091 662/1097/1093
f 662/1097/1093 665/1095/1091 661/1098/1094
f 661/1098/1094 665/1095/1091 660/1093/1089
f 540/1092/1095 667/1099/1096 666/1100/1097
f 666/1100/1097 667/1099/1096 671/1101/1098
f 666/1100/1097 671/1101/1098 670/1102/1099
f 670/1102/1099 671/1101/1098 669/1103/1100
f 669/1103/1100 671/1101/1098 668/1104/1101
f 668/1104/1101 671/1101/1098 667/1099/1096
f 547/1105/1102 672/1106/1103 441/1107/1104
f 441/1107/1104 672/1106/1103 673/1108/1105
f 441/1107/1104 673/1108/1105 674/1109/1106
f 675/1110/1107 442/1111/1108 674/1109/1106
f 674/1109/1106 442/1111/1108 441/1107/1104
f 547/1112/1109 676/1113/1110 672/1114/1111
f 672/1114/1111 676/1113/1110 677/1115/1112
f 672/1114/1111 677/1115/1112 673/1116/1113
f 673/1116/1113 677/1115/1112 674/1117/1114
f 674/1117/1114 677/1115/1112 675/1118/1115
f 675/1118/1115 677/1115/1112 676/1113/1110
f 562/1119/1116 679/1120/1117 678/1121/1118
f 678/1121/1118 679/1120/1117 680/1122/1119
f 678/1121/1118 680/1122/1119 681/1123/1120
f 682/1124/1121 683/1125/1122 681/1123/1120
f 681/1123/1120 683/1125/1122 678/1121/1118
f 562/1126/1123 684/1127/1124 679/1128/1125
f 679/1128/1125 684/1127/1124 685/1129/1126
f 679/1128/1125 685/1129/1126 680/1130/1127
f 680/1130/1127 685/1129/1126 681/1131/1128
f 681/1131/1128 685/1129/1126 682/1132/1129
f 682/1132/1129 685/1129/1126 684/1127/1124
f 565/1133/1130 678/1134/1131 689/1135/1132
f 689/1135/1132 678/1134/1131 688/1136/1133
f 688/1136/1133 678/1134/1131 683/1137/1134
f 688/1136/1133 683/1137/1134 687/1138/1135
f 687/1138/1135 683/1137/1134 686/1139/1136
f 565/1140/1137 689/1141/1138 690/1142/1139
f 690/1142/1139 689/1141/1138 691/1143/1140
f 690/1142/1139 691/1143/1140 686/1144/1141
f 686/1144/1141 691/1143/1140 687/1145/1142
f 687/1145/1142 691/1143/1140 688/1146/1143
f 688/1146/1143 691/1143/1140 689/1141/1138
f 560/1147/1144 692/1148/1145 696/1149/1146
f 696/1149/1146 692/1148/1145 695/1150/1147
f 695/1150/1147 692/1148/1145 693/1151/1148
f 695/1150/1147 693/1151/1148 694/1152/1149
f 694/1152/1149 693/1151/1148 682/1153/1150
f 560/1154/1151 696/1155/1152 684/1156/1153
f 684/1156/1153 696/1155/1152 697/1157/1154
f 684/1156/1153 697/1157/1154 682/1158/1155
f 682/1158/1155 697/1157/1154 694/1159/1156
f 694/1159/1156 697/1157/1154 695/1160/1157
f 695/1160/1157 697/1157/1154 696/1155/1152
f 698/1161/1158 699/1162/1159 557/1163/1160
f 557/1163/1160 699/1162/1159 700/1164/1161
f 557/1163/1160 700/1164/1161 701/1165/1162
f 557/1166/1163 701/1167/1164 692/1168/1165
f 692/1168/1165 701/1167/1164 702/1169/1166
f 692/1168/1165 702/1169/1166 693/1170/1167
f 545/1171/1168 703/1172/1169 707/1173/1170
f 707/1173/1170 703/1172/1169 706/1174/1171
f 706/1174/1171 703/1172/1169 704/1175/1172
f 706/1174/1171 704/1175/1172 705/1176/1173
f 705/1176/1173 704/1175/1172 675/1177/1174
f 545/1178/1175 707/1179/1176 676/1180/1177
f 676/1180/1177 707/1179/1176 708/1181/1178
f 676/1180/1177 708/1181/1178 675/1182/1179
f 675/1182/1179 708/1181/1178 705/1183/1180
f 705/1183/1180 708/1181/1178 706/1184/1181
f 706/1184/1181 708/1181/1178 707/1179/1176
f 542/1185/1182 666/1186/1183 711/1187/1184
f 711/1187/1184 666/1186/1183 712/1188/1185
f 711/1187/1184 712/1188/1185 710/1189/1186
f 710/1189/1186 712/1188/1185 709/1190/1187
f 709/1190/1187 712/1188/1185 670/1191/1188
f 670/1191/1188 712/1188/1185 666/1186/1183
f 542/1192/1189 711/1193/1190 703/1194/1191
f 703/1194/1191 711/1193/1190 710/1195/1192
f 703/1194/1191 710/1195/1192 709/1196/1193
f 670/1197/1194 704/1198/1195 709/1196/1193
f 709/1196/1193 704/1198/1195 703/1194/1191
f 538/1199/1196 713/1200/1197 717/1201/1198
f 717/1201/1198 713/1200/1197 716/1202/1199
f 716/1202/1199 713/1200/1197 714/1203/1200
f 716/1202/1199 714/1203/1200 715/1204/1201
f 715/1204/1201 714/1203/1200 661/1205/1202
f 538/1206/1203 717/1207/1204 660/1208/1205
f 660/1208/1205 717/1207/1204 718/1209/1206
f 660/1208/1205 718/1209/1206 661/1210/1207
f 661/1210/1207 718/1209/1206 715/1211/1208
f 715/1211/1208 718/1209/1206 716/1212/1209
f 716/1212/1209 718/1209/1206 717/1207/1204
f 535/1213/1210 658/1214/1211 721/1215/1212
f 721/1215/1212 658/1214/1211 722/1216/1213
f 721/1215/1212 722/1216/1213 720/1217/1214
f 720/1217/1214 722/1216/1213 719/1218/1215
f 719/1218/1215 722/1216/1213 654/1219/1216
f 654/1219/1216 722/1216/1213 658/1214/1211
f 535/1220/1217 721/1221/1218 713/1222/1219
f 713/1222/1219 721/1221/1218 720/1223/1220
f 713/1222/1219 720/1223/1220 719/1224/1221
f 654/1225/1222 714/1226/1223 719/1224/1221
f 719/1224/1221 714/1226/1223 713/1222/1219
f 724/1227/1224 725/1228/1225 723/1229/1226
f 723/1229/1226 725/1228/1225 726/1230/1227
f 726/1230/1227 725/1228/1225 577/1231/1228
f 725/1232/1229 727/1233/1230 577/1234/1231
f 577/1234/1231 727/1233/1230 728/1235/1232
f 577/1234/1231 728/1235/1232 729/1236/1233
f 574/1237/1234 652/1238/1235 732/1239/1236
f 732/1239/1236 652/1238/1235 733/1240/1237
f 732/1239/1236 733/1240/1237 731/1241/1238
f 731/1241/1238 733/1240/1237 730/1242/1239
f 730/1242/1239 733/1240/1237 648/1243/1240
f 648/1243/1240 733/1240/1237 652/1238/1235
f 574/1244/1241 732/1245/1242 726/1246/1243
f 726/1246/1243 732/1245/1242 731/1247/1244
f 726/1246/1243 731/1247/1244 730/1248/1245
f 648/1249/1246 723/1250/1247 730/1248/1245
f 730/1248/1245 723/1250/1247 726/1246/1243
f 567/1251/1248 734/1252/1249 646/1253/1250
f 646/1253/1250 734/1252/1249 737/1254/1251
f 646/1253/1250 737/1254/1251 644/1255/1252
f 644/1255/1252 737/1254/1251 736/1256/1253
f 736/1256/1253 737/1254/1251 735/1257/1254
f 735/1257/1254 737/1254/1251 734/1252/1249
f 567/1251/1255 690/1258/1256 740/1259/1257
f 740/1259/1257 690/1258/1256 741/1260/1258
f 740/1259/1257 741/1260/1258 739/1261/1259
f 739/1261/1259 741/1260/1258 738/1262/1260
f 738/1262/1260 741/1260/1258 686/1263/1261
f 686/1263/1261 741/1260/1258 690/1258/1256
f 743/1264/1262 744/1265/1263 742/1266/1264
f 742/1266/1264 744/1265/1263 765/1267/1265
f 765/1267/1265 744/1265/1263 745/1268/1266
f 765/1267/1265 745/1268/1266 746/1269/1267
f 765/1267/1265 746/1269/1267 764/1270/1268
f 764/1270/1268 746/1269/1267 747/1271/1269
f 764/1270/1268 747/1271/1269 748/1272/1270
f 764/1270/1268 748/1272/1270 763/1273/1271
f 763/1273/1271 748/1272/1270 749/1274/1272
f 763/1273/1271 749/1274/1272 750/1275/1273
f 750/1275/1273 751/1276/1274 763/1273/1271
f 763/1273/1271 751/1276/1274 752/1277/1275
f 763/1273/1271 752/1277/1275 753/1278/1276
f 753/1278/1276 754/1279/1277 763/1273/1271
f 763/1273/1271 754/1279/1277 762/1280/1278
f 762/1280/1278 754/1279/1277 755/1281/1279
f 762/1280/1278 755/1281/1279 756/1282/1280
f 762/1280/1278 756/1282/1280 761/1283/1281
f 761/1283/1281 756/1282/1280 757/1284/1282
f 761/1283/1281 757/1284/1282 758/1285/1283
f 759/1286/1284 760/1287/1285 758/1285/1283
f 758/1285/1283 760/1287/1285 761/1283/1281
f 771/1288/1286 766/1289/1287 772/1290/1288
f 772/1290/1288 766/1289/1287 767/1291/1289
f 772/1290/1288 767/1291/1289 768/1292/1290
f 768/1292/1290 769/1293/1291 772/1290/1288
f 772/1290/1288 769/1293/1291 770/1294/1292
f 772/1290/1288 770/1294/1292 771/1288/1286
f 766/1295/1293 773/1296/1294 767/1297/1295
f 767/1297/1295 773/1296/1294 768/1298/1296
f 768/1298/1296 773/1296/1294 769/1299/1297
f 774/1300/1298 775/1301/1299 644/1302/1051
f 776/1303/1300 774/1304/1301 644/1305/1059
f 777/1306/1302 778/1307/1303 774/1308/1304
f 774/1309/1305 779/1310/1306 780/1311/1307
f 780/1311/1307 779/1310/1306 777/1312/1308
f 780/1311/1307 777/1312/1308 774/1309/1305
f 781/1313/1309 782/1314/1310 777/1315/1311
f 783/1316/1312 781/1317/1313 777/1318/1308
f 775/1319/1314 784/1320/1315 644/1321/1316
f 644/1322/1252 784/1323/1317 645/1324/1318
f 778/1325/1319 785/1326/1320 774/1327/1321
f 775/1328/1322 774/1329/1323 786/1330/1324
f 786/1330/1324 774/1329/1323 785/1331/1325
f 786/1330/1324 785/1331/1325 775/1328/1322
f 782/1332/1326 787/1333/1327 777/1334/1328
f 777/1335/1329 787/1336/1330 778/1337/1331
f 789/1338/1332 781/1339/1333 790/1340/1334
f 790/1340/1334 781/1339/1333 788/1341/1335
f 790/1340/1334 788/1341/1335 789/1338/1332
f 782/1342/1336 781/1343/1337 793/1344/1338
f 793/1344/1338 781/1343/1337 789/1345/1339
f 793/1344/1338 789/1345/1339 792/1346/1340
f 792/1346/1340 789/1345/1339 791/1347/1341
f 792/1346/1340 782/1342/1336 793/1344/1338
f 795/1348/1342 787/1349/1343 796/1350/1344
f 796/1350/1344 787/1349/1343 794/1351/1345
f 796/1350/1344 794/1351/1345 795/1348/1342
f 787/1352/1346 782/1353/1347 798/1354/1348
f 798/1354/1348 782/1353/1347 792/1355/1349
f 798/1354/1348 792/1355/1349 787/1352/1346
f 787/1352/1346 792/1355/1349 797/1356/1350
f 787/1352/1346 797/1356/1350 794/1357/1351
f 799/1358/1352 800/1359/1353 801/1360/1354
f 802/1361/1355 799/1362/1356 801/1363/1357
f 801/1364/1358 803/1365/1359 804/1366/1360
f 804/1367/1361 805/1368/1362 806/1369/1363
f 806/1369/1363 805/1368/1362 801/1370/1357
f 806/1369/1363 801/1370/1357 804/1367/1361
f 804/1371/1364 807/1372/1365 810/1373/1366
f 810/1373/1366 807/1372/1365 809/1374/1367
f 809/1374/1367 807/1372/1365 808/1375/1368
f 723/1376/1369 804/1377/1361 724/1378/1370
f 724/1378/1370 804/1377/1361 810/1379/1371
f 724/1378/1370 810/1379/1371 809/1380/1372
f 809/1380/1372 808/1381/1373 724/1378/1370
f 800/1382/1374 811/1383/1375 801/1384/1376
f 801/1385/1377 811/1386/1378 803/1387/1379
f 813/1388/1380 799/1389/1381 814/1390/1382
f 814/1390/1382 799/1389/1381 812/1391/1383
f 814/1390/1382 812/1391/1383 813/1388/1380
f 800/1392/1384 799/1393/1385 817/1394/1386
f 817/1394/1386 799/1393/1385 813/1395/1387
f 817/1394/1386 813/1395/1387 816/1396/1388
f 816/1396/1388 813/1395/1387 815/1397/1389
f 816/1396/1388 800/1392/1384 817/1394/1386
f 818/1398/1390 820/1399/1391 803/1400/1392
f 803/1400/1392 820/1399/1391 821/1401/1393
f 803/1400/1392 821/1401/1393 804/1402/1394
f 818/1398/1390 819/1403/1395 820/1399/1391
f 804/1404/1396 821/1405/1397 807/1406/1398
f 807/1406/1398 821/1405/1397 820/1407/1399
f 807/1406/1398 820/1407/1399 819/1408/1400
f 823/1409/1401 811/1410/1402 824/1411/1403
f 824/1411/1403 811/1410/1402 822/1412/1404
f 824/1411/1403 822/1412/1404 823/1409/1401
f 811/1413/1405 800/1414/1406 826/1415/1407
f 826/1415/1407 800/1414/1406 816/1416/1408
f 826/1415/1407 816/1416/1408 811/1413/1405
f 811/1413/1405 816/1416/1408 825/1417/1409
f 811/1413/1405 825/1417/1409 822/1418/1410
f 661/1419/1411 827/1420/1412 662/1421/1413
f 662/1421/1413 827/1420/1412 540/1422/1414
f 662/1421/1413 540/1422/1414 663/1423/1415
f 663/1423/1415 540/1422/1414 664/1424/1416
f 828/1425/1417 829/1426/1418 661/1427/1411
f 714/1428/1419 828/1429/1420 661/1430/1094
f 830/1431/1421 831/1432/1422 828/1433/1423
f 828/1434/1424 832/1435/1425 833/1436/1426
f 833/1436/1426 832/1435/1425 830/1437/1427
f 833/1436/1426 830/1437/1427 828/1434/1424
f 500/1438/808 834/1439/1428 830/1440/1429
f 508/1441/1430 500/1442/1431 830/1443/1427
f 670/1444/1432 669/1445/1433 827/1446/1434
f 827/1446/1434 669/1445/1433 668/1447/1435
f 827/1446/1434 668/1447/1435 667/1448/1436
f 667/1448/1436 540/1449/1437 827/1446/1434
f 829/1450/1438 835/1451/1439 661/1452/1202
f 661/1453/1207 835/1454/1440 827/1455/1441
f 831/1456/1442 836/1457/1443 828/1458/1444
f 829/1459/1445 828/1460/1446 837/1461/1447
f 837/1461/1447 828/1460/1446 836/1462/1448
f 837/1461/1447 836/1462/1448 829/1459/1445
f 834/1463/1449 838/1464/1450 830/1465/1451
f 830/1466/1452 838/1467/1453 831/1468/1454
f 606/1469/1455 500/1470/814 839/1471/1456
f 839/1471/1456 500/1470/814 502/1472/1457
f 839/1471/1456 502/1472/1457 606/1469/1455
f 834/1473/1458 500/1474/820 840/1475/1459
f 840/1475/1459 500/1474/820 606/1476/1460
f 840/1475/1459 606/1476/1460 604/1477/1461
f 604/1477/1461 606/1476/1460 605/1478/1462
f 604/1477/1461 834/1473/1458 840/1475/1459
f 601/1479/1463 838/1480/1464 841/1481/1465
f 841/1481/1465 838/1480/1464 602/1482/1466
f 841/1481/1465 602/1482/1466 601/1479/1463
f 838/1483/1467 834/1484/1468 842/1485/1469
f 842/1485/1469 834/1484/1468 604/1486/1470
f 842/1485/1469 604/1486/1470 838/1483/1467
f 838/1483/1467 604/1486/1470 603/1487/1471
f 838/1483/1467 603/1487/1471 602/1488/1472
f 843/1489/1473 844/1490/1474 845/1491/1475
f 845/1492/1476 846/1493/1477 847/1494/1478
f 847/1494/1478 846/1493/1477 843/1495/1479
f 847/1494/1478 843/1495/1479 845/1492/1476
f 848/1496/1480 849/1497/1481 843/1498/1482
f 850/1499/1483 848/1500/1484 843/1501/1479
f 845/1502/1485 851/1503/1486 675/1504/1107
f 704/1505/1487 845/1506/1488 675/1507/1115
f 844/1508/1489 852/1509/1490 845/1510/1491
f 851/1511/1492 845/1512/1493 853/1513/1494
f 853/1513/1494 845/1512/1493 852/1514/1495
f 853/1513/1494 852/1514/1495 851/1511/1492
f 849/1515/1496 854/1516/1497 843/1517/1498
f 843/1518/1499 854/1519/1500 844/1520/1501
f 594/1521/1502 848/1522/1503 855/1523/1504
f 855/1523/1504 848/1522/1503 595/1524/1505
f 855/1523/1504 595/1524/1505 594/1521/1502
f 849/1525/1506 848/1526/1507 856/1527/1508
f 856/1527/1508 848/1526/1507 594/1528/1509
f 856/1527/1508 594/1528/1509 592/1529/1510
f 592/1529/1510 594/1528/1509 593/1530/1511
f 592/1529/1510 849/1525/1506 856/1527/1508
f 851/1531/1512 491/1532/781 675/1533/1513
f 675/1534/1179 491/1535/786 442/1536/1514
f 589/1537/1515 854/1538/1516 857/1539/1517
f 857/1539/1517 854/1538/1516 590/1540/1518
f 857/1539/1517 590/1540/1518 589/1537/1515
f 854/1541/1519 849/1542/1520 858/1543/1521
f 858/1543/1521 849/1542/1520 592/1544/1522
f 858/1543/1521 592/1544/1522 854/1541/1519
f 854/1541/1519 592/1544/1522 591/1545/1523
f 854/1541/1519 591/1545/1523 590/1546/1524
f 859/1547/1525 682/1548/1121 860/1549/1526
f 682/1550/1129 693/1551/1527 860/1552/1528
f 865/1553/1529 860/1554/1526 864/1555/1530
f 864/1555/1530 860/1554/1526 861/1556/1531
f 864/1555/1530 861/1556/1531 862/1557/1532
f 862/1557/1532 863/1558/1533 864/1555/1530
f 860/1559/1534 866/1560/1535 861/1561/1536
f 861/1561/1536 866/1560/1535 862/1562/1537
f 862/1562/1537 866/1560/1535 863/1563/1538
f 867/1564/1539 682/1565/1540 859/1566/1541
f 683/1567/1542 682/1568/1155 867/1569/1543
f 868/1570/1544 860/1571/1545 865/1572/1546
f 868/1573/1547 859/1574/1548 869/1575/1549
f 869/1575/1549 859/1574/1548 860/1576/1550
f 869/1575/1549 860/1576/1550 868/1573/1547
f 766/1577/1551 870/1578/1552 773/1579/1553
f 773/1579/1553 870/1578/1552 871/1580/1554
f 773/1579/1553 871/1580/1554 872/1581/1555
f 864/1582/1556 871/1583/1557 865/1584/1558
f 865/1584/1558 871/1583/1557 870/1585/1559
f 865/1584/1558 870/1585/1559 766/1586/1560
f 864/1582/1556 872/1587/1561 871/1583/1557
f 479/1588/763 873/1589/1562 874/1590/1563
f 874/1590/1563 873/1589/1562 586/1591/1564
f 874/1590/1563 586/1591/1564 479/1588/763
f 479/1588/763 586/1591/1564 585/1592/1565
f 479/1588/763 585/1592/1565 584/1593/1566
f 486/1594/1567 479/1595/1568 875/1596/1569
f 875/1596/1569 479/1595/1568 584/1597/1570
f 875/1596/1569 584/1597/1570 486/1594/1567
f 873/1598/1571 479/1599/1572 852/1600/1573
f 852/1601/1574 479/1602/1575 481/1603/1576
f 588/1604/1577 854/1605/1578 876/1606/1579
f 876/1606/1579 854/1605/1578 589/1607/1580
f 876/1606/1579 589/1607/1580 588/1604/1577
f 873/1608/1581 854/1609/1500 877/1610/1582
f 877/1610/1582 854/1609/1500 588/1611/1583
f 877/1610/1582 588/1611/1583 586/1612/1584
f 586/1612/1584 588/1611/1583 587/1613/1585
f 586/1612/1584 873/1608/1581 877/1610/1582
f 860/1614/1586 878/1615/1587 866/1616/1588
f 866/1616/1588 878/1615/1587 879/1617/1589
f 866/1616/1588 879/1617/1589 880/1618/1590
f 702/1619/1591 879/1620/1592 693/1621/1593
f 693/1621/1593 879/1620/1592 878/1622/1594
f 693/1621/1593 878/1622/1594 860/1623/1595
f 702/1619/1591 880/1624/1596 879/1620/1592
f 844/1625/1597 854/1626/1598 852/1627/1599
f 854/1628/1600 873/1629/1601 852/1630/1602
f 852/1631/1599 491/1632/791 881/1633/1603
f 881/1633/1603 491/1632/791 851/1634/1604
f 881/1633/1603 851/1634/1604 852/1631/1599
f 481/1635/1605 491/1636/1606 852/1637/1607
f 848/1638/1608 882/1639/1609 883/1640/1610
f 883/1640/1610 882/1639/1609 598/1641/1611
f 883/1640/1610 598/1641/1611 848/1638/1608
f 848/1638/1608 598/1641/1611 597/1642/1612
f 848/1638/1608 597/1642/1612 596/1643/1613
f 595/1644/1614 848/1645/1615 884/1646/1616
f 884/1646/1616 848/1645/1615 596/1647/1617
f 884/1646/1616 596/1647/1617 595/1644/1614
f 846/1648/1618 845/1649/1491 670/1650/1432
f 670/1651/1099 845/1652/1619 704/1653/1620
f 850/1654/1621 843/1655/1622 835/1656/1439
f 846/1657/1623 835/1658/1624 885/1659/1625
f 885/1659/1625 835/1658/1624 843/1660/1626
f 885/1659/1625 843/1660/1626 846/1657/1623
f 882/1661/1627 848/1662/1628 836/1663/1629
f 836/1664/1630 848/1665/1507 850/1666/1631
f 600/1667/1632 838/1668/1633 886/1669/1634
f 886/1669/1634 838/1668/1633 601/1670/1635
f 886/1669/1634 601/1670/1635 600/1667/1632
f 882/1671/1636 838/1672/1453 887/1673/1637
f 887/1673/1637 838/1672/1453 600/1674/1638
f 887/1673/1637 600/1674/1638 598/1675/1639
f 598/1675/1639 600/1674/1638 599/1676/1640
f 598/1675/1639 882/1671/1636 887/1673/1637
f 827/1677/1641 835/1678/1642 670/1679/1188
f 835/1680/1643 846/1681/1644 670/1682/1194
f 835/1683/1645 829/1684/1646 888/1685/1647
f 888/1685/1647 829/1684/1646 836/1686/1648
f 888/1685/1647 836/1686/1648 835/1683/1645
f 836/1687/1649 850/1688/1650 835/1689/1651
f 831/1690/1652 838/1691/1653 836/1692/1648
f 838/1693/1654 882/1694/1655 836/1695/1656
f 811/1696/1657 823/1697/1658 893/1698/1659
f 893/1698/1659 823/1697/1658 889/1699/1660
f 893/1698/1659 889/1699/1660 890/1700/1661
f 890/1700/1661 891/1701/1662 893/1698/1659
f 893/1698/1659 891/1701/1662 892/1702/1663
f 893/1698/1659 892/1702/1663 811/1696/1657
f 811/1703/1664 892/1704/1665 894/1705/1666
f 894/1705/1666 892/1704/1665 891/1706/1667
f 894/1705/1666 891/1706/1667 890/1707/1668
f 832/1708/1669 828/1709/1444 654/1710/1080
f 654/1711/1085 828/1712/1670 714/1713/1671
f 508/1714/1672 830/1715/1673 472/1716/1674
f 832/1717/1675 472/1718/1676 895/1719/1677
f 895/1719/1677 472/1718/1676 830/1720/1678
f 895/1719/1677 830/1720/1678 832/1717/1675
f 811/1721/1405 896/1722/1679 803/1723/1680
f 803/1723/1680 896/1722/1679 818/1724/1681
f 818/1724/1681 896/1722/1679 897/1725/1682
f 818/1724/1681 897/1725/1682 898/1726/1683
f 811/1727/1684 894/1728/1685 896/1729/1686
f 896/1729/1686 894/1728/1685 897/1730/1687
f 897/1730/1687 894/1728/1685 898/1731/1688
f 654/1732/1216 432/1733/1689 472/1734/1690
f 832/1735/1691 654/1736/1222 472/1737/830
f 799/1738/1692 899/1739/1693 903/1740/1694
f 903/1740/1694 899/1739/1693 900/1741/1695
f 903/1740/1694 900/1741/1695 799/1738/1692
f 799/1738/1692 900/1741/1695 901/1742/1696
f 799/1738/1692 901/1742/1696 902/1743/1697
f 812/1744/1698 799/1745/1699 904/1746/1700
f 904/1746/1700 799/1745/1699 902/1747/1701
f 904/1746/1700 902/1747/1701 812/1744/1698
f 802/1748/1702 801/1749/1703 784/1750/1315
f 805/1751/1704 784/1752/1705 905/1753/1706
f 905/1753/1706 784/1752/1705 801/1754/1707
f 905/1753/1706 801/1754/1707 805/1751/1704
f 899/1755/1708 799/1756/1709 785/1757/1710
f 785/1758/1711 799/1759/1385 802/1760/1712
f 906/1761/1713 787/1762/1714 907/1763/1715
f 907/1763/1715 787/1762/1714 795/1764/1716
f 907/1763/1715 795/1764/1716 906/1761/1713
f 899/1765/1717 787/1766/1330 909/1767/1718
f 909/1767/1718 787/1766/1330 906/1768/1719
f 909/1767/1718 906/1768/1719 900/1769/1720
f 900/1769/1720 906/1768/1719 908/1770/1721
f 900/1769/1720 899/1765/1717 909/1767/1718
f 805/1771/1722 804/1772/1394 648/1773/1066
f 648/1774/1071 804/1775/1396 723/1776/1723
f 784/1777/1724 775/1778/1725 910/1779/1726
f 910/1779/1726 775/1778/1725 785/1780/1727
f 910/1779/1726 785/1780/1727 784/1777/1724
f 785/1781/1728 802/1782/1729 784/1783/1730
f 648/1784/1240 645/1785/1731 784/1786/1732
f 805/1787/1733 648/1788/1246 784/1789/1734
f 778/1790/1735 787/1791/1736 785/1792/1727
f 787/1793/1737 899/1794/1738 785/1795/1739
f 781/1796/1740 911/1797/1741 915/1798/1742
f 915/1798/1742 911/1797/1741 912/1799/1743
f 915/1798/1742 912/1799/1743 781/1796/1740
f 781/1796/1740 912/1799/1743 913/1800/1744
f 781/1796/1740 913/1800/1744 914/1801/1745
f 788/1802/1746 781/1803/1747 916/1804/1748
f 916/1804/1748 781/1803/1747 914/1805/1749
f 916/1804/1748 914/1805/1749 788/1802/1746
f 644/1806/1316 736/1807/1750 776/1808/1751
f 776/1808/1751 736/1807/1750 735/1809/1752
f 776/1808/1751 735/1809/1752 734/1810/1753
f 734/1810/1753 567/1811/1754 776/1808/1751
f 779/1812/1755 774/1813/1321 686/1814/1756
f 686/1815/1141 774/1816/1757 776/1817/1758
f 783/1818/1759 777/1819/1760 867/1820/1539
f 779/1821/1761 867/1822/1762 917/1823/1763
f 917/1823/1763 867/1822/1762 777/1824/1764
f 917/1823/1763 777/1824/1764 779/1821/1761
f 911/1825/1765 781/1826/1766 868/1827/1767
f 868/1828/1768 781/1829/1337 783/1830/1769
f 918/1831/1770 766/1832/1771 919/1833/1772
f 919/1833/1772 766/1832/1771 771/1834/1773
f 919/1833/1772 771/1834/1773 918/1831/1770
f 911/1835/1774 766/1836/1560 921/1837/1775
f 921/1837/1775 766/1836/1560 918/1838/1776
f 921/1837/1775 918/1838/1776 912/1839/1777
f 912/1839/1777 918/1838/1776 920/1840/1778
f 912/1839/1777 911/1835/1774 921/1837/1775
f 686/1841/1779 776/1842/1780 738/1843/1781
f 738/1843/1781 776/1842/1780 567/1844/1782
f 738/1843/1781 567/1844/1782 739/1845/1783
f 739/1845/1783 567/1844/1782 740/1846/1784
f 686/1847/1261 683/1848/1785 867/1849/1786
f 867/1850/1787 779/1851/1788 686/1852/1779
f 868/1853/1789 867/1854/1790 922/1855/1791
f 922/1855/1791 867/1854/1790 859/1856/1792
f 922/1855/1791 859/1856/1792 868/1853/1789
f 868/1857/1793 783/1858/1794 867/1859/1795
f 868/1860/1796 865/1861/1797 766/1862/1798
f 766/1863/1287 911/1864/1799 868/1865/1800
f 572/1866/1801 571/1867/1802 640/1868/1803
f 640/1868/1803 571/1867/1802 570/1869/1804
f 640/1868/1803 570/1869/1804 569/1870/1805
f 533/1871/1806 532/1872/1807 433/1873/1808
f 433/1873/1808 532/1872/1807 531/1874/1809
f 433/1873/1808 531/1874/1809 434/1875/837
f 538/1876/1810 537/1877/1811 713/1878/1812
f 713/1878/1812 537/1877/1811 536/1879/1813
f 713/1878/1812 536/1879/1813 535/1880/1814
f 577/1881/1815 576/1882/1816 726/1883/1817
f 726/1883/1817 576/1882/1816 575/1884/1818
f 726/1883/1817 575/1884/1818 574/1885/1819
f 542/1886/1820 541/1887/1821 666/1888/1822
f 666/1888/1822 541/1887/1821 540/1889/1823
f 542/1886/1820 703/1890/1824 543/1891/1825
f 543/1891/1825 703/1890/1824 544/1892/1826
f 544/1892/1826 703/1890/1824 545/1893/1827
f 545/1893/1827 676/1894/1828 546/1895/1829
f 546/1895/1829 676/1894/1828 547/1896/1830
f 540/1897/1823 539/1898/1831 660/1899/1832
f 660/1899/1832 539/1898/1831 538/1900/1810
f 535/1901/1814 534/1902/1833 658/1903/1834
f 658/1903/1834 534/1902/1833 533/1904/1806
f 547/1905/1830 441/1906/1835 548/1907/1836
f 548/1907/1836 441/1906/1835 549/1908/1837
f 549/1908/1837 441/1906/1835 440/1909/832
f 554/1910/1838 698/1911/1839 555/1912/1840
f 555/1912/1840 698/1911/1839 556/1913/1841
f 556/1913/1841 698/1911/1839 557/1914/1842
f 557/1914/1842 692/1915/1843 558/1916/1844
f 558/1916/1844 692/1915/1843 559/1917/1845
f 559/1917/1845 692/1915/1843 560/1918/1846
f 580/1919/1847 579/1920/1848 729/1921/1849
f 729/1921/1849 579/1920/1848 578/1922/1850
f 729/1921/1849 578/1922/1850 577/1923/1815
f 560/1924/1846 684/1925/1851 561/1926/1852
f 561/1926/1852 684/1925/1851 562/1927/1853
f 574/1928/1819 573/1929/1854 652/1930/1855
f 652/1930/1855 573/1929/1854 572/1931/1801
f 569/1932/1805 568/1933/1856 646/1934/1857
f 646/1934/1857 568/1933/1856 567/1935/1858
f 562/1936/1853 678/1937/1859 563/1938/1860
f 563/1938/1860 678/1937/1859 564/1939/1861
f 564/1939/1861 678/1937/1859 565/1940/1862
f 565/1940/1862 690/1941/1863 566/1942/1864
f 566/1942/1864 690/1941/1863 567/1943/1858
f 742/1944/1865 765/1945/1866 398/1946/1867
f 398/1946/1867 765/1945/1866 399/1947/1868
f 399/1947/1868 765/1945/1866 764/1948/1869
f 399/1947/1868 764/1948/1869 400/1949/1870
f 400/1949/1870 764/1948/1869 763/1950/1871
f 400/1949/1870 763/1950/1871 401/1951/1872
f 401/1951/1872 763/1950/1871 762/1952/1873
f 401/1951/1872 762/1952/1873 205/1953/1874
f 205/1953/1874 762/1952/1873 761/1954/1875
f 205/1953/1874 761/1954/1875 374/1955/1876
f 374/1955/1876 761/1954/1875 375/1956/1877
f 375/1956/1877 761/1954/1875 760/1957/1878
f 374/1955/1876 373/1958/1879 205/1953/1874
f 205/1953/1874 373/1958/1879 372/1959/1880
f 205/1953/1874 372/1959/1880 206/1960/1881
f 206/1960/1881 372/1959/1880 371/1961/1882
f 206/1960/1881 371/1961/1882 207/1962/1883
f 207/1962/1883 371/1961/1882 370/1963/1884
f 207/1962/1883 370/1963/1884 208/1964/1885
f 208/1964/1885 370/1963/1884 369/1965/1886
f 208/1964/1885 369/1965/1886 209/1966/1887
f 234/1967/1888 233/1968/1889 607/1969/1890
f 607/1969/1890 233/1968/1889 608/1970/1891
f 608/1970/1891 233/1968/1889 232/1971/1892
f 608/1970/1891 232/1971/1892 609/1972/1893
f 609/1972/1893 232/1971/1892 610/1973/1894
f 610/1973/1894 232/1971/1892 231/1974/1895
f 610/1973/1894 231/1974/1895 611/1975/1896
f 611/1975/1896 231/1974/1895 628/1976/1897
f 611/1975/1896 628/1976/1897 612/1977/1898
f 612/1978/1898 628/1979/1897 639/1980/1899
f 612/1978/1898 639/1980/1899 613/1981/1900
f 613/1981/1900 639/1980/1899 638/1982/1901
f 613/1981/1900 638/1982/1901 614/1983/1902
f 614/1983/1902 638/1982/1901 615/1984/1903
f 615/1984/1903 638/1982/1901 637/1985/1904
f 615/1984/1903 637/1985/1904 616/1986/1905
f 616/1986/1905 637/1985/1904 617/1987/1906
f 617/1987/1906 637/1985/1904 636/1988/1907
f 617/1987/1906 636/1988/1907 618/1989/1908
f 618/1989/1908 636/1988/1907 635/1990/1909
f 618/1989/1908 635/1990/1909 619/1991/1910
f 619/1991/1910 635/1990/1909 420/1992/1911
f 619/1991/1910 420/1992/1911 620/1993/1912
f 628/1976/1897 231/1974/1895 629/1994/1913
f 629/1994/1913 231/1974/1895 425/1995/1914
f 629/1994/1913 425/1995/1914 630/1996/1915
f 630/1996/1915 425/1995/1914 424/1997/1916
f 630/1996/1915 424/1997/1916 631/1998/1917
f 631/1998/1917 424/1997/1916 423/1999/1918
f 631/1998/1917 423/1999/1918 632/2000/1919
f 632/2000/1919 423/1999/1918 422/2001/1920
f 632/2000/1919 422/2001/1920 633/2002/1921
f 633/2002/1921 422/2001/1920 421/2003/1922
f 633/2002/1921 421/2003/1922 634/2004/1923
f 634/2004/1923 421/2003/1922 420/1992/1911
f 634/2004/1923 420/1992/1911 635/1990/1909
f 758/2005/1924 918/2006/1925 759/2007/1926
f 759/2007/1926 918/2006/1925 771/2008/1927
f 759/2007/1926 771/2008/1927 770/2009/1928
f 918/2006/1925 758/2005/1924 920/2010/1929
f 920/2010/1929 758/2005/1924 757/2011/1930
f 920/2010/1929 757/2011/1930 912/2012/1931
f 912/2012/1931 757/2011/1930 913/2013/1932
f 913/2013/1932 757/2011/1930 756/2014/1933
f 913/2013/1932 756/2014/1933 914/2015/1934
f 914/2015/1934 756/2014/1933 755/2016/1935
f 914/2015/1934 755/2016/1935 788/2017/1936
f 788/2017/1936 755/2016/1935 789/2018/1937
f 789/2018/1937 755/2016/1935 754/2019/1938
f 789/2018/1937 754/2019/1938 791/2020/1939
f 791/2020/1939 754/2019/1938 753/2021/1940
f 791/2020/1939 753/2021/1940 792/2022/1941
f 792/2022/1941 753/2021/1940 797/2023/1942
f 797/2023/1942 753/2021/1940 794/2024/1943
f 794/2024/1943 753/2021/1940 752/2025/1944
f 794/2024/1943 752/2025/1944 751/2026/1945
f 750/2027/1946 906/2028/1947 751/2026/1945
f 751/2026/1945 906/2028/1947 795/2029/1948
f 751/2026/1945 795/2029/1948 794/2024/1943
f 906/2028/1947 750/2027/1946 908/2030/1949
f 908/2030/1949 750/2027/1946 749/2031/1950
f 908/2030/1949 749/2031/1950 900/2032/1951
f 900/2032/1951 749/2031/1950 901/2033/1952
f 901/2033/1952 749/2031/1950 902/2034/1953
f 902/2034/1953 749/2031/1950 748/2035/1954
f 902/2034/1953 748/2035/1954 747/2036/1955
f 746/2037/1956 813/2038/1957 747/2036/1955
f 747/2036/1955 813/2038/1957 812/2039/1958
f 747/2036/1955 812/2039/1958 902/2034/1953
f 746/2037/1956 745/2040/1959 813/2038/1957
f 813/2038/1957 745/2040/1959 815/2041/1960
f 815/2041/1960 745/2040/1959 816/2042/1961
f 816/2042/1961 745/2040/1959 825/2043/1962
f 825/2043/1962 745/2040/1959 822/2044/1963
f 822/2044/1963 745/2040/1959 744/2045/1964
f 822/2044/1963 744/2045/1964 823/2046/1965
f 823/2046/1965 744/2045/1964 743/2047/1966
f 823/2046/1965 743/2047/1966 889/2048/1967
f 14/2049/1968 241/2050/1969 1/2051/1970
f 1/2051/1970 241/2050/1969 550/2052/1971
f 1/2051/1970 550/2052/1971 512/2053/1972
f 445/2054/1973 444/2055/1974 512/2053/1972
f 512/2053/1972 444/2055/1974 443/2056/1975
f 512/2053/1972 443/2056/1975 439/2057/1976
f 438/2058/1977 493/2059/1978 439/2057/1976
f 439/2057/1976 493/2059/1978 37/2060/1979
f 439/2057/1976 37/2060/1979 268/2061/1980
f 268/2061/1980 37/2060/1979 50/2062/1981
f 492/2063/1982 488/2064/1983 493/2059/1978
f 493/2059/1978 488/2064/1983 55/2065/1984
f 493/2059/1978 55/2065/1984 279/2066/1985
f 279/2066/1985 55/2065/1984 68/2067/1986
f 480/2068/1987 476/2069/1988 488/2064/1983
f 488/2064/1983 476/2069/1988 73/2070/1989
f 488/2064/1983 73/2070/1989 290/2071/1990
f 290/2071/1990 73/2070/1989 86/2072/1991
f 475/2073/1992 483/2074/1993 476/2069/1988
f 476/2069/1988 483/2074/1993 469/2075/1994
f 476/2069/1988 469/2075/1994 301/2076/1995
f 301/2076/1995 469/2075/1994 91/2077/1996
f 301/2076/1995 91/2077/1996 104/2078/1997
f 482/2079/1998 446/2080/1999 483/2074/1993
f 483/2074/1993 446/2080/1999 469/2075/1994
f 306/2081/2000 320/2082/2001 469/2075/1994
f 469/2075/1994 320/2082/2001 91/2077/1996
f 301/2076/1995 73/2070/1989 476/2069/1988
f 290/2071/1990 55/2065/1984 488/2064/1983
f 279/2066/1985 37/2060/1979 493/2059/1978
f 268/2061/1980 19/2083/2002 439/2057/1976
f 439/2057/1976 19/2083/2002 512/2053/1972
f 32/2084/2003 257/2085/2004 19/2083/2002
f 19/2083/2002 257/2085/2004 512/2053/1972
f 257/2085/2004 1/2051/1970 512/2053/1972
f 238/2086/2005 402/2087/2006 239/2088/2007
f 239/2088/2007 402/2087/2006 553/2089/2008
f 553/2089/2008 402/2087/2006 554/2090/2009
f 554/2090/2009 402/2087/2006 388/2091/2010
f 554/2090/2009 388/2091/2010 116/2092/2011
f 116/2092/2011 388/2091/2010 117/2093/2012
f 554/2090/2009 116/2092/2011 701/2094/2013
f 701/2094/2013 116/2092/2011 325/2095/2014
f 701/2094/2013 325/2095/2014 134/2096/2015
f 134/2096/2015 325/2095/2014 135/2097/2016
f 701/2094/2013 134/2096/2015 880/2098/2017
f 880/2098/2017 134/2096/2015 336/2099/2018
f 880/2098/2017 336/2099/2018 152/2100/2019
f 152/2100/2019 336/2099/2018 153/2101/2020
f 880/2098/2017 152/2100/2019 863/2102/2021
f 863/2102/2021 152/2100/2019 347/2103/2022
f 863/2102/2021 347/2103/2022 170/2104/2023
f 170/2104/2023 347/2103/2022 171/2105/2024
f 863/2102/2021 170/2104/2023 872/2106/2025
f 872/2106/2025 170/2104/2023 358/2107/2026
f 872/2106/2025 358/2107/2026 760/2108/2027
f 760/2108/2027 358/2107/2026 188/2109/2028
f 760/2108/2027 188/2109/2028 376/2110/2029
f 358/2107/2026 189/2111/2030 188/2109/2028
f 376/2110/2029 375/2112/2031 760/2108/2027
f 872/2106/2025 760/2108/2027 769/2113/2032
f 769/2113/2032 760/2108/2027 759/2114/2033
f 769/2113/2032 759/2114/2033 770/2115/2034
f 769/2113/2032 773/2116/2035 872/2106/2025
f 872/2106/2025 864/2117/2036 863/2102/2021
f 863/2102/2021 866/2118/2037 880/2098/2017
f 880/2098/2017 702/2119/2038 701/2094/2013
f 701/2094/2013 700/2120/2039 554/2090/2009
f 554/2090/2009 700/2120/2039 699/2121/2040
f 554/2090/2009 699/2121/2040 698/2122/2041
f 239/2123/2042 553/2124/2043 240/2125/2044
f 240/2125/2044 553/2124/2043 552/2126/2045
f 240/2125/2044 552/2126/2045 551/2127/2046
f 551/2127/2046 550/2128/2047 240/2125/2044
f 240/2125/2044 550/2128/2047 241/2129/2048
f 426/2130/2049 530/2131/2050 427/2132/2051
f 427/2132/2051 530/2131/2050 583/2133/2052
f 427/2132/2051 583/2133/2052 428/2134/2053
f 428/2134/2053 583/2133/2052 582/2135/2054
f 428/2134/2053 582/2135/2054 581/2136/2055
f 581/2136/2055 429/2137/2056 428/2134/2053
f 8/2138/2057 7/2139/2058 212/2140/2059
f 212/2140/2059 7/2139/2058 517/2141/2060
f 212/2140/2059 517/2141/2060 530/2142/2061
f 7/2139/2058 251/2143/2062 517/2141/2060
f 517/2141/2060 251/2143/2062 430/2144/2063
f 517/2141/2060 430/2144/2063 437/2145/2064
f 26/2146/2065 25/2147/2066 251/2143/2062
f 251/2143/2062 25/2147/2066 430/2144/2063
f 25/2147/2066 262/2148/2067 430/2144/2063
f 430/2144/2063 262/2148/2067 470/2149/2068
f 430/2144/2063 470/2149/2068 431/2150/2069
f 44/2151/2070 43/2152/2071 262/2148/2067
f 262/2148/2067 43/2152/2071 470/2149/2068
f 43/2152/2071 273/2153/2072 470/2149/2068
f 470/2149/2068 273/2153/2072 509/2154/2073
f 470/2149/2068 509/2154/2073 471/2155/2074
f 62/2156/2075 61/2157/2076 273/2153/2072
f 273/2153/2072 61/2157/2076 509/2154/2073
f 61/2157/2076 284/2158/2077 509/2154/2073
f 509/2154/2073 284/2158/2077 504/2159/2078
f 509/2154/2073 504/2159/2078 507/2160/2079
f 80/2161/2080 79/2162/2081 284/2158/2077
f 284/2158/2077 79/2162/2081 504/2159/2078
f 504/2159/2078 79/2162/2081 463/2163/2082
f 463/2163/2082 79/2162/2081 295/2164/2083
f 463/2163/2082 295/2164/2083 97/2165/2084
f 97/2165/2084 295/2164/2083 98/2166/2085
f 97/2165/2084 314/2167/2086 463/2163/2082
f 463/2163/2082 314/2167/2086 313/2168/2087
f 504/2159/2078 463/2163/2082 497/2169/2088
f 497/2169/2088 463/2163/2082 462/2170/2089
f 497/2169/2088 462/2170/2089 501/2171/2090
f 497/2169/2088 496/2172/2091 504/2159/2078
f 437/2145/2064 436/2173/2092 517/2141/2060
f 517/2141/2060 436/2173/2092 435/2174/2093
f 530/2142/2061 426/2175/2094 212/2140/2059
f 429/2176/2095 581/2177/2096 387/2178/2097
f 387/2178/2097 581/2177/2096 580/2179/2098
f 387/2178/2097 580/2179/2098 110/2180/2099
f 110/2180/2099 580/2179/2098 324/2181/2100
f 324/2181/2100 580/2179/2098 725/2182/2101
f 324/2181/2100 725/2182/2101 128/2183/2102
f 128/2183/2102 725/2182/2101 335/2184/2103
f 335/2184/2103 725/2182/2101 808/2185/2104
f 335/2184/2103 808/2185/2104 146/2186/2105
f 146/2186/2105 808/2185/2104 346/2187/2106
f 346/2187/2106 808/2185/2104 819/2188/2107
f 346/2187/2106 819/2188/2107 164/2189/2108
f 164/2189/2108 819/2188/2107 357/2190/2109
f 357/2190/2109 819/2188/2107 898/2191/2110
f 357/2190/2109 898/2191/2110 182/2192/2111
f 182/2192/2111 898/2191/2110 742/2193/2112
f 182/2192/2111 742/2193/2112 368/2194/2113
f 368/2194/2113 742/2193/2112 200/2195/2114
f 368/2194/2113 200/2195/2114 199/2196/2115
f 729/2197/2116 728/2198/2117 580/2179/2098
f 580/2179/2098 728/2198/2117 727/2199/2118
f 580/2179/2098 727/2199/2118 725/2182/2101
f 725/2182/2101 724/2200/2119 808/2185/2104
f 808/2185/2104 807/2201/2120 819/2188/2107
f 819/2188/2107 818/2202/2121 898/2191/2110
f 894/2203/2122 890/2204/2123 898/2191/2110
f 898/2191/2110 890/2204/2123 742/2193/2112
f 889/2205/2124 743/2206/2125 890/2204/2123
f 890/2204/2123 743/2206/2125 742/2193/2112
f 742/2193/2112 398/2207/2126 200/2195/2114
f 182/2192/2111 181/2208/2127 357/2190/2109
f 164/2189/2108 163/2209/2128 346/2187/2106
f 146/2186/2105 145/2210/2129 335/2184/2103
f 128/2183/2102 127/2211/2130 324/2181/2100
f 110/2180/2099 109/2212/2131 387/2178/2097
# 922 vertices
# 2212 texture params
# 2131 normals
# 1844 facets

# 1 groups
