# WaveFront *.obj file (generated by Autodesk ATF)

mtllib Cam_1.mtl

g Body1

v -34.042402 0.000000 3.650000
v -32.659129 6.507786 3.650000
v -28.748491 11.890317 3.650000
v -22.986674 15.216904 3.650000
v -16.369946 15.912350 3.650000
v -10.042402 13.856406 3.650000
v -5.098130 9.404564 3.650000
v -2.392040 3.326587 3.650000
v -2.392040 -3.326587 3.650000
v -5.098130 -9.404564 3.650000
v -10.042402 -13.856406 3.650000
v -16.369946 -15.912350 3.650000
v -22.986674 -15.216904 3.650000
v -28.748491 -11.890317 3.650000
v -32.659129 -6.507786 3.650000
v -2.050216 -0.500000 -1.900000
v -2.043270 -0.166691 -1.900000
v -2.043270 0.166691 -1.900000
v -2.050216 0.500000 -1.900000
v -3.818031 7.325795 -1.900000
v -8.348299 12.728879 -1.900000
v -14.761216 15.659943 -1.900000
v -21.811358 15.549758 -1.900000
v -28.129548 12.419722 -1.900000
v -32.488757 6.877705 -1.900000
v -34.042402 0.000000 -1.900000
v -32.488757 -6.877705 -1.900000
v -28.129548 -12.419722 -1.900000
v -21.811358 -15.549758 -1.900000
v -14.761216 -15.659943 -1.900000
v -8.348299 -12.728879 -1.900000
v -3.818031 -7.325795 -1.900000
v -15.338238 -0.500000 -2.400000
v -2.550468 -0.500000 -2.400000
v -4.268683 -7.108774 -2.400000
v -8.660125 -12.337864 -2.400000
v -14.872497 -15.172399 -2.400000
v -21.700089 -15.062248 -2.400000
v -27.817791 -12.028789 -2.400000
v -32.038268 -6.660761 -2.400000
v -33.542402 0.000000 -2.400000
v -32.038268 6.660761 -2.400000
v -27.817791 12.028789 -2.400000
v -21.700089 15.062248 -2.400000
v -14.872497 15.172399 -2.400000
v -8.660125 12.337864 -2.400000
v -4.268683 7.108774 -2.400000
v -2.550468 0.500000 -2.400000
v -15.338238 0.500000 -2.400000
v -15.897111 1.720531 -2.400000
v -16.967175 2.531084 -2.400000
v -18.293450 2.738517 -2.400000
v -19.559904 2.293401 -2.400000
v -20.464759 1.301800 -2.400000
v -20.792402 0.000000 -2.400000
v -20.464759 -1.301800 -2.400000
v -19.559904 -2.293401 -2.400000
v -18.293450 -2.738517 -2.400000
v -16.967175 -2.531084 -2.400000
v -15.897111 -1.720531 -2.400000
v -10.342654 -4.949747 -2.400000
v -10.711084 -3.574747 -2.400000
v -11.717654 -2.568178 -2.400000
v -13.092654 -2.199747 -2.400000
v -14.467654 -2.568178 -2.400000
v -15.474224 -3.574747 -2.400000
v -15.842654 -4.949747 -2.400000
v -15.474224 -6.324747 -2.400000
v -14.467654 -7.331317 -2.400000
v -13.092654 -7.699747 -2.400000
v -11.717654 -7.331317 -2.400000
v -10.711084 -6.324747 -2.400000
v -20.242149 4.949747 -2.400000
v -20.610579 6.324747 -2.400000
v -21.617149 7.331317 -2.400000
v -22.992149 7.699747 -2.400000
v -24.367149 7.331317 -2.400000
v -25.373719 6.324747 -2.400000
v -25.742149 4.949747 -2.400000
v -25.373719 3.574747 -2.400000
v -24.367149 2.568178 -2.400000
v -22.992149 2.199747 -2.400000
v -21.617149 2.568178 -2.400000
v -20.610579 3.574747 -2.400000
v -20.242149 -4.949747 -2.400000
v -20.610579 -3.574747 -2.400000
v -21.617149 -2.568178 -2.400000
v -22.992149 -2.199747 -2.400000
v -24.367149 -2.568178 -2.400000
v -25.373719 -3.574747 -2.400000
v -25.742149 -4.949747 -2.400000
v -25.373719 -6.324747 -2.400000
v -24.367149 -7.331317 -2.400000
v -22.992149 -7.699747 -2.400000
v -21.617149 -7.331317 -2.400000
v -20.610579 -6.324747 -2.400000
v -10.342654 4.949747 -2.400000
v -10.711084 6.324747 -2.400000
v -11.717654 7.331317 -2.400000
v -13.092654 7.699747 -2.400000
v -14.467654 7.331317 -2.400000
v -15.474224 6.324747 -2.400000
v -15.842654 4.949747 -2.400000
v -15.474224 3.574747 -2.400000
v -14.467654 2.568178 -2.400000
v -13.092654 2.199747 -2.400000
v -11.717654 2.568178 -2.400000
v -10.711084 3.574747 -2.400000
v -12.141573 10.493070 -2.400000
v -12.489907 11.793070 -2.400000
v -13.441573 12.744736 -2.400000
v -14.741573 13.093070 -2.400000
v -16.041573 12.744736 -2.400000
v -16.993239 11.793070 -2.400000
v -17.341573 10.493070 -2.400000
v -16.993239 9.193070 -2.400000
v -16.041573 8.241404 -2.400000
v -14.741573 7.893070 -2.400000
v -13.441573 8.241404 -2.400000
v -12.489907 9.193070 -2.400000
v -18.984077 -10.414247 -2.400000
v -19.332411 -9.114247 -2.400000
v -20.284077 -8.162581 -2.400000
v -21.584077 -7.814247 -2.400000
v -22.884077 -8.162581 -2.400000
v -23.835743 -9.114247 -2.400000
v -24.184077 -10.414247 -2.400000
v -23.835743 -11.714247 -2.400000
v -22.884077 -12.665913 -2.400000
v -21.584077 -13.014247 -2.400000
v -20.284077 -12.665913 -2.400000
v -19.332411 -11.714247 -2.400000
v -15.338238 -0.500000 -1.900000
v -15.338238 0.500000 -1.900000
v -15.297507 0.167495 -1.900000
v -15.297507 -0.167495 -1.900000
v -15.292402 0.000000 1.650000
v -15.660832 1.375000 1.650000
v -16.667402 2.381570 1.650000
v -18.042402 2.750000 1.650000
v -19.417402 2.381570 1.650000
v -20.423972 1.375000 1.650000
v -20.792402 0.000000 1.650000
v -20.423972 -1.375000 1.650000
v -19.417402 -2.381570 1.650000
v -18.042402 -2.750000 1.650000
v -16.667402 -2.381570 1.650000
v -15.660832 -1.375000 1.650000
v -16.542402 0.000000 1.650000
v -16.743364 0.750000 1.650000
v -17.292402 1.299038 1.650000
v -18.042402 1.500000 1.650000
v -18.792402 1.299038 1.650000
v -19.341440 0.750000 1.650000
v -19.542402 0.000000 1.650000
v -19.341440 -0.750000 1.650000
v -18.792402 -1.299038 1.650000
v -18.042402 -1.500000 1.650000
v -17.292402 -1.299038 1.650000
v -16.743364 -0.750000 1.650000
v -19.542402 0.000000 4.150000
v -19.341440 -0.750000 4.150000
v -18.792402 -1.299038 4.150000
v -18.042402 -1.500000 4.150000
v -17.292402 -1.299038 4.150000
v -16.743364 -0.750000 4.150000
v -16.542402 0.000000 4.150000
v -16.743364 0.750000 4.150000
v -17.292402 1.299038 4.150000
v -18.042402 1.500000 4.150000
v -18.792402 1.299038 4.150000
v -19.341440 0.750000 4.150000
v -19.484077 -10.414247 -2.700000
v -19.765423 -11.464247 -2.700000
v -20.534077 -12.232900 -2.700000
v -21.584077 -12.514247 -2.700000
v -22.634077 -12.232900 -2.700000
v -23.402730 -11.464247 -2.700000
v -23.684077 -10.414247 -2.700000
v -23.402730 -9.364247 -2.700000
v -22.634077 -8.595594 -2.700000
v -21.584077 -8.314247 -2.700000
v -20.534077 -8.595594 -2.700000
v -19.765423 -9.364247 -2.700000
v -19.484077 -10.414247 -2.400000
v -19.765423 -9.364247 -2.400000
v -20.534077 -8.595594 -2.400000
v -21.584077 -8.314247 -2.400000
v -22.634077 -8.595594 -2.400000
v -23.402730 -9.364247 -2.400000
v -23.684077 -10.414247 -2.400000
v -23.402730 -11.464247 -2.400000
v -22.634077 -12.232900 -2.400000
v -21.584077 -12.514247 -2.400000
v -20.534077 -12.232900 -2.400000
v -19.765423 -11.464247 -2.400000
v -18.984077 -10.414247 -2.700000
v -19.332411 -9.114247 -2.700000
v -20.284077 -8.162581 -2.700000
v -21.584077 -7.814247 -2.700000
v -22.884077 -8.162581 -2.700000
v -23.835743 -9.114247 -2.700000
v -24.184077 -10.414247 -2.700000
v -23.835743 -11.714247 -2.700000
v -22.884077 -12.665913 -2.700000
v -21.584077 -13.014247 -2.700000
v -20.284077 -12.665913 -2.700000
v -19.332411 -11.714247 -2.700000
v -19.584077 -10.414247 3.600000
v -19.852026 -11.414247 3.600000
v -20.584077 -12.146298 3.600000
v -21.584077 -12.414247 3.600000
v -22.584077 -12.146298 3.600000
v -23.316127 -11.414247 3.600000
v -23.584077 -10.414247 3.600000
v -23.316127 -9.414247 3.600000
v -22.584077 -8.682196 3.600000
v -21.584077 -8.414247 3.600000
v -20.584077 -8.682196 3.600000
v -19.852026 -9.414247 3.600000
v -19.584077 -10.414247 -2.400000
v -19.852026 -11.414247 -2.400000
v -20.584077 -12.146298 -2.400000
v -21.584077 -12.414247 -2.400000
v -22.584077 -12.146298 -2.400000
v -23.316127 -11.414247 -2.400000
v -23.584077 -10.414247 -2.400000
v -23.316127 -9.414247 -2.400000
v -22.584077 -8.682196 -2.400000
v -21.584077 -8.414247 -2.400000
v -20.584077 -8.682196 -2.400000
v -19.852026 -9.414247 -2.400000
v -12.641573 10.493070 -2.700000
v -12.922919 9.443070 -2.700000
v -13.691573 8.674417 -2.700000
v -14.741573 8.393070 -2.700000
v -15.791573 8.674417 -2.700000
v -16.560226 9.443070 -2.700000
v -16.841573 10.493070 -2.700000
v -16.560226 11.543070 -2.700000
v -15.791573 12.311724 -2.700000
v -14.741573 12.593070 -2.700000
v -13.691573 12.311724 -2.700000
v -12.922919 11.543070 -2.700000
v -12.641573 10.493070 -2.400000
v -12.922919 11.543070 -2.400000
v -13.691573 12.311724 -2.400000
v -14.741573 12.593070 -2.400000
v -15.791573 12.311724 -2.400000
v -16.560226 11.543070 -2.400000
v -16.841573 10.493070 -2.400000
v -16.560226 9.443070 -2.400000
v -15.791573 8.674417 -2.400000
v -14.741573 8.393070 -2.400000
v -13.691573 8.674417 -2.400000
v -12.922919 9.443070 -2.400000
v -12.141573 10.493070 -2.700000
v -12.489907 11.793070 -2.700000
v -13.441573 12.744736 -2.700000
v -14.741573 13.093070 -2.700000
v -16.041573 12.744736 -2.700000
v -16.993239 11.793070 -2.700000
v -17.341573 10.493070 -2.700000
v -16.993239 9.193070 -2.700000
v -16.041573 8.241404 -2.700000
v -14.741573 7.893070 -2.700000
v -13.441573 8.241404 -2.700000
v -12.489907 9.193070 -2.700000
v -12.741573 10.493070 3.600000
v -13.009522 9.493070 3.600000
v -13.741573 8.761020 3.600000
v -14.741573 8.493070 3.600000
v -15.741573 8.761020 3.600000
v -16.473623 9.493070 3.600000
v -16.741573 10.493070 3.600000
v -16.473623 11.493070 3.600000
v -15.741573 12.225121 3.600000
v -14.741573 12.493070 3.600000
v -13.741573 12.225121 3.600000
v -13.009522 11.493070 3.600000
v -12.741573 10.493070 -2.400000
v -13.009522 9.493070 -2.400000
v -13.741573 8.761020 -2.400000
v -14.741573 8.493070 -2.400000
v -15.741573 8.761020 -2.400000
v -16.473623 9.493070 -2.400000
v -16.741573 10.493070 -2.400000
v -16.473623 11.493070 -2.400000
v -15.741573 12.225121 -2.400000
v -14.741573 12.493070 -2.400000
v -13.741573 12.225121 -2.400000
v -13.009522 11.493070 -2.400000
v -14.692654 4.949747 4.150000
v -14.478295 4.149747 4.150000
v -13.892654 3.564107 4.150000
v -13.092654 3.349747 4.150000
v -12.292654 3.564107 4.150000
v -11.707014 4.149747 4.150000
v -11.492654 4.949747 4.150000
v -11.707014 5.749747 4.150000
v -12.292654 6.335388 4.150000
v -13.092654 6.549747 4.150000
v -13.892654 6.335388 4.150000
v -14.478295 5.749747 4.150000
v -11.492654 4.949747 0.600000
v -11.707014 4.149747 0.600000
v -12.292654 3.564107 0.600000
v -13.092654 3.349747 0.600000
v -13.892654 3.564107 0.600000
v -14.478295 4.149747 0.600000
v -14.692654 4.949747 0.600000
v -14.478295 5.749747 0.600000
v -13.892654 6.335388 0.600000
v -13.092654 6.549747 0.600000
v -12.292654 6.335388 0.600000
v -11.707014 5.749747 0.600000
v -10.342654 4.949747 0.600000
v -10.711084 3.574747 0.600000
v -11.717654 2.568178 0.600000
v -13.092654 2.199747 0.600000
v -14.467654 2.568178 0.600000
v -15.474224 3.574747 0.600000
v -15.842654 4.949747 0.600000
v -15.474224 6.324747 0.600000
v -14.467654 7.331317 0.600000
v -13.092654 7.699747 0.600000
v -11.717654 7.331317 0.600000
v -10.711084 6.324747 0.600000
v -24.592149 -4.949747 4.150000
v -24.377790 -5.749747 4.150000
v -23.792149 -6.335388 4.150000
v -22.992149 -6.549747 4.150000
v -22.192149 -6.335388 4.150000
v -21.606509 -5.749747 4.150000
v -21.392149 -4.949747 4.150000
v -21.606509 -4.149747 4.150000
v -22.192149 -3.564107 4.150000
v -22.992149 -3.349747 4.150000
v -23.792149 -3.564107 4.150000
v -24.377790 -4.149747 4.150000
v -21.392149 -4.949747 0.600000
v -21.606509 -5.749747 0.600000
v -22.192149 -6.335388 0.600000
v -22.992149 -6.549747 0.600000
v -23.792149 -6.335388 0.600000
v -24.377790 -5.749747 0.600000
v -24.592149 -4.949747 0.600000
v -24.377790 -4.149747 0.600000
v -23.792149 -3.564107 0.600000
v -22.992149 -3.349747 0.600000
v -22.192149 -3.564107 0.600000
v -21.606509 -4.149747 0.600000
v -20.242149 -4.949747 0.600000
v -20.610579 -6.324747 0.600000
v -21.617149 -7.331317 0.600000
v -22.992149 -7.699747 0.600000
v -24.367149 -7.331317 0.600000
v -25.373719 -6.324747 0.600000
v -25.742149 -4.949747 0.600000
v -25.373719 -3.574747 0.600000
v -24.367149 -2.568178 0.600000
v -22.992149 -2.199747 0.600000
v -21.617149 -2.568178 0.600000
v -20.610579 -3.574747 0.600000
v -24.592149 4.949747 4.150000
v -24.377790 4.149747 4.150000
v -23.792149 3.564107 4.150000
v -22.992149 3.349747 4.150000
v -22.192149 3.564107 4.150000
v -21.606509 4.149747 4.150000
v -21.392149 4.949747 4.150000
v -21.606509 5.749747 4.150000
v -22.192149 6.335388 4.150000
v -22.992149 6.549747 4.150000
v -23.792149 6.335388 4.150000
v -24.377790 5.749747 4.150000
v -21.392149 4.949747 0.600000
v -21.606509 4.149747 0.600000
v -22.192149 3.564107 0.600000
v -22.992149 3.349747 0.600000
v -23.792149 3.564107 0.600000
v -24.377790 4.149747 0.600000
v -24.592149 4.949747 0.600000
v -24.377790 5.749747 0.600000
v -23.792149 6.335388 0.600000
v -22.992149 6.549747 0.600000
v -22.192149 6.335388 0.600000
v -21.606509 5.749747 0.600000
v -20.242149 4.949747 0.600000
v -20.610579 3.574747 0.600000
v -21.617149 2.568178 0.600000
v -22.992149 2.199747 0.600000
v -24.367149 2.568178 0.600000
v -25.373719 3.574747 0.600000
v -25.742149 4.949747 0.600000
v -25.373719 6.324747 0.600000
v -24.367149 7.331317 0.600000
v -22.992149 7.699747 0.600000
v -21.617149 7.331317 0.600000
v -20.610579 6.324747 0.600000
v -14.692654 -4.949747 4.150000
v -14.478295 -5.749747 4.150000
v -13.892654 -6.335388 4.150000
v -13.092654 -6.549747 4.150000
v -12.292654 -6.335388 4.150000
v -11.707014 -5.749747 4.150000
v -11.492654 -4.949747 4.150000
v -11.707014 -4.149747 4.150000
v -12.292654 -3.564107 4.150000
v -13.092654 -3.349747 4.150000
v -13.892654 -3.564107 4.150000
v -14.478295 -4.149747 4.150000
v -11.492654 -4.949747 0.600000
v -11.707014 -5.749747 0.600000
v -12.292654 -6.335388 0.600000
v -13.092654 -6.549747 0.600000
v -13.892654 -6.335388 0.600000
v -14.478295 -5.749747 0.600000
v -14.692654 -4.949747 0.600000
v -14.478295 -4.149747 0.600000
v -13.892654 -3.564107 0.600000
v -13.092654 -3.349747 0.600000
v -12.292654 -3.564107 0.600000
v -11.707014 -4.149747 0.600000
v -10.342654 -4.949747 0.600000
v -10.711084 -6.324747 0.600000
v -11.717654 -7.331317 0.600000
v -13.092654 -7.699747 0.600000
v -14.467654 -7.331317 0.600000
v -15.474224 -6.324747 0.600000
v -15.842654 -4.949747 0.600000
v -15.474224 -3.574747 0.600000
v -14.467654 -2.568178 0.600000
v -13.092654 -2.199747 0.600000
v -11.717654 -2.568178 0.600000
v -10.711084 -3.574747 0.600000
v -33.542402 0.000000 4.150000
v -32.007419 -6.725198 4.150000
v -27.706494 -12.118388 4.150000
v -21.491476 -15.111383 4.150000
v -14.593327 -15.111383 4.150000
v -8.378310 -12.118388 4.150000
v -4.077384 -6.725198 4.150000
v -2.542402 0.000000 4.150000
v -4.077384 6.725198 4.150000
v -8.378310 12.118388 4.150000
v -14.593327 15.111383 4.150000
v -21.491476 15.111383 4.150000
v -27.706494 12.118388 4.150000
v -32.007419 6.725198 4.150000
vt -0.195200 -0.670206 0.000000
vt -0.195200 0.000000 0.000000
vt -0.750200 0.000000 0.000000
vt -0.195200 0.670206 0.000000
vt -0.750200 0.710934 0.000000
vt -0.195200 1.340413 0.000000
vt -0.750200 1.421869 0.000000
vt -0.195200 2.010619 0.000000
vt -0.750200 2.132803 0.000000
vt -0.195200 2.680826 0.000000
vt -0.750200 2.843737 0.000000
vt -0.195200 3.351032 0.000000
vt -0.750200 3.554672 0.000000
vt -0.195200 4.021239 0.000000
vt -0.750200 4.265606 0.000000
vt -0.195200 4.691445 0.000000
vt -0.750200 4.976540 0.000000
vt -0.750200 5.009879 0.000000
vt -0.195200 5.361651 0.000000
vt -0.750200 5.043218 0.000000
vt -0.750200 -5.009879 0.000000
vt -0.195200 -4.691445 0.000000
vt -0.750200 -4.976540 0.000000
vt -0.750200 -4.265606 0.000000
vt -0.195200 -4.021239 0.000000
vt -0.750200 -3.554672 0.000000
vt -0.195200 -3.351032 0.000000
vt -0.750200 -2.843737 0.000000
vt -0.195200 -2.680826 0.000000
vt -0.750200 -2.132803 0.000000
vt -0.195200 -2.010619 0.000000
vt -0.750200 -1.421869 0.000000
vt -0.195200 -1.340413 0.000000
vt -0.750200 -0.710934 0.000000
vt -1.549193 -0.050000 0.000000
vt -0.632475 -0.256818 0.000000
vt -0.270416 -0.050000 0.000000
vt -0.494975 -0.219975 0.000000
vt -0.357475 -0.256818 0.000000
vt -1.377372 -0.710877 0.000000
vt -0.769975 -0.494975 0.000000
vt -0.733132 -0.357475 0.000000
vt -0.733132 -0.632475 0.000000
vt -0.938228 -1.233786 0.000000
vt -0.632475 -0.733132 0.000000
vt -0.494975 -0.769975 0.000000
vt -0.316990 -1.517240 0.000000
vt -0.357475 -0.733132 0.000000
vt 0.094167 -1.041425 0.000000
vt 0.129001 -0.911425 0.000000
vt 0.365769 -1.506225 0.000000
vt 0.224167 -1.266591 0.000000
vt 0.129001 -1.171425 0.000000
vt 0.977539 -1.202879 0.000000
vt 0.484167 -1.266591 0.000000
vt 0.354167 -1.301425 0.000000
vt 1.399587 -0.666076 0.000000
vt 0.733132 -0.632475 0.000000
vt 0.632475 -0.733132 0.000000
vt 0.579334 -0.911425 0.000000
vt 0.484167 -0.816258 0.000000
vt 0.494975 -0.769975 0.000000
vt 0.354167 -0.781425 0.000000
vt 0.357475 -0.733132 0.000000
vt 0.224167 -0.816258 0.000000
vt 0.256818 -0.632475 0.000000
vt -0.256818 -0.632475 0.000000
vt -0.219975 -0.494975 0.000000
vt 0.219975 -0.494975 0.000000
vt 0.025105 -0.273852 0.000000
vt 0.256818 -0.357475 0.000000
vt 0.151750 -0.229340 0.000000
vt 0.357475 -0.256818 0.000000
vt 0.242236 -0.130180 0.000000
vt 0.494975 -0.219975 0.000000
vt 0.275000 0.000000 0.000000
vt 0.494975 0.219975 0.000000
vt 0.242236 0.130180 0.000000
vt 0.357475 0.256818 0.000000
vt 0.151750 0.229340 0.000000
vt 0.256818 0.357475 0.000000
vt 0.025105 0.273852 0.000000
vt 0.219975 0.494975 0.000000
vt -0.219975 0.494975 0.000000
vt -0.256818 0.632475 0.000000
vt 0.256818 0.632475 0.000000
vt -0.200083 0.824140 0.000000
vt -0.104916 0.919307 0.000000
vt 0.357475 0.733132 0.000000
vt -0.070083 1.049307 0.000000
vt 0.365769 1.506225 0.000000
vt -0.104916 1.179307 0.000000
vt -0.200083 1.274474 0.000000
vt -0.316990 1.517240 0.000000
vt -0.330083 1.309307 0.000000
vt -0.460083 1.274474 0.000000
vt -0.938228 1.233786 0.000000
vt -0.555250 1.179307 0.000000
vt -0.590083 1.049307 0.000000
vt -0.632475 0.733132 0.000000
vt -0.555250 0.919307 0.000000
vt -0.494975 0.769975 0.000000
vt -0.460083 0.824140 0.000000
vt -0.357475 0.733132 0.000000
vt -0.330083 0.789307 0.000000
vt 1.550000 0.000000 0.000000
vt 0.733132 -0.357475 0.000000
vt 0.769975 -0.494975 0.000000
vt 0.733132 0.357475 0.000000
vt 1.399587 0.666076 0.000000
vt 0.769975 0.494975 0.000000
vt 0.733132 0.632475 0.000000
vt 0.977539 1.202879 0.000000
vt 0.632475 0.733132 0.000000
vt 0.494975 0.769975 0.000000
vt -0.733132 0.632475 0.000000
vt -1.377372 0.710877 0.000000
vt -0.769975 0.494975 0.000000
vt -1.549193 0.050000 0.000000
vt -0.733132 0.357475 0.000000
vt -0.632475 0.256818 0.000000
vt -0.270416 0.050000 0.000000
vt -0.494975 0.219975 0.000000
vt -0.357475 0.256818 0.000000
vt -0.214529 0.172053 0.000000
vt -0.256818 0.357475 0.000000
vt -0.107523 0.253108 0.000000
vt -0.107523 -0.253108 0.000000
vt -0.256818 -0.357475 0.000000
vt -0.214529 -0.172053 0.000000
vt 0.632475 -0.256818 0.000000
vt 0.632475 0.256818 0.000000
vt 0.614167 -1.041425 0.000000
vt 0.579334 -1.171425 0.000000
vt 33.305513 -0.813658 0.000000
vt 32.900513 -0.719948 0.000000
vt 33.255513 -0.813658 0.000000
vt 32.900513 -0.863938 0.000000
vt 33.255513 -0.847178 0.000000
vt 33.255513 -0.880698 0.000000
vt 33.255513 0.847178 0.000000
vt 32.900513 0.863938 0.000000
vt 33.255513 0.813658 0.000000
vt 32.900513 0.719948 0.000000
vt 33.305513 0.813658 0.000000
vt 33.305513 0.678049 0.000000
vt 32.900513 0.575959 0.000000
vt 33.305513 0.542439 0.000000
vt 32.900513 0.431969 0.000000
vt 33.305513 0.406829 0.000000
vt 32.900513 0.287979 0.000000
vt 33.305513 0.271219 0.000000
vt 32.900513 0.143990 0.000000
vt 33.305513 0.135610 0.000000
vt 32.900513 0.000000 0.000000
vt 33.305513 0.000000 0.000000
vt 33.305513 -0.135610 0.000000
vt 32.900513 -0.143990 0.000000
vt 33.305513 -0.271219 0.000000
vt 32.900513 -0.287979 0.000000
vt 33.305513 -0.406829 0.000000
vt 32.900513 -0.431969 0.000000
vt 33.305513 -0.542439 0.000000
vt 32.900513 -0.575959 0.000000
vt 33.305513 -0.678049 0.000000
vt 0.759343 -0.137500 0.000000
vt 0.867596 -0.075000 0.000000
vt 0.722500 0.000000 0.000000
vt 0.847500 0.000000 0.000000
vt 0.867596 0.075000 0.000000
vt 0.922500 -0.129904 0.000000
vt 0.860000 -0.238157 0.000000
vt 0.997500 -0.150000 0.000000
vt 0.997500 -0.275000 0.000000
vt 1.135000 -0.238157 0.000000
vt 1.072500 -0.129904 0.000000
vt 1.235657 -0.137500 0.000000
vt 1.127404 -0.075000 0.000000
vt 1.147500 0.000000 0.000000
vt 1.272500 0.000000 0.000000
vt 1.127404 0.075000 0.000000
vt 1.235657 0.137500 0.000000
vt 1.072500 0.129904 0.000000
vt 1.135000 0.238157 0.000000
vt 0.997500 0.150000 0.000000
vt 0.997500 0.275000 0.000000
vt 0.860000 0.238157 0.000000
vt 0.922500 0.129904 0.000000
vt 0.759343 0.137500 0.000000
vt 11.707284 -0.078540 0.000000
vt 11.957284 -0.078540 0.000000
vt 11.707284 0.000000 0.000000
vt 11.957284 0.000000 0.000000
vt 11.707284 0.078540 0.000000
vt 11.957284 0.078540 0.000000
vt 11.707284 0.157080 0.000000
vt 11.957284 0.157080 0.000000
vt 11.707284 0.235619 0.000000
vt 11.957284 0.235619 0.000000
vt 11.707284 0.314159 0.000000
vt 11.957284 0.314159 0.000000
vt 11.707284 0.392699 0.000000
vt 11.957284 0.392699 0.000000
vt 11.707284 0.471239 0.000000
vt 11.957284 0.471239 0.000000
vt 11.707284 -0.471239 0.000000
vt 11.957284 -0.471239 0.000000
vt 11.707284 -0.392699 0.000000
vt 11.957284 -0.392699 0.000000
vt 11.707284 -0.314159 0.000000
vt 11.957284 -0.314159 0.000000
vt 11.707284 -0.235619 0.000000
vt 11.957284 -0.235619 0.000000
vt 11.707284 -0.157080 0.000000
vt 11.957284 -0.157080 0.000000
vt -0.664010 0.000000 0.000000
vt -0.613985 -0.050000 0.000000
vt 0.664792 0.000000 0.000000
vt 0.664792 -0.050000 0.000000
vt -0.664792 -0.050000 0.000000
vt 0.613985 -0.050000 0.000000
vt -0.664792 0.000000 0.000000
vt 0.664010 0.000000 0.000000
vt 0.665182 -0.050000 0.000000
vt 0.661109 -0.016750 0.000000
vt -0.663620 -0.050000 0.000000
vt -0.664314 -0.016669 0.000000
vt -0.664314 0.016669 0.000000
vt 0.661109 0.016750 0.000000
vt -0.663620 0.050000 0.000000
vt 0.665182 0.050000 0.000000
vt 0.000000 -0.109956 0.000000
vt 0.030000 -0.109956 0.000000
vt 0.000000 0.000000 0.000000
vt 0.030000 0.000000 0.000000
vt 0.000000 0.109956 0.000000
vt 0.030000 0.109956 0.000000
vt 0.000000 0.219911 0.000000
vt 0.030000 0.219911 0.000000
vt 0.000000 0.329867 0.000000
vt 0.030000 0.329867 0.000000
vt 0.000000 0.439823 0.000000
vt 0.030000 0.439823 0.000000
vt 0.000000 0.549779 0.000000
vt 0.030000 0.549779 0.000000
vt 0.000000 0.659734 0.000000
vt 0.030000 0.659734 0.000000
vt 0.000000 -0.659734 0.000000
vt 0.030000 -0.659734 0.000000
vt 0.000000 -0.549779 0.000000
vt 0.030000 -0.549779 0.000000
vt 0.000000 -0.439823 0.000000
vt 0.030000 -0.439823 0.000000
vt 0.000000 -0.329867 0.000000
vt 0.030000 -0.329867 0.000000
vt 0.000000 -0.219911 0.000000
vt 0.030000 -0.219911 0.000000
vt -0.000000 0.136136 0.000000
vt -0.030000 0.136136 0.000000
vt -0.000000 0.000000 0.000000
vt -0.030000 0.000000 0.000000
vt -0.000000 -0.136136 0.000000
vt -0.030000 -0.136136 0.000000
vt -0.000000 -0.272271 0.000000
vt -0.030000 -0.272271 0.000000
vt -0.000000 -0.408407 0.000000
vt -0.030000 -0.408407 0.000000
vt -0.000000 -0.544543 0.000000
vt -0.030000 -0.544543 0.000000
vt -0.000000 -0.680678 0.000000
vt -0.030000 -0.680678 0.000000
vt -0.000000 -0.816814 0.000000
vt -0.030000 -0.816814 0.000000
vt -0.000000 0.816814 0.000000
vt -0.030000 0.816814 0.000000
vt -0.000000 0.680678 0.000000
vt -0.030000 0.680678 0.000000
vt -0.000000 0.544543 0.000000
vt -0.030000 0.544543 0.000000
vt -0.000000 0.408407 0.000000
vt -0.030000 0.408407 0.000000
vt -0.000000 0.272271 0.000000
vt -0.030000 0.272271 0.000000
vt 0.116959 -1.175366 0.000000
vt 0.160260 -1.150366 0.000000
vt 0.082125 -1.045366 0.000000
vt 0.132125 -1.045366 0.000000
vt 0.160260 -0.940366 0.000000
vt 0.237125 -1.227231 0.000000
vt 0.212125 -1.270532 0.000000
vt 0.342125 -1.255366 0.000000
vt 0.342125 -1.305366 0.000000
vt 0.472125 -1.270532 0.000000
vt 0.447125 -1.227231 0.000000
vt 0.567292 -1.175366 0.000000
vt 0.523991 -1.150366 0.000000
vt 0.552125 -1.045366 0.000000
vt 0.602125 -1.045366 0.000000
vt 0.523991 -0.940366 0.000000
vt 0.567292 -0.915366 0.000000
vt 0.447125 -0.863501 0.000000
vt 0.472125 -0.820199 0.000000
vt 0.342125 -0.835366 0.000000
vt 0.342125 -0.785366 0.000000
vt 0.212125 -0.820199 0.000000
vt 0.237125 -0.863501 0.000000
vt 0.116959 -0.915366 0.000000
vt 0.168920 -1.145366 0.000000
vt 0.515330 -1.145366 0.000000
vt 0.142125 -1.045366 0.000000
vt 0.542125 -1.045366 0.000000
vt 0.168920 -0.945366 0.000000
vt 0.515330 -0.945366 0.000000
vt 0.242125 -0.872161 0.000000
vt 0.442125 -0.872161 0.000000
vt 0.342125 -0.845366 0.000000
vt 0.442125 -1.218571 0.000000
vt 0.242125 -1.218571 0.000000
vt 0.342125 -1.245366 0.000000
vt 0.000000 0.523599 0.000000
vt 0.600000 0.523599 0.000000
vt 0.000000 0.628319 0.000000
vt 0.600000 0.628319 0.000000
vt 0.000000 -0.628319 0.000000
vt 0.600000 -0.628319 0.000000
vt 0.000000 -0.523599 0.000000
vt 0.600000 -0.523599 0.000000
vt 0.000000 -0.418879 0.000000
vt 0.600000 -0.418879 0.000000
vt 0.000000 -0.314159 0.000000
vt 0.600000 -0.314159 0.000000
vt -0.000000 -0.209440 0.000000
vt 0.600000 -0.209440 0.000000
vt -0.000000 -0.104720 0.000000
vt 0.600000 -0.104720 0.000000
vt 0.000000 0.000000 0.000000
vt 0.600000 0.000000 0.000000
vt 0.000000 0.104720 0.000000
vt 0.600000 0.104720 0.000000
vt 0.000000 0.209440 0.000000
vt 0.600000 0.209440 0.000000
vt 0.000000 0.314159 0.000000
vt 0.600000 0.314159 0.000000
vt 0.000000 0.418879 0.000000
vt 0.600000 0.418879 0.000000
vt 0.172302 -1.146425 0.000000
vt 0.180962 -1.141425 0.000000
vt 0.144167 -1.041425 0.000000
vt 0.154167 -1.041425 0.000000
vt 0.180962 -0.941425 0.000000
vt 0.254167 -1.214630 0.000000
vt 0.249167 -1.223290 0.000000
vt 0.354167 -1.241425 0.000000
vt 0.354167 -1.251425 0.000000
vt 0.459167 -1.223290 0.000000
vt 0.454167 -1.214630 0.000000
vt 0.536033 -1.146425 0.000000
vt 0.527373 -1.141425 0.000000
vt 0.554167 -1.041425 0.000000
vt 0.564167 -1.041425 0.000000
vt 0.527373 -0.941425 0.000000
vt 0.536033 -0.936425 0.000000
vt 0.454167 -0.868220 0.000000
vt 0.459167 -0.859559 0.000000
vt 0.354167 -0.841425 0.000000
vt 0.354167 -0.831425 0.000000
vt 0.249167 -0.859559 0.000000
vt 0.254167 -0.868220 0.000000
vt 0.172302 -0.936425 0.000000
vt 0.000000 -0.109956 0.000000
vt 0.030000 -0.109956 0.000000
vt 0.000000 0.000000 0.000000
vt 0.030000 0.000000 0.000000
vt 0.000000 0.109956 0.000000
vt 0.030000 0.109956 0.000000
vt 0.000000 0.219911 0.000000
vt 0.030000 0.219911 0.000000
vt 0.000000 0.329867 0.000000
vt 0.030000 0.329867 0.000000
vt 0.000000 0.439823 0.000000
vt 0.030000 0.439823 0.000000
vt 0.000000 0.549779 0.000000
vt 0.030000 0.549779 0.000000
vt 0.000000 0.659734 0.000000
vt 0.030000 0.659734 0.000000
vt 0.000000 -0.659734 0.000000
vt 0.030000 -0.659734 0.000000
vt 0.000000 -0.549779 0.000000
vt 0.030000 -0.549779 0.000000
vt 0.000000 -0.439823 0.000000
vt 0.030000 -0.439823 0.000000
vt 0.000000 -0.329867 0.000000
vt 0.030000 -0.329867 0.000000
vt 0.000000 -0.219911 0.000000
vt 0.030000 -0.219911 0.000000
vt -0.000000 0.136136 0.000000
vt -0.030000 0.136136 0.000000
vt -0.000000 0.000000 0.000000
vt -0.030000 0.000000 0.000000
vt -0.000000 -0.136136 0.000000
vt -0.030000 -0.136136 0.000000
vt -0.000000 -0.272271 0.000000
vt -0.030000 -0.272271 0.000000
vt -0.000000 -0.408407 0.000000
vt -0.030000 -0.408407 0.000000
vt -0.000000 -0.544543 0.000000
vt -0.030000 -0.544543 0.000000
vt -0.000000 -0.680678 0.000000
vt -0.030000 -0.680678 0.000000
vt -0.000000 -0.816814 0.000000
vt -0.030000 -0.816814 0.000000
vt -0.000000 0.816814 0.000000
vt -0.030000 0.816814 0.000000
vt -0.000000 0.680678 0.000000
vt -0.030000 0.680678 0.000000
vt -0.000000 0.544543 0.000000
vt -0.030000 0.544543 0.000000
vt -0.000000 0.408407 0.000000
vt -0.030000 0.408407 0.000000
vt -0.000000 0.272271 0.000000
vt -0.030000 0.272271 0.000000
vt -0.567292 0.915366 0.000000
vt -0.523991 0.940366 0.000000
vt -0.602125 1.045366 0.000000
vt -0.552125 1.045366 0.000000
vt -0.523991 1.150366 0.000000
vt -0.447125 0.863501 0.000000
vt -0.472125 0.820199 0.000000
vt -0.342125 0.835366 0.000000
vt -0.342125 0.785366 0.000000
vt -0.212125 0.820199 0.000000
vt -0.237125 0.863501 0.000000
vt -0.116959 0.915366 0.000000
vt -0.160260 0.940366 0.000000
vt -0.132125 1.045366 0.000000
vt -0.082125 1.045366 0.000000
vt -0.160260 1.150366 0.000000
vt -0.116959 1.175366 0.000000
vt -0.237125 1.227231 0.000000
vt -0.212125 1.270532 0.000000
vt -0.342125 1.255366 0.000000
vt -0.342125 1.305366 0.000000
vt -0.472125 1.270532 0.000000
vt -0.447125 1.227231 0.000000
vt -0.567292 1.175366 0.000000
vt -0.515330 0.945366 0.000000
vt -0.168920 0.945366 0.000000
vt -0.542125 1.045366 0.000000
vt -0.142125 1.045366 0.000000
vt -0.515330 1.145366 0.000000
vt -0.168920 1.145366 0.000000
vt -0.442125 1.218571 0.000000
vt -0.242125 1.218571 0.000000
vt -0.342125 1.245366 0.000000
vt -0.242125 0.872161 0.000000
vt -0.442125 0.872161 0.000000
vt -0.342125 0.845366 0.000000
vt 0.000000 0.523599 0.000000
vt 0.600000 0.523599 0.000000
vt 0.000000 0.628319 0.000000
vt 0.600000 0.628319 0.000000
vt 0.000000 -0.628319 0.000000
vt 0.600000 -0.628319 0.000000
vt 0.000000 -0.523599 0.000000
vt 0.600000 -0.523599 0.000000
vt 0.000000 -0.418879 0.000000
vt 0.600000 -0.418879 0.000000
vt 0.000000 -0.314159 0.000000
vt 0.600000 -0.314159 0.000000
vt -0.000000 -0.209440 0.000000
vt 0.600000 -0.209440 0.000000
vt -0.000000 -0.104720 0.000000
vt 0.600000 -0.104720 0.000000
vt 0.000000 0.000000 0.000000
vt 0.600000 0.000000 0.000000
vt 0.000000 0.104720 0.000000
vt 0.600000 0.104720 0.000000
vt 0.000000 0.209440 0.000000
vt 0.600000 0.209440 0.000000
vt 0.000000 0.314159 0.000000
vt 0.600000 0.314159 0.000000
vt 0.000000 0.418879 0.000000
vt 0.600000 0.418879 0.000000
vt -0.511948 0.944307 0.000000
vt -0.503288 0.949307 0.000000
vt -0.540083 1.049307 0.000000
vt -0.530083 1.049307 0.000000
vt -0.503288 1.149307 0.000000
vt -0.430083 0.876102 0.000000
vt -0.435083 0.867442 0.000000
vt -0.330083 0.849307 0.000000
vt -0.330083 0.839307 0.000000
vt -0.225083 0.867442 0.000000
vt -0.230083 0.876102 0.000000
vt -0.148218 0.944307 0.000000
vt -0.156878 0.949307 0.000000
vt -0.130083 1.049307 0.000000
vt -0.120083 1.049307 0.000000
vt -0.156878 1.149307 0.000000
vt -0.148218 1.154307 0.000000
vt -0.230083 1.222512 0.000000
vt -0.225083 1.231172 0.000000
vt -0.330083 1.249307 0.000000
vt -0.330083 1.259307 0.000000
vt -0.435083 1.231172 0.000000
vt -0.430083 1.222512 0.000000
vt -0.511948 1.154307 0.000000
vt 0.655000 -0.418879 0.000000
vt 0.300000 -0.418879 0.000000
vt 0.655000 -0.502655 0.000000
vt 0.300000 -0.502655 0.000000
vt 0.655000 0.502655 0.000000
vt 0.300000 0.502655 0.000000
vt 0.655000 0.418879 0.000000
vt 0.300000 0.418879 0.000000
vt 0.655000 0.335103 0.000000
vt 0.300000 0.335103 0.000000
vt 0.655000 0.251327 0.000000
vt 0.300000 0.251327 0.000000
vt 0.655000 0.167552 0.000000
vt 0.300000 0.167552 0.000000
vt 0.655000 0.083776 0.000000
vt 0.300000 0.083776 0.000000
vt 0.655000 0.000000 0.000000
vt 0.300000 0.000000 0.000000
vt 0.655000 -0.083776 0.000000
vt 0.300000 -0.083776 0.000000
vt 0.655000 -0.167552 0.000000
vt 0.300000 -0.167552 0.000000
vt 0.655000 -0.251327 0.000000
vt 0.300000 -0.251327 0.000000
vt 0.655000 -0.335103 0.000000
vt 0.300000 -0.335103 0.000000
vt 0.036843 -0.137500 0.000000
vt 0.136436 -0.080000 0.000000
vt 0.000000 0.000000 0.000000
vt 0.115000 0.000000 0.000000
vt 0.136436 0.080000 0.000000
vt 0.195000 -0.138564 0.000000
vt 0.137500 -0.238157 0.000000
vt 0.275000 -0.160000 0.000000
vt 0.275000 -0.275000 0.000000
vt 0.412500 -0.238157 0.000000
vt 0.355000 -0.138564 0.000000
vt 0.513157 -0.137500 0.000000
vt 0.413564 -0.080000 0.000000
vt 0.435000 0.000000 0.000000
vt 0.550000 0.000000 0.000000
vt 0.413564 0.080000 0.000000
vt 0.513157 0.137500 0.000000
vt 0.355000 0.138564 0.000000
vt 0.412500 0.238157 0.000000
vt 0.275000 0.160000 0.000000
vt 0.275000 0.275000 0.000000
vt 0.137500 0.238157 0.000000
vt 0.195000 0.138564 0.000000
vt 0.036843 0.137500 0.000000
vt 0.300000 0.143990 0.000000
vt 0.000000 0.143990 0.000000
vt 0.300000 0.000000 0.000000
vt 0.000000 0.000000 0.000000
vt 0.300000 -0.143990 0.000000
vt 0.000000 -0.143990 0.000000
vt 0.300000 -0.287979 0.000000
vt 0.000000 -0.287979 0.000000
vt 0.300000 -0.431969 0.000000
vt 0.000000 -0.431969 0.000000
vt 0.300000 -0.575959 0.000000
vt 0.000000 -0.575959 0.000000
vt 0.300000 -0.719948 0.000000
vt 0.000000 -0.719948 0.000000
vt 0.300000 -0.863938 0.000000
vt 0.000000 -0.863938 0.000000
vt 0.300000 0.863938 0.000000
vt 0.000000 0.863938 0.000000
vt 0.300000 0.719948 0.000000
vt 0.000000 0.719948 0.000000
vt 0.300000 0.575959 0.000000
vt 0.000000 0.575959 0.000000
vt 0.300000 0.431969 0.000000
vt 0.000000 0.431969 0.000000
vt 0.300000 0.287979 0.000000
vt 0.000000 0.287979 0.000000
vt 0.655000 -0.418879 0.000000
vt 0.300000 -0.418879 0.000000
vt 0.655000 -0.502655 0.000000
vt 0.300000 -0.502655 0.000000
vt 0.655000 0.502655 0.000000
vt 0.300000 0.502655 0.000000
vt 0.655000 0.418879 0.000000
vt 0.300000 0.418879 0.000000
vt 0.655000 0.335103 0.000000
vt 0.300000 0.335103 0.000000
vt 0.655000 0.251327 0.000000
vt 0.300000 0.251327 0.000000
vt 0.655000 0.167552 0.000000
vt 0.300000 0.167552 0.000000
vt 0.655000 0.083776 0.000000
vt 0.300000 0.083776 0.000000
vt 0.655000 0.000000 0.000000
vt 0.300000 0.000000 0.000000
vt 0.655000 -0.083776 0.000000
vt 0.300000 -0.083776 0.000000
vt 0.655000 -0.167552 0.000000
vt 0.300000 -0.167552 0.000000
vt 0.655000 -0.251327 0.000000
vt 0.300000 -0.251327 0.000000
vt 0.655000 -0.335103 0.000000
vt 0.300000 -0.335103 0.000000
vt 0.036843 -0.137500 0.000000
vt 0.136436 -0.080000 0.000000
vt 0.000000 0.000000 0.000000
vt 0.115000 0.000000 0.000000
vt 0.136436 0.080000 0.000000
vt 0.195000 -0.138564 0.000000
vt 0.137500 -0.238157 0.000000
vt 0.275000 -0.160000 0.000000
vt 0.275000 -0.275000 0.000000
vt 0.412500 -0.238157 0.000000
vt 0.355000 -0.138564 0.000000
vt 0.513157 -0.137500 0.000000
vt 0.413564 -0.080000 0.000000
vt 0.435000 0.000000 0.000000
vt 0.550000 0.000000 0.000000
vt 0.413564 0.080000 0.000000
vt 0.513157 0.137500 0.000000
vt 0.355000 0.138564 0.000000
vt 0.412500 0.238157 0.000000
vt 0.275000 0.160000 0.000000
vt 0.275000 0.275000 0.000000
vt 0.137500 0.238157 0.000000
vt 0.195000 0.138564 0.000000
vt 0.036843 0.137500 0.000000
vt 0.300000 0.143990 0.000000
vt 0.000000 0.143990 0.000000
vt 0.300000 0.000000 0.000000
vt 0.000000 0.000000 0.000000
vt 0.300000 -0.143990 0.000000
vt 0.000000 -0.143990 0.000000
vt 0.300000 -0.287979 0.000000
vt 0.000000 -0.287979 0.000000
vt 0.300000 -0.431969 0.000000
vt 0.000000 -0.431969 0.000000
vt 0.300000 -0.575959 0.000000
vt 0.000000 -0.575959 0.000000
vt 0.300000 -0.719948 0.000000
vt 0.000000 -0.719948 0.000000
vt 0.300000 -0.863938 0.000000
vt 0.000000 -0.863938 0.000000
vt 0.300000 0.863938 0.000000
vt 0.000000 0.863938 0.000000
vt 0.300000 0.719948 0.000000
vt 0.000000 0.719948 0.000000
vt 0.300000 0.575959 0.000000
vt 0.000000 0.575959 0.000000
vt 0.300000 0.431969 0.000000
vt 0.000000 0.431969 0.000000
vt 0.300000 0.287979 0.000000
vt 0.000000 0.287979 0.000000
vt 0.655000 -0.418879 0.000000
vt 0.300000 -0.418879 0.000000
vt 0.655000 -0.502655 0.000000
vt 0.300000 -0.502655 0.000000
vt 0.655000 0.502655 0.000000
vt 0.300000 0.502655 0.000000
vt 0.655000 0.418879 0.000000
vt 0.300000 0.418879 0.000000
vt 0.655000 0.335103 0.000000
vt 0.300000 0.335103 0.000000
vt 0.655000 0.251327 0.000000
vt 0.300000 0.251327 0.000000
vt 0.655000 0.167552 0.000000
vt 0.300000 0.167552 0.000000
vt 0.655000 0.083776 0.000000
vt 0.300000 0.083776 0.000000
vt 0.655000 0.000000 0.000000
vt 0.300000 0.000000 0.000000
vt 0.655000 -0.083776 0.000000
vt 0.300000 -0.083776 0.000000
vt 0.655000 -0.167552 0.000000
vt 0.300000 -0.167552 0.000000
vt 0.655000 -0.251327 0.000000
vt 0.300000 -0.251327 0.000000
vt 0.655000 -0.335103 0.000000
vt 0.300000 -0.335103 0.000000
vt 0.036843 -0.137500 0.000000
vt 0.136436 -0.080000 0.000000
vt 0.000000 0.000000 0.000000
vt 0.115000 0.000000 0.000000
vt 0.136436 0.080000 0.000000
vt 0.195000 -0.138564 0.000000
vt 0.137500 -0.238157 0.000000
vt 0.275000 -0.160000 0.000000
vt 0.275000 -0.275000 0.000000
vt 0.412500 -0.238157 0.000000
vt 0.355000 -0.138564 0.000000
vt 0.513157 -0.137500 0.000000
vt 0.413564 -0.080000 0.000000
vt 0.435000 0.000000 0.000000
vt 0.550000 0.000000 0.000000
vt 0.413564 0.080000 0.000000
vt 0.513157 0.137500 0.000000
vt 0.355000 0.138564 0.000000
vt 0.412500 0.238157 0.000000
vt 0.275000 0.160000 0.000000
vt 0.275000 0.275000 0.000000
vt 0.137500 0.238157 0.000000
vt 0.195000 0.138564 0.000000
vt 0.036843 0.137500 0.000000
vt 0.300000 0.143990 0.000000
vt 0.000000 0.143990 0.000000
vt 0.300000 0.000000 0.000000
vt 0.000000 0.000000 0.000000
vt 0.300000 -0.143990 0.000000
vt 0.000000 -0.143990 0.000000
vt 0.300000 -0.287979 0.000000
vt 0.000000 -0.287979 0.000000
vt 0.300000 -0.431969 0.000000
vt 0.000000 -0.431969 0.000000
vt 0.300000 -0.575959 0.000000
vt 0.000000 -0.575959 0.000000
vt 0.300000 -0.719948 0.000000
vt 0.000000 -0.719948 0.000000
vt 0.300000 -0.863938 0.000000
vt 0.000000 -0.863938 0.000000
vt 0.300000 0.863938 0.000000
vt 0.000000 0.863938 0.000000
vt 0.300000 0.719948 0.000000
vt 0.000000 0.719948 0.000000
vt 0.300000 0.575959 0.000000
vt 0.000000 0.575959 0.000000
vt 0.300000 0.431969 0.000000
vt 0.000000 0.431969 0.000000
vt 0.300000 0.287979 0.000000
vt 0.000000 0.287979 0.000000
vt 0.655000 -0.418879 0.000000
vt 0.300000 -0.418879 0.000000
vt 0.655000 -0.502655 0.000000
vt 0.300000 -0.502655 0.000000
vt 0.655000 0.502655 0.000000
vt 0.300000 0.502655 0.000000
vt 0.655000 0.418879 0.000000
vt 0.300000 0.418879 0.000000
vt 0.655000 0.335103 0.000000
vt 0.300000 0.335103 0.000000
vt 0.655000 0.251327 0.000000
vt 0.300000 0.251327 0.000000
vt 0.655000 0.167552 0.000000
vt 0.300000 0.167552 0.000000
vt 0.655000 0.083776 0.000000
vt 0.300000 0.083776 0.000000
vt 0.655000 0.000000 0.000000
vt 0.300000 0.000000 0.000000
vt 0.655000 -0.083776 0.000000
vt 0.300000 -0.083776 0.000000
vt 0.655000 -0.167552 0.000000
vt 0.300000 -0.167552 0.000000
vt 0.655000 -0.251327 0.000000
vt 0.300000 -0.251327 0.000000
vt 0.655000 -0.335103 0.000000
vt 0.300000 -0.335103 0.000000
vt 0.036843 -0.137500 0.000000
vt 0.136436 -0.080000 0.000000
vt 0.000000 0.000000 0.000000
vt 0.115000 0.000000 0.000000
vt 0.136436 0.080000 0.000000
vt 0.195000 -0.138564 0.000000
vt 0.137500 -0.238157 0.000000
vt 0.275000 -0.160000 0.000000
vt 0.275000 -0.275000 0.000000
vt 0.412500 -0.238157 0.000000
vt 0.355000 -0.138564 0.000000
vt 0.513157 -0.137500 0.000000
vt 0.413564 -0.080000 0.000000
vt 0.435000 0.000000 0.000000
vt 0.550000 0.000000 0.000000
vt 0.413564 0.080000 0.000000
vt 0.513157 0.137500 0.000000
vt 0.355000 0.138564 0.000000
vt 0.412500 0.238157 0.000000
vt 0.275000 0.160000 0.000000
vt 0.275000 0.275000 0.000000
vt 0.137500 0.238157 0.000000
vt 0.195000 0.138564 0.000000
vt 0.036843 0.137500 0.000000
vt 0.300000 0.143990 0.000000
vt 0.000000 0.143990 0.000000
vt 0.300000 0.000000 0.000000
vt 0.000000 0.000000 0.000000
vt 0.300000 -0.143990 0.000000
vt 0.000000 -0.143990 0.000000
vt 0.300000 -0.287979 0.000000
vt 0.000000 -0.287979 0.000000
vt 0.300000 -0.431969 0.000000
vt 0.000000 -0.431969 0.000000
vt 0.300000 -0.575959 0.000000
vt 0.000000 -0.575959 0.000000
vt 0.300000 -0.719948 0.000000
vt 0.000000 -0.719948 0.000000
vt 0.300000 -0.863938 0.000000
vt 0.000000 -0.863938 0.000000
vt 0.300000 0.863938 0.000000
vt 0.000000 0.863938 0.000000
vt 0.300000 0.719948 0.000000
vt 0.000000 0.719948 0.000000
vt 0.300000 0.575959 0.000000
vt 0.000000 0.575959 0.000000
vt 0.300000 0.431969 0.000000
vt 0.000000 0.431969 0.000000
vt 0.300000 0.287979 0.000000
vt 0.000000 0.287979 0.000000
vt 0.399002 0.672520 0.000000
vt -0.363961 0.414975 0.000000
vt 0.552500 -0.000000 0.000000
vt -0.422525 0.356411 0.000000
vt -0.422525 -0.356411 0.000000
vt -0.502525 0.334975 0.000000
vt -0.502525 -0.334975 0.000000
vt -0.847500 -0.000000 0.000000
vt -0.867596 -0.075000 0.000000
vt -0.031091 1.211839 0.000000
vt -0.363961 0.574975 0.000000
vt -0.342525 0.494975 0.000000
vt -0.652593 1.511138 0.000000
vt -0.502525 0.654975 0.000000
vt -0.422525 0.633539 0.000000
vt -0.582525 0.633539 0.000000
vt -1.342407 1.511138 0.000000
vt -1.412475 0.633539 0.000000
vt -1.492475 0.654975 0.000000
vt -1.963909 1.211839 0.000000
vt -1.572475 0.633539 0.000000
vt -1.631039 0.574975 0.000000
vt -2.394002 0.672520 0.000000
vt -1.652475 0.494975 0.000000
vt -1.631039 0.414975 0.000000
vt -2.547500 -0.000000 0.000000
vt -1.572475 0.356411 0.000000
vt -1.572475 -0.356411 0.000000
vt -1.492475 0.334975 0.000000
vt -1.492475 -0.334975 0.000000
vt -1.147500 -0.000000 0.000000
vt -1.127404 -0.075000 0.000000
vt -1.412475 -0.356411 0.000000
vt -1.072500 -0.129904 0.000000
vt -1.353911 -0.414975 0.000000
vt -0.997500 -0.150000 0.000000
vt -1.332475 -0.494975 0.000000
vt -0.662525 -0.494975 0.000000
vt -0.641089 -0.574975 0.000000
vt -1.353911 -0.574975 0.000000
vt -0.582525 -0.633539 0.000000
vt -1.412475 -0.633539 0.000000
vt -0.652593 -1.511138 0.000000
vt -1.342407 -1.511138 0.000000
vt -1.492475 -0.654975 0.000000
vt -1.963909 -1.211839 0.000000
vt -1.572475 -0.633539 0.000000
vt -1.631039 -0.574975 0.000000
vt -1.631039 -0.414975 0.000000
vt -2.394002 -0.672520 0.000000
vt -1.652475 -0.494975 0.000000
vt -0.502525 -0.654975 0.000000
vt -0.031091 -1.211839 0.000000
vt -0.422525 -0.633539 0.000000
vt -0.363961 -0.574975 0.000000
vt 0.399002 -0.672520 0.000000
vt -0.342525 -0.494975 0.000000
vt -0.363961 -0.414975 0.000000
vt -0.582525 -0.356411 0.000000
vt -0.922500 -0.129904 0.000000
vt -0.641089 -0.414975 0.000000
vt -1.127404 0.075000 0.000000
vt -1.412475 0.356411 0.000000
vt -1.072500 0.129904 0.000000
vt -1.353911 0.414975 0.000000
vt -0.997500 0.150000 0.000000
vt -1.332475 0.494975 0.000000
vt -0.662525 0.494975 0.000000
vt -1.353911 0.574975 0.000000
vt -0.641089 0.574975 0.000000
vt -0.641089 0.414975 0.000000
vt -0.922500 0.129904 0.000000
vt -0.582525 0.356411 0.000000
vt -0.867596 0.075000 0.000000
vt -0.070711 0.659734 0.000000
vt -0.070711 0.000000 0.000000
vt -0.000000 0.000000 0.000000
vt -0.070711 -0.659734 0.000000
vt -0.000000 -0.706858 0.000000
vt -0.070711 -1.319469 0.000000
vt 0.000000 -1.413717 0.000000
vt -0.070711 -1.979203 0.000000
vt 0.000000 -2.120575 0.000000
vt -0.070711 -2.638938 0.000000
vt -0.000000 -2.827433 0.000000
vt -0.070711 -3.298672 0.000000
vt -0.000000 -3.534292 0.000000
vt -0.070711 -3.958407 0.000000
vt -0.000000 -4.241150 0.000000
vt -0.070711 -4.618141 0.000000
vt -0.000000 -4.948008 0.000000
vt 0.000000 4.948008 0.000000
vt -0.070711 5.277876 0.000000
vt -0.070711 4.618141 0.000000
vt -0.000000 4.241150 0.000000
vt -0.070711 3.958407 0.000000
vt -0.000000 3.534292 0.000000
vt -0.070711 3.298672 0.000000
vt -0.000000 2.827433 0.000000
vt -0.070711 2.638938 0.000000
vt -0.000000 2.120575 0.000000
vt -0.070711 1.979203 0.000000
vt -0.000000 1.413717 0.000000
vt -0.070711 1.319469 0.000000
vt -0.000000 0.706858 0.000000
vt -0.000000 0.049227 0.000000
vt 0.070711 0.050815 0.000000
vt -0.000000 0.749053 0.000000
vt 0.070711 0.750414 0.000000
vt -0.000000 1.448879 0.000000
vt 0.070711 1.450013 0.000000
vt -0.000000 2.148705 0.000000
vt 0.070711 2.149612 0.000000
vt -0.000000 2.848531 0.000000
vt 0.070711 2.849211 0.000000
vt -0.000000 3.548357 0.000000
vt 0.070711 3.548810 0.000000
vt -0.000000 4.248182 0.000000
vt 0.070711 4.248409 0.000000
vt 0.000000 4.948008 0.000000
vt 0.070711 4.948008 0.000000
vt 0.000000 -4.948008 0.000000
vt 0.070711 -4.948008 0.000000
vt 0.070711 -4.248409 0.000000
vt -0.000000 -4.248182 0.000000
vt 0.070711 -3.548810 0.000000
vt -0.000000 -3.548357 0.000000
vt 0.070711 -2.849211 0.000000
vt -0.000000 -2.848531 0.000000
vt 0.070711 -2.149612 0.000000
vt -0.000000 -2.148705 0.000000
vt 0.070711 -1.450013 0.000000
vt -0.000000 -1.448879 0.000000
vt 0.070711 -0.750414 0.000000
vt -0.000000 -0.749053 0.000000
vt 0.070711 -0.050815 0.000000
vt -0.000000 -0.049227 0.000000
vn -0.091355 -0.040674 0.000000
vn -0.100000 0.000000 -0.000000
vn -0.100000 0.000000 -0.000000
vn -0.091355 0.040674 -0.000000
vn -0.090290 0.042986 -0.000000
vn -0.066913 0.074314 -0.000000
vn -0.063045 0.077623 -0.000000
vn -0.030902 0.095106 -0.000000
vn -0.023556 0.097186 -0.000000
vn 0.010453 0.099452 0.000000
vn 0.020507 0.097875 0.000000
vn 0.050000 0.086603 0.000000
vn 0.060588 0.079555 0.000000
vn 0.080902 0.058779 0.000000
vn 0.088902 0.045786 0.000000
vn 0.097815 0.020791 0.000000
vn 0.099951 0.003125 0.000000
vn 0.099995 0.001042 0.000000
vn 0.097815 -0.020791 0.000000
vn 0.099995 -0.001042 0.000000
vn 0.099951 -0.003125 0.000000
vn 0.088902 -0.045786 0.000000
vn 0.080902 -0.058779 0.000000
vn 0.060588 -0.079555 0.000000
vn 0.050000 -0.086603 0.000000
vn 0.020507 -0.097875 0.000000
vn 0.010453 -0.099452 0.000000
vn -0.023556 -0.097186 0.000000
vn -0.030902 -0.095106 0.000000
vn -0.063045 -0.077623 0.000000
vn -0.066913 -0.074314 0.000000
vn -0.090290 -0.042986 0.000000
vn 0.000000 0.000000 -0.100000
vn 0.000000 0.000000 -0.100000
vn 0.000000 0.000000 -0.100000
vn 0.000000 0.000000 -0.100000
vn 0.000000 0.000000 -0.100000
vn 0.000000 0.000000 -0.100000
vn 0.000000 0.000000 -0.100000
vn 0.000000 0.000000 -0.100000
vn 0.000000 0.000000 -0.100000
vn 0.000000 0.000000 -0.100000
vn 0.000000 0.000000 -0.100000
vn 0.000000 0.000000 -0.100000
vn 0.000000 0.000000 -0.100000
vn 0.000000 0.000000 -0.100000
vn 0.000000 0.000000 -0.100000
vn 0.000000 0.000000 -0.100000
vn 0.000000 0.000000 -0.100000
vn 0.000000 0.000000 -0.100000
vn 0.000000 0.000000 -0.100000
vn 0.000000 0.000000 -0.100000
vn 0.000000 0.000000 -0.100000
vn 0.000000 0.000000 -0.100000
vn 0.000000 0.000000 -0.100000
vn 0.000000 0.000000 -0.100000
vn 0.000000 0.000000 -0.100000
vn 0.000000 0.000000 -0.100000
vn 0.000000 0.000000 -0.100000
vn 0.000000 0.000000 -0.100000
vn 0.000000 0.000000 -0.100000
vn 0.000000 0.000000 -0.100000
vn 0.000000 0.000000 -0.100000
vn 0.000000 0.000000 -0.100000
vn 0.000000 0.000000 -0.100000
vn 0.000000 0.000000 -0.100000
vn 0.000000 0.000000 -0.100000
vn 0.000000 0.000000 -0.100000
vn 0.000000 0.000000 -0.100000
vn 0.000000 0.000000 -0.100000
vn 0.000000 0.000000 -0.100000
vn 0.000000 0.000000 -0.100000
vn 0.000000 0.000000 -0.100000
vn 0.000000 0.000000 -0.100000
vn 0.000000 0.000000 -0.100000
vn 0.000000 0.000000 -0.100000
vn 0.000000 0.000000 -0.100000
vn 0.000000 0.000000 -0.100000
vn 0.000000 0.000000 -0.100000
vn 0.000000 0.000000 -0.100000
vn 0.000000 0.000000 -0.100000
vn 0.000000 0.000000 -0.100000
vn 0.000000 0.000000 -0.100000
vn 0.000000 0.000000 -0.100000
vn 0.000000 0.000000 -0.100000
vn 0.000000 0.000000 -0.100000
vn 0.000000 0.000000 -0.100000
vn 0.000000 0.000000 -0.100000
vn 0.000000 0.000000 -0.100000
vn 0.000000 0.000000 -0.100000
vn 0.000000 0.000000 -0.100000
vn 0.000000 0.000000 -0.100000
vn 0.000000 0.000000 -0.100000
vn 0.000000 0.000000 -0.100000
vn 0.000000 0.000000 -0.100000
vn 0.000000 0.000000 -0.100000
vn 0.000000 0.000000 -0.100000
vn 0.000000 0.000000 -0.100000
vn 0.000000 0.000000 -0.100000
vn 0.000000 0.000000 -0.100000
vn 0.000000 0.000000 -0.100000
vn 0.000000 0.000000 -0.100000
vn 0.000000 0.000000 -0.100000
vn 0.000000 0.000000 -0.100000
vn 0.000000 0.000000 -0.100000
vn 0.000000 0.000000 -0.100000
vn 0.000000 0.000000 -0.100000
vn 0.000000 0.000000 -0.100000
vn 0.000000 0.000000 -0.100000
vn 0.000000 0.000000 -0.100000
vn 0.000000 0.000000 -0.100000
vn 0.000000 0.000000 -0.100000
vn 0.000000 0.000000 -0.100000
vn 0.000000 0.000000 -0.100000
vn 0.000000 0.000000 -0.100000
vn 0.000000 0.000000 -0.100000
vn 0.000000 0.000000 -0.100000
vn 0.000000 0.000000 -0.100000
vn 0.000000 0.000000 -0.100000
vn 0.000000 0.000000 -0.100000
vn 0.000000 0.000000 -0.100000
vn 0.000000 0.000000 -0.100000
vn 0.000000 0.000000 -0.100000
vn 0.000000 0.000000 -0.100000
vn 0.000000 0.000000 -0.100000
vn 0.000000 0.000000 -0.100000
vn 0.000000 0.000000 -0.100000
vn 0.000000 0.000000 -0.100000
vn 0.000000 0.000000 -0.100000
vn 0.000000 0.000000 -0.100000
vn 0.000000 0.000000 -0.100000
vn 0.000000 0.000000 -0.100000
vn -0.098333 0.018182 0.000000
vn -0.086603 0.050000 0.000000
vn -0.098333 0.018182 0.000000
vn -0.100000 0.000000 0.000000
vn -0.099814 0.006091 0.000000
vn -0.099814 -0.006091 0.000000
vn -0.098333 -0.018182 0.000000
vn -0.086603 -0.050000 0.000000
vn -0.098333 -0.018182 0.000000
vn -0.078011 -0.062565 0.000000
vn -0.050000 -0.086603 0.000000
vn -0.039099 -0.092039 0.000000
vn 0.000000 -0.100000 0.000000
vn 0.009129 -0.099582 0.000000
vn 0.050000 -0.086603 0.000000
vn 0.055182 -0.083396 0.000000
vn 0.086603 -0.050000 0.000000
vn 0.088086 -0.047338 0.000000
vn 0.100000 -0.000000 0.000000
vn 0.100000 -0.000000 0.000000
vn 0.088086 0.047338 0.000000
vn 0.086603 0.050000 0.000000
vn 0.055182 0.083396 0.000000
vn 0.050000 0.086603 0.000000
vn 0.009129 0.099582 0.000000
vn 0.000000 0.100000 0.000000
vn -0.039099 0.092039 0.000000
vn -0.050000 0.086603 0.000000
vn -0.078011 0.062565 0.000000
vn 0.000000 0.000000 -0.100000
vn 0.000000 0.000000 -0.100000
vn 0.000000 0.000000 -0.100000
vn 0.000000 0.000000 -0.100000
vn 0.000000 0.000000 -0.100000
vn 0.000000 0.000000 -0.100000
vn 0.000000 0.000000 -0.100000
vn 0.000000 0.000000 -0.100000
vn 0.000000 0.000000 -0.100000
vn 0.000000 0.000000 -0.100000
vn 0.000000 0.000000 -0.100000
vn 0.000000 0.000000 -0.100000
vn 0.000000 0.000000 -0.100000
vn 0.000000 0.000000 -0.100000
vn 0.000000 0.000000 -0.100000
vn 0.000000 0.000000 -0.100000
vn 0.000000 0.000000 -0.100000
vn 0.000000 0.000000 -0.100000
vn 0.000000 0.000000 -0.100000
vn 0.000000 0.000000 -0.100000
vn 0.000000 0.000000 -0.100000
vn 0.000000 0.000000 -0.100000
vn 0.000000 0.000000 -0.100000
vn 0.000000 0.000000 -0.100000
vn 0.086603 0.050000 0.000000
vn 0.086603 0.050000 0.000000
vn 0.100000 -0.000000 0.000000
vn 0.100000 -0.000000 0.000000
vn 0.086603 -0.050000 0.000000
vn 0.086603 -0.050000 0.000000
vn 0.050000 -0.086603 0.000000
vn 0.050000 -0.086603 0.000000
vn 0.000000 -0.100000 0.000000
vn 0.000000 -0.100000 0.000000
vn -0.050000 -0.086603 0.000000
vn -0.050000 -0.086603 0.000000
vn -0.086603 -0.050000 0.000000
vn -0.086603 -0.050000 0.000000
vn -0.100000 -0.000000 0.000000
vn -0.100000 -0.000000 0.000000
vn -0.086603 0.050000 0.000000
vn -0.086603 0.050000 0.000000
vn -0.050000 0.086603 0.000000
vn -0.050000 0.086603 0.000000
vn 0.000000 0.100000 0.000000
vn 0.000000 0.100000 0.000000
vn 0.050000 0.086603 0.000000
vn 0.050000 0.086603 0.000000
vn -0.000000 0.100000 -0.000000
vn -0.000000 0.100000 -0.000000
vn -0.000000 0.100000 -0.000000
vn -0.000000 0.100000 -0.000000
vn 0.000000 -0.100000 0.000000
vn 0.000000 -0.100000 0.000000
vn 0.000000 -0.100000 0.000000
vn 0.000000 -0.100000 0.000000
vn 0.000000 0.000000 -0.100000
vn 0.000000 0.000000 -0.100000
vn 0.000000 0.000000 -0.100000
vn 0.000000 0.000000 -0.100000
vn 0.000000 0.000000 -0.100000
vn 0.000000 0.000000 -0.100000
vn 0.000000 0.000000 -0.100000
vn 0.000000 0.000000 -0.100000
vn -0.086603 0.050000 0.000000
vn -0.086603 0.050000 0.000000
vn -0.100000 0.000000 0.000000
vn -0.100000 0.000000 0.000000
vn -0.086603 -0.050000 0.000000
vn -0.086603 -0.050000 0.000000
vn -0.050000 -0.086603 0.000000
vn -0.050000 -0.086603 0.000000
vn -0.000000 -0.100000 0.000000
vn -0.000000 -0.100000 0.000000
vn 0.050000 -0.086603 0.000000
vn 0.050000 -0.086603 0.000000
vn 0.086603 -0.050000 0.000000
vn 0.086603 -0.050000 0.000000
vn 0.100000 -0.000000 0.000000
vn 0.100000 -0.000000 0.000000
vn 0.086603 0.050000 0.000000
vn 0.086603 0.050000 0.000000
vn 0.050000 0.086603 0.000000
vn 0.050000 0.086603 0.000000
vn -0.000000 0.100000 0.000000
vn -0.000000 0.100000 0.000000
vn -0.050000 0.086603 0.000000
vn -0.050000 0.086603 0.000000
vn 0.086603 0.050000 0.000000
vn 0.086603 0.050000 0.000000
vn 0.100000 0.000000 0.000000
vn 0.100000 0.000000 0.000000
vn 0.086603 -0.050000 0.000000
vn 0.086603 -0.050000 0.000000
vn 0.050000 -0.086603 0.000000
vn 0.050000 -0.086603 0.000000
vn 0.000000 -0.100000 0.000000
vn 0.000000 -0.100000 0.000000
vn -0.050000 -0.086603 0.000000
vn -0.050000 -0.086603 0.000000
vn -0.086603 -0.050000 0.000000
vn -0.086603 -0.050000 0.000000
vn -0.100000 -0.000000 0.000000
vn -0.100000 -0.000000 0.000000
vn -0.086603 0.050000 -0.000000
vn -0.086603 0.050000 -0.000000
vn -0.050000 0.086603 -0.000000
vn -0.050000 0.086603 -0.000000
vn 0.000000 0.100000 0.000000
vn 0.000000 0.100000 0.000000
vn 0.050000 0.086603 0.000000
vn 0.050000 0.086603 0.000000
vn 0.000000 0.000000 -0.100000
vn 0.000000 0.000000 -0.100000
vn 0.000000 0.000000 -0.100000
vn 0.000000 0.000000 -0.100000
vn 0.000000 0.000000 -0.100000
vn 0.000000 0.000000 -0.100000
vn 0.000000 0.000000 -0.100000
vn 0.000000 0.000000 -0.100000
vn 0.000000 0.000000 -0.100000
vn 0.000000 0.000000 -0.100000
vn 0.000000 0.000000 -0.100000
vn 0.000000 0.000000 -0.100000
vn 0.000000 0.000000 -0.100000
vn 0.000000 0.000000 -0.100000
vn 0.000000 0.000000 -0.100000
vn 0.000000 0.000000 -0.100000
vn 0.000000 0.000000 -0.100000
vn 0.000000 0.000000 -0.100000
vn 0.000000 0.000000 -0.100000
vn 0.000000 0.000000 -0.100000
vn 0.000000 0.000000 -0.100000
vn 0.000000 0.000000 -0.100000
vn 0.000000 0.000000 -0.100000
vn 0.000000 0.000000 -0.100000
vn 0.000000 0.000000 -0.100000
vn 0.000000 0.000000 -0.100000
vn 0.000000 0.000000 -0.100000
vn 0.000000 0.000000 -0.100000
vn 0.000000 0.000000 -0.100000
vn 0.000000 0.000000 -0.100000
vn 0.000000 0.000000 -0.100000
vn 0.000000 0.000000 -0.100000
vn 0.000000 0.000000 -0.100000
vn 0.000000 0.000000 -0.100000
vn 0.000000 0.000000 -0.100000
vn 0.000000 0.000000 -0.100000
vn -0.086603 -0.050000 0.000000
vn -0.086603 -0.050000 0.000000
vn -0.100000 -0.000000 0.000000
vn -0.100000 -0.000000 0.000000
vn -0.086603 0.050000 0.000000
vn -0.086603 0.050000 0.000000
vn -0.050000 0.086603 0.000000
vn -0.050000 0.086603 0.000000
vn 0.000000 0.100000 0.000000
vn 0.000000 0.100000 0.000000
vn 0.050000 0.086603 0.000000
vn 0.050000 0.086603 0.000000
vn 0.086603 0.050000 0.000000
vn 0.086603 0.050000 0.000000
vn 0.100000 -0.000000 0.000000
vn 0.100000 -0.000000 0.000000
vn 0.086603 -0.050000 0.000000
vn 0.086603 -0.050000 0.000000
vn 0.050000 -0.086603 0.000000
vn 0.050000 -0.086603 0.000000
vn 0.000000 -0.100000 0.000000
vn 0.000000 -0.100000 0.000000
vn -0.050000 -0.086603 0.000000
vn -0.050000 -0.086603 0.000000
vn 0.000000 0.000000 -0.100000
vn 0.000000 0.000000 -0.100000
vn 0.000000 0.000000 -0.100000
vn 0.000000 0.000000 -0.100000
vn 0.000000 0.000000 -0.100000
vn 0.000000 0.000000 -0.100000
vn 0.000000 0.000000 -0.100000
vn 0.000000 0.000000 -0.100000
vn 0.000000 0.000000 -0.100000
vn 0.000000 0.000000 -0.100000
vn 0.000000 0.000000 -0.100000
vn 0.000000 0.000000 -0.100000
vn 0.000000 0.000000 -0.100000
vn 0.000000 0.000000 -0.100000
vn 0.000000 0.000000 -0.100000
vn 0.000000 0.000000 -0.100000
vn 0.000000 0.000000 -0.100000
vn 0.000000 0.000000 -0.100000
vn 0.000000 0.000000 -0.100000
vn 0.000000 0.000000 -0.100000
vn 0.000000 0.000000 -0.100000
vn 0.000000 0.000000 -0.100000
vn 0.000000 0.000000 -0.100000
vn 0.000000 0.000000 -0.100000
vn -0.086603 0.050000 0.000000
vn -0.086603 0.050000 0.000000
vn -0.100000 0.000000 0.000000
vn -0.100000 0.000000 0.000000
vn -0.086603 -0.050000 0.000000
vn -0.086603 -0.050000 0.000000
vn -0.050000 -0.086603 0.000000
vn -0.050000 -0.086603 0.000000
vn -0.000000 -0.100000 0.000000
vn -0.000000 -0.100000 0.000000
vn 0.050000 -0.086603 0.000000
vn 0.050000 -0.086603 0.000000
vn 0.086603 -0.050000 0.000000
vn 0.086603 -0.050000 0.000000
vn 0.100000 -0.000000 0.000000
vn 0.100000 -0.000000 0.000000
vn 0.086603 0.050000 0.000000
vn 0.086603 0.050000 0.000000
vn 0.050000 0.086603 0.000000
vn 0.050000 0.086603 0.000000
vn -0.000000 0.100000 0.000000
vn -0.000000 0.100000 0.000000
vn -0.050000 0.086603 0.000000
vn -0.050000 0.086603 0.000000
vn 0.086603 0.050000 0.000000
vn 0.086603 0.050000 0.000000
vn 0.100000 0.000000 0.000000
vn 0.100000 0.000000 0.000000
vn 0.086603 -0.050000 0.000000
vn 0.086603 -0.050000 0.000000
vn 0.050000 -0.086603 0.000000
vn 0.050000 -0.086603 0.000000
vn 0.000000 -0.100000 0.000000
vn 0.000000 -0.100000 0.000000
vn -0.050000 -0.086603 0.000000
vn -0.050000 -0.086603 0.000000
vn -0.086603 -0.050000 0.000000
vn -0.086603 -0.050000 0.000000
vn -0.100000 -0.000000 0.000000
vn -0.100000 -0.000000 0.000000
vn -0.086603 0.050000 -0.000000
vn -0.086603 0.050000 -0.000000
vn -0.050000 0.086603 -0.000000
vn -0.050000 0.086603 -0.000000
vn 0.000000 0.100000 0.000000
vn 0.000000 0.100000 0.000000
vn 0.050000 0.086603 0.000000
vn 0.050000 0.086603 0.000000
vn 0.000000 0.000000 -0.100000
vn 0.000000 0.000000 -0.100000
vn 0.000000 0.000000 -0.100000
vn 0.000000 0.000000 -0.100000
vn 0.000000 0.000000 -0.100000
vn 0.000000 0.000000 -0.100000
vn 0.000000 0.000000 -0.100000
vn 0.000000 0.000000 -0.100000
vn 0.000000 0.000000 -0.100000
vn 0.000000 0.000000 -0.100000
vn 0.000000 0.000000 -0.100000
vn 0.000000 0.000000 -0.100000
vn 0.000000 0.000000 -0.100000
vn 0.000000 0.000000 -0.100000
vn 0.000000 0.000000 -0.100000
vn 0.000000 0.000000 -0.100000
vn 0.000000 0.000000 -0.100000
vn 0.000000 0.000000 -0.100000
vn 0.000000 0.000000 -0.100000
vn 0.000000 0.000000 -0.100000
vn 0.000000 0.000000 -0.100000
vn 0.000000 0.000000 -0.100000
vn 0.000000 0.000000 -0.100000
vn 0.000000 0.000000 -0.100000
vn 0.000000 0.000000 -0.100000
vn 0.000000 0.000000 -0.100000
vn 0.000000 0.000000 -0.100000
vn 0.000000 0.000000 -0.100000
vn 0.000000 0.000000 -0.100000
vn 0.000000 0.000000 -0.100000
vn 0.000000 0.000000 -0.100000
vn 0.000000 0.000000 -0.100000
vn 0.000000 0.000000 -0.100000
vn 0.000000 0.000000 -0.100000
vn 0.000000 0.000000 -0.100000
vn 0.000000 0.000000 -0.100000
vn -0.086603 -0.050000 0.000000
vn -0.086603 -0.050000 0.000000
vn -0.100000 -0.000000 0.000000
vn -0.100000 -0.000000 0.000000
vn -0.086603 0.050000 0.000000
vn -0.086603 0.050000 0.000000
vn -0.050000 0.086603 0.000000
vn -0.050000 0.086603 0.000000
vn 0.000000 0.100000 0.000000
vn 0.000000 0.100000 0.000000
vn 0.050000 0.086603 0.000000
vn 0.050000 0.086603 0.000000
vn 0.086603 0.050000 0.000000
vn 0.086603 0.050000 0.000000
vn 0.100000 -0.000000 0.000000
vn 0.100000 -0.000000 0.000000
vn 0.086603 -0.050000 0.000000
vn 0.086603 -0.050000 0.000000
vn 0.050000 -0.086603 0.000000
vn 0.050000 -0.086603 0.000000
vn 0.000000 -0.100000 0.000000
vn 0.000000 -0.100000 0.000000
vn -0.050000 -0.086603 0.000000
vn -0.050000 -0.086603 0.000000
vn 0.000000 0.000000 -0.100000
vn 0.000000 0.000000 -0.100000
vn 0.000000 0.000000 -0.100000
vn 0.000000 0.000000 -0.100000
vn 0.000000 0.000000 -0.100000
vn 0.000000 0.000000 -0.100000
vn 0.000000 0.000000 -0.100000
vn 0.000000 0.000000 -0.100000
vn 0.000000 0.000000 -0.100000
vn 0.000000 0.000000 -0.100000
vn 0.000000 0.000000 -0.100000
vn 0.000000 0.000000 -0.100000
vn 0.000000 0.000000 -0.100000
vn 0.000000 0.000000 -0.100000
vn 0.000000 0.000000 -0.100000
vn 0.000000 0.000000 -0.100000
vn 0.000000 0.000000 -0.100000
vn 0.000000 0.000000 -0.100000
vn 0.000000 0.000000 -0.100000
vn 0.000000 0.000000 -0.100000
vn 0.000000 0.000000 -0.100000
vn 0.000000 0.000000 -0.100000
vn 0.000000 0.000000 -0.100000
vn 0.000000 0.000000 -0.100000
vn 0.086603 0.050000 0.000000
vn 0.086603 0.050000 0.000000
vn 0.100000 0.000000 0.000000
vn 0.100000 0.000000 0.000000
vn 0.086603 -0.050000 0.000000
vn 0.086603 -0.050000 0.000000
vn 0.050000 -0.086603 0.000000
vn 0.050000 -0.086603 0.000000
vn -0.000000 -0.100000 0.000000
vn -0.000000 -0.100000 0.000000
vn -0.050000 -0.086603 0.000000
vn -0.050000 -0.086603 0.000000
vn -0.086603 -0.050000 0.000000
vn -0.086603 -0.050000 0.000000
vn -0.100000 0.000000 0.000000
vn -0.100000 0.000000 0.000000
vn -0.086603 0.050000 0.000000
vn -0.086603 0.050000 0.000000
vn -0.050000 0.086603 0.000000
vn -0.050000 0.086603 0.000000
vn -0.000000 0.100000 0.000000
vn -0.000000 0.100000 0.000000
vn 0.050000 0.086603 0.000000
vn 0.050000 0.086603 0.000000
vn 0.000000 0.000000 -0.100000
vn 0.000000 0.000000 -0.100000
vn 0.000000 0.000000 -0.100000
vn 0.000000 0.000000 -0.100000
vn 0.000000 0.000000 -0.100000
vn 0.000000 0.000000 -0.100000
vn 0.000000 0.000000 -0.100000
vn 0.000000 0.000000 -0.100000
vn 0.000000 0.000000 -0.100000
vn 0.000000 0.000000 -0.100000
vn 0.000000 0.000000 -0.100000
vn 0.000000 0.000000 -0.100000
vn 0.000000 0.000000 -0.100000
vn 0.000000 0.000000 -0.100000
vn 0.000000 0.000000 -0.100000
vn 0.000000 0.000000 -0.100000
vn 0.000000 0.000000 -0.100000
vn 0.000000 0.000000 -0.100000
vn 0.000000 0.000000 -0.100000
vn 0.000000 0.000000 -0.100000
vn 0.000000 0.000000 -0.100000
vn 0.000000 0.000000 -0.100000
vn 0.000000 0.000000 -0.100000
vn 0.000000 0.000000 -0.100000
vn -0.086603 -0.050000 0.000000
vn -0.086603 -0.050000 0.000000
vn -0.100000 0.000000 0.000000
vn -0.100000 0.000000 0.000000
vn -0.086603 0.050000 0.000000
vn -0.086603 0.050000 0.000000
vn -0.050000 0.086603 0.000000
vn -0.050000 0.086603 0.000000
vn -0.000000 0.100000 0.000000
vn -0.000000 0.100000 0.000000
vn 0.050000 0.086603 0.000000
vn 0.050000 0.086603 0.000000
vn 0.086603 0.050000 0.000000
vn 0.086603 0.050000 0.000000
vn 0.100000 0.000000 0.000000
vn 0.100000 0.000000 0.000000
vn 0.086603 -0.050000 0.000000
vn 0.086603 -0.050000 0.000000
vn 0.050000 -0.086603 0.000000
vn 0.050000 -0.086603 0.000000
vn -0.000000 -0.100000 0.000000
vn -0.000000 -0.100000 0.000000
vn -0.050000 -0.086603 0.000000
vn -0.050000 -0.086603 0.000000
vn 0.086603 0.050000 0.000000
vn 0.086603 0.050000 0.000000
vn 0.100000 0.000000 0.000000
vn 0.100000 0.000000 0.000000
vn 0.086603 -0.050000 0.000000
vn 0.086603 -0.050000 0.000000
vn 0.050000 -0.086603 0.000000
vn 0.050000 -0.086603 0.000000
vn -0.000000 -0.100000 0.000000
vn -0.000000 -0.100000 0.000000
vn -0.050000 -0.086603 0.000000
vn -0.050000 -0.086603 0.000000
vn -0.086603 -0.050000 0.000000
vn -0.086603 -0.050000 0.000000
vn -0.100000 0.000000 0.000000
vn -0.100000 0.000000 0.000000
vn -0.086603 0.050000 0.000000
vn -0.086603 0.050000 0.000000
vn -0.050000 0.086603 0.000000
vn -0.050000 0.086603 0.000000
vn -0.000000 0.100000 0.000000
vn -0.000000 0.100000 0.000000
vn 0.050000 0.086603 0.000000
vn 0.050000 0.086603 0.000000
vn 0.000000 0.000000 -0.100000
vn 0.000000 0.000000 -0.100000
vn 0.000000 0.000000 -0.100000
vn 0.000000 0.000000 -0.100000
vn 0.000000 0.000000 -0.100000
vn 0.000000 0.000000 -0.100000
vn 0.000000 0.000000 -0.100000
vn 0.000000 0.000000 -0.100000
vn 0.000000 0.000000 -0.100000
vn 0.000000 0.000000 -0.100000
vn 0.000000 0.000000 -0.100000
vn 0.000000 0.000000 -0.100000
vn 0.000000 0.000000 -0.100000
vn 0.000000 0.000000 -0.100000
vn 0.000000 0.000000 -0.100000
vn 0.000000 0.000000 -0.100000
vn 0.000000 0.000000 -0.100000
vn 0.000000 0.000000 -0.100000
vn 0.000000 0.000000 -0.100000
vn 0.000000 0.000000 -0.100000
vn 0.000000 0.000000 -0.100000
vn 0.000000 0.000000 -0.100000
vn 0.000000 0.000000 -0.100000
vn 0.000000 0.000000 -0.100000
vn -0.086603 -0.050000 0.000000
vn -0.086603 -0.050000 0.000000
vn -0.100000 0.000000 0.000000
vn -0.100000 0.000000 0.000000
vn -0.086603 0.050000 0.000000
vn -0.086603 0.050000 0.000000
vn -0.050000 0.086603 0.000000
vn -0.050000 0.086603 0.000000
vn -0.000000 0.100000 0.000000
vn -0.000000 0.100000 0.000000
vn 0.050000 0.086603 0.000000
vn 0.050000 0.086603 0.000000
vn 0.086603 0.050000 0.000000
vn 0.086603 0.050000 0.000000
vn 0.100000 0.000000 0.000000
vn 0.100000 0.000000 0.000000
vn 0.086603 -0.050000 0.000000
vn 0.086603 -0.050000 0.000000
vn 0.050000 -0.086603 0.000000
vn 0.050000 -0.086603 0.000000
vn -0.000000 -0.100000 0.000000
vn -0.000000 -0.100000 0.000000
vn -0.050000 -0.086603 0.000000
vn -0.050000 -0.086603 0.000000
vn 0.086603 0.050000 0.000000
vn 0.086603 0.050000 0.000000
vn 0.100000 0.000000 0.000000
vn 0.100000 0.000000 0.000000
vn 0.086603 -0.050000 0.000000
vn 0.086603 -0.050000 0.000000
vn 0.050000 -0.086603 0.000000
vn 0.050000 -0.086603 0.000000
vn -0.000000 -0.100000 0.000000
vn -0.000000 -0.100000 0.000000
vn -0.050000 -0.086603 0.000000
vn -0.050000 -0.086603 0.000000
vn -0.086603 -0.050000 0.000000
vn -0.086603 -0.050000 0.000000
vn -0.100000 0.000000 0.000000
vn -0.100000 0.000000 0.000000
vn -0.086603 0.050000 0.000000
vn -0.086603 0.050000 0.000000
vn -0.050000 0.086603 0.000000
vn -0.050000 0.086603 0.000000
vn -0.000000 0.100000 0.000000
vn -0.000000 0.100000 0.000000
vn 0.050000 0.086603 0.000000
vn 0.050000 0.086603 0.000000
vn 0.000000 0.000000 -0.100000
vn 0.000000 0.000000 -0.100000
vn 0.000000 0.000000 -0.100000
vn 0.000000 0.000000 -0.100000
vn 0.000000 0.000000 -0.100000
vn 0.000000 0.000000 -0.100000
vn 0.000000 0.000000 -0.100000
vn 0.000000 0.000000 -0.100000
vn 0.000000 0.000000 -0.100000
vn 0.000000 0.000000 -0.100000
vn 0.000000 0.000000 -0.100000
vn 0.000000 0.000000 -0.100000
vn 0.000000 0.000000 -0.100000
vn 0.000000 0.000000 -0.100000
vn 0.000000 0.000000 -0.100000
vn 0.000000 0.000000 -0.100000
vn 0.000000 0.000000 -0.100000
vn 0.000000 0.000000 -0.100000
vn 0.000000 0.000000 -0.100000
vn 0.000000 0.000000 -0.100000
vn 0.000000 0.000000 -0.100000
vn 0.000000 0.000000 -0.100000
vn 0.000000 0.000000 -0.100000
vn 0.000000 0.000000 -0.100000
vn -0.086603 -0.050000 0.000000
vn -0.086603 -0.050000 0.000000
vn -0.100000 0.000000 0.000000
vn -0.100000 0.000000 0.000000
vn -0.086603 0.050000 0.000000
vn -0.086603 0.050000 0.000000
vn -0.050000 0.086603 0.000000
vn -0.050000 0.086603 0.000000
vn -0.000000 0.100000 0.000000
vn -0.000000 0.100000 0.000000
vn 0.050000 0.086603 0.000000
vn 0.050000 0.086603 0.000000
vn 0.086603 0.050000 0.000000
vn 0.086603 0.050000 0.000000
vn 0.100000 0.000000 0.000000
vn 0.100000 0.000000 0.000000
vn 0.086603 -0.050000 0.000000
vn 0.086603 -0.050000 0.000000
vn 0.050000 -0.086603 0.000000
vn 0.050000 -0.086603 0.000000
vn -0.000000 -0.100000 0.000000
vn -0.000000 -0.100000 0.000000
vn -0.050000 -0.086603 0.000000
vn -0.050000 -0.086603 0.000000
vn 0.086603 0.050000 0.000000
vn 0.086603 0.050000 0.000000
vn 0.100000 0.000000 0.000000
vn 0.100000 0.000000 0.000000
vn 0.086603 -0.050000 0.000000
vn 0.086603 -0.050000 0.000000
vn 0.050000 -0.086603 0.000000
vn 0.050000 -0.086603 0.000000
vn -0.000000 -0.100000 0.000000
vn -0.000000 -0.100000 0.000000
vn -0.050000 -0.086603 0.000000
vn -0.050000 -0.086603 0.000000
vn -0.086603 -0.050000 0.000000
vn -0.086603 -0.050000 0.000000
vn -0.100000 0.000000 0.000000
vn -0.100000 0.000000 0.000000
vn -0.086603 0.050000 0.000000
vn -0.086603 0.050000 0.000000
vn -0.050000 0.086603 0.000000
vn -0.050000 0.086603 0.000000
vn -0.000000 0.100000 0.000000
vn -0.000000 0.100000 0.000000
vn 0.050000 0.086603 0.000000
vn 0.050000 0.086603 0.000000
vn 0.000000 0.000000 -0.100000
vn 0.000000 0.000000 -0.100000
vn 0.000000 0.000000 -0.100000
vn 0.000000 0.000000 -0.100000
vn 0.000000 0.000000 -0.100000
vn 0.000000 0.000000 -0.100000
vn 0.000000 0.000000 -0.100000
vn 0.000000 0.000000 -0.100000
vn 0.000000 0.000000 -0.100000
vn 0.000000 0.000000 -0.100000
vn 0.000000 0.000000 -0.100000
vn 0.000000 0.000000 -0.100000
vn 0.000000 0.000000 -0.100000
vn 0.000000 0.000000 -0.100000
vn 0.000000 0.000000 -0.100000
vn 0.000000 0.000000 -0.100000
vn 0.000000 0.000000 -0.100000
vn 0.000000 0.000000 -0.100000
vn 0.000000 0.000000 -0.100000
vn 0.000000 0.000000 -0.100000
vn 0.000000 0.000000 -0.100000
vn 0.000000 0.000000 -0.100000
vn 0.000000 0.000000 -0.100000
vn 0.000000 0.000000 -0.100000
vn -0.086603 -0.050000 0.000000
vn -0.086603 -0.050000 0.000000
vn -0.100000 0.000000 0.000000
vn -0.100000 0.000000 0.000000
vn -0.086603 0.050000 0.000000
vn -0.086603 0.050000 0.000000
vn -0.050000 0.086603 0.000000
vn -0.050000 0.086603 0.000000
vn -0.000000 0.100000 0.000000
vn -0.000000 0.100000 0.000000
vn 0.050000 0.086603 0.000000
vn 0.050000 0.086603 0.000000
vn 0.086603 0.050000 0.000000
vn 0.086603 0.050000 0.000000
vn 0.100000 0.000000 0.000000
vn 0.100000 0.000000 0.000000
vn 0.086603 -0.050000 0.000000
vn 0.086603 -0.050000 0.000000
vn 0.050000 -0.086603 0.000000
vn 0.050000 -0.086603 0.000000
vn -0.000000 -0.100000 0.000000
vn -0.000000 -0.100000 0.000000
vn -0.050000 -0.086603 0.000000
vn -0.050000 -0.086603 0.000000
vn 0.000000 0.000000 0.100000
vn 0.000000 0.000000 0.100000
vn 0.000000 0.000000 0.100000
vn 0.000000 0.000000 0.100000
vn 0.000000 0.000000 0.100000
vn 0.000000 0.000000 0.100000
vn 0.000000 0.000000 0.100000
vn 0.000000 0.000000 0.100000
vn 0.000000 0.000000 0.100000
vn 0.000000 0.000000 0.100000
vn 0.000000 0.000000 0.100000
vn 0.000000 0.000000 0.100000
vn 0.000000 0.000000 0.100000
vn 0.000000 0.000000 0.100000
vn 0.000000 0.000000 0.100000
vn 0.000000 0.000000 0.100000
vn 0.000000 0.000000 0.100000
vn 0.000000 0.000000 0.100000
vn 0.000000 0.000000 0.100000
vn 0.000000 0.000000 0.100000
vn 0.000000 0.000000 0.100000
vn 0.000000 0.000000 0.100000
vn 0.000000 0.000000 0.100000
vn 0.000000 0.000000 0.100000
vn 0.000000 0.000000 0.100000
vn 0.000000 0.000000 0.100000
vn 0.000000 0.000000 0.100000
vn 0.000000 0.000000 0.100000
vn 0.000000 0.000000 0.100000
vn 0.000000 0.000000 0.100000
vn 0.000000 0.000000 0.100000
vn 0.000000 0.000000 0.100000
vn 0.000000 0.000000 0.100000
vn 0.000000 0.000000 0.100000
vn 0.000000 0.000000 0.100000
vn 0.000000 0.000000 0.100000
vn 0.000000 0.000000 0.100000
vn 0.000000 0.000000 0.100000
vn 0.000000 0.000000 0.100000
vn 0.000000 0.000000 0.100000
vn 0.000000 0.000000 0.100000
vn 0.000000 0.000000 0.100000
vn 0.000000 0.000000 0.100000
vn 0.000000 0.000000 0.100000
vn 0.000000 0.000000 0.100000
vn 0.000000 0.000000 0.100000
vn 0.000000 0.000000 0.100000
vn 0.000000 0.000000 0.100000
vn 0.000000 0.000000 0.100000
vn 0.000000 0.000000 0.100000
vn 0.000000 0.000000 0.100000
vn 0.000000 0.000000 0.100000
vn 0.000000 0.000000 0.100000
vn 0.000000 0.000000 0.100000
vn 0.000000 0.000000 0.100000
vn 0.000000 0.000000 0.100000
vn 0.000000 0.000000 0.100000
vn 0.000000 0.000000 0.100000
vn 0.000000 0.000000 0.100000
vn 0.000000 0.000000 0.100000
vn 0.000000 0.000000 0.100000
vn 0.000000 0.000000 0.100000
vn 0.000000 0.000000 0.100000
vn 0.000000 0.000000 0.100000
vn 0.000000 0.000000 0.100000
vn 0.000000 0.000000 0.100000
vn 0.000000 0.000000 0.100000
vn 0.000000 0.000000 0.100000
vn 0.000000 0.000000 0.100000
vn 0.000000 0.000000 0.100000
vn 0.000000 0.000000 0.100000
vn 0.000000 0.000000 0.100000
vn 0.000000 0.000000 0.100000
vn 0.000000 0.000000 0.100000
vn -0.064597 0.028761 0.070711
vn -0.070711 0.000000 0.070711
vn -0.070711 0.000000 0.070711
vn -0.064597 -0.028761 0.070711
vn -0.063708 -0.030680 0.070711
vn -0.047315 -0.052548 0.070711
vn -0.044087 -0.055284 0.070711
vn -0.021851 -0.067250 0.070711
vn -0.015735 -0.068938 0.070711
vn 0.007391 -0.070323 0.070711
vn 0.015735 -0.068938 0.070711
vn 0.035355 -0.061237 0.070711
vn 0.044087 -0.055284 0.070711
vn 0.057206 -0.041563 0.070711
vn 0.063708 -0.030680 0.070711
vn 0.069165 -0.014702 0.070711
vn 0.070711 -0.000000 0.070711
vn 0.069165 0.014702 0.070711
vn 0.063708 0.030680 0.070711
vn 0.057206 0.041563 0.070711
vn 0.044087 0.055284 0.070711
vn 0.035355 0.061237 0.070711
vn 0.015735 0.068938 0.070711
vn 0.007391 0.070323 0.070711
vn -0.015735 0.068938 0.070711
vn -0.021851 0.067250 0.070711
vn -0.044087 0.055284 0.070711
vn -0.047315 0.052548 0.070711
vn -0.063708 0.030680 0.070711
vn 0.070676 0.002210 -0.070711
vn 0.070674 0.002281 -0.070711
vn 0.062863 0.032376 -0.070711
vn 0.062835 0.032430 -0.070711
vn 0.042842 0.056254 -0.070711
vn 0.042802 0.056285 -0.070711
vn 0.014501 0.069208 -0.070711
vn 0.014461 0.069216 -0.070711
vn -0.016657 0.068721 -0.070711
vn -0.016686 0.068714 -0.070711
vn -0.044579 0.054888 -0.070711
vn -0.044595 0.054875 -0.070711
vn -0.063844 0.030395 -0.070711
vn -0.063849 0.030386 -0.070711
vn -0.070711 0.000000 -0.070711
vn -0.070711 0.000000 -0.070711
vn -0.063849 -0.030386 -0.070711
vn -0.063844 -0.030395 -0.070711
vn -0.044595 -0.054875 -0.070711
vn -0.044579 -0.054888 -0.070711
vn -0.016686 -0.068714 -0.070711
vn -0.016657 -0.068721 -0.070711
vn 0.014461 -0.069216 -0.070711
vn 0.014501 -0.069208 -0.070711
vn 0.042802 -0.056285 -0.070711
vn 0.042842 -0.056254 -0.070711
vn 0.062835 -0.032430 -0.070711
vn 0.062863 -0.032376 -0.070711
vn 0.070674 -0.002281 -0.070711
vn 0.070676 -0.002210 -0.070711
usemtl Opaque(230,230,230)
f 15/1/1 1/2/2 26/3/3
f 26/3/3 1/2/2 2/4/4
f 26/3/3 2/4/4 25/5/5
f 25/5/5 2/4/4 3/6/6
f 25/5/5 3/6/6 24/7/7
f 24/7/7 3/6/6 4/8/8
f 24/7/7 4/8/8 23/9/9
f 23/9/9 4/8/8 5/10/10
f 23/9/9 5/10/10 22/11/11
f 22/11/11 5/10/10 6/12/12
f 22/11/11 6/12/12 21/13/13
f 21/13/13 6/12/12 7/14/14
f 21/13/13 7/14/14 20/15/15
f 20/15/15 7/14/14 8/16/16
f 20/15/15 8/16/16 19/17/17
f 19/17/17 8/16/16 18/18/18
f 18/18/18 8/16/16 9/19/19
f 18/18/18 9/19/19 17/20/20
f 17/21/20 9/22/19 16/23/21
f 16/23/21 9/22/19 32/24/22
f 32/24/22 9/22/19 10/25/23
f 32/24/22 10/25/23 31/26/24
f 31/26/24 10/25/23 11/27/25
f 31/26/24 11/27/25 30/28/26
f 30/28/26 11/27/25 12/29/27
f 30/28/26 12/29/27 29/30/28
f 29/30/28 12/29/27 13/31/29
f 29/30/28 13/31/29 28/32/30
f 28/32/30 13/31/29 14/33/31
f 28/32/30 14/33/31 27/34/32
f 27/34/32 14/33/31 15/1/1
f 27/34/32 15/1/1 26/3/3
f 34/35/33 63/36/34 33/37/35
f 33/37/35 63/36/34 64/38/36
f 33/37/35 64/38/36 65/39/37
f 35/40/38 61/41/39 34/35/33
f 34/35/33 61/41/39 62/42/40
f 34/35/33 62/42/40 63/36/34
f 61/41/39 35/40/38 72/43/41
f 72/43/41 35/40/38 36/44/42
f 72/43/41 36/44/42 71/45/43
f 71/45/43 36/44/42 70/46/44
f 70/46/44 36/44/42 37/47/45
f 70/46/44 37/47/45 69/48/46
f 69/48/46 37/47/45 121/49/47
f 69/48/46 121/49/47 122/50/48
f 38/51/49 131/52/50 37/47/45
f 37/47/45 131/52/50 132/53/51
f 37/47/45 132/53/51 121/49/47
f 39/54/52 129/55/53 38/51/49
f 38/51/49 129/55/53 130/56/54
f 38/51/49 130/56/54 131/52/50
f 40/57/55 92/58/56 39/54/52
f 39/54/52 92/58/56 93/59/57
f 39/54/52 93/59/57 126/60/58
f 126/60/58 93/59/57 125/61/59
f 125/61/59 93/59/57 94/62/60
f 125/61/59 94/62/60 124/63/61
f 124/63/61 94/62/60 95/64/62
f 124/63/61 95/64/62 123/65/63
f 123/65/63 95/64/62 96/66/64
f 123/65/63 96/66/64 68/67/65
f 68/67/65 96/66/64 67/68/66
f 67/68/66 96/66/64 85/69/67
f 67/68/66 85/69/67 58/70/68
f 58/70/68 85/69/67 86/71/69
f 58/70/68 86/71/69 57/72/70
f 57/72/70 86/71/69 87/73/71
f 57/72/70 87/73/71 56/74/72
f 56/74/72 87/73/71 88/75/73
f 56/74/72 88/75/73 55/76/74
f 55/76/74 88/75/73 82/77/75
f 55/76/74 82/77/75 54/78/76
f 54/78/76 82/77/75 83/79/77
f 54/78/76 83/79/77 53/80/78
f 53/80/78 83/79/77 84/81/79
f 53/80/78 84/81/79 52/82/80
f 52/82/80 84/81/79 73/83/81
f 52/82/80 73/83/81 103/84/82
f 103/84/82 73/83/81 102/85/83
f 102/85/83 73/83/81 74/86/84
f 102/85/83 74/86/84 117/87/85
f 117/87/85 74/86/84 116/88/86
f 116/88/86 74/86/84 75/89/87
f 116/88/86 75/89/87 115/90/88
f 115/90/88 75/89/87 44/91/89
f 115/90/88 44/91/89 114/92/90
f 114/92/90 44/91/89 113/93/91
f 113/93/91 44/91/89 45/94/92
f 113/93/91 45/94/92 112/95/93
f 112/95/93 45/94/92 111/96/94
f 111/96/94 45/94/92 46/97/95
f 111/96/94 46/97/95 110/98/96
f 110/98/96 46/97/95 109/99/97
f 109/99/97 46/97/95 99/100/98
f 109/99/97 99/100/98 120/101/99
f 120/101/99 99/100/98 100/102/100
f 120/101/99 100/102/100 119/103/101
f 119/103/101 100/102/100 101/104/102
f 119/103/101 101/104/102 118/105/103
f 118/105/103 101/104/102 102/85/83
f 118/105/103 102/85/83 117/87/85
f 41/106/104 90/107/105 40/57/55
f 40/57/55 90/107/105 91/108/106
f 40/57/55 91/108/106 92/58/56
f 90/107/105 41/106/104 80/109/107
f 80/109/107 41/106/104 42/110/108
f 80/109/107 42/110/108 79/111/109
f 79/111/109 42/110/108 78/112/110
f 78/112/110 42/110/108 43/113/111
f 78/112/110 43/113/111 77/114/112
f 77/114/112 43/113/111 76/115/113
f 76/115/113 43/113/111 44/91/89
f 76/115/113 44/91/89 75/89/87
f 99/100/98 46/97/95 98/116/114
f 98/116/114 46/97/95 47/117/115
f 98/116/114 47/117/115 97/118/116
f 97/118/116 47/117/115 48/119/117
f 97/118/116 48/119/117 108/120/118
f 108/120/118 48/119/117 107/121/119
f 107/121/119 48/119/117 49/122/120
f 107/121/119 49/122/120 106/123/121
f 106/123/121 49/122/120 105/124/122
f 105/124/122 49/122/120 50/125/123
f 105/124/122 50/125/123 104/126/124
f 104/126/124 50/125/123 51/127/125
f 104/126/124 51/127/125 103/84/82
f 103/84/82 51/127/125 52/82/80
f 58/70/68 59/128/126 67/68/66
f 67/68/66 59/128/126 66/129/127
f 66/129/127 59/128/126 60/130/128
f 66/129/127 60/130/128 65/39/37
f 65/39/37 60/130/128 33/37/35
f 123/65/63 68/67/65 122/50/48
f 122/50/48 68/67/65 69/48/46
f 90/107/105 80/109/107 89/131/129
f 89/131/129 80/109/107 81/132/130
f 89/131/129 81/132/130 82/77/75
f 88/75/73 89/131/129 82/77/75
f 126/60/58 127/133/131 39/54/52
f 39/54/52 127/133/131 128/134/132
f 39/54/52 128/134/132 129/55/53
f 33/135/133 148/136/134 133/137/135
f 133/137/135 148/136/134 137/138/136
f 133/137/135 137/138/136 136/139/137
f 136/139/137 137/138/136 135/140/138
f 135/141/138 137/142/136 134/143/139
f 134/143/139 137/142/136 138/144/140
f 134/143/139 138/144/140 49/145/141
f 49/145/141 138/144/140 50/146/142
f 50/146/142 138/144/140 139/147/143
f 50/146/142 139/147/143 51/148/144
f 51/148/144 139/147/143 140/149/145
f 51/148/144 140/149/145 52/150/146
f 52/150/146 140/149/145 141/151/147
f 52/150/146 141/151/147 53/152/148
f 53/152/148 141/151/147 142/153/149
f 53/152/148 142/153/149 54/154/150
f 54/154/150 142/153/149 143/155/151
f 54/154/150 143/155/151 55/156/152
f 55/156/152 143/155/151 56/157/153
f 56/157/153 143/155/151 144/158/154
f 56/157/153 144/158/154 57/159/155
f 57/159/155 144/158/154 145/160/156
f 57/159/155 145/160/156 58/161/157
f 58/161/157 145/160/156 146/162/158
f 58/161/157 146/162/158 59/163/159
f 59/163/159 146/162/158 147/164/160
f 59/163/159 147/164/160 60/165/161
f 60/165/161 147/164/160 148/136/134
f 60/165/161 148/136/134 33/135/133
f 148/166/162 160/167/163 137/168/164
f 137/168/164 160/167/163 149/169/165
f 137/168/164 149/169/165 150/170/166
f 160/167/163 148/166/162 159/171/167
f 159/171/167 148/166/162 147/172/168
f 159/171/167 147/172/168 158/173/169
f 158/173/169 147/172/168 146/174/170
f 158/173/169 146/174/170 145/175/171
f 158/173/169 145/175/171 157/176/172
f 157/176/172 145/175/171 144/177/173
f 157/176/172 144/177/173 156/178/174
f 156/178/174 144/177/173 155/179/175
f 155/179/175 144/177/173 143/180/176
f 155/179/175 143/180/176 154/181/177
f 154/181/177 143/180/176 142/182/178
f 154/181/177 142/182/178 153/183/179
f 153/183/179 142/182/178 141/184/180
f 153/183/179 141/184/180 152/185/181
f 152/185/181 141/184/180 140/186/182
f 152/185/181 140/186/182 139/187/183
f 152/185/181 139/187/183 151/188/184
f 151/188/184 139/187/183 138/189/185
f 151/188/184 138/189/185 150/170/166
f 150/170/166 138/189/185 137/168/164
f 162/190/186 156/191/187 161/192/188
f 161/192/188 156/191/187 155/193/189
f 161/192/188 155/193/189 172/194/190
f 172/194/190 155/193/189 154/195/191
f 172/194/190 154/195/191 171/196/192
f 171/196/192 154/195/191 153/197/193
f 171/196/192 153/197/193 170/198/194
f 170/198/194 153/197/193 152/199/195
f 170/198/194 152/199/195 169/200/196
f 169/200/196 152/199/195 151/201/197
f 169/200/196 151/201/197 168/202/198
f 168/202/198 151/201/197 150/203/199
f 168/202/198 150/203/199 167/204/200
f 167/204/200 150/203/199 149/205/201
f 167/206/200 149/207/201 166/208/202
f 166/208/202 149/207/201 160/209/203
f 166/208/202 160/209/203 165/210/204
f 165/210/204 160/209/203 159/211/205
f 165/210/204 159/211/205 164/212/206
f 164/212/206 159/211/205 158/213/207
f 164/212/206 158/213/207 163/214/208
f 163/214/208 158/213/207 157/215/209
f 163/214/208 157/215/209 162/190/186
f 162/190/186 157/215/209 156/191/187
f 16/216/210 34/217/211 133/218/212
f 133/218/212 34/217/211 33/219/213
f 49/220/214 48/221/215 134/222/216
f 134/222/216 48/221/215 19/223/217
f 133/224/218 136/225/219 16/226/220
f 16/226/220 136/225/219 17/227/221
f 17/227/221 136/225/219 18/228/222
f 18/228/222 136/225/219 135/229/223
f 18/228/222 135/229/223 19/230/224
f 19/230/224 135/229/223 134/231/225
f 174/232/226 196/233/227 173/234/228
f 173/234/228 196/233/227 185/235/229
f 173/234/228 185/235/229 184/236/230
f 184/236/230 185/235/229 186/237/231
f 184/236/230 186/237/231 183/238/232
f 183/238/232 186/237/231 187/239/233
f 183/238/232 187/239/233 182/240/234
f 182/240/234 187/239/233 188/241/235
f 182/240/234 188/241/235 181/242/236
f 181/242/236 188/241/235 189/243/237
f 181/242/236 189/243/237 180/244/238
f 180/244/238 189/243/237 190/245/239
f 180/244/238 190/245/239 179/246/240
f 179/246/240 190/245/239 191/247/241
f 179/248/240 191/249/241 178/250/242
f 178/250/242 191/249/241 192/251/243
f 178/250/242 192/251/243 177/252/244
f 177/252/244 192/251/243 193/253/245
f 177/252/244 193/253/245 176/254/246
f 176/254/246 193/253/245 194/255/247
f 176/254/246 194/255/247 175/256/248
f 175/256/248 194/255/247 195/257/249
f 175/256/248 195/257/249 174/232/226
f 174/232/226 195/257/249 196/233/227
f 198/258/250 122/259/251 197/260/252
f 197/260/252 122/259/251 121/261/253
f 197/260/252 121/261/253 208/262/254
f 208/262/254 121/261/253 132/263/255
f 208/262/254 132/263/255 207/264/256
f 207/264/256 132/263/255 131/265/257
f 207/264/256 131/265/257 206/266/258
f 206/266/258 131/265/257 130/267/259
f 206/266/258 130/267/259 205/268/260
f 205/268/260 130/267/259 129/269/261
f 205/268/260 129/269/261 204/270/262
f 204/270/262 129/269/261 128/271/263
f 204/270/262 128/271/263 203/272/264
f 203/272/264 128/271/263 127/273/265
f 203/274/264 127/275/265 202/276/266
f 202/276/266 127/275/265 126/277/267
f 202/276/266 126/277/267 201/278/268
f 201/278/268 126/277/267 125/279/269
f 201/278/268 125/279/269 200/280/270
f 200/280/270 125/279/269 124/281/271
f 200/280/270 124/281/271 199/282/272
f 199/282/272 124/281/271 123/283/273
f 199/282/272 123/283/273 198/258/250
f 198/258/250 123/283/273 122/259/251
f 208/284/274 174/285/275 197/286/276
f 197/286/276 174/285/275 173/287/277
f 197/286/276 173/287/277 184/288/278
f 174/285/275 208/284/274 175/289/279
f 175/289/279 208/284/274 207/290/280
f 175/289/279 207/290/280 176/291/281
f 176/291/281 207/290/280 206/292/282
f 176/291/281 206/292/282 205/293/283
f 176/291/281 205/293/283 177/294/284
f 177/294/284 205/293/283 204/295/285
f 177/294/284 204/295/285 178/296/286
f 178/296/286 204/295/285 179/297/287
f 179/297/287 204/295/285 203/298/288
f 179/297/287 203/298/288 180/299/289
f 180/299/289 203/298/288 202/300/290
f 180/299/289 202/300/290 181/301/291
f 181/301/291 202/300/290 201/302/292
f 181/301/291 201/302/292 182/303/293
f 182/303/293 201/302/292 200/304/294
f 182/303/293 200/304/294 199/305/295
f 182/303/293 199/305/295 183/306/296
f 183/306/296 199/305/295 198/307/297
f 183/306/296 198/307/297 184/288/278
f 184/288/278 198/307/297 197/286/276
f 210/308/298 214/309/299 209/310/300
f 209/310/300 214/309/299 215/311/301
f 209/310/300 215/311/301 220/312/302
f 220/312/302 215/311/301 216/313/303
f 220/312/302 216/313/303 219/314/304
f 219/314/304 216/313/303 217/315/305
f 219/314/304 217/315/305 218/316/306
f 214/309/299 210/308/298 213/317/307
f 213/317/307 210/308/298 211/318/308
f 213/317/307 211/318/308 212/319/309
f 220/320/310 232/321/311 209/322/312
f 209/322/312 232/321/311 221/323/313
f 209/324/312 221/325/313 210/326/314
f 210/326/314 221/325/313 222/327/315
f 210/326/314 222/327/315 211/328/316
f 211/328/316 222/327/315 223/329/317
f 211/328/316 223/329/317 212/330/318
f 212/330/318 223/329/317 224/331/319
f 212/330/318 224/331/319 213/332/320
f 213/332/320 224/331/319 225/333/321
f 213/332/320 225/333/321 214/334/322
f 214/334/322 225/333/321 226/335/323
f 214/334/322 226/335/323 215/336/324
f 215/336/324 226/335/323 227/337/325
f 215/336/324 227/337/325 216/338/326
f 216/338/326 227/337/325 228/339/327
f 216/338/326 228/339/327 217/340/328
f 217/340/328 228/339/327 229/341/329
f 217/340/328 229/341/329 218/342/330
f 218/342/330 229/341/329 230/343/331
f 218/342/330 230/343/331 219/344/332
f 219/344/332 230/343/331 231/345/333
f 219/344/332 231/345/333 220/320/310
f 220/320/310 231/345/333 232/321/311
f 196/346/334 222/347/335 185/348/336
f 185/348/336 222/347/335 221/349/337
f 185/348/336 221/349/337 232/350/338
f 222/347/335 196/346/334 223/351/339
f 223/351/339 196/346/334 195/352/340
f 223/351/339 195/352/340 224/353/341
f 224/353/341 195/352/340 194/354/342
f 224/353/341 194/354/342 193/355/343
f 224/353/341 193/355/343 225/356/344
f 225/356/344 193/355/343 192/357/345
f 225/356/344 192/357/345 226/358/346
f 226/358/346 192/357/345 227/359/347
f 227/359/347 192/357/345 191/360/348
f 227/359/347 191/360/348 228/361/349
f 228/361/349 191/360/348 190/362/350
f 228/361/349 190/362/350 229/363/351
f 229/363/351 190/362/350 189/364/352
f 229/363/351 189/364/352 230/365/353
f 230/365/353 189/364/352 188/366/354
f 230/365/353 188/366/354 187/367/355
f 230/365/353 187/367/355 231/368/356
f 231/368/356 187/367/355 186/369/357
f 231/368/356 186/369/357 232/350/338
f 232/350/338 186/369/357 185/348/336
f 234/370/358 256/371/359 233/372/360
f 233/372/360 256/371/359 245/373/361
f 233/372/360 245/373/361 244/374/362
f 244/374/362 245/373/361 246/375/363
f 244/374/362 246/375/363 243/376/364
f 243/376/364 246/375/363 247/377/365
f 243/376/364 247/377/365 242/378/366
f 242/378/366 247/377/365 248/379/367
f 242/378/366 248/379/367 241/380/368
f 241/380/368 248/379/367 249/381/369
f 241/380/368 249/381/369 240/382/370
f 240/382/370 249/381/369 250/383/371
f 240/382/370 250/383/371 239/384/372
f 239/384/372 250/383/371 251/385/373
f 239/386/372 251/387/373 238/388/374
f 238/388/374 251/387/373 252/389/375
f 238/388/374 252/389/375 237/390/376
f 237/390/376 252/389/375 253/391/377
f 237/390/376 253/391/377 236/392/378
f 236/392/378 253/391/377 254/393/379
f 236/392/378 254/393/379 235/394/380
f 235/394/380 254/393/379 255/395/381
f 235/394/380 255/395/381 234/370/358
f 234/370/358 255/395/381 256/371/359
f 258/396/382 110/397/383 257/398/384
f 257/398/384 110/397/383 109/399/385
f 257/398/384 109/399/385 268/400/386
f 268/400/386 109/399/385 120/401/387
f 268/400/386 120/401/387 267/402/388
f 267/402/388 120/401/387 119/403/389
f 267/402/388 119/403/389 266/404/390
f 266/404/390 119/403/389 118/405/391
f 266/404/390 118/405/391 265/406/392
f 265/406/392 118/405/391 117/407/393
f 265/406/392 117/407/393 264/408/394
f 264/408/394 117/407/393 116/409/395
f 264/408/394 116/409/395 263/410/396
f 263/410/396 116/409/395 115/411/397
f 263/412/396 115/413/397 262/414/398
f 262/414/398 115/413/397 114/415/399
f 262/414/398 114/415/399 261/416/400
f 261/416/400 114/415/399 113/417/401
f 261/416/400 113/417/401 260/418/402
f 260/418/402 113/417/401 112/419/403
f 260/418/402 112/419/403 259/420/404
f 259/420/404 112/419/403 111/421/405
f 259/420/404 111/421/405 258/396/382
f 258/396/382 111/421/405 110/397/383
f 268/422/406 234/423/407 257/424/408
f 257/424/408 234/423/407 233/425/409
f 257/424/408 233/425/409 244/426/410
f 234/423/407 268/422/406 235/427/411
f 235/427/411 268/422/406 267/428/412
f 235/427/411 267/428/412 236/429/413
f 236/429/413 267/428/412 266/430/414
f 236/429/413 266/430/414 265/431/415
f 236/429/413 265/431/415 237/432/416
f 237/432/416 265/431/415 264/433/417
f 237/432/416 264/433/417 238/434/418
f 238/434/418 264/433/417 239/435/419
f 239/435/419 264/433/417 263/436/420
f 239/435/419 263/436/420 240/437/421
f 240/437/421 263/436/420 262/438/422
f 240/437/421 262/438/422 241/439/423
f 241/439/423 262/438/422 261/440/424
f 241/439/423 261/440/424 242/441/425
f 242/441/425 261/440/424 260/442/426
f 242/441/425 260/442/426 259/443/427
f 242/441/425 259/443/427 243/444/428
f 243/444/428 259/443/427 258/445/429
f 243/444/428 258/445/429 244/426/410
f 244/426/410 258/445/429 257/424/408
f 270/446/430 274/447/431 269/448/432
f 269/448/432 274/447/431 275/449/433
f 269/448/432 275/449/433 280/450/434
f 280/450/434 275/449/433 276/451/435
f 280/450/434 276/451/435 279/452/436
f 279/452/436 276/451/435 277/453/437
f 279/452/436 277/453/437 278/454/438
f 274/447/431 270/446/430 273/455/439
f 273/455/439 270/446/430 271/456/440
f 273/455/439 271/456/440 272/457/441
f 280/458/442 292/459/443 269/460/444
f 269/460/444 292/459/443 281/461/445
f 269/462/444 281/463/445 270/464/446
f 270/464/446 281/463/445 282/465/447
f 270/464/446 282/465/447 271/466/448
f 271/466/448 282/465/447 283/467/449
f 271/466/448 283/467/449 272/468/450
f 272/468/450 283/467/449 284/469/451
f 272/468/450 284/469/451 273/470/452
f 273/470/452 284/469/451 285/471/453
f 273/470/452 285/471/453 274/472/454
f 274/472/454 285/471/453 286/473/455
f 274/472/454 286/473/455 275/474/456
f 275/474/456 286/473/455 287/475/457
f 275/474/456 287/475/457 276/476/458
f 276/476/458 287/475/457 288/477/459
f 276/476/458 288/477/459 277/478/460
f 277/478/460 288/477/459 289/479/461
f 277/478/460 289/479/461 278/480/462
f 278/480/462 289/479/461 290/481/463
f 278/480/462 290/481/463 279/482/464
f 279/482/464 290/481/463 291/483/465
f 279/482/464 291/483/465 280/458/442
f 280/458/442 291/483/465 292/459/443
f 256/484/466 282/485/467 245/486/468
f 245/486/468 282/485/467 281/487/469
f 245/486/468 281/487/469 292/488/470
f 282/485/467 256/484/466 283/489/471
f 283/489/471 256/484/466 255/490/472
f 283/489/471 255/490/472 284/491/473
f 284/491/473 255/490/472 254/492/474
f 284/491/473 254/492/474 253/493/475
f 284/491/473 253/493/475 285/494/476
f 285/494/476 253/493/475 252/495/477
f 285/494/476 252/495/477 286/496/478
f 286/496/478 252/495/477 287/497/479
f 287/497/479 252/495/477 251/498/480
f 287/497/479 251/498/480 288/499/481
f 288/499/481 251/498/480 250/500/482
f 288/499/481 250/500/482 289/501/483
f 289/501/483 250/500/482 249/502/484
f 289/501/483 249/502/484 290/503/485
f 290/503/485 249/502/484 248/504/486
f 290/503/485 248/504/486 247/505/487
f 290/503/485 247/505/487 291/506/488
f 291/506/488 247/505/487 246/507/489
f 291/506/488 246/507/489 292/488/470
f 292/488/470 246/507/489 245/486/468
f 294/508/490 310/509/491 293/510/492
f 293/510/492 310/509/491 311/511/493
f 293/512/492 311/513/493 304/514/494
f 304/514/494 311/513/493 312/515/495
f 304/514/494 312/515/495 303/516/496
f 303/516/496 312/515/495 313/517/497
f 303/516/496 313/517/497 302/518/498
f 302/518/498 313/517/497 314/519/499
f 302/518/498 314/519/499 301/520/500
f 301/520/500 314/519/499 315/521/501
f 301/520/500 315/521/501 300/522/502
f 300/522/502 315/521/501 316/523/503
f 300/522/502 316/523/503 299/524/504
f 299/524/504 316/523/503 305/525/505
f 299/524/504 305/525/505 298/526/506
f 298/526/506 305/525/505 306/527/507
f 298/526/506 306/527/507 297/528/508
f 297/528/508 306/527/507 307/529/509
f 297/528/508 307/529/509 296/530/510
f 296/530/510 307/529/509 308/531/511
f 296/530/510 308/531/511 295/532/512
f 295/532/512 308/531/511 309/533/513
f 295/532/512 309/533/513 294/508/490
f 294/508/490 309/533/513 310/509/491
f 318/534/514 306/535/515 317/536/516
f 317/536/516 306/535/515 305/537/517
f 317/536/516 305/537/517 316/538/518
f 306/535/515 318/534/514 307/539/519
f 307/539/519 318/534/514 319/540/520
f 307/539/519 319/540/520 308/541/521
f 308/541/521 319/540/520 320/542/522
f 308/541/521 320/542/522 321/543/523
f 308/541/521 321/543/523 309/544/524
f 309/544/524 321/543/523 322/545/525
f 309/544/524 322/545/525 310/546/526
f 310/546/526 322/545/525 311/547/527
f 311/547/527 322/545/525 323/548/528
f 311/547/527 323/548/528 312/549/529
f 312/549/529 323/548/528 324/550/530
f 312/549/529 324/550/530 313/551/531
f 313/551/531 324/550/530 325/552/532
f 313/551/531 325/552/532 314/553/533
f 314/553/533 325/552/532 326/554/534
f 314/553/533 326/554/534 327/555/535
f 314/553/533 327/555/535 315/556/536
f 315/556/536 327/555/535 328/557/537
f 315/556/536 328/557/537 316/538/518
f 316/538/518 328/557/537 317/536/516
f 328/558/538 98/559/539 317/560/540
f 317/560/540 98/559/539 97/561/541
f 317/560/540 97/561/541 318/562/542
f 318/562/542 97/561/541 108/563/543
f 318/562/542 108/563/543 319/564/544
f 319/564/544 108/563/543 107/565/545
f 319/564/544 107/565/545 320/566/546
f 320/566/546 107/565/545 106/567/547
f 320/566/546 106/567/547 321/568/548
f 321/568/548 106/567/547 105/569/549
f 321/568/548 105/569/549 322/570/550
f 322/570/550 105/569/549 104/571/551
f 322/570/550 104/571/551 323/572/552
f 323/572/552 104/571/551 103/573/553
f 323/574/552 103/575/553 324/576/554
f 324/576/554 103/575/553 102/577/555
f 324/576/554 102/577/555 325/578/556
f 325/578/556 102/577/555 101/579/557
f 325/578/556 101/579/557 326/580/558
f 326/580/558 101/579/557 100/581/559
f 326/580/558 100/581/559 327/582/560
f 327/582/560 100/581/559 99/583/561
f 327/582/560 99/583/561 328/558/538
f 328/558/538 99/583/561 98/559/539
f 330/584/562 346/585/563 329/586/564
f 329/586/564 346/585/563 347/587/565
f 329/588/564 347/589/565 340/590/566
f 340/590/566 347/589/565 348/591/567
f 340/590/566 348/591/567 339/592/568
f 339/592/568 348/591/567 349/593/569
f 339/592/568 349/593/569 338/594/570
f 338/594/570 349/593/569 350/595/571
f 338/594/570 350/595/571 337/596/572
f 337/596/572 350/595/571 351/597/573
f 337/596/572 351/597/573 336/598/574
f 336/598/574 351/597/573 352/599/575
f 336/598/574 352/599/575 335/600/576
f 335/600/576 352/599/575 341/601/577
f 335/600/576 341/601/577 334/602/578
f 334/602/578 341/601/577 342/603/579
f 334/602/578 342/603/579 333/604/580
f 333/604/580 342/603/579 343/605/581
f 333/604/580 343/605/581 332/606/582
f 332/606/582 343/605/581 344/607/583
f 332/606/582 344/607/583 331/608/584
f 331/608/584 344/607/583 345/609/585
f 331/608/584 345/609/585 330/584/562
f 330/584/562 345/609/585 346/585/563
f 354/610/586 342/611/587 353/612/588
f 353/612/588 342/611/587 341/613/589
f 353/612/588 341/613/589 352/614/590
f 342/611/587 354/610/586 343/615/591
f 343/615/591 354/610/586 355/616/592
f 343/615/591 355/616/592 344/617/593
f 344/617/593 355/616/592 356/618/594
f 344/617/593 356/618/594 357/619/595
f 344/617/593 357/619/595 345/620/596
f 345/620/596 357/619/595 358/621/597
f 345/620/596 358/621/597 346/622/598
f 346/622/598 358/621/597 347/623/599
f 347/623/599 358/621/597 359/624/600
f 347/623/599 359/624/600 348/625/601
f 348/625/601 359/624/600 360/626/602
f 348/625/601 360/626/602 349/627/603
f 349/627/603 360/626/602 361/628/604
f 349/627/603 361/628/604 350/629/605
f 350/629/605 361/628/604 362/630/606
f 350/629/605 362/630/606 363/631/607
f 350/629/605 363/631/607 351/632/608
f 351/632/608 363/631/607 364/633/609
f 351/632/608 364/633/609 352/614/590
f 352/614/590 364/633/609 353/612/588
f 364/634/610 86/635/611 353/636/612
f 353/636/612 86/635/611 85/637/613
f 353/636/612 85/637/613 354/638/614
f 354/638/614 85/637/613 96/639/615
f 354/638/614 96/639/615 355/640/616
f 355/640/616 96/639/615 95/641/617
f 355/640/616 95/641/617 356/642/618
f 356/642/618 95/641/617 94/643/619
f 356/642/618 94/643/619 357/644/620
f 357/644/620 94/643/619 93/645/621
f 357/644/620 93/645/621 358/646/622
f 358/646/622 93/645/621 92/647/623
f 358/646/622 92/647/623 359/648/624
f 359/648/624 92/647/623 91/649/625
f 359/650/624 91/651/625 360/652/626
f 360/652/626 91/651/625 90/653/627
f 360/652/626 90/653/627 361/654/628
f 361/654/628 90/653/627 89/655/629
f 361/654/628 89/655/629 362/656/630
f 362/656/630 89/655/629 88/657/631
f 362/656/630 88/657/631 363/658/632
f 363/658/632 88/657/631 87/659/633
f 363/658/632 87/659/633 364/634/610
f 364/634/610 87/659/633 86/635/611
f 366/660/634 382/661/635 365/662/636
f 365/662/636 382/661/635 383/663/637
f 365/664/636 383/665/637 376/666/638
f 376/666/638 383/665/637 384/667/639
f 376/666/638 384/667/639 375/668/640
f 375/668/640 384/667/639 385/669/641
f 375/668/640 385/669/641 374/670/642
f 374/670/642 385/669/641 386/671/643
f 374/670/642 386/671/643 373/672/644
f 373/672/644 386/671/643 387/673/645
f 373/672/644 387/673/645 372/674/646
f 372/674/646 387/673/645 388/675/647
f 372/674/646 388/675/647 371/676/648
f 371/676/648 388/675/647 377/677/649
f 371/676/648 377/677/649 370/678/650
f 370/678/650 377/677/649 378/679/651
f 370/678/650 378/679/651 369/680/652
f 369/680/652 378/679/651 379/681/653
f 369/680/652 379/681/653 368/682/654
f 368/682/654 379/681/653 380/683/655
f 368/682/654 380/683/655 367/684/656
f 367/684/656 380/683/655 381/685/657
f 367/684/656 381/685/657 366/660/634
f 366/660/634 381/685/657 382/661/635
f 390/686/658 378/687/659 389/688/660
f 389/688/660 378/687/659 377/689/661
f 389/688/660 377/689/661 388/690/662
f 378/687/659 390/686/658 379/691/663
f 379/691/663 390/686/658 391/692/664
f 379/691/663 391/692/664 380/693/665
f 380/693/665 391/692/664 392/694/666
f 380/693/665 392/694/666 393/695/667
f 380/693/665 393/695/667 381/696/668
f 381/696/668 393/695/667 394/697/669
f 381/696/668 394/697/669 382/698/670
f 382/698/670 394/697/669 383/699/671
f 383/699/671 394/697/669 395/700/672
f 383/699/671 395/700/672 384/701/673
f 384/701/673 395/700/672 396/702/674
f 384/701/673 396/702/674 385/703/675
f 385/703/675 396/702/674 397/704/676
f 385/703/675 397/704/676 386/705/677
f 386/705/677 397/704/676 398/706/678
f 386/705/677 398/706/678 399/707/679
f 386/705/677 399/707/679 387/708/680
f 387/708/680 399/707/679 400/709/681
f 387/708/680 400/709/681 388/690/662
f 388/690/662 400/709/681 389/688/660
f 400/710/682 74/711/683 389/712/684
f 389/712/684 74/711/683 73/713/685
f 389/712/684 73/713/685 390/714/686
f 390/714/686 73/713/685 84/715/687
f 390/714/686 84/715/687 391/716/688
f 391/716/688 84/715/687 83/717/689
f 391/716/688 83/717/689 392/718/690
f 392/718/690 83/717/689 82/719/691
f 392/718/690 82/719/691 393/720/692
f 393/720/692 82/719/691 81/721/693
f 393/720/692 81/721/693 394/722/694
f 394/722/694 81/721/693 80/723/695
f 394/722/694 80/723/695 395/724/696
f 395/724/696 80/723/695 79/725/697
f 395/726/696 79/727/697 396/728/698
f 396/728/698 79/727/697 78/729/699
f 396/728/698 78/729/699 397/730/700
f 397/730/700 78/729/699 77/731/701
f 397/730/700 77/731/701 398/732/702
f 398/732/702 77/731/701 76/733/703
f 398/732/702 76/733/703 399/734/704
f 399/734/704 76/733/703 75/735/705
f 399/734/704 75/735/705 400/710/682
f 400/710/682 75/735/705 74/711/683
f 402/736/706 418/737/707 401/738/708
f 401/738/708 418/737/707 419/739/709
f 401/740/708 419/741/709 412/742/710
f 412/742/710 419/741/709 420/743/711
f 412/742/710 420/743/711 411/744/712
f 411/744/712 420/743/711 421/745/713
f 411/744/712 421/745/713 410/746/714
f 410/746/714 421/745/713 422/747/715
f 410/746/714 422/747/715 409/748/716
f 409/748/716 422/747/715 423/749/717
f 409/748/716 423/749/717 408/750/718
f 408/750/718 423/749/717 424/751/719
f 408/750/718 424/751/719 407/752/720
f 407/752/720 424/751/719 413/753/721
f 407/752/720 413/753/721 406/754/722
f 406/754/722 413/753/721 414/755/723
f 406/754/722 414/755/723 405/756/724
f 405/756/724 414/755/723 415/757/725
f 405/756/724 415/757/725 404/758/726
f 404/758/726 415/757/725 416/759/727
f 404/758/726 416/759/727 403/760/728
f 403/760/728 416/759/727 417/761/729
f 403/760/728 417/761/729 402/736/706
f 402/736/706 417/761/729 418/737/707
f 426/762/730 414/763/731 425/764/732
f 425/764/732 414/763/731 413/765/733
f 425/764/732 413/765/733 424/766/734
f 414/763/731 426/762/730 415/767/735
f 415/767/735 426/762/730 427/768/736
f 415/767/735 427/768/736 416/769/737
f 416/769/737 427/768/736 428/770/738
f 416/769/737 428/770/738 429/771/739
f 416/769/737 429/771/739 417/772/740
f 417/772/740 429/771/739 430/773/741
f 417/772/740 430/773/741 418/774/742
f 418/774/742 430/773/741 419/775/743
f 419/775/743 430/773/741 431/776/744
f 419/775/743 431/776/744 420/777/745
f 420/777/745 431/776/744 432/778/746
f 420/777/745 432/778/746 421/779/747
f 421/779/747 432/778/746 433/780/748
f 421/779/747 433/780/748 422/781/749
f 422/781/749 433/780/748 434/782/750
f 422/781/749 434/782/750 435/783/751
f 422/781/749 435/783/751 423/784/752
f 423/784/752 435/783/751 436/785/753
f 423/784/752 436/785/753 424/766/734
f 424/766/734 436/785/753 425/764/732
f 436/786/754 62/787/755 425/788/756
f 425/788/756 62/787/755 61/789/757
f 425/788/756 61/789/757 426/790/758
f 426/790/758 61/789/757 72/791/759
f 426/790/758 72/791/759 427/792/760
f 427/792/760 72/791/759 71/793/761
f 427/792/760 71/793/761 428/794/762
f 428/794/762 71/793/761 70/795/763
f 428/794/762 70/795/763 429/796/764
f 429/796/764 70/795/763 69/797/765
f 429/796/764 69/797/765 430/798/766
f 430/798/766 69/797/765 68/799/767
f 430/798/766 68/799/767 431/800/768
f 431/800/768 68/799/767 67/801/769
f 431/802/768 67/803/769 432/804/770
f 432/804/770 67/803/769 66/805/771
f 432/804/770 66/805/771 433/806/772
f 433/806/772 66/805/771 65/807/773
f 433/806/772 65/807/773 434/808/774
f 434/808/774 65/807/773 64/809/775
f 434/808/774 64/809/775 435/810/776
f 435/810/776 64/809/775 63/811/777
f 435/810/776 63/811/777 436/786/754
f 436/786/754 63/811/777 62/787/755
f 438/812/778 340/813/779 437/814/780
f 437/814/780 340/813/779 339/815/781
f 437/814/780 339/815/781 367/816/782
f 367/816/782 339/815/781 338/817/783
f 367/816/782 338/817/783 368/818/784
f 368/818/784 338/817/783 161/819/785
f 368/818/784 161/819/785 172/820/786
f 439/821/787 330/822/788 438/812/778
f 438/812/778 330/822/788 329/823/789
f 438/812/778 329/823/789 340/813/779
f 440/824/790 332/825/791 439/821/787
f 439/821/787 332/825/791 331/826/792
f 439/821/787 331/826/792 330/822/788
f 332/825/791 440/824/790 333/827/793
f 333/827/793 440/824/790 441/828/794
f 333/827/793 441/828/794 403/829/795
f 403/829/795 441/828/794 404/830/796
f 404/830/796 441/828/794 442/831/797
f 404/830/796 442/831/797 405/832/798
f 405/832/798 442/831/797 406/833/799
f 406/833/799 442/831/797 443/834/800
f 406/833/799 443/834/800 407/835/801
f 407/835/801 443/834/800 408/836/802
f 408/836/802 443/834/800 444/837/803
f 408/836/802 444/837/803 409/838/804
f 409/838/804 444/837/803 297/839/805
f 409/838/804 297/839/805 410/840/806
f 410/840/806 297/839/805 296/841/807
f 410/840/806 296/841/807 167/842/808
f 167/842/808 296/841/807 168/843/809
f 168/843/809 296/841/807 295/844/810
f 168/843/809 295/844/810 169/845/811
f 169/845/811 295/844/810 294/846/812
f 169/845/811 294/846/812 170/847/813
f 170/847/813 294/846/812 293/848/814
f 170/847/813 293/848/814 371/849/815
f 371/849/815 293/848/814 372/850/816
f 372/850/816 293/848/814 304/851/817
f 372/850/816 304/851/817 373/852/818
f 373/852/818 304/851/817 303/853/819
f 373/852/818 303/853/819 448/854/820
f 448/854/820 303/853/819 447/855/821
f 447/855/821 303/853/819 302/856/822
f 447/855/821 302/856/822 446/857/823
f 446/857/823 302/856/822 301/858/824
f 446/857/823 301/858/824 300/859/825
f 297/839/805 444/837/803 298/860/826
f 298/860/826 444/837/803 445/861/827
f 298/860/826 445/861/827 299/862/828
f 299/862/828 445/861/827 300/859/825
f 300/859/825 445/861/827 446/857/823
f 373/852/818 448/854/820 374/863/829
f 374/863/829 448/854/820 449/864/830
f 374/863/829 449/864/830 375/865/831
f 375/865/831 449/864/830 376/866/832
f 376/866/832 449/864/830 450/867/833
f 376/866/832 450/867/833 365/868/834
f 365/868/834 450/867/833 366/869/835
f 366/869/835 450/867/833 437/814/780
f 366/869/835 437/814/780 367/816/782
f 368/818/784 172/820/786 369/870/836
f 369/870/836 172/820/786 171/871/837
f 369/870/836 171/871/837 370/872/838
f 370/872/838 171/871/837 170/847/813
f 370/872/838 170/847/813 371/849/815
f 167/842/808 166/873/839 410/840/806
f 410/840/806 166/873/839 411/874/840
f 411/874/840 166/873/839 165/875/841
f 411/874/840 165/875/841 412/876/842
f 412/876/842 165/875/841 164/877/843
f 412/876/842 164/877/843 401/878/844
f 401/878/844 164/877/843 335/879/845
f 401/878/844 335/879/845 402/880/846
f 402/880/846 335/879/845 334/881/847
f 402/880/846 334/881/847 403/829/795
f 403/829/795 334/881/847 333/827/793
f 335/879/845 164/877/843 336/882/848
f 336/882/848 164/877/843 163/883/849
f 336/882/848 163/883/849 337/884/850
f 337/884/850 163/883/849 162/885/851
f 337/884/850 162/885/851 338/817/783
f 338/817/783 162/885/851 161/819/785
f 2/886/852 1/887/853 437/888/854
f 437/888/854 1/887/853 15/889/855
f 437/888/854 15/889/855 438/890/856
f 438/890/856 15/889/855 14/891/857
f 438/890/856 14/891/857 439/892/858
f 439/892/858 14/891/857 13/893/859
f 439/892/858 13/893/859 440/894/860
f 440/894/860 13/893/859 12/895/861
f 440/894/860 12/895/861 441/896/862
f 441/896/862 12/895/861 11/897/863
f 441/896/862 11/897/863 442/898/864
f 442/898/864 11/897/863 10/899/865
f 442/898/864 10/899/865 443/900/866
f 443/900/866 10/899/865 9/901/867
f 443/900/866 9/901/867 444/902/868
f 444/903/868 9/904/867 8/905/869
f 444/903/868 8/905/869 445/906/870
f 445/906/870 8/905/869 7/907/871
f 445/906/870 7/907/871 446/908/872
f 446/908/872 7/907/871 6/909/873
f 446/908/872 6/909/873 447/910/874
f 447/910/874 6/909/873 5/911/875
f 447/910/874 5/911/875 448/912/876
f 448/912/876 5/911/875 4/913/877
f 448/912/876 4/913/877 449/914/878
f 449/914/878 4/913/877 3/915/879
f 449/914/878 3/915/879 450/916/880
f 450/916/880 3/915/879 2/886/852
f 450/916/880 2/886/852 437/888/854
f 19/917/881 48/918/882 20/919/883
f 20/919/883 48/918/882 47/920/884
f 20/919/883 47/920/884 21/921/885
f 21/921/885 47/920/884 46/922/886
f 21/921/885 46/922/886 22/923/887
f 22/923/887 46/922/886 45/924/888
f 22/923/887 45/924/888 23/925/889
f 23/925/889 45/924/888 44/926/890
f 23/925/889 44/926/890 24/927/891
f 24/927/891 44/926/890 43/928/892
f 24/927/891 43/928/892 25/929/893
f 25/929/893 43/928/892 42/930/894
f 25/929/893 42/930/894 26/931/895
f 26/931/895 42/930/894 41/932/896
f 26/933/895 41/934/896 40/935/897
f 26/933/895 40/935/897 27/936/898
f 27/936/898 40/935/897 39/937/899
f 27/936/898 39/937/899 28/938/900
f 28/938/900 39/937/899 38/939/901
f 28/938/900 38/939/901 29/940/902
f 29/940/902 38/939/901 37/941/903
f 29/940/902 37/941/903 30/942/904
f 30/942/904 37/941/903 36/943/905
f 30/942/904 36/943/905 31/944/906
f 31/944/906 36/943/905 35/945/907
f 31/944/906 35/945/907 32/946/908
f 32/946/908 35/945/907 34/947/909
f 32/946/908 34/947/909 16/948/910
# 450 vertices
# 948 texture params
# 910 normals
# 916 facets

# 1 groups
