# WaveFront *.obj file (generated by Autodesk ATF)

mtllib Distal_Shell_2.mtl

g Body1

v 60.641016 -17.651771 -5.842660
v 51.857204 -21.759014 -7.329234
v 42.628549 -25.005545 -7.979783
v 42.626402 -25.006182 -7.857558
v 42.626402 -25.006182 7.857558
v 42.628549 -25.005545 7.979783
v 51.857204 -21.759014 7.329234
v 60.641016 -17.651771 5.842660
v 60.641016 -17.651772 4.038874
v 60.590062 -17.678729 3.652631
v 60.440192 -17.757773 3.289716
v 59.930490 -18.024164 2.763440
v 58.826956 -18.587977 1.624475
v 58.501361 -18.751028 0.836981
v 58.391016 -18.805915 0.000000
v 58.501361 -18.751028 -0.836981
v 58.826956 -18.587977 -1.624475
v 59.930490 -18.024164 -2.763440
v 60.439741 -17.758010 -3.288981
v 60.589999 -17.678761 -3.652242
v 60.641016 -17.651772 -4.038874
v 50.567336 -7.750000 -10.370334
v 50.567336 -19.188311 -10.370334
v 59.464270 -15.221171 -8.865886
v 59.464270 -12.950000 -8.865886
v 61.020996 -12.950000 -8.507951
v 62.571187 -12.950000 -8.122695
v 64.114363 -12.950000 -7.710236
v 64.114363 -7.750000 -7.710236
v 59.645614 -7.750000 -8.825671
v 55.126064 -7.750000 -9.713131
v 68.641016 -12.919453 -4.431819
v 66.888500 -14.044814 -6.315718
v 64.639536 -15.414306 -7.545258
v 63.975302 -15.803104 -7.621094
v 63.322444 -16.178491 -7.387045
v 62.834195 -16.454901 -6.866322
v 62.690108 -16.535777 -6.509630
v 62.641016 -16.563251 -6.130522
v 62.641016 -16.563251 -4.038874
v 62.692594 -16.534383 -3.650131
v 62.843972 -16.449402 -3.286095
v 63.351542 -16.161909 -2.763440
v 64.451122 -15.525287 -1.631319
v 64.779041 -15.331776 -0.843110
v 64.891016 -15.265271 -0.000000
v 64.779041 -15.331776 0.843110
v 64.451122 -15.525287 1.631319
v 63.351542 -16.161909 2.763440
v 62.843417 -16.449714 3.287001
v 62.692514 -16.534429 3.650616
v 62.641016 -16.563251 4.038874
v 62.641016 -16.563251 6.130522
v 62.690328 -16.535653 6.510659
v 62.835311 -16.454273 6.868231
v 63.324255 -16.177459 7.388223
v 63.976305 -15.802522 7.621202
v 64.639536 -15.414306 7.545258
v 66.888500 -14.044814 6.315718
v 68.641016 -12.919453 4.431819
v 39.980639 -20.935779 -8.800000
v 39.980639 -8.250000 -8.800000
v 40.968808 -8.250000 -10.958571
v 42.841186 -8.250000 -12.418062
v 45.175669 -8.250000 -12.849449
v 45.175669 -13.219360 -12.849449
v 44.513114 -12.530409 -12.842972
v 43.643238 -12.105408 -12.698886
v 42.746262 -12.003930 -12.374057
v 41.923968 -12.175791 -11.881883
v 40.728544 -13.051619 -10.626370
v 40.365655 -13.661399 -9.983847
v 40.168476 -14.362345 -9.500000
v 40.168476 -15.137655 -9.500000
v 40.370450 -15.849578 -9.993850
v 40.737148 -16.459594 -10.640098
v 41.937466 -17.329095 -11.891585
v 42.753524 -17.496470 -12.377514
v 43.648438 -17.393143 -12.700255
v 44.515458 -16.967923 -12.843160
v 45.175669 -16.280640 -12.849449
v 45.175669 -20.935779 -12.849449
v 42.841186 -20.935779 -12.418062
v 40.968808 -20.935779 -10.958571
v 51.736982 -8.250000 -12.241039
v 58.238601 -8.250000 -11.168686
v 64.647764 -8.250000 -9.637796
v 64.647764 -12.479829 -9.637796
v 55.198096 -17.182107 -11.731138
v 45.524211 -15.541511 -12.828925
v 45.641016 -14.749990 -12.821741
v 45.524208 -13.958480 -12.828925
v 45.175669 -13.219360 12.849449
v 45.175669 -8.250000 12.849449
v 42.841186 -8.250000 12.418062
v 40.968808 -8.250000 10.958571
v 39.980639 -8.250000 8.800000
v 39.980639 -20.935779 8.800000
v 40.968808 -20.935779 10.958571
v 42.841186 -20.935779 12.418062
v 45.175669 -20.935779 12.849449
v 45.175669 -16.280640 12.849449
v 44.515458 -16.967923 12.843160
v 43.648438 -17.393143 12.700255
v 42.753524 -17.496470 12.377514
v 41.937466 -17.329095 11.891585
v 40.737148 -16.459594 10.640098
v 40.370450 -15.849578 9.993850
v 40.168476 -15.137655 9.500000
v 40.168476 -14.362345 9.500000
v 40.365655 -13.661399 9.983847
v 40.728544 -13.051619 10.626370
v 41.923968 -12.175791 11.881883
v 42.746262 -12.003930 12.374057
v 43.643238 -12.105408 12.698886
v 44.513114 -12.530409 12.842972
v 64.647764 -12.479829 9.637796
v 64.647764 -8.250000 9.637796
v 58.238601 -8.250000 11.168686
v 51.736982 -8.250000 12.241039
v 45.524208 -13.958480 12.828925
v 45.641016 -14.749990 12.821741
v 45.524211 -15.541511 12.828925
v 55.198096 -17.182107 11.731138
v 40.490811 -7.750000 -8.800000
v 47.747972 -7.750000 -8.800000
v 48.275449 -7.750000 -8.895803
v 48.735547 -7.750000 -9.170975
v 49.069494 -7.750000 -9.590366
v 49.448532 -7.750000 -10.047662
v 49.975347 -7.750000 -10.321989
v 65.871270 -7.750000 -6.990275
v 67.409028 -7.750000 -5.876558
v 68.641016 -7.750000 -4.431819
v 68.641016 -7.750000 4.431819
v 67.409028 -7.750000 5.876558
v 65.871270 -7.750000 6.990275
v 64.114363 -7.750000 7.710236
v 59.533593 -7.750000 8.850559
v 54.899763 -7.750000 9.751342
v 50.225391 -7.750000 10.410152
v 49.628328 -7.750000 10.358014
v 49.099336 -7.750000 10.076287
v 48.722867 -7.750000 9.609947
v 48.389651 -7.750000 9.180747
v 47.925394 -7.750000 8.898415
v 47.391016 -7.750000 8.800000
v 40.490811 -7.750000 8.800000
v 41.401149 -7.750000 10.698478
v 43.075454 -7.750000 11.975049
v 45.147204 -7.750000 12.350259
v 51.673175 -7.750000 11.745127
v 58.139774 -7.750000 10.678550
v 64.514414 -7.750000 9.155906
v 66.737346 -7.750000 8.223436
v 68.654017 -7.750000 6.761485
v 70.141016 -7.750000 4.864181
v 70.141016 -7.750000 -4.864181
v 68.654017 -7.750000 -6.761485
v 66.737346 -7.750000 -8.223436
v 64.514414 -7.750000 -9.155906
v 58.139774 -7.750000 -10.678550
v 51.673175 -7.750000 -11.745127
v 45.147204 -7.750000 -12.350259
v 43.075454 -7.750000 -11.975049
v 41.401149 -7.750000 -10.698478
v 59.464270 -12.950000 8.865886
v 59.464270 -15.221171 8.865886
v 50.225391 -19.320540 10.410152
v 64.114363 -12.950000 7.710236
v 62.571187 -12.950000 8.122695
v 61.020996 -12.950000 8.507951
v 70.641016 -8.250000 -4.431819
v 70.641016 -8.250000 4.431819
v 70.641016 -10.726870 4.431819
v 70.641016 -11.048250 4.401908
v 70.641016 -11.048250 -4.401908
v 70.641016 -10.726870 -4.431819
v 65.872892 -16.775573 -4.818898
v 68.322119 -15.268640 -3.406260
v 68.322119 -15.268640 3.406260
v 65.872892 -16.775573 4.818898
v 56.474795 -21.719315 6.797473
v 46.480001 -25.676573 7.857558
v 46.480001 -25.676573 -7.857558
v 56.474795 -21.719315 -6.797473
v 66.843897 -8.250000 -8.737844
v 68.766094 -8.250000 -7.345697
v 70.306080 -8.250000 -5.539773
v 70.306080 -10.726870 -5.539773
v 67.830848 -11.510663 -8.110257
v 67.824192 -11.512675 8.115068
v 70.306080 -10.726870 5.539773
v 70.306080 -8.250000 5.539773
v 68.766094 -8.250000 7.345697
v 66.843897 -8.250000 8.737844
v 64.290667 -12.950000 -7.659265
v 64.465756 -12.950000 -7.604262
v 64.639536 -12.950000 -7.545258
v 64.639536 -12.950000 7.545258
v 64.465756 -12.950000 7.604262
v 64.290667 -12.950000 7.659265
v 42.616671 -24.889763 8.800000
v 42.562514 -24.915972 8.800000
v 42.518916 -24.957360 8.800000
v 42.489462 -25.009787 8.800000
v 42.476239 -25.068457 8.800000
v 42.479979 -25.128530 8.800000
v 42.500311 -25.185215 8.800000
v 42.535742 -25.233866 8.800000
v 42.583549 -25.270222 8.800000
v 42.526767 -25.239513 8.800000
v 41.202823 -24.177542 8.800000
v 40.296333 -22.668029 8.800000
v 40.020048 -8.057135 8.800000
v 40.131583 -7.894754 8.800000
v 40.296986 -7.787388 8.800000
v 47.391016 -23.261677 8.800000
v 44.441016 -14.750000 8.800000
v 44.233356 -13.975000 8.800000
v 43.666016 -13.407661 8.800000
v 42.891016 -13.200000 8.800000
v 42.116016 -13.407661 8.800000
v 41.548677 -13.975000 8.800000
v 41.341016 -14.750000 8.800000
v 41.548677 -15.525000 8.800000
v 42.116016 -16.092339 8.800000
v 42.891016 -16.300000 8.800000
v 43.666016 -16.092339 8.800000
v 44.233356 -15.525000 8.800000
v 40.296333 -22.668029 -8.800000
v 41.202823 -24.177542 -8.800000
v 42.531289 -25.241994 -8.800000
v 42.583549 -25.270222 -8.800000
v 42.535742 -25.233866 -8.800000
v 42.500311 -25.185215 -8.800000
v 42.479979 -25.128530 -8.800000
v 42.476239 -25.068458 -8.800000
v 42.489462 -25.009787 -8.800000
v 42.518916 -24.957360 -8.800000
v 42.562514 -24.915973 -8.800000
v 42.616671 -24.889763 -8.800000
v 47.747972 -23.124018 -8.800000
v 40.296986 -7.787388 -8.800000
v 40.131583 -7.894754 -8.800000
v 40.020048 -8.057135 -8.800000
v 44.441016 -14.750000 -8.800000
v 44.233356 -15.525000 -8.800000
v 43.666016 -16.092339 -8.800000
v 42.891016 -16.300000 -8.800000
v 42.116016 -16.092339 -8.800000
v 41.548677 -15.525000 -8.800000
v 41.341016 -14.750000 -8.800000
v 41.548677 -13.975000 -8.800000
v 42.116016 -13.407661 -8.800000
v 42.891016 -13.200000 -8.800000
v 43.666016 -13.407661 -8.800000
v 44.233356 -13.975000 -8.800000
v 41.341016 -14.750000 9.500000
v 41.548677 -15.525000 9.500000
v 42.116016 -16.092339 9.500000
v 42.891016 -16.300000 9.500000
v 43.666016 -16.092339 9.500000
v 44.233356 -15.525000 9.500000
v 44.441016 -14.750000 9.500000
v 44.233356 -13.975000 9.500000
v 43.666016 -13.407661 9.500000
v 42.891016 -13.200000 9.500000
v 42.116016 -13.407661 9.500000
v 41.548677 -13.975000 9.500000
v 40.687657 -16.395512 9.500000
v 41.746352 -17.250449 9.500000
v 43.085329 -17.493126 9.500000
v 44.376727 -17.064123 9.500000
v 45.304334 -16.068483 9.500000
v 45.641016 -14.750000 9.500000
v 45.304334 -13.431517 9.500000
v 44.376727 -12.435877 9.500000
v 43.085329 -12.006874 9.500000
v 41.746352 -12.249551 9.500000
v 40.687657 -13.104488 9.500000
v 44.441016 -14.750000 -9.500000
v 44.233356 -15.525000 -9.500000
v 43.666016 -16.092339 -9.500000
v 42.891016 -16.300000 -9.500000
v 42.116016 -16.092339 -9.500000
v 41.548677 -15.525000 -9.500000
v 41.341016 -14.750000 -9.500000
v 41.548677 -13.975000 -9.500000
v 42.116016 -13.407661 -9.500000
v 42.891016 -13.200000 -9.500000
v 43.666016 -13.407661 -9.500000
v 44.233356 -13.975000 -9.500000
v 40.687657 -13.104488 -9.500000
v 41.746352 -12.249551 -9.500000
v 43.085329 -12.006874 -9.500000
v 44.376727 -12.435877 -9.500000
v 45.304334 -13.431517 -9.500000
v 45.641016 -14.750000 -9.500000
v 45.304334 -16.068483 -9.500000
v 44.376727 -17.064123 -9.500000
v 43.085329 -17.493126 -9.500000
v 41.746352 -17.250449 -9.500000
v 40.687657 -16.395512 -9.500000
v 45.172328 -25.927859 7.857558
v 43.844703 -25.825076 7.857558
v 42.591288 -25.375514 7.857558
v 42.591288 -25.375514 -7.857558
v 43.844703 -25.825076 -7.857558
v 45.172328 -25.927859 -7.857558
v 42.585908 -25.271477 8.799998
v 42.593530 -25.374849 7.984876
v 46.398518 -25.013204 10.327789
v 45.922146 -23.281755 12.150944
v 40.809364 -22.379741 10.358575
v 42.368164 -23.094205 11.596062
v 44.378221 -23.422596 12.164852
v 44.378221 -25.243073 10.344375
v 42.368164 -24.674283 10.015984
v 40.809364 -23.436796 9.301521
v 42.593530 -25.374849 -7.984876
v 42.585908 -25.271477 -8.800000
v 45.922146 -23.281755 -12.150944
v 46.398518 -25.013204 -10.327789
v 40.809364 -22.379741 -10.358575
v 40.809364 -23.436796 -9.301521
v 42.368164 -24.674283 -10.015984
v 44.378221 -25.243073 -10.344375
v 44.378221 -23.422596 -12.164852
v 42.368164 -23.094205 -11.596062
v 66.043185 -16.021948 7.056393
v 65.601835 -14.474415 8.792390
v 55.384830 -19.006361 11.373739
v 55.884530 -20.507337 10.254686
v 56.088854 -21.539880 8.627813
v 65.601835 -14.474415 -8.792390
v 66.043185 -16.021948 -7.056393
v 56.315604 -21.436655 -8.591103
v 56.112426 -20.404914 -10.216405
v 55.612227 -18.906467 -11.335393
v 69.809615 -13.598773 4.638580
v 70.325804 -11.249804 5.460617
v 69.000545 -12.555666 6.844353
v 68.631475 -14.820536 4.859365
v 68.076211 -15.152225 5.354207
v 66.735948 -15.933817 6.192486
v 68.988232 -13.809122 5.957925
v 68.325860 -14.144185 6.578630
v 66.716063 -14.936696 7.648907
v 66.337515 -13.594233 8.730635
v 68.221465 -12.865492 7.543873
v 70.325804 -11.249804 -5.460617
v 69.809626 -13.598770 -4.638559
v 69.001367 -12.555341 -6.843528
v 68.222896 -12.864933 -7.542719
v 66.341314 -13.592798 -8.728815
v 66.719322 -14.935130 -7.647232
v 68.327077 -14.143582 -6.577596
v 68.988929 -13.808774 -5.957192
v 68.632059 -14.820187 -4.858779
v 68.077228 -15.151623 -5.353389
v 66.738646 -15.932272 -6.191199
v 70.479028 -12.307753 4.226062
v 70.013572 -13.473277 3.996254
v 69.278763 -14.477863 3.719888
v 69.278763 -14.477863 -3.719888
v 70.013572 -13.473277 -3.996254
v 70.479028 -12.307753 -4.226062
v 45.171856 -8.000000 12.782570
v 45.161437 -7.816987 12.599854
v 41.021356 -8.000000 10.917026
v 41.164919 -7.816987 10.803521
v 42.868648 -8.000000 12.356963
v 42.943677 -7.816987 12.190036
v 64.629898 -8.000000 9.573235
v 64.581089 -7.816987 9.396851
v 50.093595 -8.000000 12.370215
v 50.073465 -7.816987 12.188312
v 54.986409 -8.000000 11.696478
v 54.956626 -7.816987 11.515905
v 59.836427 -8.000000 10.763269
v 59.797075 -7.816987 10.584537
v 70.564573 -7.984295 4.979475
v 70.383177 -7.812555 4.930428
v 70.144190 -7.750010 4.865055
v 68.051635 -8.000000 7.861886
v 67.939781 -7.816987 7.717033
v 70.564573 -7.984295 -4.979475
v 70.383177 -7.812555 -4.930428
v 70.144190 -7.750010 -4.865055
v 70.574029 -8.000000 0.000000
v 70.391016 -7.816987 0.000000
v 64.629898 -8.000000 -9.573235
v 64.581089 -7.816987 -9.396851
v 68.051635 -8.000000 -7.861886
v 67.939781 -7.816987 -7.717033
v 45.171856 -8.000000 -12.782570
v 45.161437 -7.816987 -12.599854
v 59.836427 -8.000000 -10.763269
v 59.797075 -7.816987 -10.584537
v 54.986409 -8.000000 -11.696478
v 54.956626 -7.816987 -11.515905
v 50.093595 -8.000000 -12.370215
v 50.073465 -7.816987 -12.188312
v 42.868648 -8.000000 -12.356963
v 42.943677 -7.816987 -12.190036
v 41.021356 -8.000000 -10.917026
v 41.164919 -7.816987 -10.803521
v 63.741016 -10.450000 -0.000000
v 63.459669 -10.450000 -1.050000
v 62.691016 -10.450000 -1.818653
v 61.641016 -10.450000 -2.100000
v 60.591016 -10.450000 -1.818653
v 59.822363 -10.450000 -1.050000
v 59.541016 -10.450000 -0.000000
v 59.822363 -10.450000 1.050000
v 60.591016 -10.450000 1.818653
v 61.641016 -10.450000 2.100000
v 62.691016 -10.450000 1.818653
v 63.459669 -10.450000 1.050000
v 63.737118 -15.940839 -0.127896
v 63.611677 -16.013016 0.725435
v 63.169671 -16.265381 1.439865
v 62.522568 -16.629401 1.905960
v 61.763083 -17.048475 2.096311
v 60.999539 -17.461032 1.999382
v 60.293262 -17.834948 1.609999
v 59.777380 -18.103440 0.967289
v 59.545091 -18.223076 0.127939
v 59.670953 -18.158352 -0.727061
v 60.117636 -17.926796 -1.445445
v 60.773732 -17.581391 -1.912506
v 61.538001 -17.171002 -2.097365
v 62.299111 -16.753602 -1.994002
v 62.996568 -16.363382 -1.603473
v 63.506105 -16.073565 -0.964507
v 63.351542 -12.950000 -2.763440
v 62.238056 -12.950000 -3.194690
v 61.043976 -12.950000 -3.194690
v 59.930490 -12.950000 -2.763440
v 59.930490 -12.950000 2.763440
v 61.043976 -12.950000 3.194690
v 62.238056 -12.950000 3.194690
v 63.351542 -12.950000 2.763440
v 64.891016 -10.450000 -0.000000
v 64.455599 -10.450000 1.625000
v 63.266016 -10.450000 2.814583
v 61.641016 -10.450000 3.250000
v 60.016016 -10.450000 2.814583
v 58.826434 -10.450000 1.625000
v 58.391016 -10.450000 0.000000
v 58.826434 -10.450000 -1.625000
v 60.016016 -10.450000 -2.814583
v 61.641016 -10.450000 -3.250000
v 63.266016 -10.450000 -2.814583
v 64.455599 -10.450000 -1.625000
v 62.641016 -12.950000 4.038874
v 62.641016 -12.950000 6.130522
v 60.641016 -17.523801 6.662540
v 60.641016 -17.146603 7.401130
v 60.641016 -12.950000 7.401131
v 60.641016 -12.950000 4.038874
v 60.309551 -12.950000 3.098381
v 60.555725 -12.950000 3.540277
v 60.490905 -12.950000 8.055195
v 60.070616 -12.950000 8.578350
v 64.115712 -12.950000 7.630309
v 63.549503 -12.950000 7.508968
v 63.071447 -12.950000 7.182198
v 62.752788 -12.950000 6.698697
v 62.726307 -12.950000 3.540277
v 62.972481 -12.950000 3.098381
v 62.641016 -12.950000 -6.130522
v 62.641016 -12.950000 -4.038874
v 60.641016 -12.950000 -7.401131
v 60.641016 -17.146603 -7.401130
v 60.641016 -17.523801 -6.662540
v 60.641016 -12.950000 -4.038874
v 60.070616 -12.950000 -8.578350
v 60.490905 -12.950000 -8.055195
v 60.555725 -12.950000 -3.540277
v 60.309551 -12.950000 -3.098381
v 62.972481 -12.950000 -3.098381
v 62.726307 -12.950000 -3.540277
v 62.752788 -12.950000 -6.698697
v 63.071447 -12.950000 -7.182198
v 63.549503 -12.950000 -7.508968
v 64.115712 -12.950000 -7.630309
v 49.069494 -22.049150 -9.590366
v 49.772875 -20.670485 -10.247445
v 49.448532 -14.899575 -10.047662
v 49.975347 -14.899575 -10.321989
v 60.283284 -16.230709 -8.369762
v 60.543628 -16.706909 -7.932658
v 60.543628 -16.706909 7.932658
v 60.283284 -16.230709 8.369762
v 48.722867 -22.190202 9.609947
v 48.219500 -22.817377 9.049554
v 47.834860 -23.061547 8.867173
v 48.186849 -22.922546 -8.865644
v 48.567483 -22.677022 -9.043655
v 49.425478 -20.809017 10.281531
v 49.628328 -14.970101 10.358014
v 49.099336 -14.970101 10.076287
v 70.489751 -10.726870 5.194826
v 70.602835 -10.726870 4.820747
v 70.498797 -11.186776 5.129548
v 70.605140 -11.118778 4.772373
v 70.558414 -10.944970 4.990471
v 70.269950 -12.812047 4.566103
v 69.949032 -13.528665 4.330196
v 68.888796 -14.844894 3.706718
v 70.602835 -10.726870 -4.820747
v 70.489751 -10.726870 -5.194826
v 70.605140 -11.118778 -4.772373
v 70.498797 -11.186776 -5.129548
v 70.558397 -10.943558 -4.990661
v 68.888796 -14.844894 -3.706718
v 69.949032 -13.528665 -4.330196
v 70.269950 -12.812047 -4.566103
v 51.450320 -19.986662 -10.061229
v 58.167120 -18.704126 -7.399422
v 51.877210 -21.536035 -8.400122
v 48.991942 -22.662735 -8.712242
v 58.053741 -18.091088 -8.362348
v 51.743998 -20.909523 -9.389447
v 57.751462 -17.210869 -9.033106
v 51.877210 -21.536033 8.400128
v 54.628712 -20.361866 8.016546
v 51.743996 -20.909514 9.389457
v 54.504677 -19.740839 8.995215
v 51.450308 -19.986627 10.061245
v 54.206677 -18.835771 9.666876
v 42.547207 -25.052776 7.983142
v 42.496476 -25.132011 7.985757
v 42.487592 -25.225702 7.987049
v 42.522522 -25.313100 7.986732
v 42.495745 -25.210884 8.431124
v 42.543032 -25.029272 8.405914
v 42.587350 -24.993543 8.401497
v 42.520269 -25.268403 8.439719
v 42.557081 -25.311526 8.446449
v 42.490855 -25.145229 8.421670
v 42.508074 -25.081369 8.412815
v 42.544998 -25.053430 7.857558
v 42.494220 -25.132678 7.857558
v 42.485312 -25.226376 7.857558
v 42.520247 -25.313774 7.857558
v 42.489562 -25.245222 7.922356
v 42.501979 -25.114532 7.921455
v 42.514004 -25.303366 7.922230
v 42.550740 -25.347034 7.921811
v 42.484743 -25.178828 7.922094
v 42.581234 -25.026079 7.919597
v 42.536933 -25.062038 7.920565
v 42.544998 -25.053430 -7.857558
v 42.494220 -25.132678 -7.857558
v 42.485312 -25.226376 -7.857558
v 42.520247 -25.313774 -7.857558
v 42.520247 -25.313774 5.893168
v 42.520247 -25.313774 3.928779
v 42.520247 -25.313774 1.964389
v 42.520247 -25.313774 -0.000000
v 42.520247 -25.313774 -1.964389
v 42.520247 -25.313774 -3.928779
v 42.520247 -25.313774 -5.893168
v 42.485312 -25.226376 5.893168
v 42.485312 -25.226376 3.928779
v 42.485312 -25.226376 1.964389
v 42.485312 -25.226376 -0.000000
v 42.485312 -25.226376 -1.964389
v 42.485312 -25.226376 -3.928779
v 42.485312 -25.226376 -5.893168
v 42.494220 -25.132678 5.893168
v 42.494220 -25.132678 3.928779
v 42.494220 -25.132678 1.964389
v 42.494220 -25.132678 -0.000000
v 42.494220 -25.132678 -1.964389
v 42.494220 -25.132678 -3.928779
v 42.494220 -25.132678 -5.893168
v 42.544998 -25.053430 5.893168
v 42.544998 -25.053430 3.928779
v 42.544998 -25.053430 1.964389
v 42.544998 -25.053430 -0.000000
v 42.544998 -25.053430 -1.964389
v 42.544998 -25.053430 -3.928779
v 42.544998 -25.053430 -5.893168
v 42.547207 -25.052776 -7.983142
v 42.496476 -25.132011 -7.985757
v 42.487592 -25.225702 -7.987049
v 42.522522 -25.313100 -7.986732
v 42.489562 -25.245222 -7.922340
v 42.501979 -25.114532 -7.921438
v 42.514004 -25.303366 -7.922213
v 42.550740 -25.347034 -7.921794
v 42.484743 -25.178828 -7.922078
v 42.581234 -25.026079 -7.919581
v 42.536933 -25.062038 -7.920549
v 42.508074 -25.081369 -8.412815
v 42.495745 -25.210884 -8.431124
v 42.557081 -25.311526 -8.446449
v 42.520269 -25.268403 -8.439719
v 42.490855 -25.145229 -8.421670
v 42.543032 -25.029272 -8.405914
v 42.587350 -24.993543 -8.401497
vt 2.033123 -19.235846 0.000000
vt 1.462648 -20.001763 0.000000
vt 1.884466 -20.205906 0.000000
vt 1.576544 -20.125686 0.000000
vt 1.629098 -20.183147 0.000000
vt 2.098178 -18.257133 0.000000
vt 0.502222 -18.257133 0.000000
vt 0.567277 -19.235846 0.000000
vt 1.300200 -19.953025 0.000000
vt 1.216502 -19.965349 0.000000
vt 1.137752 -20.001763 0.000000
vt 0.715934 -20.205906 0.000000
vt 1.023856 -20.125686 0.000000
vt 0.971228 -20.183198 0.000000
vt 0.934937 -20.200142 0.000000
vt 0.896313 -20.205906 0.000000
vt 2.085956 -18.256909 0.000000
vt 0.514444 -18.256909 0.000000
vt 1.383898 -19.965349 0.000000
vt 1.665424 -20.200135 0.000000
vt 1.704087 -20.205906 0.000000
vt 15.462548 1.070106 0.000000
vt 16.606379 1.070106 0.000000
vt 15.462548 1.530741 0.000000
vt 15.982548 1.972801 0.000000
vt 15.462548 1.991376 0.000000
vt 15.982548 2.132538 0.000000
vt 15.982548 2.292274 0.000000
vt 16.209665 1.972801 0.000000
vt 15.982548 2.452011 0.000000
vt 15.462548 2.452011 0.000000
vt 0.857018 -21.135742 0.000000
vt 1.743382 -21.135742 0.000000
vt 0.668628 -20.927465 0.000000
vt 1.931772 -20.927465 0.000000
vt 1.300200 -20.693377 0.000000
vt 1.384511 -20.680354 0.000000
vt 2.054726 -20.664145 0.000000
vt 1.463332 -20.642278 0.000000
vt 2.062309 -20.587179 0.000000
vt 1.576544 -20.515219 0.000000
vt 2.038905 -20.511870 0.000000
vt 1.628809 -20.456885 0.000000
vt 1.986832 -20.455764 0.000000
vt 1.665213 -20.439525 0.000000
vt 1.951163 -20.439240 0.000000
vt 1.913252 -20.433615 0.000000
vt 1.704087 -20.433615 0.000000
vt 1.215889 -20.680354 0.000000
vt 0.545674 -20.664145 0.000000
vt 1.137068 -20.642278 0.000000
vt 0.538080 -20.587295 0.000000
vt 1.023856 -20.515219 0.000000
vt 0.561378 -20.512078 0.000000
vt 0.971500 -20.456822 0.000000
vt 0.613377 -20.455892 0.000000
vt 0.935138 -20.439516 0.000000
vt 0.649134 -20.439266 0.000000
vt 0.687148 -20.433615 0.000000
vt 0.896313 -20.433615 0.000000
vt -15.512548 -0.690587 0.000000
vt -16.123782 -0.618047 0.000000
vt -16.781126 -0.690587 0.000000
vt -16.201313 -0.618047 0.000000
vt -16.272506 -0.564665 0.000000
vt -16.053688 -0.565775 0.000000
vt -15.512548 -0.450898 0.000000
vt -15.992710 -0.491910 0.000000
vt -15.905127 -0.317655 0.000000
vt -15.512548 -0.211208 0.000000
vt -15.887941 -0.221672 0.000000
vt -15.898089 -0.126123 0.000000
vt -15.512548 0.028481 0.000000
vt -15.940589 -0.037828 0.000000
vt -16.009484 0.028481 0.000000
vt -16.781126 -0.450898 0.000000
vt -16.333507 -0.490291 0.000000
vt -16.420457 -0.315992 0.000000
vt -16.781126 -0.211208 0.000000
vt -16.437195 -0.220867 0.000000
vt -16.426862 -0.125585 0.000000
vt -16.781126 0.028481 0.000000
vt -16.384340 -0.037593 0.000000
vt -16.315612 0.028481 0.000000
vt -16.009484 0.528751 0.000000
vt -15.512548 0.528751 0.000000
vt -16.083396 0.563665 0.000000
vt -16.162547 0.575368 0.000000
vt -15.512548 1.187836 0.000000
vt -16.781126 0.528751 0.000000
vt -16.405758 1.537700 0.000000
vt -15.512548 1.846920 0.000000
vt -15.935531 2.506005 0.000000
vt -15.512548 2.506005 0.000000
vt -16.315612 0.528751 0.000000
vt -16.241699 0.563666 0.000000
vt -16.009484 1.542316 0.000000
vt -15.512548 1.542316 0.000000
vt -15.940589 1.608625 0.000000
vt -15.898089 1.696919 0.000000
vt -15.512548 1.782005 0.000000
vt -15.887941 1.792468 0.000000
vt -15.905127 1.888451 0.000000
vt -15.512548 2.021694 0.000000
vt -15.992710 2.062707 0.000000
vt -16.053688 2.136571 0.000000
vt -15.512548 2.261383 0.000000
vt -16.123782 2.188843 0.000000
vt -16.781126 2.261383 0.000000
vt -16.201313 2.188843 0.000000
vt -16.272506 2.135462 0.000000
vt -16.781126 2.021694 0.000000
vt -16.333507 2.061087 0.000000
vt -16.420457 1.886789 0.000000
vt -16.781126 1.782005 0.000000
vt -16.437195 1.791664 0.000000
vt -16.426862 1.696381 0.000000
vt -16.781126 1.542316 0.000000
vt -16.384340 1.608390 0.000000
vt -16.315612 1.542316 0.000000
vt -15.512548 26.656189 0.000000
vt -15.512548 27.315274 0.000000
vt -15.935531 26.656189 0.000000
vt -16.405758 27.624494 0.000000
vt -15.512548 27.974358 0.000000
vt -16.162547 28.586826 0.000000
vt -16.083396 28.598528 0.000000
vt -16.009484 28.633443 0.000000
vt -15.512548 28.633443 0.000000
vt -16.241699 28.598528 0.000000
vt -16.781126 28.633443 0.000000
vt -16.315612 28.633443 0.000000
vt 1.477520 -2.180200 0.000000
vt 0.751804 -2.180200 0.000000
vt 1.386487 -2.370048 0.000000
vt 1.219056 -2.497705 0.000000
vt 1.011881 -2.535226 0.000000
vt 0.619652 -2.259237 0.000000
vt 0.581748 -2.304966 0.000000
vt 0.699057 -2.189780 0.000000
vt 0.653047 -2.217298 0.000000
vt 0.529067 -2.332399 0.000000
vt 0.359284 -2.474713 0.000000
vt 0.469868 -2.337233 0.000000
vt 0.013995 -2.271513 0.000000
vt -0.287376 -2.368055 0.000000
vt -0.437960 -2.182767 0.000000
vt -0.924840 -2.215791 0.000000
vt -0.884835 -2.071224 0.000000
vt -1.147133 -2.122544 0.000000
vt -1.060525 -1.999228 0.000000
vt -1.338800 -1.976348 0.000000
vt -1.214301 -1.887856 0.000000
vt -1.337500 -1.743382 0.000000
vt -1.487500 -1.786618 0.000000
vt -1.337500 -0.857018 0.000000
vt -1.487500 -0.813782 0.000000
vt -1.338800 -0.624052 0.000000
vt -1.214301 -0.712544 0.000000
vt -1.060525 -0.601172 0.000000
vt -1.147133 -0.477856 0.000000
vt -0.884835 -0.529176 0.000000
vt -0.924840 -0.384609 0.000000
vt -0.426758 -0.415144 0.000000
vt -0.287376 -0.232345 0.000000
vt 0.036625 -0.325066 0.000000
vt 0.359284 -0.125687 0.000000
vt 0.504063 -0.259185 0.000000
vt 0.563769 -0.264399 0.000000
vt 1.011881 -0.065174 0.000000
vt 0.616668 -0.292571 0.000000
vt 0.654315 -0.339205 0.000000
vt 0.787500 -0.420200 0.000000
vt 0.687636 -0.382125 0.000000
vt 0.734062 -0.410358 0.000000
vt 1.477520 -0.420200 0.000000
vt 1.386487 -0.230352 0.000000
vt 1.219056 -0.102695 0.000000
vt 16.209665 26.561074 0.000000
vt 15.462548 27.026085 0.000000
vt 15.982548 26.561074 0.000000
vt 15.462548 26.553974 0.000000
vt 15.982548 26.401338 0.000000
vt 15.982548 26.241601 0.000000
vt 15.462548 26.081864 0.000000
vt 15.982548 26.081864 0.000000
vt 16.619602 27.498195 0.000000
vt 15.462548 27.498195 0.000000
vt 1.743382 0.250000 0.000000
vt 0.857018 0.250000 0.000000
vt 1.743382 0.002313 0.000000
vt 0.857018 0.002313 0.000000
vt 1.740391 -0.029825 0.000000
vt 0.860009 -0.029825 0.000000
vt -1.640826 -21.367465 0.000000
vt -0.959574 -21.367465 0.000000
vt -1.782090 -21.079887 0.000000
vt -0.818310 -21.079887 0.000000
vt -0.620453 -20.017490 0.000000
vt -0.514444 -18.942014 0.000000
vt -2.085956 -18.942014 0.000000
vt -1.979947 -20.017490 0.000000
vt -15.512548 0.269968 0.000000
vt -15.512548 0.507866 0.000000
vt -15.935531 0.269968 0.000000
vt -15.838614 0.624891 0.000000
vt -15.512548 0.745764 0.000000
vt -15.760235 0.983662 0.000000
vt -15.512548 0.983662 0.000000
vt -15.512548 2.871625 0.000000
vt -15.935531 2.871625 0.000000
vt -15.512548 2.633727 0.000000
vt -15.838815 2.517522 0.000000
vt -15.512548 2.395829 0.000000
vt -15.760235 2.157930 0.000000
vt -15.512548 2.157930 0.000000
vt -1.743382 -0.216945 0.000000
vt -0.857018 -0.216945 0.000000
vt -1.743382 0.300000 0.000000
vt -0.857018 0.300000 0.000000
vt 15.982548 0.215974 0.000000
vt 15.982548 0.234327 0.000000
vt 15.462548 0.215974 0.000000
vt 15.982548 0.252680 0.000000
vt 15.982548 0.271033 0.000000
vt 15.462548 0.406293 0.000000
vt 16.228978 0.271033 0.000000
vt 16.092029 0.528480 0.000000
vt 15.462548 0.596611 0.000000
vt 15.979493 0.786930 0.000000
vt 15.462548 0.786930 0.000000
vt 15.462548 1.726344 0.000000
vt 15.979493 1.726344 0.000000
vt 15.462548 1.916663 0.000000
vt 16.092029 1.984794 0.000000
vt 15.462548 2.106981 0.000000
vt 16.228978 2.242242 0.000000
vt 15.982548 2.242242 0.000000
vt 15.462548 2.297300 0.000000
vt 15.982548 2.260594 0.000000
vt 15.982548 2.278947 0.000000
vt 15.982548 2.297300 0.000000
vt 0.282850 0.394672 0.000000
vt 0.418819 0.468515 0.000000
vt 0.277435 0.397293 0.000000
vt 0.327500 1.277035 0.000000
vt 0.250000 1.256269 0.000000
vt 0.287210 0.390533 0.000000
vt 0.290155 0.385290 0.000000
vt 0.291478 0.379423 0.000000
vt 0.291104 0.373416 0.000000
vt 0.289071 0.367748 0.000000
vt 0.286425 0.362318 0.000000
vt 0.285527 0.362883 0.000000
vt 0.280747 0.359247 0.000000
vt 0.509468 0.619466 0.000000
vt 0.541038 0.792691 0.000000
vt 0.384234 1.333769 0.000000
vt 0.405000 1.411269 0.000000
vt 0.541038 2.061269 0.000000
vt 0.384234 1.488769 0.000000
vt 0.490020 2.111269 0.000000
vt 0.327500 1.545503 0.000000
vt 0.250000 1.566269 0.000000
vt 0.172500 1.545503 0.000000
vt -0.200000 2.111269 0.000000
vt 0.115766 1.488769 0.000000
vt 0.095000 1.411269 0.000000
vt -0.200000 0.560101 0.000000
vt 0.115766 1.333769 0.000000
vt 0.172500 1.277035 0.000000
vt 0.537097 2.080556 0.000000
vt 0.525943 2.096794 0.000000
vt 0.509403 2.107530 0.000000
vt -0.509468 0.619466 0.000000
vt -0.327500 1.277035 0.000000
vt -0.541038 0.792691 0.000000
vt -0.384234 1.333769 0.000000
vt -0.405000 1.411269 0.000000
vt -0.418819 0.468515 0.000000
vt -0.250000 1.256269 0.000000
vt -0.277435 0.397293 0.000000
vt -0.172500 1.277035 0.000000
vt 0.235696 0.573867 0.000000
vt -0.115766 1.333769 0.000000
vt -0.095000 1.411269 0.000000
vt 0.235696 2.111269 0.000000
vt -0.115766 1.488769 0.000000
vt -0.172500 1.545503 0.000000
vt -0.490020 2.111269 0.000000
vt -0.250000 1.566269 0.000000
vt -0.327500 1.545503 0.000000
vt -0.384234 1.488769 0.000000
vt -0.541038 2.061269 0.000000
vt -0.285973 0.362070 0.000000
vt -0.289071 0.367748 0.000000
vt -0.291104 0.373416 0.000000
vt -0.291478 0.379423 0.000000
vt -0.280747 0.359247 0.000000
vt -0.285527 0.362883 0.000000
vt -0.290155 0.385290 0.000000
vt -0.287210 0.390533 0.000000
vt -0.282850 0.394672 0.000000
vt -0.509403 2.107530 0.000000
vt -0.525943 2.096794 0.000000
vt -0.537097 2.080556 0.000000
vt 0.200000 -0.081158 0.000000
vt 0.270000 -0.081158 0.000000
vt 0.200000 0.000000 0.000000
vt 0.270000 0.000000 0.000000
vt 0.200000 0.081158 0.000000
vt 0.270000 0.081158 0.000000
vt 0.200000 0.162316 0.000000
vt 0.270000 0.162316 0.000000
vt 0.200000 0.243473 0.000000
vt 0.270000 0.243473 0.000000
vt 0.200000 0.324631 0.000000
vt 0.270000 0.324631 0.000000
vt 0.200000 0.405789 0.000000
vt 0.270000 0.405789 0.000000
vt 0.200000 0.486947 0.000000
vt 0.270000 0.486947 0.000000
vt 0.200000 -0.486947 0.000000
vt 0.270000 -0.486947 0.000000
vt 0.200000 -0.405789 0.000000
vt 0.270000 -0.405789 0.000000
vt 0.200000 -0.324631 0.000000
vt 0.270000 -0.324631 0.000000
vt 0.200000 -0.243473 0.000000
vt 0.270000 -0.243473 0.000000
vt 0.200000 -0.162316 0.000000
vt 0.270000 -0.162316 0.000000
vt -0.495336 -0.164551 0.000000
vt -0.409234 -0.077500 0.000000
vt -0.547254 -0.038765 0.000000
vt -0.430000 0.000000 0.000000
vt -0.547254 0.038765 0.000000
vt -0.409234 0.077500 0.000000
vt -0.495336 0.164551 0.000000
vt -0.352500 0.134234 0.000000
vt -0.389466 0.250045 0.000000
vt -0.275000 0.155000 0.000000
vt -0.255569 0.274313 0.000000
vt -0.197500 0.134234 0.000000
vt -0.126429 0.231412 0.000000
vt -0.140766 0.077500 0.000000
vt -0.033668 0.131848 0.000000
vt -0.120000 0.000000 0.000000
vt -0.000000 -0.000000 0.000000
vt -0.033668 -0.131848 0.000000
vt -0.140766 -0.077500 0.000000
vt -0.126429 -0.231412 0.000000
vt -0.197500 -0.134234 0.000000
vt -0.255569 -0.274313 0.000000
vt -0.275000 -0.155000 0.000000
vt -0.389466 -0.250045 0.000000
vt -0.352500 -0.134234 0.000000
vt 0.200000 -0.038895 0.000000
vt 0.150615 -0.113122 0.000000
vt 0.200000 -0.176402 0.000000
vt 0.085990 -0.184499 0.000000
vt 0.200000 -0.313909 0.000000
vt -0.039158 -0.334582 0.000000
vt -0.087751 -0.418214 0.000000
vt 0.200000 -0.451416 0.000000
vt -0.120025 -0.508717 0.000000
vt 0.200000 -0.588924 0.000000
vt -0.134316 -0.605811 0.000000
vt -0.134945 -0.701610 0.000000
vt 0.200000 -0.726431 0.000000
vt -0.132892 -0.783639 0.000000
vt 0.200000 -0.863938 0.000000
vt 0.200000 0.863938 0.000000
vt -0.132892 0.944237 0.000000
vt -0.132174 0.863937 0.000000
vt -0.132892 0.783638 0.000000
vt 0.200000 0.726431 0.000000
vt -0.134945 0.701610 0.000000
vt 0.200000 0.588924 0.000000
vt -0.134297 0.605523 0.000000
vt -0.119889 0.508177 0.000000
vt 0.200000 0.451416 0.000000
vt -0.087406 0.417486 0.000000
vt 0.200000 0.313909 0.000000
vt -0.038188 0.333146 0.000000
vt 0.087363 0.183086 0.000000
vt 0.200000 0.176402 0.000000
vt 0.151615 0.111925 0.000000
vt 0.200000 0.038895 0.000000
vt 0.270000 0.081158 0.000000
vt 0.200000 0.081158 0.000000
vt 0.270000 0.000000 0.000000
vt 0.200000 0.000000 0.000000
vt 0.270000 -0.081158 0.000000
vt 0.200000 -0.081158 0.000000
vt 0.270000 -0.162316 0.000000
vt 0.200000 -0.162316 0.000000
vt 0.270000 -0.243473 0.000000
vt 0.200000 -0.243473 0.000000
vt 0.270000 -0.324631 0.000000
vt 0.200000 -0.324631 0.000000
vt 0.270000 -0.405789 0.000000
vt 0.200000 -0.405789 0.000000
vt 0.270000 -0.486947 0.000000
vt 0.200000 -0.486947 0.000000
vt 0.270000 0.486947 0.000000
vt 0.200000 0.486947 0.000000
vt 0.270000 0.405789 0.000000
vt 0.200000 0.405789 0.000000
vt 0.270000 0.324631 0.000000
vt 0.200000 0.324631 0.000000
vt 0.270000 0.243473 0.000000
vt 0.200000 0.243473 0.000000
vt 0.270000 0.162316 0.000000
vt 0.200000 0.162316 0.000000
vt 0.495336 0.164551 0.000000
vt 0.409234 0.077500 0.000000
vt 0.547254 0.038765 0.000000
vt 0.430000 0.000000 0.000000
vt 0.547254 -0.038765 0.000000
vt 0.409234 -0.077500 0.000000
vt 0.495336 -0.164551 0.000000
vt 0.352500 -0.134234 0.000000
vt 0.389466 -0.250045 0.000000
vt 0.275000 -0.155000 0.000000
vt 0.255569 -0.274313 0.000000
vt 0.197500 -0.134234 0.000000
vt 0.126429 -0.231412 0.000000
vt 0.140766 -0.077500 0.000000
vt 0.033668 -0.131848 0.000000
vt 0.120000 0.000000 0.000000
vt 0.000000 -0.000000 0.000000
vt 0.033668 0.131848 0.000000
vt 0.140766 0.077500 0.000000
vt 0.126429 0.231412 0.000000
vt 0.197500 0.134234 0.000000
vt 0.255569 0.274313 0.000000
vt 0.275000 0.155000 0.000000
vt 0.389466 0.250045 0.000000
vt 0.352500 0.134234 0.000000
vt 0.200000 0.825043 0.000000
vt 0.151615 0.752013 0.000000
vt 0.200000 0.687536 0.000000
vt 0.087363 0.680852 0.000000
vt 0.200000 0.550029 0.000000
vt -0.038188 0.530792 0.000000
vt 0.200000 0.412521 0.000000
vt -0.087406 0.446452 0.000000
vt -0.119889 0.355761 0.000000
vt 0.200000 0.275014 0.000000
vt -0.134297 0.258415 0.000000
vt -0.134945 0.162328 0.000000
vt 0.200000 0.137507 0.000000
vt -0.132892 0.080300 0.000000
vt 0.200000 -0.000000 0.000000
vt -0.132174 0.000001 0.000000
vt -0.132892 -0.080299 0.000000
vt 0.200000 -0.137507 0.000000
vt -0.134945 -0.162328 0.000000
vt 0.200000 -0.275014 0.000000
vt -0.134316 -0.258127 0.000000
vt -0.120025 -0.355221 0.000000
vt 0.200000 -0.412521 0.000000
vt -0.087751 -0.445724 0.000000
vt 0.200000 -0.550029 0.000000
vt -0.039158 -0.529356 0.000000
vt 0.085990 -0.679439 0.000000
vt 0.200000 -0.687536 0.000000
vt 0.150615 -0.750816 0.000000
vt 0.200000 -0.825043 0.000000
vt -2.085956 -0.947101 0.000000
vt -0.514444 -0.947101 0.000000
vt -2.085956 -0.813544 0.000000
vt -0.514444 -0.813544 0.000000
vt -0.514444 -0.679988 0.000000
vt -0.514444 -0.546431 0.000000
vt -2.085956 -0.546431 0.000000
vt -2.085956 -0.679988 0.000000
vt 0.450898 -0.678090 0.000000
vt 0.690587 -0.678090 0.000000
vt 0.477514 -0.452060 0.000000
vt 0.582688 -0.215095 0.000000
vt 0.477514 -0.226030 0.000000
vt 0.414783 -0.122133 0.000000
vt 0.264442 -0.226030 0.000000
vt 0.246261 -0.093062 0.000000
vt 0.239839 -0.092423 0.000000
vt 0.239573 -0.092397 0.000000
vt 0.051370 -0.226030 0.000000
vt 0.264442 -0.452060 0.000000
vt 0.051370 -0.452060 0.000000
vt 0.211208 -0.678090 0.000000
vt -0.028481 -0.678090 0.000000
vt -0.103858 -0.462209 0.000000
vt -0.153133 -0.235137 0.000000
vt -0.028146 0.000000 0.000000
vt -0.161703 0.000000 0.000000
vt 0.105410 0.000000 0.000000
vt 0.238715 -0.012378 0.000000
vt 0.238967 0.000000 0.000000
vt 0.238967 0.000000 0.000000
vt 0.238715 0.012378 0.000000
vt 0.105410 0.000000 0.000000
vt 0.239573 0.092397 0.000000
vt 0.051370 0.226030 0.000000
vt 0.264442 0.226030 0.000000
vt 0.051370 0.452060 0.000000
vt 0.264442 0.452060 0.000000
vt 0.211208 0.678090 0.000000
vt 0.450898 0.678090 0.000000
vt 0.477514 0.452060 0.000000
vt 0.690587 0.678090 0.000000
vt 0.582688 0.215095 0.000000
vt 0.477514 0.226030 0.000000
vt 0.414783 0.122133 0.000000
vt 0.245748 0.093011 0.000000
vt 0.239839 0.092423 0.000000
vt -0.028481 0.678090 0.000000
vt -0.103858 0.462209 0.000000
vt -0.153133 0.235137 0.000000
vt -0.028146 0.000000 0.000000
vt -0.161703 0.000000 0.000000
vt 1.096280 0.000000 0.000000
vt 2.188180 0.000000 0.000000
vt 1.149864 0.197073 0.000000
vt 2.188180 0.268729 0.000000
vt 1.149864 0.394145 0.000000
vt 2.188180 0.519562 0.000000
vt 1.149864 0.591218 0.000000
vt 2.188180 0.788291 0.000000
vt 1.094799 0.788291 0.000000
vt -0.000000 0.788291 0.000000
vt -0.000000 0.520452 0.000000
vt -0.000000 0.267838 0.000000
vt -0.000000 0.000000 0.000000
vt 1.093321 0.788291 0.000000
vt 0.000000 0.788291 0.000000
vt 1.063529 0.591218 0.000000
vt 0.000000 0.519562 0.000000
vt 1.063529 0.394145 0.000000
vt 0.000000 0.268729 0.000000
vt 1.063529 0.197073 0.000000
vt 0.000000 0.000000 0.000000
vt 1.091840 0.000000 0.000000
vt 2.188059 0.000000 0.000000
vt 2.188059 0.267838 0.000000
vt 2.188059 0.520452 0.000000
vt 2.188059 0.788291 0.000000
vt 3.215463 0.000000 0.000000
vt 3.046790 0.162789 0.000000
vt 2.741942 0.000000 0.000000
vt 2.838237 0.162789 0.000000
vt 2.741942 0.221243 0.000000
vt 2.838237 0.325578 0.000000
vt 2.741942 0.429910 0.000000
vt 2.838237 0.488366 0.000000
vt 2.741942 0.651153 0.000000
vt 3.048978 0.651153 0.000000
vt 3.046790 0.488366 0.000000
vt 3.143543 0.488366 0.000000
vt 3.143543 0.325578 0.000000
vt 3.295149 0.287784 0.000000
vt 3.143543 0.162789 0.000000
vt 3.339801 0.585577 0.000000
vt 3.348341 0.651153 0.000000
vt 3.046790 0.325578 0.000000
vt 2.741941 0.221243 0.000000
vt 2.741941 0.000000 0.000000
vt 2.838631 0.162788 0.000000
vt 3.049679 0.000007 0.000000
vt 3.046960 0.162788 0.000000
vt 3.143649 0.162788 0.000000
vt 3.046960 0.325577 0.000000
vt 3.143649 0.325577 0.000000
vt 3.046960 0.488365 0.000000
vt 3.143649 0.488365 0.000000
vt 3.215463 0.651153 0.000000
vt 3.295151 0.363370 0.000000
vt 3.348341 0.000000 0.000000
vt 3.339801 0.065577 0.000000
vt 2.741941 0.651153 0.000000
vt 2.838631 0.488365 0.000000
vt 2.838631 0.325577 0.000000
vt 2.741941 0.429910 0.000000
vt -1.740391 -1.570796 0.000000
vt -0.860009 -1.570796 0.000000
vt -1.722806 -1.443456 0.000000
vt -0.877594 -1.443456 0.000000
vt -1.699825 -1.317612 0.000000
vt -0.900575 -1.317612 0.000000
vt -1.672189 -1.192818 0.000000
vt -0.928211 -1.192818 0.000000
vt -1.640826 -1.068375 0.000000
vt -0.959574 -1.068375 0.000000
vt -0.078540 0.102407 0.000000
vt -0.059082 0.098206 0.000000
vt -0.078540 0.331618 0.000000
vt -0.052360 0.324703 0.000000
vt -0.052360 0.557372 0.000000
vt -0.026180 0.324703 0.000000
vt -0.026180 0.557372 0.000000
vt -0.000000 0.324703 0.000000
vt -0.000000 0.557372 0.000000
vt -0.039510 0.094881 0.000000
vt -0.019800 0.092761 0.000000
vt -0.000000 0.092034 0.000000
vt 0.000000 0.790041 0.000000
vt -0.026180 0.790041 0.000000
vt -0.052360 0.790041 0.000000
vt -0.078540 0.790041 0.000000
vt -0.078540 0.560830 0.000000
vt -0.078540 15.744055 0.000000
vt -0.078540 15.086010 0.000000
vt -0.052360 15.579544 0.000000
vt -0.052360 15.086010 0.000000
vt -0.026180 15.086010 0.000000
vt -0.026180 15.579544 0.000000
vt 0.000000 15.086010 0.000000
vt -0.000000 15.744055 0.000000
vt -0.026180 16.073077 0.000000
vt -0.000000 16.402100 0.000000
vt -0.026180 16.566611 0.000000
vt 0.000000 17.060144 0.000000
vt -0.026180 17.060144 0.000000
vt -0.052360 17.060144 0.000000
vt -0.052360 16.566611 0.000000
vt -0.052360 16.073077 0.000000
vt -0.078540 17.060144 0.000000
vt -0.078540 16.402100 0.000000
vt 0.000000 2.048221 0.000000
vt -0.026180 1.813807 0.000000
vt -0.026180 2.195715 0.000000
vt -0.052360 2.195715 0.000000
vt -0.028013 2.577624 0.000000
vt -0.053260 2.572709 0.000000
vt 0.000000 2.282635 0.000000
vt 0.000000 2.517049 0.000000
vt -0.078540 2.315218 0.000000
vt -0.078222 2.566014 0.000000
vt -0.078540 2.565923 0.000000
vt -0.078540 2.064512 0.000000
vt -0.052360 1.813807 0.000000
vt -0.078540 1.813807 0.000000
vt -0.813782 0.078540 0.000000
vt -0.813695 0.078857 0.000000
vt -1.786618 0.078540 0.000000
vt -1.786705 0.078857 0.000000
vt -1.793243 0.103819 0.000000
vt -1.300200 0.104720 0.000000
vt -1.798148 0.129066 0.000000
vt -1.300200 0.130900 0.000000
vt -1.743382 0.157080 0.000000
vt -0.857018 0.157080 0.000000
vt -0.802252 0.129066 0.000000
vt -0.807157 0.103819 0.000000
vt -0.078540 -2.565923 0.000000
vt -0.078222 -2.566014 0.000000
vt -0.078540 -2.315218 0.000000
vt -0.053260 -2.572709 0.000000
vt -0.052360 -2.195715 0.000000
vt -0.028013 -2.577624 0.000000
vt -0.026180 -2.195715 0.000000
vt 0.000000 -2.282635 0.000000
vt 0.000000 -2.048221 0.000000
vt 0.000000 -2.517049 0.000000
vt 0.000000 -1.813807 0.000000
vt -0.026180 -1.813807 0.000000
vt -0.052360 -1.813807 0.000000
vt -0.078540 -1.813807 0.000000
vt -0.078540 -2.064512 0.000000
vt -0.078540 -16.402100 0.000000
vt -0.078540 -17.060144 0.000000
vt -0.052360 -16.566611 0.000000
vt -0.052360 -17.060144 0.000000
vt -0.026180 -17.060144 0.000000
vt -0.026180 -16.566611 0.000000
vt 0.000000 -17.060144 0.000000
vt -0.000000 -16.402100 0.000000
vt -0.026180 -16.073077 0.000000
vt -0.000000 -15.744055 0.000000
vt -0.026180 -15.579544 0.000000
vt 0.000000 -15.086010 0.000000
vt -0.026180 -15.086010 0.000000
vt -0.052360 -15.086010 0.000000
vt -0.052360 -15.579544 0.000000
vt -0.052360 -16.073077 0.000000
vt -0.078540 -15.086010 0.000000
vt -0.078540 -15.744055 0.000000
vt -0.078540 -0.560830 0.000000
vt -0.052360 -0.790041 0.000000
vt -0.052360 -0.557372 0.000000
vt -0.078540 -0.331618 0.000000
vt -0.052360 -0.324703 0.000000
vt -0.059082 -0.098206 0.000000
vt -0.039510 -0.094881 0.000000
vt -0.026180 -0.324703 0.000000
vt -0.019800 -0.092761 0.000000
vt -0.000000 -0.324703 0.000000
vt -0.000000 -0.092034 0.000000
vt -0.026180 -0.790041 0.000000
vt -0.026180 -0.557372 0.000000
vt 0.000000 -0.790041 0.000000
vt -0.000000 -0.557372 0.000000
vt -0.078540 -0.102407 0.000000
vt 1.548778 -0.549779 0.000000
vt 0.999694 -0.646937 0.000000
vt 1.548778 -0.659734 0.000000
vt 1.548778 0.659734 0.000000
vt 0.999694 0.672532 0.000000
vt 0.992476 0.585663 0.000000
vt 1.548778 0.549779 0.000000
vt 0.967240 0.501080 0.000000
vt 1.548778 0.439823 0.000000
vt 0.930838 0.420843 0.000000
vt 1.548778 0.329867 0.000000
vt 0.888930 0.342082 0.000000
vt 0.847675 0.264670 0.000000
vt 1.548778 -0.439823 0.000000
vt 0.957440 -0.477247 0.000000
vt 0.986421 -0.559509 0.000000
vt 0.918418 -0.396811 0.000000
vt 1.548778 -0.329867 0.000000
vt 0.876678 -0.319561 0.000000
vt 0.835639 -0.240461 0.000000
vt 1.548778 -0.219911 0.000000
vt 0.801098 -0.159422 0.000000
vt 1.548778 -0.109956 0.000000
vt 0.777943 -0.074245 0.000000
vt 1.548778 0.000000 0.000000
vt 0.771470 0.012803 0.000000
vt 0.783434 0.100539 0.000000
vt 1.548778 0.109956 0.000000
vt 0.810283 0.183504 0.000000
vt 1.548778 0.219911 0.000000
vt -0.977587 0.690644 0.000000
vt -1.041249 0.850077 0.000000
vt -1.298778 0.690644 0.000000
vt -1.548778 0.850848 0.000000
vt -1.548778 0.680678 0.000000
vt -1.060600 0.935713 0.000000
vt -1.548778 1.021018 0.000000
vt -1.067251 1.021018 0.000000
vt -1.548778 -1.021018 0.000000
vt -1.067251 -1.021018 0.000000
vt -1.060600 -0.935713 0.000000
vt -1.548778 -0.850848 0.000000
vt -1.041249 -0.850077 0.000000
vt -1.298778 -0.690644 0.000000
vt -0.977587 -0.690644 0.000000
vt -1.548778 -0.680678 0.000000
vt -1.298778 -0.570554 0.000000
vt -1.548778 -0.510509 0.000000
vt -1.298778 -0.450464 0.000000
vt -1.548778 -0.340339 0.000000
vt -1.298778 -0.330374 0.000000
vt -1.548778 -0.170170 0.000000
vt -0.791361 -0.330374 0.000000
vt -0.734980 -0.170150 0.000000
vt -0.718675 -0.084671 0.000000
vt -1.548778 0.000000 0.000000
vt -0.713186 0.000000 0.000000
vt -0.718675 0.084671 0.000000
vt -1.548778 0.170170 0.000000
vt -0.734980 0.170150 0.000000
vt -1.298778 0.330374 0.000000
vt -0.791361 0.330374 0.000000
vt -1.548778 0.340339 0.000000
vt -1.298778 0.450464 0.000000
vt -1.548778 0.510509 0.000000
vt -1.298778 0.570554 0.000000
vt -0.668958 -0.162500 0.000000
vt -0.569365 -0.105000 0.000000
vt -0.712500 -0.000000 0.000000
vt -0.597500 -0.000000 0.000000
vt -0.569365 0.105000 0.000000
vt -0.492500 -0.181865 0.000000
vt -0.550000 -0.281458 0.000000
vt -0.387500 -0.210000 0.000000
vt -0.387500 -0.325000 0.000000
vt -0.225000 -0.281458 0.000000
vt -0.282500 -0.181865 0.000000
vt -0.106042 -0.162500 0.000000
vt -0.205635 -0.105000 0.000000
vt -0.177500 -0.000000 0.000000
vt -0.062500 0.000000 0.000000
vt -0.205635 0.105000 0.000000
vt -0.106042 0.162500 0.000000
vt -0.282500 0.181865 0.000000
vt -0.225000 0.281458 0.000000
vt -0.387500 0.210000 0.000000
vt -0.387500 0.325000 0.000000
vt -0.550000 0.281458 0.000000
vt -0.492500 0.181865 0.000000
vt -0.668958 0.162500 0.000000
vt 1.312990 -20.559665 0.000000
vt 1.396651 -20.533022 0.000000
vt 1.227656 -20.545192 0.000000
vt 1.156214 -20.494295 0.000000
vt 1.460547 -20.474403 0.000000
vt 1.109604 -20.420048 0.000000
vt 1.499600 -20.394483 0.000000
vt 1.090569 -20.333304 0.000000
vt 1.509936 -20.307677 0.000000
vt 1.100262 -20.246517 0.000000
vt 1.491451 -20.220929 0.000000
vt 1.139200 -20.166602 0.000000
vt 1.444745 -20.146782 0.000000
vt 1.203471 -20.108445 0.000000
vt 1.372906 -20.096469 0.000000
vt 1.287406 -20.082316 0.000000
vt -0.020000 0.000552 0.000000
vt -0.381325 0.000552 0.000000
vt -0.020000 -0.208613 0.000000
vt -0.381325 -0.208613 0.000000
vt 0.490177 -0.208613 0.000000
vt 0.490177 -0.028234 0.000000
vt 0.020000 -0.208613 0.000000
vt 0.020000 0.127613 0.000000
vt 0.477380 0.053754 0.000000
vt 0.439660 0.127613 0.000000
vt -0.336156 0.171053 0.000000
vt -0.293031 0.059704 0.000000
vt -0.302662 0.133146 0.000000
vt -0.258472 0.108529 0.000000
vt -0.208613 0.100000 0.000000
vt -0.293031 -0.059704 0.000000
vt -0.208613 -0.100000 0.000000
vt -0.258472 -0.108529 0.000000
vt -0.302662 -0.133146 0.000000
vt -0.336156 -0.171053 0.000000
vt 0.000552 0.100000 0.000000
vt 0.127613 -0.100000 0.000000
vt 0.057370 0.111177 0.000000
vt 0.199770 0.093017 0.000000
vt 0.105720 0.143043 0.000000
vt 0.138397 0.190849 0.000000
vt 0.158524 0.247335 0.000000
vt 0.150531 0.247470 0.000000
vt 0.153426 0.264965 0.000000
vt 0.147926 0.282474 0.000000
vt 0.238295 -0.062002 0.000000
vt 0.193020 -0.115011 0.000000
vt 0.245335 -0.157040 0.000000
vt 0.274089 -0.217675 0.000000
vt 0.142026 0.299852 0.000000
vt -0.381325 -0.000552 0.000000
vt -0.020000 -0.000552 0.000000
vt -0.381325 0.208613 0.000000
vt -0.020000 0.208613 0.000000
vt 0.439660 -0.127613 0.000000
vt 0.477380 -0.053754 0.000000
vt 0.020000 -0.127613 0.000000
vt 0.490177 0.028234 0.000000
vt 0.020000 0.208613 0.000000
vt 0.490177 0.208613 0.000000
vt 0.199770 -0.093017 0.000000
vt 0.138397 -0.190849 0.000000
vt 0.158524 -0.247335 0.000000
vt 0.150531 -0.247470 0.000000
vt 0.153426 -0.264965 0.000000
vt 0.147926 -0.282474 0.000000
vt 0.142026 -0.299852 0.000000
vt 0.238295 0.062002 0.000000
vt 0.127613 0.100000 0.000000
vt 0.057370 -0.111177 0.000000
vt 0.105720 -0.143043 0.000000
vt 0.274089 0.217675 0.000000
vt 0.245335 0.157040 0.000000
vt 0.193020 0.115011 0.000000
vt 0.000552 -0.100000 0.000000
vt -0.208613 0.100000 0.000000
vt -0.208613 -0.100000 0.000000
vt -0.293031 -0.059704 0.000000
vt -0.258472 -0.108529 0.000000
vt -0.302662 -0.133146 0.000000
vt -0.336156 -0.171053 0.000000
vt -0.293031 0.059704 0.000000
vt -0.258472 0.108529 0.000000
vt -0.302662 0.133146 0.000000
vt -0.336156 0.171053 0.000000
vt 16.343873 -0.235619 0.000000
vt 16.341125 -0.197283 0.000000
vt 15.982548 -0.235619 0.000000
vt 15.982548 -0.177347 0.000000
vt 16.333038 -0.158699 0.000000
vt 15.982548 -0.119075 0.000000
vt 16.305397 -0.086610 0.000000
vt 15.982548 -0.060803 0.000000
vt 16.267858 -0.016608 0.000000
vt 15.982548 -0.002531 0.000000
vt 16.228978 0.050819 0.000000
vt 15.982548 0.050819 0.000000
vt 1.298778 0.152480 0.000000
vt 0.977587 0.152480 0.000000
vt 1.298778 0.101653 0.000000
vt 0.948838 0.078880 0.000000
vt 1.298778 0.050827 0.000000
vt 0.940340 0.039332 0.000000
vt 1.298778 0.000000 0.000000
vt 0.937453 0.000000 0.000000
vt 16.343873 -0.235619 0.000000
vt 15.982548 -0.235619 0.000000
vt 16.341113 -0.274061 0.000000
vt 15.982548 -0.293892 0.000000
vt 16.332975 -0.312761 0.000000
vt 15.982548 -0.352164 0.000000
vt 16.305294 -0.384845 0.000000
vt 15.982548 -0.410436 0.000000
vt 16.267800 -0.454732 0.000000
vt 15.982548 -0.468708 0.000000
vt 16.228978 -0.522058 0.000000
vt 15.982548 -0.522058 0.000000
vt 0.937453 0.000000 0.000000
vt 0.940335 -0.039283 0.000000
vt 1.298778 0.000000 0.000000
vt 1.298778 -0.050827 0.000000
vt 0.948806 -0.078774 0.000000
vt 1.298778 -0.101653 0.000000
vt 0.977587 -0.152480 0.000000
vt 1.298778 -0.152480 0.000000
vt 15.462548 -0.101909 0.000000
vt 15.462548 -0.161700 0.000000
vt 16.177505 -0.101909 0.000000
vt 16.892463 -0.161700 0.000000
vt 16.754596 -0.063713 0.000000
vt 16.177505 -0.042118 0.000000
vt 16.606379 0.017673 0.000000
vt 15.462548 0.017673 0.000000
vt 15.462548 -0.042118 0.000000
vt 15.982548 0.032581 0.000000
vt 16.209665 0.032581 0.000000
vt 15.982548 0.100260 0.000000
vt 16.310619 0.130121 0.000000
vt 15.982548 0.167940 0.000000
vt 16.358239 0.181284 0.000000
vt 15.982548 0.235619 0.000000
vt 16.402208 0.235620 0.000000
vt 0.828601 -0.471239 0.000000
vt 0.825902 -0.510352 0.000000
vt 1.298778 -0.471239 0.000000
vt 1.298778 -0.522066 0.000000
vt 0.817977 -0.549785 0.000000
vt 1.298778 -0.572892 0.000000
vt 0.791361 -0.623719 0.000000
vt 1.298778 -0.623719 0.000000
vt 1.298778 -0.318759 0.000000
vt 0.791361 -0.318759 0.000000
vt 1.298778 -0.369585 0.000000
vt 0.818001 -0.392779 0.000000
vt 1.298778 -0.420412 0.000000
vt 0.825905 -0.432165 0.000000
vt 1.298778 -0.471239 0.000000
vt 0.828601 -0.471239 0.000000
vt 16.402208 0.235619 0.000000
vt 16.358239 0.289954 0.000000
vt 15.982548 0.235619 0.000000
vt 15.982548 0.303299 0.000000
vt 16.310619 0.341118 0.000000
vt 15.982548 0.370978 0.000000
vt 16.209665 0.438658 0.000000
vt 15.982548 0.438658 0.000000
vt -2.111269 -0.399534 0.000000
vt -0.667249 -0.399534 0.000000
vt -2.111269 -0.344896 0.000000
vt -0.604531 -0.323392 0.000000
vt -2.111269 -0.290258 0.000000
vt -0.580114 -0.280679 0.000000
vt -2.111269 -0.235619 0.000000
vt -0.560101 -0.235619 0.000000
vt -16.999950 -0.471239 0.000000
vt -16.979802 -0.515778 0.000000
vt -15.462548 -0.471239 0.000000
vt -15.462548 -0.525139 0.000000
vt -16.955250 -0.557937 0.000000
vt -15.462548 -0.579039 0.000000
vt -16.892463 -0.632939 0.000000
vt -15.462548 -0.632939 0.000000
vt 15.462548 0.278855 0.000000
vt 15.462548 0.218515 0.000000
vt 16.184558 0.278855 0.000000
vt 16.619602 0.218515 0.000000
vt 16.768449 0.300553 0.000000
vt 16.184558 0.339194 0.000000
vt 16.906568 0.399534 0.000000
vt 15.462548 0.399534 0.000000
vt 15.462548 0.339194 0.000000
vt -15.512548 0.431586 0.000000
vt -15.760235 0.392444 0.000000
vt -15.485977 0.369633 0.000000
vt -15.760235 0.353302 0.000000
vt -15.512548 0.314159 0.000000
vt -15.760235 0.314159 0.000000
vt -15.760235 0.431586 0.000000
vt -0.000000 0.077347 0.000000
vt 0.021993 0.058103 0.000000
vt -0.000000 0.116206 0.000000
vt 0.043110 0.077354 0.000000
vt 0.043110 0.116206 0.000000
vt -0.000000 0.038859 0.000000
vt 0.043110 0.000000 0.000000
vt 0.043110 0.038852 0.000000
vt -0.000000 0.000000 0.000000
vt 0.513247 0.000000 0.000000
vt 0.513247 0.022860 0.000000
vt 0.385836 0.000008 0.000000
vt 0.343001 0.034184 0.000000
vt 0.258243 -0.000000 0.000000
vt 0.261400 0.034184 0.000000
vt 0.129239 0.000017 0.000000
vt 0.077741 0.034184 0.000000
vt -0.002093 0.034184 0.000000
vt 0.513247 0.045515 0.000000
vt 0.513247 0.068376 0.000000
vt 0.259077 0.068371 0.000000
vt -0.002093 0.068371 0.000000
vt -15.512548 0.314159 0.000000
vt -15.760235 0.275017 0.000000
vt -15.485977 0.258685 0.000000
vt -15.760235 0.235875 0.000000
vt -15.512548 0.196732 0.000000
vt -15.760235 0.196732 0.000000
vt -15.760235 0.314159 0.000000
vt 0.042957 0.038859 0.000000
vt 0.021184 0.058103 0.000000
vt 0.042957 0.000000 0.000000
vt -0.000000 0.038852 0.000000
vt -0.000000 0.000000 0.000000
vt 0.042957 0.077347 0.000000
vt -0.000000 0.116206 0.000000
vt -0.000000 0.077354 0.000000
vt 0.042957 0.116206 0.000000
vt 0.513247 0.068376 0.000000
vt 0.385836 0.068367 0.000000
vt 0.513247 0.045515 0.000000
vt 0.343001 0.034191 0.000000
vt 0.513247 0.022860 0.000000
vt 0.513247 0.000000 0.000000
vt 0.259077 0.000007 0.000000
vt 0.261400 0.034191 0.000000
vt 0.077741 0.034191 0.000000
vt 0.129239 0.068358 0.000000
vt -0.002093 0.068358 0.000000
vt 0.258243 0.068376 0.000000
vt -0.002093 0.034191 0.000000
vt -4.472146 0.089904 0.000000
vt -4.472617 -0.000000 0.000000
vt -3.925271 0.118107 0.000000
vt -3.476744 -0.000037 0.000000
vt -3.791461 0.120163 0.000000
vt -3.478766 0.120163 0.000000
vt -3.834630 0.153296 0.000000
vt -3.770355 0.226615 0.000000
vt -3.478766 0.240362 0.000000
vt -3.661680 0.357353 0.000000
vt -3.478766 0.360568 0.000000
vt -3.534186 0.480774 0.000000
vt -2.780352 0.360568 0.000000
vt -2.535576 0.480758 0.000000
vt -2.500366 0.329236 0.000000
vt -2.780352 0.240362 0.000000
vt -2.490974 0.256492 0.000000
vt -2.492315 0.183538 0.000000
vt -2.780352 0.120163 0.000000
vt -2.495217 0.094481 0.000000
vt -2.484916 0.000000 0.000000
vt -3.877477 0.129380 0.000000
vt -3.058257 0.094481 0.000000
vt -3.068559 0.000000 0.000000
vt -2.376643 0.120163 0.000000
vt -2.076606 -0.000037 0.000000
vt -2.074583 0.120163 0.000000
vt -1.589598 0.115083 0.000000
vt -1.637851 0.126335 0.000000
vt -1.080608 -0.000000 0.000000
vt -1.081079 0.089904 0.000000
vt -1.681055 0.150505 0.000000
vt -1.745405 0.224814 0.000000
vt -2.074583 0.240364 0.000000
vt -1.853885 0.356554 0.000000
vt -2.074583 0.360573 0.000000
vt -1.981798 0.480781 0.000000
vt -2.376643 0.360573 0.000000
vt -3.017893 0.480758 0.000000
vt -3.053107 0.329236 0.000000
vt -2.376643 0.240364 0.000000
vt -3.062500 0.256492 0.000000
vt -3.061159 0.183538 0.000000
vt 1.006553 0.000000 0.000000
vt 1.083163 0.000003 0.000000
vt 1.049978 0.006757 0.000000
vt 1.083203 0.000385 0.000000
vt 1.084268 0.008215 0.000000
vt 1.049978 0.013513 0.000000
vt 1.085589 0.014974 0.000000
vt 1.049978 0.020270 0.000000
vt 1.087067 0.021124 0.000000
vt 1.049978 0.027015 0.000000
vt 1.088588 0.027005 0.000000
vt 1.090020 0.032910 0.000000
vt 1.049978 0.033783 0.000000
vt 1.091225 0.039137 0.000000
vt 1.049978 0.040539 0.000000
vt 1.092062 0.046027 0.000000
vt 1.049978 0.047296 0.000000
vt 1.092422 0.054052 0.000000
vt 1.006553 0.054052 0.000000
vt 1.006553 0.041925 0.000000
vt 1.006553 0.031803 0.000000
vt 1.006553 0.022249 0.000000
vt 1.006553 0.012127 0.000000
vt 0.000000 0.000000 0.000000
vt 0.012907 0.000000 0.000000
vt 0.006454 0.006751 0.000000
vt 0.012907 0.012117 0.000000
vt 0.006454 0.013502 0.000000
vt 0.006454 0.020253 0.000000
vt 0.000000 0.012117 0.000000
vt 0.000000 0.022231 0.000000
vt 0.006454 0.027004 0.000000
vt 0.000000 0.031777 0.000000
vt 0.006454 0.033755 0.000000
vt 0.000000 0.041891 0.000000
vt 0.006454 0.040506 0.000000
vt 0.006454 0.047258 0.000000
vt 0.012907 0.041891 0.000000
vt 0.012907 0.054009 0.000000
vt 0.012907 0.022231 0.000000
vt 0.012907 0.031777 0.000000
vt 0.000000 0.054009 0.000000
vt -0.514444 -0.012356 0.000000
vt -0.710883 -0.012356 0.000000
vt -0.514444 -0.021857 0.000000
vt -0.907322 -0.012356 0.000000
vt -1.103761 -0.012356 0.000000
vt -1.103761 -0.002855 0.000000
vt -1.300200 -0.002855 0.000000
vt -1.300200 0.006646 0.000000
vt -1.496639 0.006646 0.000000
vt -1.496639 0.016148 0.000000
vt -1.693078 0.016148 0.000000
vt -2.085956 0.025649 0.000000
vt -1.889517 0.016148 0.000000
vt -2.085956 0.016148 0.000000
vt -1.889517 0.006646 0.000000
vt -2.085956 0.006646 0.000000
vt -1.889517 -0.002855 0.000000
vt -2.085956 -0.002855 0.000000
vt -1.889517 -0.012356 0.000000
vt -2.085956 -0.012356 0.000000
vt -2.085956 -0.021857 0.000000
vt -0.710883 -0.002855 0.000000
vt -0.514444 -0.002855 0.000000
vt -0.710883 0.006646 0.000000
vt -0.514444 0.006646 0.000000
vt -0.710883 0.016148 0.000000
vt -0.514444 0.016148 0.000000
vt -0.514444 0.025649 0.000000
vt -1.300200 0.016148 0.000000
vt -1.103761 0.016148 0.000000
vt -0.907322 0.016148 0.000000
vt -0.907322 0.006646 0.000000
vt -1.300200 -0.012356 0.000000
vt -1.496639 -0.012356 0.000000
vt -1.693078 -0.012356 0.000000
vt -1.693078 -0.002855 0.000000
vt -0.907322 -0.002855 0.000000
vt -1.496639 -0.002855 0.000000
vt -1.103761 0.006646 0.000000
vt -1.693078 0.006646 0.000000
vt -0.000000 0.000000 0.000000
vt 0.012907 0.000000 0.000000
vt 0.006455 0.006751 0.000000
vt 0.012907 0.012117 0.000000
vt 0.006455 0.013502 0.000000
vt 0.006455 0.020253 0.000000
vt -0.000000 0.012117 0.000000
vt -0.000000 0.022231 0.000000
vt 0.006455 0.027004 0.000000
vt -0.000000 0.031777 0.000000
vt 0.006455 0.033755 0.000000
vt -0.000000 0.041891 0.000000
vt 0.006455 0.040506 0.000000
vt 0.006455 0.047258 0.000000
vt 0.012907 0.041891 0.000000
vt 0.012907 0.054009 0.000000
vt 0.012907 0.022231 0.000000
vt 0.012907 0.031777 0.000000
vt -0.000000 0.054009 0.000000
vt 1.083163 0.054049 0.000000
vt 1.006553 0.054052 0.000000
vt 1.049978 0.047296 0.000000
vt 1.006553 0.041925 0.000000
vt 1.049978 0.040539 0.000000
vt 1.049978 0.033783 0.000000
vt 1.085589 0.039078 0.000000
vt 1.087067 0.032928 0.000000
vt 1.049978 0.027037 0.000000
vt 1.088588 0.027047 0.000000
vt 1.090020 0.021142 0.000000
vt 1.049978 0.020270 0.000000
vt 1.091225 0.014915 0.000000
vt 1.049978 0.013513 0.000000
vt 1.092062 0.008026 0.000000
vt 1.049978 0.006757 0.000000
vt 1.092422 0.000000 0.000000
vt 1.006553 0.000000 0.000000
vt 1.006553 0.012127 0.000000
vt 1.006553 0.031803 0.000000
vt 1.006553 0.022249 0.000000
vt 1.084268 0.045837 0.000000
vt 1.083203 0.053667 0.000000
vn -0.037838 0.092565 0.000000
vn -0.044935 0.089335 0.000000
vn -0.046783 0.088382 0.000000
vn -0.046059 0.088761 0.000000
vn -0.046578 0.088490 0.000000
vn -0.028440 0.095871 0.000000
vn -0.028440 0.095871 0.000000
vn -0.037838 0.092565 0.000000
vn -0.044492 0.089557 0.000000
vn -0.044604 0.089501 0.000000
vn -0.044935 0.089335 0.000000
vn -0.046783 0.088382 0.000000
vn -0.046059 0.088761 0.000000
vn -0.046578 0.088490 0.000000
vn -0.046731 0.088409 0.000000
vn -0.046783 0.088382 0.000000
vn -0.028438 0.095871 0.000000
vn -0.028438 0.095871 0.000000
vn -0.044604 0.089501 0.000000
vn -0.046731 0.088409 0.000000
vn -0.046783 0.088382 0.000000
vn -0.011755 0.000000 0.099307
vn -0.011755 0.000000 0.099307
vn -0.016774 0.000000 0.098583
vn -0.021550 0.000000 0.097650
vn -0.021750 0.000000 0.097606
vn -0.023264 0.000000 0.097256
vn -0.024971 0.000000 0.096832
vn -0.021550 0.000000 0.097650
vn -0.026670 0.000000 0.096378
vn -0.026670 0.000000 0.096378
vn -0.054929 0.083563 0.000000
vn -0.054929 0.083563 0.000000
vn -0.053145 0.084709 0.000000
vn -0.053145 0.084709 0.000000
vn -0.051111 0.085952 0.000000
vn -0.050997 0.086019 0.000000
vn -0.050855 0.086103 0.000000
vn -0.050663 0.086217 0.000000
vn -0.050178 0.086499 0.000000
vn -0.049543 0.086865 0.000000
vn -0.049513 0.086882 0.000000
vn -0.049026 0.087158 0.000000
vn -0.049016 0.087163 0.000000
vn -0.048872 0.087244 0.000000
vn -0.048869 0.087246 0.000000
vn -0.048819 0.087273 0.000000
vn -0.048819 0.087273 0.000000
vn -0.050997 0.086019 0.000000
vn -0.050855 0.086103 0.000000
vn -0.050663 0.086217 0.000000
vn -0.050179 0.086499 0.000000
vn -0.049543 0.086865 0.000000
vn -0.049515 0.086881 0.000000
vn -0.049026 0.087158 0.000000
vn -0.049017 0.087163 0.000000
vn -0.048872 0.087244 0.000000
vn -0.048870 0.087245 0.000000
vn -0.048819 0.087273 0.000000
vn -0.048819 0.087273 0.000000
vn -0.098208 0.000000 -0.018849
vn -0.094451 0.000000 -0.032849
vn -0.098208 0.000000 -0.018849
vn -0.094451 0.000000 -0.032849
vn -0.090413 0.000000 -0.042726
vn -0.090507 0.000000 -0.042526
vn -0.078444 0.000000 -0.062020
vn -0.083262 0.000000 -0.055385
vn -0.059343 0.000000 -0.080489
vn -0.040997 0.000000 -0.091210
vn -0.042896 0.000000 -0.090332
vn -0.024958 0.000000 -0.096835
vn 0.005693 0.000000 -0.099838
vn -0.007558 0.000000 -0.099714
vn 0.005693 0.000000 -0.099838
vn -0.078444 0.000000 -0.062020
vn -0.083082 0.000000 -0.055654
vn -0.059075 0.000000 -0.080686
vn -0.040997 0.000000 -0.091210
vn -0.042751 0.000000 -0.090401
vn -0.024854 0.000000 -0.096862
vn 0.005693 0.000000 -0.099838
vn -0.007512 0.000000 -0.099717
vn 0.005693 0.000000 -0.099838
vn 0.006069 0.000000 -0.099816
vn 0.006194 0.000000 -0.099808
vn 0.012761 0.000000 -0.099182
vn 0.016490 0.000000 -0.098631
vn 0.019766 0.000000 -0.098027
vn 0.026670 0.000000 -0.096378
vn 0.026670 0.000000 -0.096378
vn 0.006069 0.000000 -0.099816
vn 0.005693 0.000000 0.099838
vn 0.005693 0.000000 0.099838
vn -0.007558 0.000000 0.099714
vn -0.024958 0.000000 0.096835
vn -0.040997 0.000000 0.091210
vn -0.042896 0.000000 0.090332
vn -0.059343 0.000000 0.080489
vn -0.078444 0.000000 0.062020
vn -0.083262 0.000000 0.055385
vn -0.090507 0.000000 0.042526
vn -0.098208 0.000000 0.018849
vn -0.094451 0.000000 0.032849
vn -0.098208 0.000000 0.018849
vn -0.094451 0.000000 0.032849
vn -0.090413 0.000000 0.042726
vn -0.078444 0.000000 0.062020
vn -0.083082 0.000000 0.055654
vn -0.059075 0.000000 0.080686
vn -0.040997 0.000000 0.091210
vn -0.042751 0.000000 0.090401
vn -0.024854 0.000000 0.096862
vn 0.005693 0.000000 0.099838
vn -0.007512 0.000000 0.099717
vn 0.005693 0.000000 0.099838
vn 0.026670 0.000000 0.096378
vn 0.019766 0.000000 0.098027
vn 0.026670 0.000000 0.096378
vn 0.016490 0.000000 0.098631
vn 0.012761 0.000000 0.099182
vn 0.006194 0.000000 0.099808
vn 0.006069 0.000000 0.099816
vn 0.006069 0.000000 0.099816
vn -0.000000 0.100000 0.000000
vn -0.000000 0.100000 0.000000
vn -0.000000 0.100000 0.000000
vn -0.000000 0.100000 0.000000
vn -0.000000 0.100000 0.000000
vn -0.000000 0.100000 0.000000
vn -0.000000 0.100000 0.000000
vn -0.000000 0.100000 0.000000
vn -0.000000 0.100000 0.000000
vn -0.000000 0.100000 0.000000
vn -0.000000 0.100000 0.000000
vn -0.000000 0.100000 0.000000
vn -0.000000 0.100000 0.000000
vn -0.000000 0.100000 0.000000
vn -0.000000 0.100000 0.000000
vn -0.000000 0.100000 0.000000
vn -0.000000 0.100000 0.000000
vn -0.000000 0.100000 0.000000
vn -0.000000 0.100000 0.000000
vn -0.000000 0.100000 0.000000
vn -0.000000 0.100000 0.000000
vn -0.000000 0.100000 0.000000
vn -0.000000 0.100000 0.000000
vn -0.000000 0.100000 0.000000
vn -0.000000 0.100000 0.000000
vn -0.000000 0.100000 0.000000
vn -0.000000 0.100000 0.000000
vn -0.000000 0.100000 0.000000
vn -0.000000 0.100000 0.000000
vn -0.000000 0.100000 0.000000
vn -0.000000 0.100000 0.000000
vn -0.000000 0.100000 0.000000
vn -0.000000 0.100000 0.000000
vn -0.000000 0.100000 0.000000
vn -0.000000 0.100000 0.000000
vn -0.000000 0.100000 0.000000
vn -0.000000 0.100000 0.000000
vn -0.000000 0.100000 0.000000
vn -0.000000 0.100000 0.000000
vn -0.000000 0.100000 0.000000
vn -0.000000 0.100000 0.000000
vn -0.000000 0.100000 0.000000
vn -0.000000 0.100000 0.000000
vn -0.000000 0.100000 0.000000
vn -0.000000 0.100000 0.000000
vn -0.000000 0.100000 0.000000
vn -0.021550 0.000000 -0.097650
vn -0.016525 0.000000 -0.098625
vn -0.021550 0.000000 -0.097650
vn -0.021627 0.000000 -0.097633
vn -0.023264 0.000000 -0.097256
vn -0.024971 0.000000 -0.096832
vn -0.026670 0.000000 -0.096378
vn -0.026670 0.000000 -0.096378
vn -0.011378 0.000000 -0.099351
vn -0.011378 0.000000 -0.099351
vn 0.100000 0.000000 0.000000
vn 0.100000 0.000000 0.000000
vn 0.100000 0.000000 0.000000
vn 0.100000 0.000000 0.000000
vn 0.100000 0.000000 0.000000
vn 0.100000 0.000000 0.000000
vn 0.053622 -0.084408 0.000000
vn 0.053622 -0.084408 0.000000
vn 0.051173 -0.085915 0.000000
vn 0.051173 -0.085915 0.000000
vn 0.041774 -0.090857 0.000000
vn 0.031780 -0.094816 0.000000
vn 0.031780 -0.094816 0.000000
vn 0.041774 -0.090857 0.000000
vn 0.048631 0.000000 -0.087378
vn 0.058501 0.000000 -0.081103
vn 0.067853 0.000000 -0.073457
vn 0.083253 0.000000 -0.055398
vn 0.083253 0.000000 -0.055398
vn 0.048631 0.000000 0.087378
vn 0.058434 0.000000 0.081151
vn 0.067853 0.000000 0.073457
vn 0.083253 0.000000 0.055398
vn 0.083253 0.000000 0.055398
vn -0.100000 0.000000 0.000000
vn -0.100000 0.000000 0.000000
vn -0.100000 0.000000 0.000000
vn -0.100000 0.000000 0.000000
vn -0.028874 0.000000 0.095741
vn -0.031062 0.000000 0.095053
vn -0.033235 0.000000 0.094316
vn -0.048631 0.000000 0.087378
vn -0.033235 0.000000 0.094316
vn -0.061359 0.000000 0.078962
vn -0.067853 0.000000 0.073457
vn -0.083253 0.000000 0.055398
vn -0.083253 0.000000 0.055398
vn -0.083253 0.000000 -0.055398
vn -0.083253 0.000000 -0.055398
vn -0.067853 0.000000 -0.073457
vn -0.061359 0.000000 -0.078962
vn -0.048631 0.000000 -0.087378
vn -0.033235 0.000000 -0.094316
vn -0.033235 0.000000 -0.094316
vn -0.031062 0.000000 -0.095053
vn -0.028874 0.000000 -0.095741
vn -0.000000 -0.000000 -0.100000
vn -0.000000 -0.000000 -0.100000
vn -0.000000 -0.000000 -0.100000
vn -0.000000 -0.000000 -0.100000
vn -0.000000 -0.000000 -0.100000
vn -0.000000 -0.000000 -0.100000
vn -0.000000 -0.000000 -0.100000
vn -0.000000 -0.000000 -0.100000
vn -0.000000 -0.000000 -0.100000
vn -0.000000 -0.000000 -0.100000
vn -0.000000 -0.000000 -0.100000
vn -0.000000 -0.000000 -0.100000
vn -0.000000 -0.000000 -0.100000
vn -0.000000 -0.000000 -0.100000
vn -0.000000 -0.000000 -0.100000
vn -0.000000 -0.000000 -0.100000
vn -0.000000 -0.000000 -0.100000
vn -0.000000 -0.000000 -0.100000
vn -0.000000 -0.000000 -0.100000
vn -0.000000 -0.000000 -0.100000
vn -0.000000 -0.000000 -0.100000
vn -0.000000 -0.000000 -0.100000
vn -0.000000 -0.000000 -0.100000
vn -0.000000 -0.000000 -0.100000
vn -0.000000 -0.000000 -0.100000
vn -0.000000 -0.000000 -0.100000
vn -0.000000 -0.000000 -0.100000
vn -0.000000 -0.000000 -0.100000
vn -0.000000 -0.000000 -0.100000
vn -0.000000 -0.000000 -0.100000
vn -0.000000 -0.000000 -0.100000
vn -0.000000 -0.000000 -0.100000
vn -0.000000 -0.000000 0.100000
vn -0.000000 -0.000000 0.100000
vn -0.000000 -0.000000 0.100000
vn -0.000000 -0.000000 0.100000
vn -0.000000 -0.000000 0.100000
vn -0.000000 -0.000000 0.100000
vn -0.000000 -0.000000 0.100000
vn -0.000000 -0.000000 0.100000
vn -0.000000 -0.000000 0.100000
vn -0.000000 -0.000000 0.100000
vn -0.000000 -0.000000 0.100000
vn -0.000000 -0.000000 0.100000
vn -0.000000 -0.000000 0.100000
vn -0.000000 -0.000000 0.100000
vn -0.000000 -0.000000 0.100000
vn -0.000000 -0.000000 0.100000
vn -0.000000 -0.000000 0.100000
vn -0.000000 -0.000000 0.100000
vn -0.000000 -0.000000 0.100000
vn -0.000000 -0.000000 0.100000
vn -0.000000 -0.000000 0.100000
vn -0.000000 -0.000000 0.100000
vn -0.000000 -0.000000 0.100000
vn -0.000000 -0.000000 0.100000
vn -0.000000 -0.000000 0.100000
vn -0.000000 -0.000000 0.100000
vn -0.000000 -0.000000 0.100000
vn -0.000000 -0.000000 0.100000
vn -0.000000 -0.000000 0.100000
vn -0.000000 -0.000000 0.100000
vn -0.000000 -0.000000 0.100000
vn -0.000000 -0.000000 0.100000
vn 0.086603 0.050000 0.000000
vn 0.086603 0.050000 0.000000
vn 0.100000 -0.000000 0.000000
vn 0.100000 -0.000000 0.000000
vn 0.086603 -0.050000 0.000000
vn 0.086603 -0.050000 0.000000
vn 0.050000 -0.086603 0.000000
vn 0.050000 -0.086603 0.000000
vn 0.000000 -0.100000 0.000000
vn 0.000000 -0.100000 0.000000
vn -0.050000 -0.086603 0.000000
vn -0.050000 -0.086603 0.000000
vn -0.086603 -0.050000 0.000000
vn -0.086603 -0.050000 0.000000
vn -0.100000 -0.000000 0.000000
vn -0.100000 -0.000000 0.000000
vn -0.086603 0.050000 0.000000
vn -0.086603 0.050000 0.000000
vn -0.050000 0.086603 0.000000
vn -0.050000 0.086603 0.000000
vn 0.000000 0.100000 0.000000
vn 0.000000 0.100000 0.000000
vn 0.050000 0.086603 0.000000
vn 0.050000 0.086603 0.000000
vn 0.000000 0.000000 0.100000
vn 0.000000 0.000000 0.100000
vn 0.000000 0.000000 0.100000
vn 0.000000 0.000000 0.100000
vn 0.000000 0.000000 0.100000
vn 0.000000 0.000000 0.100000
vn 0.000000 0.000000 0.100000
vn 0.000000 0.000000 0.100000
vn 0.000000 0.000000 0.100000
vn 0.000000 0.000000 0.100000
vn 0.000000 0.000000 0.100000
vn 0.000000 0.000000 0.100000
vn 0.000000 0.000000 0.100000
vn 0.000000 0.000000 0.100000
vn 0.000000 0.000000 0.100000
vn 0.000000 0.000000 0.100000
vn 0.000000 0.000000 0.100000
vn 0.000000 0.000000 0.100000
vn 0.000000 0.000000 0.100000
vn 0.000000 0.000000 0.100000
vn 0.000000 0.000000 0.100000
vn 0.000000 0.000000 0.100000
vn 0.000000 0.000000 0.100000
vn 0.000000 0.000000 0.100000
vn 0.000000 0.000000 0.100000
vn 0.099001 0.014097 0.000000
vn 0.091658 0.039985 0.000000
vn 0.080122 0.059837 0.000000
vn 0.078326 0.062170 0.000000
vn 0.041624 0.090925 0.000000
vn 0.034678 0.093795 0.000000
vn 0.005000 0.099875 0.000000
vn -0.007066 0.099750 0.000000
vn -0.027547 0.096131 0.000000
vn -0.054026 0.084150 0.000000
vn -0.059088 0.080676 0.000000
vn -0.083078 0.055660 0.000000
vn -0.087757 0.047945 0.000000
vn -0.095767 0.028787 0.000000
vn -0.100000 0.000000 0.000000
vn -0.100000 -0.000000 0.000000
vn -0.095767 -0.028787 0.000000
vn -0.087757 -0.047945 0.000000
vn -0.083078 -0.055660 0.000000
vn -0.054026 -0.084150 0.000000
vn -0.059004 -0.080738 0.000000
vn -0.027359 -0.096185 0.000000
vn -0.007066 -0.099750 0.000000
vn 0.005264 -0.099861 0.000000
vn 0.041624 -0.090925 0.000000
vn 0.035167 -0.093612 0.000000
vn 0.078644 -0.061766 0.000000
vn 0.080122 -0.059837 0.000000
vn 0.091831 -0.039585 0.000000
vn 0.099001 -0.014097 0.000000
vn -0.086603 -0.050000 0.000000
vn -0.086603 -0.050000 0.000000
vn -0.100000 0.000000 0.000000
vn -0.100000 0.000000 0.000000
vn -0.086603 0.050000 0.000000
vn -0.086603 0.050000 0.000000
vn -0.050000 0.086603 0.000000
vn -0.050000 0.086603 0.000000
vn -0.000000 0.100000 0.000000
vn -0.000000 0.100000 0.000000
vn 0.050000 0.086603 0.000000
vn 0.050000 0.086603 0.000000
vn 0.086603 0.050000 0.000000
vn 0.086603 0.050000 0.000000
vn 0.100000 0.000000 0.000000
vn 0.100000 0.000000 0.000000
vn 0.086603 -0.050000 0.000000
vn 0.086603 -0.050000 0.000000
vn 0.050000 -0.086603 0.000000
vn 0.050000 -0.086603 0.000000
vn -0.000000 -0.100000 0.000000
vn -0.000000 -0.100000 0.000000
vn -0.050000 -0.086603 0.000000
vn -0.050000 -0.086603 0.000000
vn 0.000000 0.000000 -0.100000
vn 0.000000 0.000000 -0.100000
vn 0.000000 0.000000 -0.100000
vn 0.000000 0.000000 -0.100000
vn 0.000000 0.000000 -0.100000
vn 0.000000 0.000000 -0.100000
vn 0.000000 0.000000 -0.100000
vn 0.000000 0.000000 -0.100000
vn 0.000000 0.000000 -0.100000
vn 0.000000 0.000000 -0.100000
vn 0.000000 0.000000 -0.100000
vn 0.000000 0.000000 -0.100000
vn 0.000000 0.000000 -0.100000
vn 0.000000 0.000000 -0.100000
vn 0.000000 0.000000 -0.100000
vn 0.000000 0.000000 -0.100000
vn 0.000000 0.000000 -0.100000
vn 0.000000 0.000000 -0.100000
vn 0.000000 0.000000 -0.100000
vn 0.000000 0.000000 -0.100000
vn 0.000000 0.000000 -0.100000
vn 0.000000 0.000000 -0.100000
vn 0.000000 0.000000 -0.100000
vn 0.000000 0.000000 -0.100000
vn 0.000000 0.000000 -0.100000
vn 0.099001 -0.014097 0.000000
vn 0.091831 -0.039585 0.000000
vn 0.080122 -0.059837 0.000000
vn 0.078644 -0.061766 0.000000
vn 0.041624 -0.090925 0.000000
vn 0.035167 -0.093612 0.000000
vn -0.007066 -0.099750 0.000000
vn 0.005264 -0.099861 0.000000
vn -0.027359 -0.096185 0.000000
vn -0.054026 -0.084150 0.000000
vn -0.059004 -0.080738 0.000000
vn -0.083078 -0.055660 0.000000
vn -0.087757 -0.047945 0.000000
vn -0.095767 -0.028787 0.000000
vn -0.100000 0.000000 0.000000
vn -0.100000 -0.000000 0.000000
vn -0.095767 0.028787 0.000000
vn -0.087757 0.047945 0.000000
vn -0.083078 0.055660 0.000000
vn -0.054026 0.084150 0.000000
vn -0.059088 0.080676 0.000000
vn -0.027547 0.096131 0.000000
vn -0.007066 0.099750 0.000000
vn 0.005000 0.099875 0.000000
vn 0.041624 0.090925 0.000000
vn 0.034678 0.093795 0.000000
vn 0.078326 0.062170 0.000000
vn 0.080122 0.059837 0.000000
vn 0.091658 0.039985 0.000000
vn 0.099001 0.014097 0.000000
vn 0.005626 -0.099842 0.000000
vn 0.005626 -0.099842 0.000000
vn -0.020926 -0.097786 0.000000
vn -0.045995 -0.088795 0.000000
vn -0.045995 -0.088795 0.000000
vn -0.020926 -0.097786 0.000000
vn -0.081633 -0.028879 0.050020
vn -0.091894 -0.034645 0.018849
vn -0.081633 -0.050020 0.028879
vn -0.073764 -0.064835 0.018849
vn -0.050457 -0.074770 0.043169
vn -0.047285 -0.086075 0.018849
vn -0.046149 -0.086689 0.018849
vn -0.046102 -0.086714 0.018849
vn -0.010256 -0.086146 0.049736
vn -0.050457 -0.043169 0.074770
vn -0.010256 -0.049736 0.086146
vn 0.020623 -0.046920 0.085868
vn 0.030150 -0.081549 0.049405
vn -0.045950 -0.088781 0.002546
vn -0.045950 -0.088781 -0.002546
vn -0.046102 -0.086714 -0.018849
vn -0.010256 -0.086146 -0.049736
vn -0.050457 -0.074770 -0.043169
vn -0.010256 -0.049736 -0.086146
vn -0.050457 -0.043169 -0.074770
vn -0.081633 -0.028879 -0.050020
vn -0.091894 -0.034645 -0.018849
vn -0.081633 -0.050020 -0.028879
vn -0.073764 -0.064835 -0.018849
vn -0.047195 -0.086124 -0.018849
vn -0.046149 -0.086689 -0.018849
vn 0.020623 -0.046920 -0.085868
vn 0.030150 -0.081549 -0.049405
vn 0.016480 0.000025 0.098633
vn 0.029222 -0.032344 0.089999
vn 0.020623 -0.046920 0.085868
vn 0.039213 -0.062381 0.067609
vn 0.030150 -0.081549 0.049405
vn 0.043309 -0.083040 0.035052
vn 0.041769 -0.090859 -0.000037
vn 0.054578 -0.070842 0.044750
vn 0.045751 -0.039892 0.079470
vn 0.041769 -0.090859 0.000037
vn 0.043583 -0.082913 -0.035013
vn 0.030150 -0.081549 -0.049405
vn 0.039510 -0.062270 -0.067538
vn 0.020623 -0.046920 -0.085868
vn 0.029509 -0.032284 -0.089927
vn 0.016480 0.000025 -0.098633
vn 0.045751 -0.039892 -0.079470
vn 0.054578 -0.070842 -0.044750
vn 0.053621 -0.084408 0.000002
vn 0.063692 -0.072656 0.025778
vn 0.057944 -0.075374 0.031003
vn 0.054578 -0.070842 0.044750
vn 0.057534 -0.055440 0.060135
vn 0.045751 -0.039892 0.079470
vn 0.049954 -0.028596 0.081773
vn 0.058459 0.000015 0.081133
vn 0.066611 -0.026912 0.069561
vn 0.073301 -0.026283 0.062738
vn 0.073058 -0.051351 0.045008
vn 0.077136 -0.054990 0.032033
vn 0.065926 -0.071577 0.023033
vn 0.084242 -0.010076 0.052932
vn 0.083254 0.000001 0.055396
vn 0.068693 -0.052490 0.050260
vn 0.045751 -0.039892 -0.079470
vn 0.049988 -0.028593 -0.081753
vn 0.058525 0.000014 -0.081085
vn 0.066623 -0.026911 -0.069549
vn 0.073308 -0.026283 -0.062730
vn 0.068701 -0.052488 -0.050251
vn 0.073062 -0.051350 -0.045001
vn 0.063696 -0.072654 -0.025773
vn 0.065928 -0.071576 -0.023030
vn 0.053621 -0.084408 -0.000002
vn 0.077136 -0.054990 -0.032033
vn 0.083254 0.000001 -0.055396
vn 0.084242 -0.010076 -0.052932
vn 0.057956 -0.075369 -0.030994
vn 0.057557 -0.055434 -0.060118
vn 0.054578 -0.070842 -0.044750
vn 0.096774 -0.025194 0.000000
vn 0.096774 -0.025194 0.000000
vn 0.087451 -0.048501 0.000000
vn 0.087451 -0.048501 0.000000
vn 0.072762 -0.068599 0.000000
vn 0.072762 -0.068599 0.000000
vn 0.053622 -0.084408 0.000000
vn 0.053622 -0.084408 0.000000
vn -0.037167 0.092523 0.007625
vn -0.039222 0.086603 0.031010
vn -0.020498 0.086603 0.045605
vn -0.067935 0.050000 0.053711
vn -0.035504 0.050000 0.078990
vn -0.069029 0.071050 0.013669
vn -0.090581 0.038573 0.017526
vn 0.004930 0.050000 0.086462
vn 0.002847 0.086603 0.049919
vn -0.000000 0.100000 -0.000000
vn 0.000000 0.100000 0.000000
vn 0.005499 0.086603 0.049697
vn 0.002847 0.086603 0.049919
vn 0.009525 0.050000 0.086077
vn 0.014093 0.050000 0.085448
vn 0.018622 0.050000 0.084577
vn 0.023097 0.050000 0.083466
vn 0.013335 0.086603 0.048189
vn 0.010751 0.086603 0.048830
vn 0.008137 0.086603 0.049333
vn 0.000000 0.100000 0.000000
vn 0.023097 0.050000 0.083466
vn 0.052930 0.050000 0.068545
vn 0.030559 0.086603 0.039575
vn 0.073275 0.053141 0.042507
vn 0.041772 0.087489 0.024511
vn 0.000545 0.099998 0.000325
vn 0.013335 0.086603 0.048189
vn -0.000000 0.100000 -0.000000
vn 0.000635 0.099998 0.000000
vn 0.000635 0.099998 0.000000
vn 0.048432 0.087489 0.000000
vn 0.050000 0.086603 0.000000
vn 0.084711 0.053141 0.000000
vn 0.086603 0.050000 0.000000
vn 0.084711 0.053141 0.000000
vn 0.048432 0.087489 0.000000
vn 0.000545 0.099998 -0.000325
vn 0.041772 0.087489 -0.024511
vn 0.030559 0.086603 -0.039575
vn 0.073275 0.053141 -0.042507
vn 0.052930 0.050000 -0.068545
vn 0.023097 0.050000 -0.083466
vn 0.013335 0.086603 -0.048189
vn 0.000000 0.100000 -0.000000
vn 0.010751 0.086603 -0.048830
vn 0.013335 0.086603 -0.048189
vn 0.023097 0.050000 -0.083466
vn 0.018622 0.050000 -0.084577
vn 0.014093 0.050000 -0.085448
vn 0.009525 0.050000 -0.086077
vn 0.004930 0.050000 -0.086462
vn 0.002847 0.086603 -0.049919
vn 0.005499 0.086603 -0.049697
vn 0.008137 0.086603 -0.049333
vn -0.000000 0.100000 0.000000
vn 0.002847 0.086603 -0.049919
vn -0.020498 0.086603 -0.045605
vn -0.039222 0.086603 -0.031010
vn -0.037167 0.092523 -0.007625
vn -0.069029 0.071050 -0.013669
vn -0.067935 0.050000 -0.053711
vn -0.090581 0.038573 -0.017526
vn -0.035504 0.050000 -0.078990
vn 0.000000 0.100000 0.000000
vn -0.086603 -0.000000 0.050000
vn -0.099814 -0.000000 0.006090
vn -0.100000 -0.000000 0.000000
vn -0.093844 -0.000000 -0.034545
vn -0.086603 -0.000000 -0.050000
vn -0.072793 -0.000000 -0.068565
vn -0.050000 -0.000000 -0.086603
vn -0.041980 -0.000000 -0.090762
vn -0.000000 -0.000000 -0.100000
vn -0.005813 -0.000000 -0.099831
vn 0.030550 0.000000 -0.095219
vn -0.050000 -0.000000 0.086603
vn -0.064560 -0.000000 0.076368
vn -0.088826 -0.000000 0.045935
vn -0.031341 -0.000000 0.094962
vn -0.000000 -0.000000 0.100000
vn 0.004906 0.000000 0.099880
vn 0.041300 0.000000 0.091073
vn 0.050000 0.000000 0.086603
vn 0.072542 0.000000 0.068831
vn 0.086603 0.000000 0.050000
vn 0.093815 0.000000 0.034623
vn 0.100000 0.000000 -0.000000
vn 0.099814 0.000000 -0.006093
vn 0.088757 0.000000 -0.046068
vn 0.086603 0.000000 -0.050000
vn 0.064189 0.000000 -0.076679
vn 0.050000 0.000000 -0.086603
vn 0.052632 0.000000 0.085029
vn 0.086484 0.000000 0.050205
vn 0.052632 0.000000 0.085029
vn 0.086603 0.000000 0.050000
vn 0.050000 0.000000 0.086603
vn 0.096575 0.000000 0.025947
vn 0.100000 0.000000 0.000000
vn 0.100000 0.000000 0.000000
vn 0.096575 0.000000 -0.025947
vn 0.086603 0.000000 -0.050000
vn 0.086484 0.000000 -0.050205
vn 0.052632 0.000000 -0.085029
vn 0.052632 0.000000 -0.085029
vn 0.050000 0.000000 -0.086603
vn 0.018370 0.000000 -0.098298
vn 0.000000 0.000000 -0.100000
vn -0.018370 -0.000000 -0.098298
vn -0.050000 -0.000000 -0.086603
vn -0.052632 -0.000000 -0.085029
vn -0.086603 -0.000000 -0.050000
vn -0.052632 -0.000000 -0.085029
vn -0.086606 -0.000000 -0.049995
vn -0.096625 -0.000000 -0.025759
vn -0.100000 -0.000000 0.000000
vn -0.100000 -0.000000 0.000000
vn -0.096625 -0.000000 0.025759
vn -0.086603 -0.000000 0.050000
vn -0.086606 -0.000000 0.049995
vn -0.052632 -0.000000 0.085029
vn -0.052632 -0.000000 0.085029
vn -0.050000 -0.000000 0.086603
vn -0.018370 -0.000000 0.098298
vn 0.000000 0.000000 0.100000
vn 0.018370 0.000000 0.098298
vn -0.000000 0.100000 -0.000000
vn -0.000000 0.100000 -0.000000
vn -0.000000 0.100000 -0.000000
vn -0.000000 0.100000 -0.000000
vn -0.000000 0.100000 -0.000000
vn -0.000000 0.100000 -0.000000
vn -0.000000 0.100000 -0.000000
vn -0.000000 0.100000 -0.000000
vn -0.000000 0.100000 -0.000000
vn -0.000000 0.100000 -0.000000
vn -0.000000 0.100000 -0.000000
vn -0.000000 0.100000 -0.000000
vn -0.000000 0.100000 -0.000000
vn -0.000000 0.100000 -0.000000
vn -0.000000 0.100000 -0.000000
vn -0.000000 0.100000 -0.000000
vn -0.000000 0.100000 -0.000000
vn -0.000000 0.100000 -0.000000
vn -0.000000 0.100000 -0.000000
vn -0.000000 0.100000 -0.000000
vn -0.000000 0.100000 -0.000000
vn -0.000000 0.100000 -0.000000
vn -0.000000 0.100000 -0.000000
vn -0.000000 0.100000 -0.000000
vn -0.049936 0.086640 0.000000
vn -0.049700 0.086775 0.000000
vn -0.049808 0.086713 0.000000
vn -0.049358 0.086970 0.000000
vn -0.049182 0.087070 0.000000
vn -0.048699 0.087341 0.000000
vn -0.048471 0.087467 0.000000
vn -0.047925 0.087768 0.000000
vn -0.047696 0.087892 0.000000
vn -0.047148 0.088188 0.000000
vn -0.046918 0.088310 0.000000
vn -0.046429 0.088568 0.000000
vn -0.046250 0.088662 0.000000
vn -0.045903 0.088842 0.000000
vn -0.045795 0.088898 0.000000
vn -0.045667 0.088964 0.000000
vn 0.100000 0.000000 0.000000
vn 0.100000 0.000000 0.000000
vn 0.100000 0.000000 0.000000
vn 0.100000 0.000000 0.000000
vn -0.100000 -0.000000 0.000000
vn -0.100000 -0.000000 0.000000
vn -0.100000 -0.000000 0.000000
vn -0.100000 -0.000000 0.000000
vn -0.100000 -0.000000 0.000000
vn -0.100000 -0.000000 0.000000
vn -0.000000 0.100000 0.000000
vn -0.000000 0.100000 0.000000
vn -0.000000 0.100000 0.000000
vn -0.000000 0.100000 0.000000
vn -0.000000 0.100000 0.000000
vn -0.000000 0.100000 0.000000
vn -0.000000 0.100000 0.000000
vn -0.000000 0.100000 0.000000
vn -0.000000 0.100000 0.000000
vn -0.000000 0.100000 0.000000
vn -0.000000 0.100000 0.000000
vn -0.000000 0.100000 0.000000
vn -0.000000 0.100000 0.000000
vn -0.000000 0.100000 0.000000
vn -0.000000 0.100000 0.000000
vn -0.000000 0.100000 0.000000
vn -0.000000 0.100000 0.000000
vn -0.000000 0.100000 0.000000
vn -0.000000 0.100000 0.000000
vn -0.000000 0.100000 0.000000
vn -0.000000 0.100000 0.000000
vn -0.000000 0.100000 0.000000
vn -0.000000 0.100000 0.000000
vn -0.000000 0.100000 0.000000
vn -0.000000 0.100000 0.000000
vn 0.100000 0.000000 0.000000
vn 0.100000 0.000000 0.000000
vn 0.100000 0.000000 0.000000
vn 0.100000 0.000000 0.000000
vn -0.100000 -0.000000 -0.000000
vn -0.100000 -0.000000 -0.000000
vn -0.100000 -0.000000 -0.000000
vn -0.100000 -0.000000 -0.000000
vn -0.100000 -0.000000 -0.000000
vn -0.100000 -0.000000 -0.000000
vn -0.000000 0.100000 0.000000
vn -0.000000 0.100000 0.000000
vn -0.000000 0.100000 0.000000
vn -0.000000 0.100000 0.000000
vn -0.000000 0.100000 0.000000
vn -0.000000 0.100000 0.000000
vn -0.000000 0.100000 0.000000
vn -0.000000 0.100000 0.000000
vn -0.000000 0.100000 0.000000
vn -0.000000 0.100000 0.000000
vn -0.000000 0.100000 0.000000
vn -0.000000 0.100000 0.000000
vn -0.000000 0.100000 0.000000
vn -0.000000 0.100000 0.000000
vn -0.000000 0.100000 0.000000
vn -0.000000 0.100000 0.000000
vn -0.000000 0.100000 0.000000
vn -0.000000 0.100000 0.000000
vn -0.000000 0.100000 0.000000
vn -0.000000 0.100000 0.000000
vn -0.000000 0.100000 0.000000
vn -0.000000 0.100000 0.000000
vn -0.000000 0.100000 0.000000
vn -0.000000 0.100000 0.000000
vn -0.000000 0.100000 0.000000
vn 0.096752 0.000000 0.025280
vn 0.092549 0.000000 0.037878
vn 0.087137 0.000000 0.049062
vn 0.071305 0.000000 0.070112
vn 0.054585 0.000000 0.083788
vn 0.039434 0.000000 0.091896
vn 0.011049 0.000000 0.099388
vn 0.001687 0.000000 0.099986
vn 0.077902 0.000000 -0.062699
vn 0.086489 0.000000 -0.050196
vn 0.094314 0.000000 -0.033240
vn 0.096582 0.000000 -0.025922
vn 0.096734 0.000000 -0.025348
vn 0.092549 0.000000 -0.037878
vn 0.087065 0.000000 -0.049191
vn 0.071305 0.000000 -0.070112
vn 0.054464 0.000000 -0.083867
vn 0.039434 0.000000 -0.091896
vn 0.010983 0.000000 -0.099395
vn 0.001687 0.000000 -0.099986
vn 0.096590 0.000000 0.025890
vn 0.094314 0.000000 0.033240
vn 0.086524 0.000000 0.050135
vn 0.077902 0.000000 0.062699
vn 0.062832 0.000000 0.077795
vn 0.088101 0.000000 0.047309
vn 0.062832 0.000000 0.077795
vn 0.088101 0.000000 0.047309
vn 0.041209 0.000000 0.091114
vn 0.027711 0.000000 0.096084
vn 0.027711 0.000000 0.096084
vn -0.021550 0.000000 0.097650
vn -0.061973 0.000000 0.078481
vn -0.076270 0.000000 0.064676
vn -0.089993 0.000000 0.043604
vn -0.093511 0.000000 0.035436
vn -0.100000 0.000000 -0.000000
vn -0.096620 -0.000000 -0.025781
vn -0.094314 -0.000000 -0.033240
vn -0.086600 -0.000000 -0.050004
vn -0.077902 -0.000000 -0.062699
vn -0.077902 -0.000000 0.062699
vn -0.086629 -0.000000 0.049954
vn -0.094314 -0.000000 0.033240
vn -0.096626 -0.000000 0.025756
vn -0.100000 0.000000 0.000000
vn -0.093511 0.000000 -0.035436
vn -0.089993 0.000000 -0.043604
vn -0.076270 0.000000 -0.064676
vn -0.061973 0.000000 -0.078481
vn -0.021550 0.000000 -0.097650
vn 0.088790 0.000000 -0.046004
vn 0.088790 0.000000 -0.046004
vn 0.066576 0.000000 -0.074617
vn 0.055232 0.000000 -0.083363
vn 0.035625 0.000000 -0.093439
vn 0.029590 0.000000 -0.095522
vn 0.029259 0.000000 0.095624
vn 0.035165 0.000000 0.093613
vn 0.054634 0.000000 0.083756
vn 0.065838 0.000000 0.075268
vn 0.028426 0.000000 -0.095875
vn 0.028426 0.000000 -0.095875
vn 0.041949 0.000000 -0.090776
vn 0.063692 0.000000 -0.077093
vn 0.063692 0.000000 -0.077093
vn 0.092437 0.000000 0.038150
vn 0.096178 0.000000 0.027383
vn 0.098091 0.000000 0.019446
vn 0.098091 0.000000 0.019446
vn 0.095870 -0.002672 0.028316
vn 0.098206 -0.003526 0.018523
vn 0.092437 0.000000 0.038150
vn 0.084239 -0.010078 0.052935
vn 0.092889 -0.006926 0.036382
vn 0.083253 0.000000 0.055398
vn 0.098206 -0.003526 0.018523
vn 0.096767 -0.025222 0.000012
vn 0.090114 -0.038131 0.020628
vn 0.087490 -0.048430 0.000026
vn 0.083821 -0.052007 0.016413
vn 0.072732 -0.068630 0.000056
vn 0.063942 -0.076697 0.005381
vn 0.053622 -0.084408 0.000000
vn 0.092889 -0.006926 0.036382
vn 0.084239 -0.010078 0.052935
vn 0.077172 -0.054925 0.032059
vn 0.053622 -0.084408 0.000000
vn 0.098091 0.000000 -0.019446
vn 0.096178 0.000000 -0.027383
vn 0.092437 0.000000 -0.038150
vn 0.083253 0.000000 -0.055398
vn 0.092437 0.000000 -0.038150
vn 0.095869 -0.002655 -0.028321
vn 0.083253 -0.000000 -0.055398
vn 0.092889 -0.006926 -0.036382
vn 0.084239 -0.010078 -0.052935
vn 0.098091 0.000000 -0.019446
vn 0.098206 -0.003526 -0.018523
vn 0.096767 -0.025222 -0.000012
vn 0.098206 -0.003526 -0.018523
vn 0.090114 -0.038131 -0.020628
vn 0.092889 -0.006926 -0.036382
vn 0.084239 -0.010078 -0.052935
vn 0.077172 -0.054925 -0.032058
vn 0.083821 -0.052007 -0.016413
vn 0.063942 -0.076697 -0.005381
vn 0.072732 -0.068630 -0.000056
vn 0.053622 -0.084408 -0.000000
vn 0.087490 -0.048430 -0.000026
vn 0.053622 -0.084408 -0.000000
vn -0.027900 0.092054 0.027344
vn -0.028439 0.095871 -0.000000
vn -0.033894 0.087108 0.035543
vn -0.037858 0.092557 -0.000013
vn -0.035454 0.086292 0.036010
vn -0.039119 0.084863 0.035608
vn -0.034159 0.082012 0.045905
vn -0.031769 0.068196 0.065880
vn -0.034681 0.063978 0.068586
vn -0.022964 0.034522 0.090999
vn -0.024889 0.033218 0.090979
vn -0.011769 -0.000010 0.099305
vn -0.032942 0.031575 0.088982
vn -0.021542 0.000005 0.097652
vn -0.039176 0.038827 0.083413
vn -0.043014 0.060918 0.066624
vn -0.045245 0.056058 0.069356
vn -0.048818 0.070467 0.051490
vn -0.046796 0.081352 0.034525
vn -0.049618 0.082617 0.026691
vn -0.046781 0.088383 0.000001
vn -0.034248 0.085530 0.038881
vn -0.049618 0.082617 -0.026691
vn -0.046781 0.088383 -0.000001
vn -0.042527 0.083395 -0.035168
vn -0.037858 0.092557 0.000013
vn -0.039119 0.084863 -0.035609
vn -0.033489 0.087616 -0.034668
vn -0.033853 0.086076 -0.038012
vn -0.028439 0.095871 0.000000
vn -0.027900 0.092054 -0.027344
vn -0.033776 0.082592 -0.045142
vn -0.031385 0.068734 -0.065503
vn -0.034681 0.063978 -0.068586
vn -0.022573 0.034829 -0.090980
vn -0.024888 0.033216 -0.090979
vn -0.011389 -0.000012 -0.099349
vn -0.028459 0.032525 -0.090179
vn -0.021542 0.000005 -0.097652
vn -0.039176 0.038827 -0.083413
vn -0.038391 0.062694 -0.067790
vn -0.045245 0.056058 -0.069356
vn -0.048818 0.070467 -0.051490
vn -0.045950 -0.088781 0.002546
vn -0.046112 -0.086703 0.018875
vn -0.066439 -0.074125 0.009560
vn -0.047276 -0.086118 0.018674
vn -0.070880 -0.069268 0.013339
vn -0.084846 -0.052563 0.006194
vn -0.088215 -0.046614 0.006728
vn -0.097107 -0.023805 0.001896
vn -0.097942 -0.020173 -0.000664
vn -0.099552 0.009020 -0.002831
vn -0.099347 0.007873 -0.008255
vn -0.092286 0.035302 -0.015396
vn -0.090943 0.040947 -0.007258
vn -0.077172 0.059891 -0.021393
vn -0.073466 0.066993 -0.010708
vn -0.055098 0.079442 -0.025557
vn -0.051307 0.084857 -0.012917
vn -0.027901 0.092053 -0.027347
vn -0.028440 0.095871 0.000000
vn -0.069111 0.072255 0.001679
vn -0.094477 0.032638 0.002987
vn -0.098919 -0.014208 0.003633
vn -0.081454 -0.057907 0.003474
vn -0.045995 -0.088795 -0.000000
vn -0.045950 -0.088781 0.002546
vn -0.066538 -0.074634 0.001562
vn -0.081454 -0.057907 0.003474
vn -0.084906 -0.052800 0.001771
vn -0.097127 -0.023728 0.001834
vn -0.081515 -0.057925 0.000000
vn -0.098983 -0.014226 0.000000
vn -0.099536 0.009469 0.001703
vn -0.094529 0.032623 0.000000
vn -0.090918 0.041617 0.001384
vn -0.069140 0.072248 0.000000
vn -0.073441 0.067864 0.000939
vn -0.051291 0.085843 0.000455
vn -0.069111 0.072255 0.001679
vn -0.028440 0.095871 0.000000
vn -0.098919 -0.014208 0.003633
vn -0.094477 0.032638 0.002987
vn -0.028438 0.095871 0.000000
vn -0.081515 -0.057925 0.000000
vn -0.081515 -0.057925 0.000000
vn -0.045995 -0.088795 0.000000
vn -0.081515 -0.057925 0.000000
vn -0.081515 -0.057925 0.000000
vn -0.098983 -0.014226 0.000000
vn -0.098983 -0.014226 0.000000
vn -0.094529 0.032623 -0.000000
vn -0.094529 0.032623 -0.000000
vn -0.069140 0.072248 -0.000000
vn -0.069140 0.072248 -0.000000
vn -0.028438 0.095871 -0.000000
vn -0.069140 0.072248 -0.000000
vn -0.069140 0.072248 -0.000000
vn -0.094529 0.032623 -0.000000
vn -0.094529 0.032623 -0.000000
vn -0.098983 -0.014226 0.000000
vn -0.098983 -0.014226 0.000000
vn -0.081515 -0.057925 0.000000
vn -0.081515 -0.057925 0.000000
vn -0.045995 -0.088795 0.000000
vn -0.098983 -0.014226 0.000000
vn -0.098983 -0.014226 0.000000
vn -0.094529 0.032623 -0.000000
vn -0.094529 0.032623 -0.000000
vn -0.069140 0.072248 -0.000000
vn -0.069140 0.072248 -0.000000
vn -0.028438 0.095871 -0.000000
vn -0.069140 0.072248 -0.000000
vn -0.069140 0.072248 -0.000000
vn -0.069140 0.072248 -0.000000
vn -0.094529 0.032623 -0.000000
vn -0.081515 -0.057925 0.000000
vn -0.081515 -0.057925 0.000000
vn -0.081515 -0.057925 0.000000
vn -0.098983 -0.014226 0.000000
vn -0.098983 -0.014226 0.000000
vn -0.098983 -0.014226 0.000000
vn -0.094529 0.032623 -0.000000
vn -0.094529 0.032623 -0.000000
vn -0.045950 -0.088781 -0.002546
vn -0.045995 -0.088795 0.000000
vn -0.066538 -0.074634 -0.001561
vn -0.081515 -0.057925 -0.000000
vn -0.084906 -0.052800 -0.001770
vn -0.097127 -0.023728 -0.001834
vn -0.081454 -0.057907 -0.003474
vn -0.098919 -0.014208 -0.003633
vn -0.099536 0.009469 -0.001703
vn -0.094477 0.032638 -0.002987
vn -0.090918 0.041617 -0.001383
vn -0.069111 0.072255 -0.001679
vn -0.073441 0.067864 -0.000939
vn -0.051291 0.085843 -0.000455
vn -0.069140 0.072248 -0.000000
vn -0.028438 0.095871 -0.000000
vn -0.098983 -0.014226 -0.000000
vn -0.094529 0.032623 -0.000000
vn -0.028440 0.095871 -0.000000
vn -0.046112 -0.086703 -0.018875
vn -0.045950 -0.088781 -0.002546
vn -0.066439 -0.074125 -0.009560
vn -0.081454 -0.057907 -0.003474
vn -0.084846 -0.052563 -0.006194
vn -0.097107 -0.023805 -0.001896
vn -0.088215 -0.046614 -0.006728
vn -0.097942 -0.020174 0.000663
vn -0.099552 0.009020 0.002831
vn -0.099347 0.007873 0.008255
vn -0.092286 0.035302 0.015396
vn -0.090943 0.040947 0.007258
vn -0.077172 0.059891 0.021393
vn -0.073466 0.066993 0.010708
vn -0.055098 0.079442 0.025557
vn -0.051307 0.084857 0.012917
vn -0.027901 0.092053 0.027347
vn -0.028440 0.095871 0.000000
vn -0.069111 0.072255 -0.001679
vn -0.098919 -0.014208 -0.003633
vn -0.094477 0.032638 -0.002987
vn -0.070880 -0.069268 -0.013339
vn -0.047276 -0.086118 -0.018674
usemtl Opaque(230,230,230)
f 2/1/1 17/2/2 1/3/3
f 1/3/3 17/2/2 18/4/4
f 1/3/3 18/4/4 19/5/5
f 3/6/6 6/7/7 2/1/1
f 2/1/1 6/7/7 7/8/8
f 2/1/1 7/8/8 15/9/9
f 15/9/9 7/8/8 14/10/10
f 14/10/10 7/8/8 13/11/11
f 13/11/11 7/8/8 8/12/12
f 13/11/11 8/12/12 12/13/13
f 12/13/13 8/12/12 11/14/14
f 11/14/14 8/12/12 10/15/15
f 10/15/15 8/12/12 9/16/16
f 4/17/17 5/18/18 3/6/6
f 3/6/6 5/18/18 6/7/7
f 15/9/9 16/19/19 2/1/1
f 2/1/1 16/19/19 17/2/2
f 19/5/5 20/20/20 1/3/3
f 1/3/3 20/20/20 21/21/21
f 22/22/22 23/23/23 31/24/24
f 31/24/24 23/23/23 25/25/25
f 31/24/24 25/25/25 30/26/26
f 30/26/26 25/25/25 26/27/27
f 30/26/26 26/27/27 27/28/28
f 23/23/23 24/29/29 25/25/25
f 28/30/30 29/31/31 27/28/28
f 27/28/28 29/31/31 30/26/26
f 60/32/32 32/33/33 59/34/34
f 59/34/34 32/33/33 33/35/35
f 59/34/34 33/35/35 46/36/36
f 46/36/36 33/35/35 45/37/37
f 45/37/37 33/35/35 34/38/38
f 45/37/37 34/38/38 44/39/39
f 44/39/39 34/38/38 35/40/40
f 44/39/39 35/40/40 43/41/41
f 43/41/41 35/40/40 36/42/42
f 43/41/41 36/42/42 42/43/43
f 42/43/43 36/42/42 37/44/44
f 42/43/43 37/44/44 41/45/45
f 41/45/45 37/44/44 38/46/46
f 41/45/45 38/46/46 39/47/47
f 39/47/47 40/48/48 41/45/45
f 46/36/36 47/49/49 59/34/34
f 59/34/34 47/49/49 58/50/50
f 58/50/50 47/49/49 48/51/51
f 58/50/50 48/51/51 57/52/52
f 57/52/52 48/51/51 49/53/53
f 57/52/52 49/53/53 56/54/54
f 56/54/54 49/53/53 50/55/55
f 56/54/54 50/55/55 55/56/56
f 55/56/56 50/55/55 51/57/57
f 55/56/56 51/57/57 54/58/58
f 54/58/58 51/57/57 53/59/59
f 53/59/59 51/57/57 52/60/60
f 62/61/61 73/62/62 61/63/63
f 61/63/63 73/62/62 74/64/64
f 61/63/63 74/64/64 75/65/65
f 73/62/62 62/61/61 72/66/66
f 72/66/66 62/61/61 63/67/67
f 72/66/66 63/67/67 71/68/68
f 71/68/68 63/67/67 70/69/69
f 70/69/69 63/67/67 64/70/70
f 70/69/69 64/70/70 69/71/71
f 69/71/71 64/70/70 68/72/72
f 68/72/72 64/70/70 65/73/73
f 68/72/72 65/73/73 67/74/74
f 67/74/74 65/73/73 66/75/75
f 61/63/63 75/65/65 84/76/76
f 84/76/76 75/65/65 76/77/77
f 84/76/76 76/77/77 77/78/78
f 84/76/76 77/78/78 83/79/79
f 83/79/79 77/78/78 78/80/80
f 83/79/79 78/80/80 79/81/81
f 83/79/79 79/81/81 82/82/82
f 82/82/82 79/81/81 80/83/83
f 82/82/82 80/83/83 81/84/84
f 66/85/75 65/86/73 92/87/85
f 92/87/85 65/86/73 91/88/86
f 91/88/86 65/86/73 85/89/87
f 91/88/86 85/89/87 82/90/82
f 82/90/82 85/89/87 89/91/88
f 89/91/88 85/89/87 86/92/89
f 89/91/88 86/92/89 88/93/90
f 88/93/90 86/92/89 87/94/91
f 81/95/84 90/96/92 82/90/82
f 82/90/82 90/96/92 91/88/86
f 93/97/93 94/98/94 116/99/95
f 116/99/95 94/98/94 115/100/96
f 115/100/96 94/98/94 95/101/97
f 115/100/96 95/101/97 114/102/98
f 114/102/98 95/101/97 113/103/99
f 113/103/99 95/101/97 96/104/100
f 113/103/99 96/104/100 112/105/101
f 112/105/101 96/104/100 111/106/102
f 111/106/102 96/104/100 97/107/103
f 111/106/102 97/107/103 110/108/104
f 110/108/104 97/107/103 98/109/105
f 110/108/104 98/109/105 109/110/106
f 109/110/106 98/109/105 108/111/107
f 108/111/107 98/109/105 99/112/108
f 108/111/107 99/112/108 107/113/109
f 107/113/109 99/112/108 106/114/110
f 106/114/110 99/112/108 100/115/111
f 106/114/110 100/115/111 105/116/112
f 105/116/112 100/115/111 104/117/113
f 104/117/113 100/115/111 101/118/114
f 104/117/113 101/118/114 103/119/115
f 103/119/115 101/118/114 102/120/116
f 118/121/117 119/122/118 117/123/119
f 117/123/119 119/122/118 124/124/120
f 124/124/120 119/122/118 120/125/121
f 124/124/120 120/125/121 122/126/122
f 122/126/122 120/125/121 121/127/123
f 121/127/123 120/125/121 93/128/93
f 93/128/93 120/125/121 94/129/94
f 122/126/122 123/130/124 124/124/120
f 124/124/120 123/130/124 101/131/114
f 101/131/114 123/130/124 102/132/116
f 125/133/125 126/134/126 166/135/127
f 166/135/127 126/134/126 165/136/128
f 165/136/128 126/134/126 164/137/129
f 164/137/129 126/134/126 129/138/130
f 164/137/129 129/138/130 130/139/131
f 127/140/132 128/141/133 126/134/126
f 126/134/126 128/141/133 129/138/130
f 130/139/131 131/142/134 164/137/129
f 164/137/129 131/142/134 163/143/135
f 163/143/135 131/142/134 22/144/136
f 163/143/135 22/144/136 31/145/137
f 163/143/135 31/145/137 162/146/138
f 162/146/138 31/145/137 30/147/139
f 162/146/138 30/147/139 161/148/140
f 161/148/140 30/147/139 29/149/141
f 161/148/140 29/149/141 160/150/142
f 160/150/142 29/149/141 132/151/143
f 160/150/142 132/151/143 159/152/144
f 159/152/144 132/151/143 133/153/145
f 159/152/144 133/153/145 134/154/146
f 159/152/144 134/154/146 158/155/147
f 158/155/147 134/154/146 135/156/148
f 158/155/147 135/156/148 157/157/149
f 157/157/149 135/156/148 156/158/150
f 156/158/150 135/156/148 136/159/151
f 156/158/150 136/159/151 137/160/152
f 156/158/150 137/160/152 155/161/153
f 155/161/153 137/160/152 138/162/154
f 155/161/153 138/162/154 154/163/155
f 154/163/155 138/162/154 139/164/156
f 154/163/155 139/164/156 153/165/157
f 153/165/157 139/164/156 140/166/158
f 153/165/157 140/166/158 152/167/159
f 152/167/159 140/166/158 141/168/160
f 152/167/159 141/168/160 142/169/161
f 152/167/159 142/169/161 151/170/162
f 151/170/162 142/169/161 143/171/163
f 151/170/162 143/171/163 144/172/164
f 151/170/162 144/172/164 147/173/165
f 147/173/165 144/172/164 145/174/166
f 147/173/165 145/174/166 146/175/167
f 148/176/168 149/177/169 147/173/165
f 147/173/165 149/177/169 150/178/170
f 147/173/165 150/178/170 151/170/162
f 168/179/171 140/180/172 167/181/173
f 167/181/173 140/180/172 139/182/174
f 167/181/173 139/182/174 172/183/175
f 172/183/175 139/182/174 171/184/176
f 171/184/176 139/182/174 138/185/177
f 171/184/176 138/185/177 170/186/178
f 168/179/171 169/187/179 140/180/172
f 140/180/172 169/187/179 141/188/180
f 173/189/181 174/190/182 178/191/183
f 178/191/183 174/190/182 175/192/184
f 178/191/183 175/192/184 177/193/185
f 177/193/185 175/192/184 176/194/186
f 180/195/187 181/196/188 179/197/189
f 179/197/189 181/196/188 182/198/190
f 179/197/189 182/198/190 183/199/191
f 184/200/192 185/201/193 183/199/191
f 183/199/191 185/201/193 186/202/194
f 183/199/191 186/202/194 179/197/189
f 87/203/91 187/204/195 88/205/90
f 88/205/90 187/204/195 191/206/196
f 191/206/196 187/204/195 188/207/197
f 191/206/196 188/207/197 190/208/198
f 190/208/198 188/207/197 189/209/199
f 118/210/117 117/211/119 196/212/200
f 196/212/200 117/211/119 192/213/201
f 196/212/200 192/213/201 195/214/202
f 195/214/202 192/213/201 193/215/203
f 195/214/202 193/215/203 194/216/204
f 32/217/205 60/218/206 134/219/207
f 134/219/207 60/218/206 135/220/208
f 28/221/30 197/222/209 29/223/31
f 29/223/31 197/222/209 198/224/210
f 29/223/31 198/224/210 199/225/211
f 29/223/31 199/225/211 132/226/212
f 132/226/212 199/225/211 34/227/213
f 132/226/212 34/227/213 33/228/214
f 132/226/212 33/228/214 133/229/215
f 133/229/215 33/228/214 32/230/216
f 133/229/215 32/230/216 134/231/217
f 135/232/218 60/233/219 136/234/220
f 136/234/220 60/233/219 59/235/221
f 136/234/220 59/235/221 137/236/222
f 137/236/222 59/235/221 58/237/223
f 137/236/222 58/237/223 200/238/224
f 137/236/222 200/238/224 138/239/177
f 138/239/177 200/238/224 201/240/225
f 138/239/177 201/240/225 202/241/226
f 202/241/226 170/242/178 138/239/177
f 204/243/227 213/244/228 203/245/229
f 203/245/229 213/244/228 227/246/230
f 203/245/229 227/246/230 228/247/231
f 204/243/227 205/248/232 213/244/228
f 213/244/228 205/248/232 206/249/233
f 213/244/228 206/249/233 207/250/234
f 207/250/234 208/251/235 213/244/228
f 213/244/228 208/251/235 209/252/236
f 213/244/228 209/252/236 212/253/237
f 212/253/237 209/252/236 210/254/238
f 212/253/237 210/254/238 211/255/239
f 213/244/228 214/256/240 227/246/230
f 227/246/230 214/256/240 98/257/241
f 227/246/230 98/257/241 226/258/242
f 226/258/242 98/257/241 225/259/243
f 225/259/243 98/257/241 97/260/244
f 225/259/243 97/260/244 224/261/245
f 224/261/245 97/260/244 148/262/246
f 224/261/245 148/262/246 223/263/247
f 223/263/247 148/262/246 222/264/248
f 222/264/248 148/262/246 221/265/249
f 221/265/249 148/262/246 147/266/250
f 221/265/249 147/266/250 220/267/251
f 220/267/251 147/266/250 219/268/252
f 219/268/252 147/266/250 218/269/253
f 219/268/252 218/269/253 230/270/254
f 230/270/254 218/269/253 229/271/255
f 229/271/255 218/269/253 203/245/229
f 229/271/255 203/245/229 228/247/231
f 215/272/256 216/273/257 97/260/244
f 97/260/244 216/273/257 217/274/258
f 97/260/244 217/274/258 148/262/246
f 231/275/259 251/276/260 61/277/261
f 61/277/261 251/276/260 252/278/262
f 61/277/261 252/278/262 253/279/263
f 231/275/259 232/280/264 251/276/260
f 251/276/260 232/280/264 250/281/265
f 250/281/265 232/280/264 242/282/266
f 250/281/265 242/282/266 249/283/267
f 249/283/267 242/282/266 243/284/268
f 249/283/267 243/284/268 248/285/269
f 248/285/269 243/284/268 247/286/270
f 247/286/270 243/284/268 126/287/271
f 247/286/270 126/287/271 258/288/272
f 258/288/272 126/287/271 257/289/273
f 257/289/273 126/287/271 125/290/274
f 257/289/273 125/290/274 256/291/275
f 256/291/275 125/290/274 255/292/276
f 255/292/276 125/290/274 254/293/277
f 254/293/277 125/290/274 62/294/278
f 254/293/277 62/294/278 253/279/263
f 253/279/263 62/294/278 61/277/261
f 233/295/279 236/296/280 232/280/264
f 232/280/264 236/296/280 237/297/281
f 232/280/264 237/297/281 238/298/282
f 234/299/283 235/300/284 233/295/279
f 233/295/279 235/300/284 236/296/280
f 238/298/282 239/301/285 232/280/264
f 232/280/264 239/301/285 240/302/286
f 232/280/264 240/302/286 241/303/287
f 241/303/287 242/282/266 232/280/264
f 125/290/274 244/304/288 62/294/278
f 62/294/278 244/304/288 245/305/289
f 62/294/278 245/305/289 246/306/290
f 260/307/291 226/308/292 259/309/293
f 259/309/293 226/308/292 225/310/294
f 259/309/293 225/310/294 270/311/295
f 270/311/295 225/310/294 224/312/296
f 270/311/295 224/312/296 269/313/297
f 269/313/297 224/312/296 223/314/298
f 269/313/297 223/314/298 268/315/299
f 268/315/299 223/314/298 222/316/300
f 268/315/299 222/316/300 267/317/301
f 267/317/301 222/316/300 221/318/302
f 267/317/301 221/318/302 266/319/303
f 266/319/303 221/318/302 220/320/304
f 266/319/303 220/320/304 265/321/305
f 265/321/305 220/320/304 219/322/306
f 265/323/305 219/324/306 264/325/307
f 264/325/307 219/324/306 230/326/308
f 264/325/307 230/326/308 263/327/309
f 263/327/309 230/326/308 229/328/310
f 263/327/309 229/328/310 262/329/311
f 262/329/311 229/328/310 228/330/312
f 262/329/311 228/330/312 261/331/313
f 261/331/313 228/330/312 227/332/314
f 261/331/313 227/332/314 260/307/291
f 260/307/291 227/332/314 226/308/292
f 271/333/315 260/334/316 109/335/317
f 109/335/317 260/334/316 259/336/318
f 109/335/317 259/336/318 110/337/319
f 110/337/319 259/336/318 270/338/320
f 110/337/319 270/338/320 281/339/321
f 281/339/321 270/338/320 269/340/322
f 281/339/321 269/340/322 280/341/323
f 280/341/323 269/340/322 268/342/324
f 280/341/323 268/342/324 279/343/325
f 279/343/325 268/342/324 267/344/326
f 279/343/325 267/344/326 278/345/327
f 278/345/327 267/344/326 266/346/328
f 278/345/327 266/346/328 277/347/329
f 277/347/329 266/346/328 265/348/330
f 277/347/329 265/348/330 276/349/331
f 276/349/331 265/348/330 275/350/332
f 275/350/332 265/348/330 264/351/333
f 275/350/332 264/351/333 274/352/334
f 274/352/334 264/351/333 263/353/335
f 274/352/334 263/353/335 273/354/336
f 273/354/336 263/353/335 262/355/337
f 273/354/336 262/355/337 272/356/338
f 272/356/338 262/355/337 261/357/339
f 272/356/338 261/357/339 271/333/315
f 271/333/315 261/357/339 260/334/316
f 109/358/340 108/359/341 271/360/342
f 271/360/342 108/359/341 107/361/343
f 271/360/342 107/361/343 272/362/344
f 272/362/344 107/361/343 106/363/345
f 272/362/344 106/363/345 105/364/346
f 272/362/344 105/364/346 273/365/347
f 273/365/347 105/364/346 104/366/348
f 273/365/347 104/366/348 274/367/349
f 274/367/349 104/366/348 103/368/350
f 274/367/349 103/368/350 102/369/351
f 274/367/349 102/369/351 275/370/352
f 275/370/352 102/369/351 123/371/353
f 275/370/352 123/371/353 276/372/354
f 276/373/354 123/374/353 122/375/355
f 276/373/354 122/375/355 121/376/356
f 276/373/354 121/376/356 277/377/357
f 277/377/357 121/376/356 93/378/358
f 277/377/357 93/378/358 278/379/359
f 278/379/359 93/378/358 116/380/360
f 278/379/359 116/380/360 115/381/361
f 278/379/359 115/381/361 279/382/362
f 279/382/362 115/381/361 114/383/363
f 279/382/362 114/383/363 280/384/364
f 280/384/364 114/383/363 113/385/365
f 280/384/364 113/385/365 112/386/366
f 280/384/364 112/386/366 281/387/367
f 281/387/367 112/386/366 111/388/368
f 281/387/367 111/388/368 110/389/369
f 258/390/370 293/391/371 247/392/372
f 247/392/372 293/391/371 282/393/373
f 247/392/372 282/393/373 248/394/374
f 248/394/374 282/393/373 283/395/375
f 248/394/374 283/395/375 249/396/376
f 249/396/376 283/395/375 284/397/377
f 249/396/376 284/397/377 250/398/378
f 250/398/378 284/397/377 285/399/379
f 250/398/378 285/399/379 251/400/380
f 251/400/380 285/399/379 286/401/381
f 251/400/380 286/401/381 252/402/382
f 252/402/382 286/401/381 287/403/383
f 252/402/382 287/403/383 253/404/384
f 253/404/384 287/403/383 288/405/385
f 253/406/384 288/407/385 254/408/386
f 254/408/386 288/407/385 289/409/387
f 254/408/386 289/409/387 255/410/388
f 255/410/388 289/409/387 290/411/389
f 255/410/388 290/411/389 256/412/390
f 256/412/390 290/411/389 291/413/391
f 256/412/390 291/413/391 257/414/392
f 257/414/392 291/413/391 292/415/393
f 257/414/392 292/415/393 258/390/370
f 258/390/370 292/415/393 293/391/371
f 294/416/394 289/417/395 73/418/396
f 73/418/396 289/417/395 288/419/397
f 73/418/396 288/419/397 74/420/398
f 74/420/398 288/419/397 287/421/399
f 74/420/398 287/421/399 304/422/400
f 304/422/400 287/421/399 286/423/401
f 304/422/400 286/423/401 303/424/402
f 303/424/402 286/423/401 285/425/403
f 303/424/402 285/425/403 302/426/404
f 302/426/404 285/425/403 284/427/405
f 302/426/404 284/427/405 301/428/406
f 301/428/406 284/427/405 283/429/407
f 301/428/406 283/429/407 300/430/408
f 300/430/408 283/429/407 282/431/409
f 300/430/408 282/431/409 299/432/410
f 299/432/410 282/431/409 298/433/411
f 298/433/411 282/431/409 293/434/412
f 298/433/411 293/434/412 297/435/413
f 297/435/413 293/434/412 292/436/414
f 297/435/413 292/436/414 296/437/415
f 296/437/415 292/436/414 291/438/416
f 296/437/415 291/438/416 295/439/417
f 295/439/417 291/438/416 290/440/418
f 295/439/417 290/440/418 294/416/394
f 294/416/394 290/440/418 289/417/395
f 73/441/419 72/442/420 294/443/421
f 294/443/421 72/442/420 71/444/422
f 294/443/421 71/444/422 295/445/423
f 295/445/423 71/444/422 70/446/424
f 295/445/423 70/446/424 296/447/425
f 296/447/425 70/446/424 69/448/426
f 296/447/425 69/448/426 68/449/427
f 296/447/425 68/449/427 297/450/428
f 297/450/428 68/449/427 67/451/429
f 297/450/428 67/451/429 66/452/430
f 297/450/428 66/452/430 298/453/431
f 298/453/431 66/452/430 92/454/432
f 298/453/431 92/454/432 299/455/433
f 299/455/433 92/454/432 91/456/434
f 299/455/433 91/456/434 90/457/435
f 299/455/433 90/457/435 300/458/436
f 300/458/436 90/457/435 81/459/437
f 300/458/436 81/459/437 301/460/438
f 301/460/438 81/459/437 80/461/439
f 301/460/438 80/461/439 79/462/440
f 301/460/438 79/462/440 302/463/441
f 302/463/441 79/462/440 78/464/442
f 302/463/441 78/464/442 303/465/443
f 303/465/443 78/464/442 77/466/444
f 303/465/443 77/466/444 76/467/445
f 303/465/443 76/467/445 304/468/446
f 304/468/446 76/467/445 75/469/447
f 304/468/446 75/469/447 74/470/448
f 185/471/193 184/472/192 310/473/449
f 310/473/449 184/472/192 305/474/450
f 310/473/449 305/474/450 306/475/451
f 307/476/452 308/477/453 306/475/451
f 306/475/451 308/477/453 309/478/454
f 306/475/451 309/478/454 310/473/449
f 99/479/108 98/480/105 315/481/455
f 315/481/455 98/480/105 214/482/456
f 315/481/455 214/482/456 320/483/457
f 320/483/457 214/482/456 213/484/458
f 320/483/457 213/484/458 319/485/459
f 319/485/459 213/484/458 212/486/460
f 319/485/459 212/486/460 211/487/461
f 211/487/461 311/488/462 319/485/459
f 319/485/459 311/488/462 318/489/463
f 319/485/459 318/489/463 316/490/464
f 316/490/464 318/489/463 317/491/465
f 316/490/464 317/491/465 100/492/111
f 100/492/111 317/491/465 101/493/114
f 101/493/114 317/491/465 314/494/466
f 314/494/466 317/491/465 318/489/463
f 314/494/466 318/489/463 313/495/467
f 313/495/467 318/489/463 305/496/450
f 313/495/467 305/496/450 184/497/192
f 318/489/463 311/488/462 306/498/451
f 306/498/451 311/488/462 312/499/468
f 306/498/451 312/499/468 307/500/452
f 306/498/451 305/496/450 318/489/463
f 100/492/111 99/479/108 316/490/464
f 316/490/464 99/479/108 315/481/455
f 316/490/464 315/481/455 319/485/459
f 319/485/459 315/481/455 320/483/457
f 308/501/453 321/502/469 309/503/454
f 309/503/454 321/502/469 322/504/470
f 309/503/454 322/504/470 328/505/471
f 328/505/471 322/504/470 327/506/472
f 328/505/471 327/506/472 329/507/473
f 329/507/473 327/506/472 330/508/474
f 329/507/473 330/508/474 83/509/79
f 83/509/79 330/508/474 84/510/76
f 84/510/76 330/508/474 325/511/475
f 84/510/76 325/511/475 61/512/63
f 61/512/63 325/511/475 231/513/476
f 231/513/476 325/511/475 326/514/477
f 231/513/476 326/514/477 232/515/478
f 232/515/478 326/514/477 327/506/472
f 232/515/478 327/506/472 233/516/479
f 233/516/479 327/506/472 322/504/470
f 233/516/479 322/504/470 234/517/480
f 83/509/79 82/518/82 329/507/473
f 329/507/473 82/518/82 323/519/481
f 329/507/473 323/519/481 328/505/471
f 328/505/471 323/519/481 324/520/482
f 328/505/471 324/520/482 310/521/449
f 310/521/449 324/520/482 185/522/193
f 310/521/449 309/503/454 328/505/471
f 330/508/474 327/506/472 326/514/477
f 325/511/475 330/508/474 326/514/477
f 124/523/483 101/524/114 333/525/484
f 333/525/484 101/524/114 314/526/485
f 333/525/484 314/526/485 334/527/486
f 334/527/486 314/526/485 313/528/487
f 334/527/486 313/528/487 335/529/488
f 335/529/488 313/528/487 184/530/192
f 335/529/488 184/530/192 183/531/489
f 183/531/489 182/532/190 335/529/488
f 335/529/488 182/532/190 331/533/490
f 335/529/488 331/533/490 334/527/486
f 334/527/486 331/533/490 332/534/491
f 334/527/486 332/534/491 333/525/484
f 333/525/484 332/534/491 117/535/119
f 333/525/484 117/535/119 124/523/483
f 186/536/492 185/537/193 338/538/493
f 338/538/493 185/537/193 324/539/494
f 338/538/493 324/539/494 339/540/495
f 339/540/495 324/539/494 323/541/496
f 339/540/495 323/541/496 340/542/497
f 340/542/497 323/541/496 82/543/82
f 340/542/497 82/543/82 89/544/498
f 89/544/498 88/545/90 340/542/497
f 340/542/497 88/545/90 336/546/499
f 340/542/497 336/546/499 339/540/495
f 339/540/495 336/546/499 337/547/500
f 339/540/495 337/547/500 338/538/493
f 338/538/493 337/547/500 179/548/189
f 338/538/493 179/548/189 186/536/492
f 181/549/501 345/550/502 182/551/190
f 182/551/190 345/550/502 346/552/503
f 182/551/190 346/552/503 331/553/504
f 331/553/504 346/552/503 349/554/505
f 331/553/504 349/554/505 332/555/506
f 332/555/506 349/554/505 350/556/507
f 332/555/506 350/556/507 117/557/119
f 117/557/119 350/556/507 192/558/508
f 192/558/508 350/556/507 351/559/509
f 192/558/508 351/559/509 343/560/510
f 343/560/510 351/559/509 347/561/511
f 343/560/510 347/561/511 341/562/512
f 341/562/512 347/561/511 344/563/513
f 341/562/512 344/563/513 181/549/501
f 181/549/501 344/563/513 345/550/502
f 341/562/512 342/564/514 343/560/510
f 343/560/510 342/564/514 193/565/515
f 343/560/510 193/565/515 192/558/508
f 349/554/505 346/552/503 345/550/502
f 345/550/502 344/563/513 348/566/516
f 348/566/516 344/563/513 347/561/511
f 348/566/516 347/561/511 351/559/509
f 350/556/507 349/554/505 348/566/516
f 348/566/516 349/554/505 345/550/502
f 350/556/507 348/566/516 351/559/509
f 336/567/517 88/568/90 356/569/518
f 356/569/518 88/568/90 191/570/519
f 356/569/518 191/570/519 355/571/520
f 355/571/520 191/570/519 354/572/521
f 355/571/520 354/572/521 358/573/522
f 358/573/522 354/572/521 359/574/523
f 358/573/522 359/574/523 361/575/524
f 361/575/524 359/574/523 360/576/525
f 361/575/524 360/576/525 180/577/526
f 180/577/526 360/576/525 353/578/527
f 353/578/527 360/576/525 359/574/523
f 353/578/527 359/574/523 354/572/521
f 191/570/519 190/579/528 354/572/521
f 354/572/521 190/579/528 352/580/529
f 354/572/521 352/580/529 353/578/527
f 180/577/526 179/581/189 361/575/524
f 361/575/524 179/581/189 362/582/530
f 361/575/524 362/582/530 358/573/522
f 358/573/522 362/582/530 357/583/531
f 358/573/522 357/583/531 355/571/520
f 355/571/520 357/583/531 356/569/518
f 179/581/189 337/584/532 362/582/530
f 362/582/530 337/584/532 357/583/531
f 337/584/532 336/567/517 357/583/531
f 357/583/531 336/567/517 356/569/518
f 177/585/185 176/586/186 368/587/533
f 368/587/533 176/586/186 363/588/534
f 368/587/533 363/588/534 367/589/535
f 367/589/535 363/588/534 364/590/536
f 367/589/535 364/590/536 366/591/537
f 366/591/537 364/590/536 365/592/538
f 366/591/537 365/592/538 180/593/539
f 180/593/539 365/592/538 181/594/540
f 148/595/168 217/596/541 149/597/169
f 149/597/169 217/596/541 372/598/542
f 149/597/169 372/598/542 374/599/543
f 374/599/543 372/598/542 371/600/544
f 374/599/543 371/600/544 373/601/545
f 373/601/545 371/600/544 96/602/100
f 373/601/545 96/602/100 95/603/97
f 217/596/541 216/604/546 372/598/542
f 372/598/542 216/604/546 371/600/544
f 216/604/546 215/605/547 371/600/544
f 371/600/544 215/605/547 96/602/100
f 215/605/547 97/606/103 96/602/100
f 94/607/94 369/608/548 95/603/97
f 95/603/97 369/608/548 373/601/545
f 369/608/548 370/609/549 373/601/545
f 373/601/545 370/609/549 374/599/543
f 151/610/550 150/611/170 370/609/549
f 370/609/549 150/611/170 374/599/543
f 150/611/170 149/597/169 374/599/543
f 152/612/159 151/613/551 378/614/552
f 378/614/552 151/613/551 370/615/553
f 378/614/552 370/615/553 369/616/548
f 378/614/552 369/616/548 377/617/554
f 377/617/554 369/616/548 94/618/94
f 377/617/554 94/618/94 120/619/121
f 377/617/554 120/619/121 379/620/555
f 379/620/555 120/619/121 119/621/118
f 379/620/555 119/621/118 381/622/556
f 381/622/556 119/621/118 118/623/117
f 381/622/556 118/623/117 375/624/557
f 375/624/557 376/625/558 381/622/556
f 381/622/556 376/625/558 382/626/559
f 381/622/556 382/626/559 379/620/555
f 379/620/555 382/626/559 380/627/560
f 379/620/555 380/627/560 377/617/554
f 377/617/554 380/627/560 378/614/552
f 376/625/558 154/628/561 382/626/559
f 382/626/559 154/628/561 153/629/157
f 382/626/559 153/629/157 380/627/560
f 380/627/560 153/629/157 152/612/159
f 380/627/560 152/612/159 378/614/552
f 118/623/117 196/630/200 375/631/562
f 375/631/562 196/630/200 386/632/563
f 375/631/562 386/632/563 387/633/564
f 387/633/564 386/632/563 383/634/565
f 387/633/564 383/634/565 384/635/566
f 196/630/200 195/636/202 386/632/563
f 386/632/563 195/636/202 383/634/565
f 195/636/202 194/637/204 383/634/565
f 387/633/564 384/635/566 156/638/150
f 156/638/150 384/635/566 385/639/567
f 156/638/150 385/639/567 157/640/149
f 156/638/150 155/641/153 387/633/564
f 387/633/564 155/641/153 376/642/568
f 387/633/564 376/642/568 375/631/562
f 155/641/153 154/643/569 376/642/568
f 157/644/149 385/645/570 158/646/147
f 158/646/147 385/645/570 390/647/571
f 390/647/571 385/645/570 389/648/572
f 389/648/572 385/645/570 392/649/573
f 389/648/572 392/649/573 388/650/574
f 388/650/574 392/649/573 391/651/575
f 388/650/574 391/651/575 173/652/181
f 173/652/181 391/651/575 174/653/182
f 174/653/182 391/651/575 383/654/576
f 383/654/576 391/651/575 392/649/573
f 383/654/576 392/649/573 384/655/577
f 384/655/577 392/649/573 385/645/570
f 158/656/147 390/657/578 159/658/144
f 159/658/144 390/657/578 389/659/579
f 159/658/144 389/659/579 396/660/580
f 396/660/580 389/659/579 388/661/581
f 396/660/580 388/661/581 395/662/582
f 395/662/582 388/661/581 188/663/197
f 395/662/582 188/663/197 187/664/195
f 388/661/581 189/665/199 188/663/197
f 87/666/91 393/667/583 187/664/195
f 187/664/195 393/667/583 395/662/582
f 393/667/583 394/668/584 395/662/582
f 395/662/582 394/668/584 396/660/580
f 161/669/140 160/670/142 394/668/584
f 394/668/584 160/670/142 396/660/580
f 160/670/142 159/658/144 396/660/580
f 162/671/138 161/672/585 400/673/586
f 400/673/586 161/672/585 394/674/587
f 400/673/586 394/674/587 393/675/588
f 400/673/586 393/675/588 399/676/589
f 399/676/589 393/675/588 87/677/91
f 399/676/589 87/677/91 86/678/89
f 399/676/589 86/678/89 401/679/590
f 401/679/590 86/678/89 85/680/87
f 401/679/590 85/680/87 403/681/591
f 403/681/591 85/680/87 65/682/73
f 403/681/591 65/682/73 397/683/592
f 397/683/592 398/684/593 403/681/591
f 403/681/591 398/684/593 404/685/594
f 403/681/591 404/685/594 401/679/590
f 401/679/590 404/685/594 402/686/595
f 401/679/590 402/686/595 399/676/589
f 399/676/589 402/686/595 400/673/586
f 398/684/593 164/687/596 404/685/594
f 404/685/594 164/687/596 163/688/135
f 404/685/594 163/688/135 402/686/595
f 402/686/595 163/688/135 162/671/138
f 402/686/595 162/671/138 400/673/586
f 164/687/129 398/684/597 165/689/128
f 165/689/128 398/690/597 406/691/598
f 165/689/128 406/691/598 166/692/127
f 166/692/127 406/691/598 408/693/599
f 166/692/127 408/693/599 244/694/600
f 244/694/600 408/693/599 245/695/601
f 245/695/601 408/693/599 407/696/602
f 245/695/601 407/696/602 246/697/603
f 246/697/603 407/696/602 63/698/67
f 246/697/603 63/698/67 62/699/61
f 398/690/597 397/700/592 406/691/598
f 406/691/598 397/700/592 405/701/604
f 406/691/598 405/701/604 408/693/599
f 408/693/599 405/701/604 407/696/602
f 397/700/592 65/702/73 405/701/604
f 405/701/604 65/702/73 64/703/70
f 405/701/604 64/703/70 407/696/602
f 407/696/602 64/703/70 63/698/67
f 244/694/600 125/704/605 166/692/127
f 410/705/606 421/706/607 409/707/608
f 409/708/608 421/709/607 422/710/609
f 409/708/608 422/710/609 420/711/610
f 420/711/610 422/710/609 423/712/611
f 420/711/610 423/712/611 419/713/612
f 419/713/612 423/712/611 424/714/613
f 419/713/612 424/714/613 418/715/614
f 418/715/614 424/714/613 425/716/615
f 418/715/614 425/716/615 426/717/616
f 411/718/617 435/719/618 410/705/606
f 410/705/606 435/719/618 436/720/619
f 410/705/606 436/720/619 421/706/607
f 435/719/618 411/718/617 434/721/620
f 434/721/620 411/718/617 412/722/621
f 434/721/620 412/722/621 433/723/622
f 433/723/622 412/722/621 432/724/623
f 432/724/623 412/722/621 413/725/624
f 432/724/623 413/725/624 431/726/625
f 431/726/625 413/725/624 414/727/626
f 431/726/625 414/727/626 430/728/627
f 430/728/627 414/727/626 415/729/628
f 430/728/627 415/729/628 429/730/629
f 429/730/629 415/729/628 428/731/630
f 428/731/630 415/729/628 416/732/631
f 428/731/630 416/732/631 427/733/632
f 427/733/632 416/732/631 417/734/633
f 427/733/632 417/734/633 426/717/616
f 426/717/616 417/734/633 418/715/614
f 49/735/634 48/736/635 444/737/636
f 444/737/636 48/736/635 446/738/637
f 444/737/636 446/738/637 447/739/638
f 48/736/635 47/740/639 446/738/637
f 446/738/637 47/740/639 445/741/640
f 445/741/640 47/740/639 46/742/641
f 445/743/640 46/744/641 45/745/642
f 445/743/640 45/745/642 456/746/643
f 456/746/643 45/745/642 44/747/644
f 456/746/643 44/747/644 437/748/645
f 437/748/645 44/747/644 43/749/646
f 456/746/643 437/748/645 455/750/647
f 455/750/647 437/748/645 438/751/648
f 455/750/647 438/751/648 454/752/649
f 454/752/649 438/751/648 439/753/650
f 454/752/649 439/753/650 453/754/651
f 453/754/651 439/753/650 440/755/652
f 453/754/651 440/755/652 452/756/653
f 452/756/653 440/755/652 18/757/654
f 452/756/653 18/757/654 17/758/655
f 17/758/655 16/759/656 452/756/653
f 452/756/653 16/759/656 451/760/657
f 451/760/657 16/759/656 15/761/658
f 451/760/657 15/761/658 14/762/659
f 451/760/657 14/762/659 450/763/660
f 450/763/660 14/762/659 13/764/661
f 450/763/660 13/764/661 441/765/662
f 441/765/662 13/764/661 12/766/663
f 450/763/660 441/765/662 449/767/664
f 449/767/664 441/765/662 442/768/665
f 449/767/664 442/768/665 448/769/666
f 448/769/666 442/768/665 443/770/667
f 448/769/666 443/770/667 447/739/638
f 447/739/638 443/770/667 444/737/636
f 456/771/668 410/772/669 445/773/670
f 445/773/670 410/772/669 409/774/671
f 445/773/670 409/774/671 420/775/672
f 410/772/669 456/771/668 411/776/673
f 411/776/673 456/771/668 455/777/674
f 411/776/673 455/777/674 412/778/675
f 412/778/675 455/777/674 454/779/676
f 412/778/675 454/779/676 453/780/677
f 412/778/675 453/780/677 413/781/678
f 413/781/678 453/780/677 452/782/679
f 413/781/678 452/782/679 414/783/680
f 414/783/680 452/782/679 415/784/681
f 415/784/681 452/782/679 451/785/682
f 415/784/681 451/785/682 416/786/683
f 416/786/683 451/785/682 450/787/684
f 416/786/683 450/787/684 417/788/685
f 417/788/685 450/787/684 449/789/686
f 417/788/685 449/789/686 418/790/687
f 418/790/687 449/789/686 448/791/688
f 418/790/687 448/791/688 447/792/689
f 418/790/687 447/792/689 419/793/690
f 419/793/690 447/792/689 446/794/691
f 419/793/690 446/794/691 420/775/672
f 420/775/672 446/794/691 445/773/670
f 421/795/692 436/796/693 422/797/694
f 422/797/694 436/796/693 423/798/695
f 423/798/695 436/796/693 435/799/696
f 423/798/695 435/799/696 424/800/697
f 424/800/697 435/799/696 434/801/698
f 424/800/697 434/801/698 425/802/699
f 425/802/699 434/801/698 433/803/700
f 425/802/699 433/803/700 426/804/701
f 426/804/701 433/803/700 432/805/702
f 426/804/701 432/805/702 427/806/703
f 427/806/703 432/805/702 431/807/704
f 427/806/703 431/807/704 428/808/705
f 428/808/705 431/807/704 430/809/706
f 428/808/705 430/809/706 429/810/707
f 458/811/708 53/812/709 457/813/710
f 457/813/710 53/812/709 52/814/711
f 9/815/712 8/816/713 462/817/714
f 462/817/714 8/816/713 461/818/715
f 461/818/715 8/816/713 459/819/716
f 461/818/715 459/819/716 460/820/717
f 444/821/718 443/822/719 472/823/720
f 472/823/720 443/822/719 471/824/721
f 471/824/721 443/822/719 457/825/722
f 457/825/722 443/822/719 442/826/723
f 457/825/722 442/826/723 462/827/724
f 462/827/724 442/826/723 464/828/725
f 464/828/725 442/826/723 463/829/726
f 463/829/726 442/826/723 441/830/727
f 457/825/722 462/827/724 458/831/728
f 458/831/728 462/827/724 461/832/729
f 458/831/728 461/832/729 470/833/730
f 470/833/730 461/832/729 171/834/731
f 470/833/730 171/834/731 469/835/732
f 469/835/732 171/834/731 468/836/733
f 468/836/733 171/834/731 170/837/734
f 468/836/733 170/837/734 467/838/735
f 467/838/735 170/837/734 202/839/736
f 467/838/735 202/839/736 201/840/737
f 171/834/731 461/832/729 172/841/738
f 172/841/738 461/832/729 465/842/739
f 172/841/738 465/842/739 466/843/740
f 466/843/740 167/844/741 172/841/738
f 201/840/737 200/845/742 467/838/735
f 39/846/743 473/847/744 40/848/745
f 40/848/745 473/847/744 474/849/746
f 476/850/747 477/851/748 475/852/749
f 475/852/749 477/851/748 1/853/750
f 475/852/749 1/853/750 478/854/751
f 478/854/751 1/853/750 21/855/752
f 27/856/753 487/857/754 28/858/755
f 28/858/755 487/857/754 488/859/756
f 28/858/755 488/859/756 197/860/757
f 197/860/757 488/859/756 198/861/758
f 198/861/758 488/859/756 199/862/759
f 26/863/760 475/864/761 27/856/753
f 27/856/753 475/864/761 485/865/762
f 27/856/753 485/865/762 486/866/763
f 25/867/764 479/868/765 26/863/760
f 26/863/760 479/868/765 480/869/766
f 26/863/760 480/869/766 475/864/761
f 485/865/762 475/864/761 473/870/767
f 473/870/767 475/864/761 478/871/768
f 473/870/767 478/871/768 474/872/769
f 474/872/769 478/871/768 438/873/770
f 474/872/769 438/873/770 484/874/771
f 484/874/771 438/873/770 483/875/772
f 483/875/772 438/873/770 437/876/773
f 438/873/770 478/871/768 439/877/774
f 439/877/774 478/871/768 481/878/775
f 439/877/774 481/878/775 482/879/776
f 482/879/776 440/880/777 439/877/774
f 486/866/763 487/857/754 27/856/753
f 39/881/743 38/882/778 473/883/744
f 473/883/744 38/882/778 485/884/779
f 485/884/779 38/882/778 37/885/780
f 485/884/779 37/885/780 486/886/781
f 486/886/781 37/885/780 36/887/782
f 486/886/781 36/887/782 487/888/783
f 487/888/783 36/887/782 35/889/784
f 487/888/783 35/889/784 488/890/785
f 488/890/785 35/889/784 34/891/213
f 488/890/785 34/891/213 199/892/211
f 437/893/645 43/894/646 483/895/786
f 483/895/786 43/894/646 42/896/787
f 483/895/786 42/896/787 484/897/788
f 484/897/788 42/896/787 41/898/789
f 484/897/788 41/898/789 474/899/746
f 474/899/746 41/898/789 40/900/745
f 53/901/709 458/902/708 54/903/790
f 54/903/790 458/902/708 470/904/791
f 54/903/790 470/904/791 55/905/792
f 55/905/792 470/904/791 469/906/793
f 55/905/792 469/906/793 56/907/794
f 56/907/794 469/906/793 468/908/795
f 56/907/794 468/908/795 57/909/796
f 57/909/796 468/908/795 467/910/797
f 57/909/796 467/910/797 58/911/223
f 58/911/223 467/910/797 200/912/224
f 52/913/711 51/914/798 457/915/710
f 457/915/710 51/914/798 471/916/799
f 471/916/799 51/914/798 50/917/800
f 471/916/799 50/917/800 472/918/801
f 472/918/801 50/917/800 49/919/634
f 472/918/801 49/919/634 444/920/636
f 130/921/802 129/922/803 491/923/804
f 491/923/804 129/922/803 489/924/805
f 491/923/804 489/924/805 490/925/806
f 491/923/804 490/925/806 492/926/807
f 492/926/807 490/925/806 23/927/23
f 492/926/807 23/927/23 22/928/22
f 22/928/22 131/929/808 492/926/807
f 492/926/807 131/929/808 491/923/804
f 131/929/808 130/921/802 491/923/804
f 25/930/25 24/931/809 479/932/810
f 479/932/810 24/931/809 493/933/811
f 479/932/810 493/933/811 480/934/812
f 480/934/812 493/933/811 494/935/813
f 480/934/812 494/935/813 475/936/749
f 475/936/749 494/935/813 476/937/814
f 21/938/752 20/939/815 478/940/751
f 478/940/751 20/939/815 481/941/816
f 481/941/816 20/939/815 19/942/817
f 481/941/816 19/942/817 482/943/818
f 482/943/818 19/942/817 18/944/654
f 482/943/818 18/944/654 440/945/652
f 441/946/662 12/947/663 463/948/819
f 463/948/819 12/947/663 11/949/820
f 463/948/819 11/949/820 464/950/821
f 464/950/821 11/949/820 10/951/822
f 464/950/821 10/951/822 462/952/714
f 462/952/714 10/951/822 9/953/712
f 460/954/823 495/955/824 461/956/715
f 461/956/715 495/955/824 465/957/825
f 465/957/825 495/955/824 496/958/826
f 465/957/825 496/958/826 466/959/827
f 466/959/827 496/958/826 168/960/828
f 466/959/827 168/960/828 167/961/173
f 144/962/829 497/963/830 145/964/831
f 145/964/831 497/963/830 498/965/832
f 145/964/831 498/965/832 146/966/833
f 146/966/833 498/965/832 499/967/834
f 146/966/833 499/967/834 147/968/250
f 147/968/250 499/967/834 218/969/253
f 243/970/268 500/971/835 126/972/271
f 126/972/271 500/971/835 127/973/836
f 127/973/836 500/971/835 501/974/837
f 127/973/836 501/974/837 128/975/838
f 128/975/838 501/974/837 489/976/805
f 128/975/838 489/976/805 129/977/803
f 142/978/839 141/979/180 503/980/840
f 503/980/840 141/979/180 169/981/179
f 503/980/840 169/981/179 502/982/841
f 503/980/840 502/982/841 504/983/842
f 504/983/842 502/982/841 497/984/830
f 504/983/842 497/984/830 144/985/829
f 144/985/829 143/986/843 504/983/842
f 504/983/842 143/986/843 503/980/840
f 143/986/843 142/978/839 503/980/840
f 194/987/204 505/988/844 383/989/845
f 383/989/845 505/988/844 506/990/846
f 383/989/845 506/990/846 174/991/182
f 174/991/182 506/990/846 175/992/184
f 194/987/204 193/993/203 505/988/844
f 506/994/847 509/995/848 175/996/184
f 175/996/184 509/995/848 508/997/849
f 175/996/184 508/997/849 176/998/186
f 506/994/847 505/999/850 509/995/848
f 509/995/848 505/999/850 342/1000/851
f 509/995/848 342/1000/851 507/1001/852
f 505/999/850 193/1002/853 342/1000/851
f 507/1001/852 508/997/849 509/995/848
f 176/1003/186 508/1004/854 363/1005/855
f 363/1005/855 508/1004/854 510/1006/856
f 363/1005/855 510/1006/856 364/1007/857
f 364/1007/857 510/1006/856 511/1008/858
f 364/1007/857 511/1008/858 365/1009/859
f 365/1009/859 511/1008/858 512/1010/860
f 365/1009/859 512/1010/860 181/1011/861
f 508/1004/854 507/1012/862 510/1006/856
f 510/1006/856 507/1012/862 342/1013/863
f 510/1006/856 342/1013/863 341/1014/864
f 181/1015/865 512/1010/860 341/1014/864
f 341/1014/864 512/1010/860 511/1008/858
f 341/1014/864 511/1008/858 510/1006/856
f 173/1016/181 513/1017/866 388/1018/867
f 388/1018/867 513/1017/866 514/1019/868
f 388/1018/867 514/1019/868 189/1020/199
f 189/1020/199 514/1019/868 190/1021/869
f 173/1016/181 178/1022/183 513/1017/866
f 514/1023/870 517/1024/871 190/1025/872
f 190/1025/872 517/1024/871 516/1026/873
f 190/1025/872 516/1026/873 352/1027/874
f 514/1023/870 513/1028/875 517/1024/871
f 517/1024/871 513/1028/875 177/1029/185
f 517/1024/871 177/1029/185 515/1030/876
f 513/1028/875 178/1031/183 177/1029/185
f 515/1030/876 516/1026/873 517/1024/871
f 177/1032/185 368/1033/877 515/1034/878
f 515/1034/878 368/1033/877 520/1035/879
f 515/1034/878 520/1035/879 516/1036/880
f 516/1036/880 520/1035/879 352/1037/881
f 352/1037/881 520/1035/879 353/1038/882
f 353/1038/882 520/1035/879 519/1039/883
f 353/1038/882 519/1039/883 518/1040/884
f 518/1040/884 519/1039/883 366/1041/885
f 518/1040/884 366/1041/885 180/1042/886
f 368/1033/877 367/1043/887 520/1035/879
f 520/1035/879 367/1043/887 519/1039/883
f 367/1043/887 366/1041/885 519/1039/883
f 518/1040/884 180/1044/888 353/1038/882
f 242/1045/889 3/1046/890 243/1047/891
f 243/1047/891 3/1046/890 2/1048/892
f 243/1047/891 2/1048/892 524/1049/893
f 524/1049/893 2/1048/892 523/1050/894
f 524/1049/893 523/1050/894 501/1051/895
f 501/1051/895 523/1050/894 489/1052/896
f 489/1052/896 523/1050/894 526/1053/897
f 489/1052/896 526/1053/897 490/1054/898
f 490/1054/898 526/1053/897 521/1055/899
f 490/1054/898 521/1055/899 23/1056/900
f 23/1056/900 521/1055/899 527/1057/901
f 23/1056/900 527/1057/901 24/1058/902
f 24/1058/902 527/1057/901 493/1059/903
f 493/1059/903 527/1057/901 525/1060/904
f 493/1059/903 525/1060/904 494/1061/905
f 494/1061/905 525/1060/904 476/1062/906
f 476/1062/906 525/1060/904 522/1063/907
f 476/1062/906 522/1063/907 477/1064/908
f 477/1064/908 522/1063/907 1/1065/909
f 1/1065/909 522/1063/907 2/1048/892
f 2/1048/892 522/1063/907 523/1050/894
f 501/1051/895 500/1066/910 524/1049/893
f 524/1049/893 500/1066/910 243/1047/891
f 526/1053/897 523/1050/894 522/1063/907
f 521/1055/899 526/1053/897 525/1060/904
f 525/1060/904 526/1053/897 522/1063/907
f 527/1057/901 521/1055/899 525/1060/904
f 459/1067/911 8/1068/912 529/1069/913
f 529/1069/913 8/1068/912 7/1070/914
f 529/1069/913 7/1070/914 528/1071/915
f 528/1071/915 7/1070/914 218/1072/916
f 528/1071/915 218/1072/916 499/1073/917
f 7/1070/914 6/1074/918 218/1072/916
f 218/1072/916 6/1074/918 203/1075/919
f 499/1073/917 498/1076/920 528/1071/915
f 528/1071/915 498/1076/920 497/1077/921
f 528/1071/915 497/1077/921 530/1078/922
f 530/1078/922 497/1077/921 502/1079/923
f 530/1078/922 502/1079/923 532/1080/924
f 532/1080/924 502/1079/923 169/1081/925
f 532/1080/924 169/1081/925 533/1082/926
f 533/1082/926 169/1081/925 168/1083/927
f 533/1082/926 168/1083/927 496/1084/928
f 533/1082/926 496/1084/928 531/1085/929
f 531/1085/929 496/1084/928 495/1086/930
f 531/1085/929 495/1086/930 460/1087/931
f 531/1085/929 460/1087/931 529/1069/913
f 529/1069/913 460/1087/931 459/1067/911
f 531/1085/929 529/1069/913 528/1071/915
f 533/1082/926 531/1085/929 530/1078/922
f 530/1078/922 531/1085/929 528/1071/915
f 532/1080/924 533/1082/926 530/1078/922
f 312/1088/932 311/1089/933 542/1090/934
f 542/1090/934 311/1089/933 211/1091/935
f 542/1090/934 211/1091/935 210/1092/936
f 542/1090/934 210/1092/936 541/1093/937
f 541/1093/937 210/1092/936 209/1094/938
f 541/1093/937 209/1094/938 538/1095/939
f 538/1095/939 209/1094/938 208/1096/940
f 538/1095/939 208/1096/940 543/1097/941
f 543/1097/941 208/1096/940 207/1098/942
f 543/1097/941 207/1098/942 206/1099/943
f 543/1097/941 206/1099/943 544/1100/944
f 544/1100/944 206/1099/943 205/1101/945
f 544/1100/944 205/1101/945 539/1102/946
f 539/1102/946 205/1101/945 204/1103/947
f 539/1102/946 204/1103/947 540/1104/948
f 540/1104/948 204/1103/947 203/1105/949
f 540/1104/948 203/1105/949 6/1106/950
f 6/1106/950 534/1107/951 540/1104/948
f 540/1104/948 534/1107/951 539/1102/946
f 534/1107/951 535/1108/952 539/1102/946
f 539/1102/946 535/1108/952 544/1100/944
f 544/1100/944 535/1108/952 543/1097/941
f 543/1097/941 535/1108/952 536/1109/953
f 543/1097/941 536/1109/953 538/1095/939
f 538/1095/939 536/1109/953 537/1110/954
f 538/1095/939 537/1110/954 541/1093/937
f 541/1093/937 537/1110/954 542/1090/934
f 537/1110/954 312/1088/932 542/1090/934
f 307/1111/955 312/1112/956 552/1113/957
f 552/1113/957 312/1112/956 537/1114/958
f 552/1113/957 537/1114/958 551/1115/959
f 551/1115/959 537/1114/958 549/1116/960
f 551/1115/959 549/1116/960 548/1117/961
f 548/1117/961 549/1116/960 547/1118/962
f 547/1118/962 549/1116/960 553/1119/963
f 547/1118/962 553/1119/963 546/1120/964
f 546/1120/964 553/1119/963 550/1121/965
f 546/1120/964 550/1121/965 545/1122/966
f 545/1122/966 550/1121/965 555/1123/967
f 545/1122/966 555/1123/967 554/1124/968
f 554/1124/968 555/1123/967 534/1125/969
f 554/1124/968 534/1125/969 6/1126/970
f 537/1114/958 536/1127/971 549/1116/960
f 549/1116/960 536/1127/971 553/1119/963
f 536/1127/971 535/1128/972 553/1119/963
f 553/1119/963 535/1128/972 550/1121/965
f 535/1128/972 534/1125/969 550/1121/965
f 550/1121/965 534/1125/969 555/1123/967
f 6/1126/970 5/1129/973 554/1124/968
f 554/1124/968 5/1129/973 545/1122/966
f 551/1115/959 548/1117/961 552/1113/957
f 552/1113/957 548/1117/961 307/1111/955
f 548/1130/974 560/1131/975 307/1132/976
f 307/1132/976 560/1131/975 561/1133/977
f 307/1132/976 561/1133/977 562/1134/978
f 562/1134/978 561/1133/977 569/1135/979
f 562/1134/978 569/1135/979 570/1136/980
f 570/1136/980 569/1135/979 577/1137/981
f 570/1136/980 577/1137/981 578/1138/982
f 578/1138/982 577/1137/981 585/1139/983
f 578/1138/982 585/1139/983 586/1140/984
f 586/1140/984 585/1139/983 4/1141/985
f 586/1140/984 4/1141/985 587/1142/986
f 587/1142/986 4/1141/985 556/1143/987
f 587/1142/986 556/1143/987 580/1144/988
f 580/1144/988 556/1143/987 557/1145/989
f 580/1144/988 557/1145/989 573/1146/990
f 573/1146/990 557/1145/989 558/1147/991
f 573/1146/990 558/1147/991 566/1148/992
f 566/1148/992 558/1147/991 559/1149/993
f 566/1148/992 559/1149/993 308/1150/994
f 560/1131/975 548/1130/974 567/1151/995
f 567/1151/995 548/1130/974 547/1152/996
f 567/1151/995 547/1152/996 574/1153/997
f 574/1153/997 547/1152/996 546/1154/998
f 574/1153/997 546/1154/998 581/1155/999
f 581/1155/999 546/1154/998 545/1156/1000
f 581/1155/999 545/1156/1000 5/1157/1001
f 4/1141/985 584/1158/1002 5/1157/1001
f 5/1157/1001 584/1158/1002 583/1159/1003
f 5/1157/1001 583/1159/1003 582/1160/1004
f 582/1160/1004 583/1159/1003 575/1161/1005
f 582/1160/1004 575/1161/1005 574/1153/997
f 574/1153/997 575/1161/1005 567/1151/995
f 307/1132/976 563/1162/1006 308/1150/994
f 308/1150/994 563/1162/1006 564/1163/1007
f 308/1150/994 564/1163/1007 565/1164/1008
f 565/1164/1008 564/1163/1007 572/1165/1009
f 565/1164/1008 572/1165/1009 573/1146/990
f 573/1146/990 572/1165/1009 580/1144/988
f 563/1162/1006 307/1132/976 562/1134/978
f 561/1133/977 560/1131/975 568/1166/1010
f 568/1166/1010 560/1131/975 567/1151/995
f 568/1166/1010 567/1151/995 575/1161/1005
f 562/1134/978 570/1136/980 563/1162/1006
f 563/1162/1006 570/1136/980 571/1167/1011
f 563/1162/1006 571/1167/1011 564/1163/1007
f 564/1163/1007 571/1167/1011 572/1165/1009
f 566/1148/992 308/1150/994 565/1164/1008
f 573/1146/990 566/1148/992 565/1164/1008
f 561/1133/977 568/1166/1010 569/1135/979
f 569/1135/979 568/1166/1010 576/1168/1012
f 569/1135/979 576/1168/1012 577/1137/981
f 577/1137/981 576/1168/1012 584/1158/1002
f 577/1137/981 584/1158/1002 585/1139/983
f 585/1139/983 584/1158/1002 4/1141/985
f 576/1168/1012 568/1166/1010 575/1161/1005
f 570/1136/980 578/1138/982 571/1167/1011
f 571/1167/1011 578/1138/982 579/1169/1013
f 571/1167/1011 579/1169/1013 572/1165/1009
f 572/1165/1009 579/1169/1013 580/1144/988
f 582/1160/1004 574/1153/997 581/1155/999
f 584/1158/1002 576/1168/1012 583/1159/1003
f 583/1159/1003 576/1168/1012 575/1161/1005
f 587/1142/986 580/1144/988 579/1169/1013
f 587/1142/986 579/1169/1013 586/1140/984
f 586/1140/984 579/1169/1013 578/1138/982
f 5/1157/1001 582/1160/1004 581/1155/999
f 321/1170/1014 308/1171/1015 595/1172/1016
f 595/1172/1016 308/1171/1015 559/1173/1017
f 595/1172/1016 559/1173/1017 594/1174/1018
f 594/1174/1018 559/1173/1017 592/1175/1019
f 594/1174/1018 592/1175/1019 591/1176/1020
f 591/1176/1020 592/1175/1019 590/1177/1021
f 590/1177/1021 592/1175/1019 596/1178/1022
f 590/1177/1021 596/1178/1022 589/1179/1023
f 589/1179/1023 596/1178/1022 593/1180/1024
f 589/1179/1023 593/1180/1024 588/1181/1025
f 588/1181/1025 593/1180/1024 598/1182/1026
f 588/1181/1025 598/1182/1026 597/1183/1027
f 597/1183/1027 598/1182/1026 556/1184/1028
f 597/1183/1027 556/1184/1028 4/1185/1029
f 559/1173/1017 558/1186/1030 592/1175/1019
f 592/1175/1019 558/1186/1030 596/1178/1022
f 558/1186/1030 557/1187/1031 596/1178/1022
f 596/1178/1022 557/1187/1031 593/1180/1024
f 557/1187/1031 556/1184/1028 593/1180/1024
f 593/1180/1024 556/1184/1028 598/1182/1026
f 4/1185/1029 3/1188/1032 597/1183/1027
f 597/1183/1027 3/1188/1032 588/1181/1025
f 594/1174/1018 591/1176/1020 595/1172/1016
f 595/1172/1016 591/1176/1020 321/1170/1014
f 322/1189/1033 321/1190/1034 601/1191/1035
f 601/1191/1035 321/1190/1034 591/1192/1036
f 601/1191/1035 591/1192/1036 602/1193/1037
f 602/1193/1037 591/1192/1036 600/1194/1038
f 602/1193/1037 600/1194/1038 236/1195/1039
f 236/1195/1039 600/1194/1038 237/1196/1040
f 237/1196/1040 600/1194/1038 603/1197/1041
f 237/1196/1040 603/1197/1041 238/1198/1042
f 238/1198/1042 603/1197/1041 239/1199/1043
f 239/1199/1043 603/1197/1041 599/1200/1044
f 239/1199/1043 599/1200/1044 240/1201/1045
f 240/1201/1045 599/1200/1044 604/1202/1046
f 240/1201/1045 604/1202/1046 241/1203/1047
f 241/1203/1047 604/1202/1046 605/1204/1048
f 241/1203/1047 605/1204/1048 242/1205/1049
f 242/1205/1049 605/1204/1048 3/1206/1050
f 3/1206/1050 605/1204/1048 588/1207/1051
f 588/1207/1051 605/1204/1048 604/1202/1046
f 588/1207/1051 604/1202/1046 599/1200/1044
f 591/1192/1036 590/1208/1052 600/1194/1038
f 600/1194/1038 590/1208/1052 603/1197/1041
f 590/1208/1052 589/1209/1053 603/1197/1041
f 603/1197/1041 589/1209/1053 599/1200/1044
f 589/1209/1053 588/1207/1051 599/1200/1044
f 236/1195/1039 235/1210/1054 602/1193/1037
f 602/1193/1037 235/1210/1054 601/1191/1035
f 235/1210/1054 234/1211/1055 601/1191/1035
f 601/1191/1035 234/1211/1055 322/1189/1033
# 605 vertices
# 1211 texture params
# 1055 normals
# 1214 facets

# 1 groups
