# WaveFront *.obj file (generated by Autodesk ATF)

mtllib Internal_Rod_1.mtl

g Body1

v -5.870851 -37.621588 -2.500000
v -5.134453 -38.392964 -2.500000
v -4.296094 -39.052097 -2.500000
v -3.372724 -39.585660 -2.500000
v -16.189348 -46.985342 -2.500000
v -18.334475 -47.609983 -2.500000
v -20.525425 -47.172394 -2.500000
v -22.266036 -45.771671 -2.500000
v -23.162127 -43.725024 -2.500000
v -23.010771 -41.495934 -2.500000
v -21.846243 -39.589204 -2.500000
v -19.932262 -38.436630 -2.500000
v -18.865531 -38.060786 -2.500000
v -17.829478 -37.607167 -2.500000
v -16.829766 -37.078253 -2.500000
v -7.822724 -31.878034 -2.500000
v -7.822330 -32.944478 -2.500000
v -7.670683 -34.000085 -2.500000
v -7.370851 -35.023512 -2.500000
v -9.991909 -36.536781 -2.500000
v -8.491909 -39.134857 -2.500000
v -21.586820 -42.919401 -2.500000
v -21.178197 -44.444401 -2.500000
v -20.061820 -45.560779 -2.500000
v -18.536820 -45.969401 -2.500000
v -17.011820 -45.560779 -2.500000
v -15.895442 -44.444401 -2.500000
v -15.486820 -42.919401 -2.500000
v -15.895442 -41.394401 -2.500000
v -17.011820 -40.278024 -2.500000
v -18.536820 -39.869401 -2.500000
v -20.061820 -40.278024 -2.500000
v -21.178197 -41.394401 -2.500000
v -19.932262 -38.436630 2.500000
v -21.846243 -39.589204 2.500000
v -23.010771 -41.495934 2.500000
v -23.162127 -43.725024 2.500000
v -22.266036 -45.771671 2.500000
v -20.525425 -47.172394 2.500000
v -18.334475 -47.609983 2.500000
v -16.189348 -46.985342 2.500000
v -3.372724 -39.585660 2.500000
v -4.296094 -39.052097 2.500000
v -5.134453 -38.392964 2.500000
v -5.870851 -37.621588 2.500000
v -8.491909 -39.134857 2.500000
v -9.991909 -36.536781 2.500000
v -7.370851 -35.023512 2.500000
v -7.670683 -34.000085 2.500000
v -7.822330 -32.944478 2.500000
v -7.822724 -31.878034 2.500000
v -16.829766 -37.078253 2.500000
v -17.829478 -37.607167 2.500000
v -18.865531 -38.060786 2.500000
v -21.586820 -42.919401 2.500000
v -21.178197 -41.394401 2.500000
v -20.061820 -40.278024 2.500000
v -18.536820 -39.869401 2.500000
v -17.011820 -40.278024 2.500000
v -15.895442 -41.394401 2.500000
v -15.486820 -42.919401 2.500000
v -15.895442 -44.444401 2.500000
v -17.011820 -45.560779 2.500000
v -18.536820 -45.969401 2.500000
v -20.061820 -45.560779 2.500000
v -21.178197 -44.444401 2.500000
v -3.210251 -36.085490 -5.500000
v -3.210241 -36.085499 -7.524817
v -1.417219 -37.141795 -7.700000
v -0.203217 -37.340120 -7.700000
v 1.019134 -37.202295 -7.700000
v 2.158494 -36.738621 -7.700000
v 2.158494 -36.738621 -5.500000
v 0.330095 -37.321713 -5.500000
v -1.574985 -37.089952 -5.500000
v 2.158494 -36.738621 7.700000
v 1.019134 -37.202295 7.700000
v -0.203217 -37.340120 7.700000
v -1.417219 -37.141795 7.700000
v -1.869162 -36.975504 7.684052
v -2.377295 -36.717738 7.637533
v -2.812196 -36.425896 7.582994
v -3.210241 -36.085499 7.524817
v -3.210251 -36.085490 5.500000
v -1.574985 -37.089952 5.500000
v 0.330095 -37.321713 5.500000
v 2.158494 -36.738621 5.500000
v 11.570084 -31.304836 11.700000
v 11.570084 -31.304836 7.700000
v 0.973450 -37.422806 4.323095
v -0.290181 -38.152364 3.274832
v -1.781807 -39.013554 2.469469
v -3.222724 -39.845468 2.200000
v -16.039348 -47.245149 2.200000
v -16.039348 -47.245149 -2.200000
v -3.222724 -39.845468 -2.200000
v -1.782054 -39.013697 -2.469469
v -0.290181 -38.152364 -3.274832
v 0.973450 -37.422806 -4.323095
v 11.570084 -31.304836 -7.700000
v 11.570084 -31.304836 -11.700000
v 37.016016 -16.613621 -11.700000
v 37.016016 -16.613621 -9.000000
v 30.520826 -20.363621 -9.000000
v 29.654800 -20.863621 -8.732051
v 29.020826 -21.229646 -8.000000
v 28.788775 -21.363621 -7.000000
v 28.788775 -21.363621 7.000000
v 29.020826 -21.229646 8.000000
v 29.654800 -20.863621 8.732051
v 30.520826 -20.363621 9.000000
v 37.016016 -16.613621 9.000000
v 37.016016 -16.613621 11.700000
v 7.787659 -33.488621 6.500000
v 11.606423 -31.283856 6.500000
v 11.996921 -31.058402 6.607430
v 12.303517 -30.881389 6.906637
v 12.460335 -30.790850 7.333333
v 12.773973 -30.609771 8.186727
v 13.387164 -30.255745 8.785141
v 14.168161 -29.804836 9.000000
v 25.757686 -23.113621 9.000000
v 26.623711 -22.613621 8.732051
v 27.257686 -22.247595 8.000000
v 27.489737 -22.113621 7.000000
v 27.489737 -22.113621 -7.000000
v 27.257686 -22.247595 -8.000000
v 26.623711 -22.613621 -8.732051
v 25.757686 -23.113621 -9.000000
v 14.168161 -29.804836 -9.000000
v 13.387164 -30.255745 -8.785141
v 12.773973 -30.609771 -8.186727
v 12.460335 -30.790850 -7.333333
v 12.303517 -30.881389 -6.906637
v 11.996921 -31.058402 -6.607430
v 11.606423 -31.283856 -6.500000
v 7.787659 -33.488621 -6.500000
v 6.921633 -33.988621 -6.232051
v 6.287659 -34.354646 -5.500000
v 6.055608 -34.488621 -4.500000
v 6.055608 -34.488621 4.500000
v 6.287659 -34.354646 5.500000
v 6.921633 -33.988621 6.232051
v -2.591506 -28.511379 5.500000
v -2.591506 -28.511379 7.700000
v 8.920936 -21.864668 7.700000
v 8.920936 -21.864668 11.700000
v 32.266016 -8.386379 11.700000
v 32.266016 -8.386379 9.000000
v 29.783251 -9.819804 9.000000
v 28.917226 -10.319804 8.732051
v 28.283251 -10.685830 8.000000
v 28.051200 -10.819804 7.000000
v 28.051200 -10.819804 -7.000000
v 28.283251 -10.685830 -8.000000
v 28.917226 -10.319804 -8.732051
v 29.783251 -9.819804 -9.000000
v 32.266016 -8.386379 -9.000000
v 32.266016 -8.386379 -11.700000
v 8.920936 -21.864668 -11.700000
v 8.920936 -21.864668 -7.700000
v -2.591506 -28.511379 -7.700000
v -2.591506 -28.511379 -5.500000
v -3.776550 -29.195565 -4.323095
v -5.040181 -29.925123 -3.274832
v -6.531807 -30.786313 -2.469469
v -7.972724 -31.618227 -2.200000
v -16.979766 -36.818445 -2.200000
v -16.979766 -36.818445 2.200000
v -7.972724 -31.618227 2.200000
v -6.532054 -30.786456 2.469469
v -5.040181 -29.925123 3.274832
v -3.776550 -29.195565 4.323095
v -17.959876 -37.336988 -2.200000
v -18.975614 -37.781713 -2.200000
v -20.021429 -38.150188 -2.200000
v -20.021429 -38.150188 2.200000
v -18.975614 -37.781713 2.200000
v -17.959876 -37.336988 2.200000
v -22.057710 -39.376409 -2.200000
v -23.296650 -41.404977 -2.200000
v -23.457677 -43.776502 -2.200000
v -22.504327 -45.953927 -2.200000
v -20.652494 -47.444154 -2.200000
v -18.321546 -47.909704 -2.200000
v -18.321546 -47.909704 2.200000
v -20.652494 -47.444154 2.200000
v -22.504327 -45.953927 2.200000
v -23.457677 -43.776502 2.200000
v -23.296650 -41.404977 2.200000
v -22.057710 -39.376409 2.200000
v -4.436055 -31.473253 8.000000
v -1.328839 -36.855109 8.000000
v -0.195769 -37.040212 8.000000
v 0.945091 -36.911576 8.000000
v 2.008494 -36.478813 8.000000
v 10.287609 -31.698863 8.000000
v 8.823085 -31.435311 8.000000
v 7.665363 -30.500448 8.000000
v 7.099280 -29.124279 8.000000
v 6.714730 -26.388061 8.000000
v 6.711024 -25.162463 8.000000
v 7.038145 -23.981321 8.000000
v 7.671829 -22.932250 8.000000
v -2.441506 -28.771187 8.000000
v -3.347991 -29.475739 8.000000
v -4.029824 -30.399435 8.000000
v 1.500000 -32.500000 8.000000
v 1.299038 -33.250000 8.000000
v 0.750000 -33.799038 8.000000
v -0.000000 -34.000000 8.000000
v -0.750000 -33.799038 8.000000
v -1.299038 -33.250000 8.000000
v -1.500000 -32.500000 8.000000
v -1.299038 -31.750000 8.000000
v -0.750000 -31.200962 8.000000
v 0.000000 -31.000000 8.000000
v 0.750000 -31.200962 8.000000
v 1.299038 -31.750000 8.000000
v 10.287609 -31.698863 -8.000000
v 2.008494 -36.478813 -8.000000
v 0.945091 -36.911576 -8.000000
v -0.195769 -37.040212 -8.000000
v -1.328839 -36.855109 -8.000000
v -4.436055 -31.473253 -8.000000
v -4.029824 -30.399435 -8.000000
v -3.347991 -29.475739 -8.000000
v -2.441506 -28.771187 -8.000000
v 7.671829 -22.932250 -8.000000
v 7.038145 -23.981321 -8.000000
v 6.711024 -25.162463 -8.000000
v 6.714730 -26.388061 -8.000000
v 7.099280 -29.124279 -8.000000
v 7.665363 -30.500448 -8.000000
v 8.823085 -31.435311 -8.000000
v 1.500000 -32.500000 -8.000000
v 1.299038 -31.750000 -8.000000
v 0.750000 -31.200962 -8.000000
v 0.000000 -31.000000 -8.000000
v -0.750000 -31.200962 -8.000000
v -1.299038 -31.750000 -8.000000
v -1.500000 -32.500000 -8.000000
v -1.299038 -33.250000 -8.000000
v -0.750000 -33.799038 -8.000000
v -0.000000 -34.000000 -8.000000
v 0.750000 -33.799038 -8.000000
v 1.299038 -33.250000 -8.000000
v 7.099280 -29.124279 11.700000
v 6.714730 -26.388061 11.700000
v 34.641016 -7.750000 11.700000
v 37.016016 -8.386379 11.700000
v 38.754637 -10.125000 11.700000
v 39.391016 -12.500000 11.700000
v 38.754637 -14.875000 11.700000
v 38.754637 -14.875000 9.000000
v 39.391016 -12.500000 9.000000
v 38.754637 -10.125000 9.000000
v 37.016016 -8.386379 9.000000
v 34.641016 -7.750000 9.000000
v 38.754637 -14.875000 -11.700000
v 39.391016 -12.500000 -11.700000
v 38.754637 -10.125000 -11.700000
v 37.016016 -8.386379 -11.700000
v 34.641016 -7.750000 -11.700000
v 34.641016 -7.750000 -9.000000
v 37.016016 -8.386379 -9.000000
v 38.754637 -10.125000 -9.000000
v 39.391016 -12.500000 -9.000000
v 38.754637 -14.875000 -9.000000
v 9.070936 -22.124475 12.000000
v 7.831429 -23.214687 12.000000
v 7.107792 -24.698362 12.000000
v 7.011810 -26.346309 12.000000
v 7.396361 -29.082527 12.000000
v 7.885739 -30.293780 12.000000
v 8.886482 -31.133504 12.000000
v 10.164313 -31.405115 12.000000
v 11.420084 -31.045029 12.000000
v 36.866016 -16.353813 12.000000
v 38.494829 -14.725000 12.000000
v 39.091016 -12.500000 12.000000
v 38.494829 -10.275000 12.000000
v 36.866016 -8.646187 12.000000
v 34.641016 -8.050000 12.000000
v 32.416016 -8.646187 12.000000
v 36.141016 -12.500000 12.000000
v 35.940054 -13.250000 12.000000
v 35.391016 -13.799038 12.000000
v 34.641016 -14.000000 12.000000
v 33.891016 -13.799038 12.000000
v 33.341978 -13.250000 12.000000
v 33.141016 -12.500000 12.000000
v 33.341978 -11.750000 12.000000
v 33.891016 -11.200962 12.000000
v 34.641016 -11.000000 12.000000
v 35.391016 -11.200962 12.000000
v 35.940054 -11.750000 12.000000
v 11.420084 -31.045029 -12.000000
v 10.164313 -31.405115 -12.000000
v 8.886482 -31.133504 -12.000000
v 7.885739 -30.293780 -12.000000
v 7.396361 -29.082527 -12.000000
v 7.011810 -26.346309 -12.000000
v 7.107792 -24.698362 -12.000000
v 7.831429 -23.214687 -12.000000
v 9.070936 -22.124475 -12.000000
v 32.416016 -8.646187 -12.000000
v 34.641016 -8.050000 -12.000000
v 36.866016 -8.646187 -12.000000
v 38.494829 -10.275000 -12.000000
v 39.091016 -12.500000 -12.000000
v 38.494829 -14.725000 -12.000000
v 36.866016 -16.353813 -12.000000
v 36.141016 -12.500000 -12.000000
v 35.940054 -11.750000 -12.000000
v 35.391016 -11.200962 -12.000000
v 34.641016 -11.000000 -12.000000
v 33.891016 -11.200962 -12.000000
v 33.341978 -11.750000 -12.000000
v 33.141016 -12.500000 -12.000000
v 33.341978 -13.250000 -12.000000
v 33.891016 -13.799038 -12.000000
v 34.641016 -14.000000 -12.000000
v 35.391016 -13.799038 -12.000000
v 35.940054 -13.250000 -12.000000
v 30.533251 -11.118842 -9.000000
v 26.520826 -13.435417 -9.000000
v 36.141016 -12.500000 -9.000000
v 35.940054 -13.250000 -9.000000
v 35.391016 -13.799038 -9.000000
v 34.641016 -14.000000 -9.000000
v 33.891016 -13.799038 -9.000000
v 33.341978 -13.250000 -9.000000
v 33.141016 -12.500000 -9.000000
v 33.341978 -11.750000 -9.000000
v 33.891016 -11.200962 -9.000000
v 34.641016 -11.000000 -9.000000
v 35.391016 -11.200962 -9.000000
v 35.940054 -11.750000 -9.000000
v 26.520826 -13.435417 9.000000
v 30.533251 -11.118842 9.000000
v 36.141016 -12.500000 9.000000
v 35.940054 -11.750000 9.000000
v 35.391016 -11.200962 9.000000
v 34.641016 -11.000000 9.000000
v 33.891016 -11.200962 9.000000
v 33.341978 -11.750000 9.000000
v 33.141016 -12.500000 9.000000
v 33.341978 -13.250000 9.000000
v 33.891016 -13.799038 9.000000
v 34.641016 -14.000000 9.000000
v 35.391016 -13.799038 9.000000
v 35.940054 -13.250000 9.000000
v 24.788775 -14.435417 7.000000
v 24.788775 -14.435417 -7.000000
v 25.020826 -14.301443 -8.000000
v 25.654800 -13.935417 -8.732051
v 29.667226 -11.618842 -8.732051
v 29.033251 -11.984868 -8.000000
v 28.801200 -12.118842 -7.000000
v 28.801200 -12.118842 7.000000
v 29.033251 -11.984868 8.000000
v 29.667226 -11.618842 8.732051
v 25.654800 -13.935417 8.732051
v 25.020826 -14.301443 8.000000
v 6.714730 -26.388061 -11.700000
v 7.099280 -29.124279 -11.700000
v 7.592892 -23.032752 -11.700000
v 6.817568 -24.622404 -11.700000
v 6.817568 -24.622404 11.700000
v 7.592892 -23.032752 11.700000
v 10.174783 -31.704932 11.700000
v 8.754971 -31.403142 11.700000
v 7.643033 -30.470116 11.700000
v 10.951156 -31.574462 7.775962
v 7.643033 -30.470116 -11.700000
v 8.754971 -31.403142 -11.700000
v 10.174783 -31.704932 -11.700000
v 10.951156 -31.574462 -7.775962
v -3.562740 -29.266257 -7.700000
v -4.293275 -30.255931 -7.700000
v -4.728522 -31.406450 -7.700000
v -4.810482 -31.880990 -7.684052
v -4.841316 -32.449929 -7.637533
v -4.806024 -32.972485 -7.582994
v -4.710254 -33.487401 -7.524817
v -4.710251 -33.487414 -5.500000
v -4.762508 -31.569001 -5.500000
v -4.010679 -29.803273 -5.500000
v -4.710251 -33.487414 5.500000
v -4.710254 -33.487401 7.524817
v -4.728522 -31.406450 7.700000
v -4.293275 -30.255931 7.700000
v -3.562740 -29.266257 7.700000
v -4.010679 -29.803273 5.500000
v -4.762508 -31.569001 5.500000
v 23.739737 -15.618430 -7.000000
v 23.739737 -15.618430 7.000000
v 23.507686 -15.752405 8.000000
v 22.873711 -16.118430 8.732051
v 22.007686 -16.618430 9.000000
v 10.418161 -23.309646 9.000000
v 9.637164 -23.760554 8.785141
v 9.023973 -24.114580 8.186727
v 8.710335 -24.295659 7.333333
v 8.553517 -24.386198 6.906637
v 8.246921 -24.563211 6.607430
v 7.856423 -24.788666 6.500000
v 4.037659 -26.993430 6.500000
v 3.171633 -27.493430 6.232051
v 2.537659 -27.859456 5.500000
v 2.305608 -27.993430 4.500000
v 2.305608 -27.993430 -4.500000
v 2.537659 -27.859456 -5.500000
v 3.171633 -27.493430 -6.232051
v 4.037659 -26.993430 -6.500000
v 7.856423 -24.788666 -6.500000
v 8.246921 -24.563211 -6.607430
v 8.553517 -24.386198 -6.906637
v 8.710335 -24.295659 -7.333333
v 9.023973 -24.114580 -8.186727
v 9.637164 -23.760554 -8.785141
v 10.418161 -23.309646 -9.000000
v 22.007686 -16.618430 -9.000000
v 22.873711 -16.118430 -8.732051
v 23.507686 -15.752405 -8.000000
v -6.481109 -37.973921 3.600287
v -4.143247 -36.624155 6.899713
v -5.643247 -34.026079 6.899713
v -7.981109 -35.375845 3.600287
v -5.320901 -33.839973 7.280094
v -4.945419 -33.623188 7.588720
v -4.528551 -33.382507 7.815668
v -4.918855 -33.607852 4.343574
v -5.503376 -33.945325 3.371625
v -6.363834 -34.442111 2.726522
v -9.236489 -36.100639 2.629613
v -8.546345 -35.702184 3.007252
v -3.028546 -35.980589 7.815669
v -3.445419 -36.221264 7.588720
v -3.820901 -36.438049 7.280094
v -7.046345 -38.300260 3.007252
v -7.736489 -38.698715 2.629613
v -4.863834 -37.040187 2.726522
v -4.003376 -36.543401 3.371625
v -3.418855 -36.205928 4.343574
v -7.981109 -35.375845 -3.600287
v -5.643247 -34.026079 -6.899713
v -4.143247 -36.624155 -6.899713
v -6.481109 -37.973921 -3.600287
v -4.528552 -33.382503 -7.815669
v -4.945419 -33.623188 -7.588720
v -5.320901 -33.839973 -7.280094
v -8.546345 -35.702184 -3.007252
v -9.236489 -36.100639 -2.629613
v -6.363834 -34.442111 -2.726522
v -5.503376 -33.945325 -3.371625
v -4.918855 -33.607852 -4.343574
v -3.820901 -36.438049 -7.280094
v -3.445419 -36.221264 -7.588720
v -3.028549 -35.980587 -7.815668
v -3.418855 -36.205928 -4.343574
v -4.003376 -36.543401 -3.371625
v -4.863834 -37.040187 -2.726522
v -7.736489 -38.698715 -2.629613
v -7.046345 -38.300260 -3.007252
v -0.455438 -38.113569 -3.477120
v -2.054297 -37.333311 -4.000000
v -2.493980 -38.339517 -2.901924
v 0.181958 -37.735796 -4.000000
v -5.089213 -30.087636 -3.477120
v -6.304160 -31.740092 -2.901924
v -5.212919 -31.862418 -4.000000
v -4.443354 -29.724522 -4.000000
v -5.089213 -30.087636 3.477120
v -5.212919 -31.862418 4.000000
v -6.304160 -31.740092 2.901924
v -4.443354 -29.724522 4.000000
v -0.455438 -38.113569 3.477120
v -2.493980 -38.339517 2.901924
v -2.054297 -37.333311 4.000000
v 0.181958 -37.735796 4.000000
v -2.261047 -36.641954 7.792122
v -2.312198 -36.613904 -7.786116
v -4.718845 -32.445470 7.786116
v -4.717561 -32.387147 -7.792122
v -5.064612 -30.006099 -3.375627
v -4.217344 -29.483049 -4.022349
v -6.426115 -30.848116 -2.640656
v -0.372610 -38.133014 -3.375731
v 0.504022 -37.660804 -4.022422
v -1.782580 -38.891049 -2.640797
v -5.064638 -30.006183 3.375731
v -4.217376 -29.483102 4.022422
v -6.426101 -30.848235 2.640797
v -0.372525 -38.133034 3.375627
v 0.504084 -37.660802 4.022349
v -1.782484 -38.891121 2.640656
vt -1.919309 -1.403360 0.000000
vt -1.992948 -1.480498 0.000000
vt -1.657203 -1.554687 0.000000
vt -2.076784 -1.546411 0.000000
vt -2.169121 -1.599767 0.000000
vt -0.916850 -2.085642 0.000000
vt -0.887459 -2.339736 0.000000
vt -0.805212 -2.197279 0.000000
vt -0.652712 -2.238142 0.000000
vt -0.672946 -2.402200 0.000000
vt -0.453851 -2.358441 0.000000
vt -0.500212 -2.197279 0.000000
vt -0.279790 -2.218369 0.000000
vt -0.388574 -2.085642 0.000000
vt -0.190181 -2.013704 0.000000
vt -0.347712 -1.933142 0.000000
vt -0.205317 -1.790795 0.000000
vt -0.388574 -1.780642 0.000000
vt -0.321770 -1.600122 0.000000
vt -0.500212 -1.669004 0.000000
vt -0.513168 -1.484864 0.000000
vt -0.652712 -1.628142 0.000000
vt -0.619841 -1.447280 0.000000
vt -0.723446 -1.401918 0.000000
vt -0.805212 -1.669004 0.000000
vt -0.823417 -1.349027 0.000000
vt -1.507203 -1.294880 0.000000
vt -1.724161 -0.935649 0.000000
vt -1.739325 -1.041210 0.000000
vt -1.724121 -0.829005 0.000000
vt -1.769309 -1.143553 0.000000
vt -0.916850 -1.780642 0.000000
vt -0.957712 -1.933142 0.000000
vt 0.321770 -1.600122 0.000000
vt 0.500212 -1.669004 0.000000
vt 0.513168 -1.484864 0.000000
vt 0.652712 -1.628142 0.000000
vt 0.619841 -1.447280 0.000000
vt 0.723446 -1.401918 0.000000
vt 0.805212 -1.669004 0.000000
vt 0.823417 -1.349027 0.000000
vt 1.507203 -1.294880 0.000000
vt 1.724161 -0.935649 0.000000
vt 1.739325 -1.041210 0.000000
vt 1.769309 -1.143553 0.000000
vt 0.388574 -1.780642 0.000000
vt 0.205317 -1.790795 0.000000
vt 0.347712 -1.933142 0.000000
vt 0.190181 -2.013704 0.000000
vt 0.388574 -2.085642 0.000000
vt 0.279790 -2.218369 0.000000
vt 0.500212 -2.197279 0.000000
vt 0.453851 -2.358441 0.000000
vt 0.652712 -2.238142 0.000000
vt 0.672946 -2.402200 0.000000
vt 0.887459 -2.339736 0.000000
vt 2.169121 -1.599767 0.000000
vt 0.916850 -2.085642 0.000000
vt 0.805212 -2.197279 0.000000
vt 1.657203 -1.554687 0.000000
vt 2.076784 -1.546411 0.000000
vt 1.992948 -1.480498 0.000000
vt 1.919309 -1.403360 0.000000
vt 0.916850 -1.780642 0.000000
vt 0.957712 -1.933142 0.000000
vt 1.724121 -0.829005 0.000000
vt -1.750000 -0.362285 0.000000
vt -1.952482 -0.362287 0.000000
vt -1.750000 -0.555683 0.000000
vt -1.970000 -0.572290 0.000000
vt -1.970000 -0.695686 0.000000
vt -1.750000 -0.749080 0.000000
vt -1.970000 -0.819082 0.000000
vt -1.750000 -0.942478 0.000000
vt -1.970000 -0.942478 0.000000
vt -0.430000 -0.942478 0.000000
vt -0.430000 -0.819082 0.000000
vt -0.650000 -0.942478 0.000000
vt -0.650000 -0.749080 0.000000
vt -0.430000 -0.695686 0.000000
vt -0.650000 -0.555683 0.000000
vt -0.430000 -0.572290 0.000000
vt -0.431595 -0.524111 0.000000
vt -0.436247 -0.467095 0.000000
vt -0.650000 -0.362285 0.000000
vt -0.441701 -0.414691 0.000000
vt -0.447518 -0.362287 0.000000
vt -0.938243 -0.430000 0.000000
vt -0.728425 -0.321486 0.000000
vt -0.938243 -0.030000 0.000000
vt -0.638243 -0.300000 0.000000
vt 0.700000 -0.300000 0.000000
vt -2.025000 -0.430000 0.000000
vt -1.375000 -0.550000 0.000000
vt -0.934047 -0.550000 0.000000
vt -0.853554 -0.509336 0.000000
vt -0.888956 -0.539257 0.000000
vt -1.475000 -0.576795 0.000000
vt -2.025000 -0.650000 0.000000
vt -1.548205 -0.650000 0.000000
vt -1.575000 -0.750000 0.000000
vt -2.161837 -0.767691 0.000000
vt -2.307749 -0.872517 0.000000
vt -1.575000 -1.650000 0.000000
vt -2.479987 -0.953053 0.000000
vt -2.307749 -1.527483 0.000000
vt -2.480015 -1.446947 0.000000
vt -2.646369 -1.420000 0.000000
vt -2.646369 -0.980000 0.000000
vt -4.126306 -0.980000 0.000000
vt -4.126306 -1.420000 0.000000
vt -2.161837 -1.632309 0.000000
vt -2.025000 -1.750000 0.000000
vt -1.548205 -1.750000 0.000000
vt -1.475000 -1.823205 0.000000
vt -2.025000 -1.970000 0.000000
vt -1.375000 -1.850000 0.000000
vt -0.938243 -1.970000 0.000000
vt -0.934047 -1.850000 0.000000
vt -0.853554 -1.890664 0.000000
vt -0.888956 -1.860743 0.000000
vt -0.938243 -2.370000 0.000000
vt -0.728425 -2.078514 0.000000
vt -0.799230 -2.018673 0.000000
vt -0.835446 -1.933333 0.000000
vt 2.000000 -2.370000 0.000000
vt 0.700000 -2.100000 0.000000
vt -0.638243 -2.100000 0.000000
vt 2.000000 -2.100000 0.000000
vt 1.250000 -2.100000 0.000000
vt 0.800000 -2.073205 0.000000
vt 1.150000 -2.073205 0.000000
vt 0.873205 -2.000000 0.000000
vt 1.076795 -2.000000 0.000000
vt 0.900000 -1.900000 0.000000
vt 1.050000 -1.900000 0.000000
vt 0.900000 -0.500000 0.000000
vt 1.050000 -0.500000 0.000000
vt 0.873205 -0.400000 0.000000
vt 1.076795 -0.400000 0.000000
vt 0.800000 -0.326795 0.000000
vt 1.150000 -0.326795 0.000000
vt 1.250000 -0.300000 0.000000
vt 2.000000 -0.030000 0.000000
vt 2.000000 -0.300000 0.000000
vt -0.835446 -0.466667 0.000000
vt -0.799230 -0.381327 0.000000
vt 2.025000 -0.430000 0.000000
vt 0.695658 -0.430000 0.000000
vt 2.025000 -0.650000 0.000000
vt 2.161837 -0.767691 0.000000
vt 2.307749 -1.527483 0.000000
vt 2.307749 -0.872517 0.000000
vt 2.479987 -1.446947 0.000000
vt 2.480015 -0.953053 0.000000
vt 2.646369 -0.980000 0.000000
vt 2.646369 -1.420000 0.000000
vt 3.686413 -1.420000 0.000000
vt 0.695658 -0.030000 0.000000
vt -1.540110 -0.400000 0.000000
vt -1.513315 -0.500000 0.000000
vt -1.513315 -1.900000 0.000000
vt -1.613315 -0.326795 0.000000
vt -2.000000 -0.030000 0.000000
vt -1.713315 -0.300000 0.000000
vt -2.000000 -0.300000 0.000000
vt 0.695658 -1.970000 0.000000
vt -1.540110 -2.000000 0.000000
vt 0.695658 -2.370000 0.000000
vt -1.613315 -2.073205 0.000000
vt -2.000000 -2.370000 0.000000
vt -1.713315 -2.100000 0.000000
vt -2.000000 -2.100000 0.000000
vt 2.025000 -1.970000 0.000000
vt 2.025000 -1.750000 0.000000
vt 2.161837 -1.632309 0.000000
vt 3.686413 -0.980000 0.000000
vt 0.580000 -3.141593 0.000000
vt 1.020000 -3.141593 0.000000
vt 0.580000 -3.030684 0.000000
vt 1.020000 -3.030684 0.000000
vt 0.580000 -2.919776 0.000000
vt 1.020000 -2.919776 0.000000
vt 0.580000 -2.808868 0.000000
vt 1.020000 -2.808868 0.000000
vt -0.580000 0.633865 0.000000
vt -1.020000 0.633865 0.000000
vt -0.580000 0.393865 0.000000
vt -1.020000 0.393865 0.000000
vt -0.580000 0.153864 0.000000
vt -1.020000 0.153864 0.000000
vt -0.580000 -0.086136 0.000000
vt -1.020000 -0.086136 0.000000
vt -0.580000 -0.326137 0.000000
vt -1.020000 -0.326137 0.000000
vt -0.580000 -0.566137 0.000000
vt -1.020000 -0.566137 0.000000
vt -0.580000 -0.806138 0.000000
vt -1.020000 -0.806138 0.000000
vt -0.580000 -1.046139 0.000000
vt -1.020000 -1.046139 0.000000
vt 0.657790 -0.120678 0.000000
vt 0.660770 0.239833 0.000000
vt 0.347069 0.417508 0.000000
vt 0.640674 0.314833 0.000000
vt 0.660770 0.389833 0.000000
vt 0.771097 -0.139188 0.000000
vt 0.790674 0.164833 0.000000
vt 0.715674 0.184929 0.000000
vt 0.885183 -0.126325 0.000000
vt 0.865674 0.184929 0.000000
vt 0.991524 -0.083048 0.000000
vt 0.920578 0.239833 0.000000
vt 1.557211 0.514788 0.000000
vt 0.940674 0.314833 0.000000
vt 0.920578 0.389833 0.000000
vt 1.500602 0.652405 0.000000
vt 0.865674 0.444737 0.000000
vt 1.462147 0.926027 0.000000
vt 0.546524 0.687714 0.000000
vt 1.461777 1.048587 0.000000
vt 1.494489 1.166701 0.000000
vt 1.819435 0.394946 0.000000
vt 1.672983 0.421302 0.000000
vt 1.557857 1.271608 0.000000
vt 0.455875 0.617259 0.000000
vt 0.715674 0.444737 0.000000
vt 0.790674 0.464833 0.000000
vt 0.387692 0.524889 0.000000
vt -1.819435 0.394946 0.000000
vt -0.991524 -0.083048 0.000000
vt -1.672983 0.421302 0.000000
vt -1.557211 0.514788 0.000000
vt -0.920578 0.239833 0.000000
vt -0.940674 0.314833 0.000000
vt -0.865674 0.184929 0.000000
vt -0.885183 -0.126325 0.000000
vt -0.790674 0.164833 0.000000
vt -0.771097 -0.139188 0.000000
vt -0.657790 -0.120678 0.000000
vt -0.347069 0.417508 0.000000
vt -0.660770 0.239833 0.000000
vt -0.715674 0.184929 0.000000
vt -0.387692 0.524889 0.000000
vt -0.660770 0.389833 0.000000
vt -0.640674 0.314833 0.000000
vt -0.455875 0.617259 0.000000
vt -0.715674 0.444737 0.000000
vt -0.546524 0.687714 0.000000
vt -0.790674 0.464833 0.000000
vt -0.865674 0.444737 0.000000
vt -1.462147 0.926027 0.000000
vt -1.500602 0.652405 0.000000
vt -1.557857 1.271608 0.000000
vt -1.494489 1.166701 0.000000
vt -1.461777 1.048587 0.000000
vt -0.920578 0.389833 0.000000
vt 0.067536 9.012206 0.000000
vt -0.208775 9.012206 0.000000
vt 0.067536 8.642206 0.000000
vt -0.208775 8.642206 0.000000
vt -0.300000 0.497419 0.000000
vt -0.030000 0.497419 0.000000
vt -0.300000 0.746128 0.000000
vt -0.030000 0.746128 0.000000
vt -0.300000 0.994838 0.000000
vt -0.030000 0.994838 0.000000
vt -0.300000 1.243547 0.000000
vt -0.030000 1.243547 0.000000
vt -0.300000 1.492257 0.000000
vt -0.030000 1.492257 0.000000
vt -0.300000 1.740966 0.000000
vt -0.030000 1.740966 0.000000
vt -0.300000 1.989675 0.000000
vt -0.030000 1.989675 0.000000
vt -2.100000 -0.994838 0.000000
vt -2.370000 -0.994838 0.000000
vt -2.100000 -1.243547 0.000000
vt -2.370000 -1.243547 0.000000
vt -2.100000 -1.492257 0.000000
vt -2.370000 -1.492257 0.000000
vt -2.100000 -1.740966 0.000000
vt -2.370000 -1.740966 0.000000
vt -2.100000 -1.989675 0.000000
vt -2.370000 -1.989675 0.000000
vt -2.100000 -2.238385 0.000000
vt -2.370000 -2.238385 0.000000
vt -2.100000 -2.487094 0.000000
vt -2.370000 -2.487094 0.000000
vt -0.948908 -0.071469 0.000000
vt -0.590042 -0.854503 0.000000
vt -0.824957 0.037552 0.000000
vt 1.954551 0.614619 0.000000
vt 1.657051 0.870096 0.000000
vt 1.732051 0.850000 0.000000
vt 1.807051 0.870096 0.000000
vt 2.117432 0.777500 0.000000
vt 1.861955 0.925000 0.000000
vt 2.177051 1.000000 0.000000
vt 1.882051 1.000000 0.000000
vt 1.861955 1.075000 0.000000
vt 2.117432 1.222500 0.000000
vt 1.807051 1.129904 0.000000
vt 1.954551 1.385381 0.000000
vt 1.732051 1.150000 0.000000
vt 1.732051 1.445000 0.000000
vt 1.509551 1.385381 0.000000
vt -1.021272 -0.219836 0.000000
vt -1.030870 -0.384631 0.000000
vt -0.992415 -0.658253 0.000000
vt -0.943477 -0.779378 0.000000
vt -0.843403 -0.863350 0.000000
vt -0.715620 -0.890512 0.000000
vt 1.582051 1.000000 0.000000
vt 1.602147 1.075000 0.000000
vt 1.657051 1.129904 0.000000
vt 1.602147 0.925000 0.000000
vt 0.715620 -0.890512 0.000000
vt 0.843403 -0.863350 0.000000
vt 0.590042 -0.854503 0.000000
vt 0.943477 -0.779378 0.000000
vt 0.992415 -0.658253 0.000000
vt 1.030870 -0.384631 0.000000
vt 1.021272 -0.219836 0.000000
vt 0.948908 -0.071469 0.000000
vt 0.824957 0.037552 0.000000
vt -1.954551 0.614619 0.000000
vt -1.657051 0.870096 0.000000
vt -1.732051 0.850000 0.000000
vt -1.509551 1.385381 0.000000
vt -1.582051 1.000000 0.000000
vt -1.602147 0.925000 0.000000
vt -1.732051 1.445000 0.000000
vt -1.732051 1.150000 0.000000
vt -1.657051 1.129904 0.000000
vt -1.602147 1.075000 0.000000
vt -1.954551 1.385381 0.000000
vt -1.807051 1.129904 0.000000
vt -2.117432 1.222500 0.000000
vt -1.861955 1.075000 0.000000
vt -2.177051 1.000000 0.000000
vt -1.882051 1.000000 0.000000
vt -1.861955 0.925000 0.000000
vt -2.117432 0.777500 0.000000
vt -1.807051 0.870096 0.000000
vt -0.812019 -0.093542 0.000000
vt -0.129904 -0.075000 0.000000
vt -0.410776 0.138116 0.000000
vt -0.150000 0.000000 0.000000
vt -0.129904 0.075000 0.000000
vt -0.412019 -0.786362 0.000000
vt -0.075000 -0.129904 0.000000
vt 0.000000 -0.150000 0.000000
vt 0.237500 -0.411362 0.000000
vt 0.075000 -0.129904 0.000000
vt 0.411362 -0.237500 0.000000
vt 0.129904 -0.075000 0.000000
vt 0.475000 -0.000000 0.000000
vt 0.150000 0.000000 0.000000
vt 0.129904 0.075000 0.000000
vt 0.411362 0.237500 0.000000
vt 0.075000 0.129904 0.000000
vt 0.237500 0.411362 0.000000
vt 0.000000 0.150000 0.000000
vt 0.000000 0.475000 0.000000
vt -0.237500 0.411362 0.000000
vt -0.485776 0.268020 0.000000
vt -0.075000 0.129904 0.000000
vt 0.412019 -0.786362 0.000000
vt -0.000000 -0.150000 0.000000
vt -0.237500 -0.411362 0.000000
vt -0.075000 -0.129904 0.000000
vt -0.411362 -0.237500 0.000000
vt -0.129904 -0.075000 0.000000
vt -0.475000 -0.000000 0.000000
vt -0.150000 0.000000 0.000000
vt -0.129904 0.075000 0.000000
vt 0.812019 -0.093542 0.000000
vt 0.129904 -0.075000 0.000000
vt 0.075000 -0.129904 0.000000
vt 0.410776 0.138116 0.000000
vt 0.150000 0.000000 0.000000
vt 0.129904 0.075000 0.000000
vt 0.237500 0.411362 0.000000
vt 0.075000 0.129904 0.000000
vt -0.000000 0.150000 0.000000
vt -0.000000 0.475000 0.000000
vt -0.237500 0.411362 0.000000
vt 0.485776 0.268020 0.000000
vt -0.075000 0.129904 0.000000
vt -0.411362 0.237500 0.000000
vt -0.231658 0.200200 0.000000
vt -0.031658 1.800200 0.000000
vt -0.231658 1.600200 0.000000
vt -0.131658 1.773405 0.000000
vt -0.204863 1.700200 0.000000
vt -0.204863 0.100200 0.000000
vt -0.131658 0.026995 0.000000
vt -0.031658 0.000200 0.000000
vt 0.231658 1.600200 0.000000
vt 0.258452 1.700200 0.000000
vt 0.431658 0.000200 0.000000
vt 0.331658 0.026995 0.000000
vt 0.258452 0.100200 0.000000
vt 0.231658 0.200200 0.000000
vt 0.331658 1.773405 0.000000
vt 0.431658 1.800200 0.000000
vt 0.075000 1.600200 0.000000
vt -0.075000 1.600200 0.000000
vt 0.075000 0.200200 0.000000
vt -0.075000 0.200200 0.000000
vt -0.400000 0.200200 0.000000
vt 0.400000 0.200200 0.000000
vt -0.400000 1.600200 0.000000
vt 0.400000 1.600200 0.000000
vt 0.075000 -0.628319 0.000000
vt -0.075000 -0.628319 0.000000
vt 0.075000 -0.733038 0.000000
vt -0.075000 -0.733038 0.000000
vt 0.075000 -0.837758 0.000000
vt -0.075000 -0.837758 0.000000
vt 0.075000 -0.942478 0.000000
vt -0.075000 -0.942478 0.000000
vt 0.325000 -0.314159 0.000000
vt 0.475000 -0.314159 0.000000
vt 0.325000 -0.209440 0.000000
vt 0.475000 -0.209440 0.000000
vt 0.325000 -0.104720 0.000000
vt 0.475000 -0.104720 0.000000
vt 0.325000 0.000000 0.000000
vt 0.475000 0.000000 0.000000
vt -0.208775 6.672206 0.000000
vt 0.067536 6.672206 0.000000
vt -0.208775 7.042206 0.000000
vt 0.067536 7.042206 0.000000
vt 1.970000 0.942478 0.000000
vt 2.370000 0.942478 0.000000
vt 2.000000 1.107721 0.000000
vt 2.370000 1.120501 0.000000
vt 2.000000 1.230664 0.000000
vt 2.370000 1.298525 0.000000
vt 2.000000 1.353606 0.000000
vt 2.370000 1.476549 0.000000
vt 2.000000 1.476549 0.000000
vt 0.400000 -1.350885 0.000000
vt 0.030000 -1.350885 0.000000
vt 0.400000 -1.473827 0.000000
vt 0.030000 -1.528908 0.000000
vt 0.400000 -1.596770 0.000000
vt 0.030000 -1.706932 0.000000
vt 0.400000 -1.719712 0.000000
vt 0.030000 -1.884956 0.000000
vt 0.430000 -1.884956 0.000000
vt 8.612206 -0.628319 0.000000
vt 9.012206 -0.628319 0.000000
vt 8.619802 -0.560665 0.000000
vt 9.012206 -0.481711 0.000000
vt 8.642206 -0.493010 0.000000
vt 8.642206 -0.342636 0.000000
vt 9.012206 -0.335103 0.000000
vt 8.642206 -0.192262 0.000000
vt 9.012206 -0.188496 0.000000
vt 8.642206 -0.041888 0.000000
vt 9.012206 -0.041888 0.000000
vt 6.672206 -0.041888 0.000000
vt 6.672206 -0.188496 0.000000
vt 7.042206 -0.041888 0.000000
vt 7.042206 -0.192262 0.000000
vt 6.672206 -0.335103 0.000000
vt 7.042206 -0.342636 0.000000
vt 6.672206 -0.481711 0.000000
vt 7.042206 -0.493010 0.000000
vt 7.064610 -0.560665 0.000000
vt 6.672206 -0.628319 0.000000
vt 7.072206 -0.628319 0.000000
vt 8.642206 0.078540 0.000000
vt 7.042206 0.078540 0.000000
vt 8.642206 0.000000 0.000000
vt 7.042206 0.000000 0.000000
vt 8.642206 -0.078540 0.000000
vt 7.042206 -0.078540 0.000000
vt 8.642206 -0.157080 0.000000
vt 7.042206 -0.157080 0.000000
vt 8.642206 -0.235619 0.000000
vt 7.042206 -0.235619 0.000000
vt 8.642206 -0.314159 0.000000
vt 7.042206 -0.314159 0.000000
vt 8.642206 -0.392699 0.000000
vt 7.042206 -0.392699 0.000000
vt 8.642206 -0.471239 0.000000
vt 7.042206 -0.471239 0.000000
vt 8.642206 0.471239 0.000000
vt 7.042206 0.471239 0.000000
vt 8.642206 0.392699 0.000000
vt 7.042206 0.392699 0.000000
vt 8.642206 0.314159 0.000000
vt 7.042206 0.314159 0.000000
vt 8.642206 0.235619 0.000000
vt 7.042206 0.235619 0.000000
vt 8.642206 0.157080 0.000000
vt 7.042206 0.157080 0.000000
vt 9.042206 0.078540 0.000000
vt 8.742206 0.078540 0.000000
vt 9.042206 0.000000 0.000000
vt 8.742206 0.000000 0.000000
vt 9.042206 -0.078540 0.000000
vt 8.742206 -0.078540 0.000000
vt 9.042206 -0.157080 0.000000
vt 8.742206 -0.157080 0.000000
vt 9.042206 -0.235619 0.000000
vt 8.742206 -0.235619 0.000000
vt 9.042206 -0.314159 0.000000
vt 8.742206 -0.314159 0.000000
vt 9.042206 -0.392699 0.000000
vt 8.742206 -0.392699 0.000000
vt 9.042206 -0.471239 0.000000
vt 8.742206 -0.471239 0.000000
vt 9.042206 0.471239 0.000000
vt 8.742206 0.471239 0.000000
vt 9.042206 0.392699 0.000000
vt 8.742206 0.392699 0.000000
vt 9.042206 0.314159 0.000000
vt 8.742206 0.314159 0.000000
vt 9.042206 0.235619 0.000000
vt 8.742206 0.235619 0.000000
vt 9.042206 0.157080 0.000000
vt 8.742206 0.157080 0.000000
vt 6.942206 0.078540 0.000000
vt 6.642206 0.078540 0.000000
vt 6.942206 0.000000 0.000000
vt 6.642206 0.000000 0.000000
vt 6.942206 -0.078540 0.000000
vt 6.642206 -0.078540 0.000000
vt 6.942206 -0.157080 0.000000
vt 6.642206 -0.157080 0.000000
vt 6.942206 -0.235619 0.000000
vt 6.642206 -0.235619 0.000000
vt 6.942206 -0.314159 0.000000
vt 6.642206 -0.314159 0.000000
vt 6.942206 -0.392699 0.000000
vt 6.642206 -0.392699 0.000000
vt 6.942206 -0.471239 0.000000
vt 6.642206 -0.471239 0.000000
vt 6.942206 0.471239 0.000000
vt 6.642206 0.471239 0.000000
vt 6.942206 0.392699 0.000000
vt 6.642206 0.392699 0.000000
vt 6.942206 0.314159 0.000000
vt 6.642206 0.314159 0.000000
vt 6.942206 0.235619 0.000000
vt 6.642206 0.235619 0.000000
vt 6.942206 0.157080 0.000000
vt 6.642206 0.157080 0.000000
vt 8.092206 -0.798488 0.000000
vt 7.592206 -0.798488 0.000000
vt 8.092206 -0.958186 0.000000
vt 7.592206 -0.958186 0.000000
vt 8.092206 0.958186 0.000000
vt 7.592206 0.958186 0.000000
vt 8.092206 0.798488 0.000000
vt 7.592206 0.798488 0.000000
vt 8.092206 0.638791 0.000000
vt 7.592206 0.638791 0.000000
vt 8.092206 0.479093 0.000000
vt 7.592206 0.479093 0.000000
vt 8.092206 0.319395 0.000000
vt 7.592206 0.319395 0.000000
vt 8.092206 0.159698 0.000000
vt 7.592206 0.159698 0.000000
vt 8.092206 0.000000 0.000000
vt 7.592206 0.000000 0.000000
vt 8.092206 -0.159698 0.000000
vt 7.592206 -0.159698 0.000000
vt 8.092206 -0.319395 0.000000
vt 7.592206 -0.319395 0.000000
vt 8.092206 -0.479093 0.000000
vt 7.592206 -0.479093 0.000000
vt 8.092206 -0.638791 0.000000
vt 7.592206 -0.638791 0.000000
vt -0.055000 0.942478 0.000000
vt -0.055000 1.065874 0.000000
vt -0.275000 0.942478 0.000000
vt -0.275000 1.135875 0.000000
vt -0.055000 1.189269 0.000000
vt -0.275000 1.329273 0.000000
vt -0.055000 1.312665 0.000000
vt -0.056595 1.360845 0.000000
vt -0.061247 1.417860 0.000000
vt -0.275000 1.522670 0.000000
vt -0.066701 1.470265 0.000000
vt -0.072518 1.522669 0.000000
vt 0.275000 -1.304763 0.000000
vt 0.072518 -1.304765 0.000000
vt 0.275000 -1.498161 0.000000
vt 0.055000 -1.514768 0.000000
vt 0.055000 -1.638164 0.000000
vt 0.275000 -1.691558 0.000000
vt 0.055000 -1.761560 0.000000
vt 0.275000 -1.884956 0.000000
vt 0.055000 -1.884956 0.000000
vt 0.900000 -0.500000 0.000000
vt -0.888956 -0.539257 0.000000
vt 0.900000 -1.900000 0.000000
vt -0.888956 -1.860743 0.000000
vt -0.853554 -1.890664 0.000000
vt 0.873205 -0.400000 0.000000
vt 0.700000 -0.300000 0.000000
vt -0.853554 -0.509336 0.000000
vt 0.800000 -0.326795 0.000000
vt -0.638243 -0.300000 0.000000
vt -0.835446 -0.466667 0.000000
vt -0.799230 -0.381327 0.000000
vt -0.728425 -0.321486 0.000000
vt -0.934047 -1.850000 0.000000
vt -0.934047 -0.550000 0.000000
vt -1.575000 -1.650000 0.000000
vt -1.575000 -0.750000 0.000000
vt -1.375000 -0.550000 0.000000
vt -1.548205 -0.650000 0.000000
vt -1.475000 -0.576795 0.000000
vt -1.375000 -1.850000 0.000000
vt -1.548205 -1.750000 0.000000
vt -1.475000 -1.823205 0.000000
vt -0.835446 -1.933333 0.000000
vt -0.638243 -2.100000 0.000000
vt 0.700000 -2.100000 0.000000
vt 0.873205 -2.000000 0.000000
vt 0.800000 -2.073205 0.000000
vt -0.799230 -2.018673 0.000000
vt -0.728425 -2.078514 0.000000
vt -16.206291 -26.731876 0.000000
vt -16.581291 -27.381395 0.000000
vt -15.047338 -27.400998 0.000000
vt -15.422338 -28.050517 0.000000
vt 32.003629 0.700000 0.000000
vt 31.253629 0.700000 0.000000
vt 32.003629 -0.700000 0.000000
vt 31.253629 -0.700000 0.000000
vt 15.422338 -28.050517 0.000000
vt 16.581291 -27.381395 0.000000
vt 15.047338 -27.400998 0.000000
vt 16.206291 -26.731876 0.000000
vt 16.237871 -27.579669 0.000000
vt 15.862871 -26.930150 0.000000
vt 15.855995 -27.800145 0.000000
vt 15.480995 -27.150626 0.000000
vt -32.003629 -0.450000 0.000000
vt -31.253629 -0.450000 0.000000
vt -32.003629 0.450000 0.000000
vt -31.253629 0.450000 0.000000
vt -15.480995 -27.150626 0.000000
vt -15.862871 -26.930150 0.000000
vt -15.855995 -27.800145 0.000000
vt -16.237871 -27.579669 0.000000
vt -0.475000 -0.314159 0.000000
vt 0.325000 -0.314159 0.000000
vt -0.475000 -0.209440 0.000000
vt 0.325000 -0.209440 0.000000
vt -0.475000 -0.104720 0.000000
vt 0.325000 -0.104720 0.000000
vt -0.475000 0.000000 0.000000
vt 0.325000 0.000000 0.000000
vt 0.400000 -0.628319 0.000000
vt -0.400000 -0.628319 0.000000
vt 0.400000 -0.733038 0.000000
vt -0.400000 -0.733038 0.000000
vt 0.400000 -0.837758 0.000000
vt -0.400000 -0.837758 0.000000
vt 0.400000 -0.942478 0.000000
vt -0.400000 -0.942478 0.000000
vt -32.003629 0.314159 0.000000
vt -31.253629 0.314159 0.000000
vt -32.003629 0.418879 0.000000
vt -31.253629 0.418879 0.000000
vt -32.003629 0.523599 0.000000
vt -31.253629 0.523599 0.000000
vt -32.003629 0.628319 0.000000
vt -31.253629 0.628319 0.000000
vt 32.003629 0.000000 0.000000
vt 31.253629 0.000000 0.000000
vt 32.003629 -0.104720 0.000000
vt 31.253629 -0.104720 0.000000
vt 32.003629 -0.209440 0.000000
vt 31.253629 -0.209440 0.000000
vt 32.003629 -0.314159 0.000000
vt 31.253629 -0.314159 0.000000
vt -32.003629 -0.314159 0.000000
vt -31.253629 -0.314159 0.000000
vt -32.003629 -0.220603 0.000000
vt -31.253629 -0.220603 0.000000
vt -32.003629 -0.127046 0.000000
vt -31.253629 -0.127046 0.000000
vt -32.003629 -0.033490 0.000000
vt -31.253629 -0.033490 0.000000
vt -32.003629 -0.314159 0.000000
vt -31.253629 -0.314159 0.000000
vt -32.003629 -0.209440 0.000000
vt -31.253629 -0.209440 0.000000
vt -32.003629 -0.104720 0.000000
vt -31.253629 -0.104720 0.000000
vt -32.003629 0.000000 0.000000
vt -31.253629 0.000000 0.000000
vt 32.003629 -0.628319 0.000000
vt 31.253629 -0.628319 0.000000
vt 32.003629 -0.733038 0.000000
vt 31.253629 -0.733038 0.000000
vt 32.003629 -0.837758 0.000000
vt 31.253629 -0.837758 0.000000
vt 32.003629 -0.942478 0.000000
vt 31.253629 -0.942478 0.000000
vt 31.253629 0.314159 0.000000
vt 32.003629 0.314159 0.000000
vt 31.253629 0.407716 0.000000
vt 32.003629 0.407716 0.000000
vt 31.253629 0.501272 0.000000
vt 32.003629 0.501272 0.000000
vt 31.253629 0.594829 0.000000
vt 32.003629 0.594829 0.000000
vt -32.003629 -0.157080 0.000000
vt -31.253629 -0.157080 0.000000
vt -32.003629 -0.110301 0.000000
vt -31.253629 -0.110301 0.000000
vt -32.003629 -0.063523 0.000000
vt -31.253629 -0.063523 0.000000
vt -32.003629 -0.016745 0.000000
vt -31.253629 -0.016745 0.000000
vt 32.003629 0.297414 0.000000
vt 31.253629 0.297414 0.000000
vt 32.003629 0.250636 0.000000
vt 31.253629 0.250636 0.000000
vt 32.003629 0.203858 0.000000
vt 31.253629 0.203858 0.000000
vt 32.003629 0.157080 0.000000
vt 31.253629 0.157080 0.000000
vt -0.097182 -0.354951 0.000000
vt 0.303205 -0.208569 0.000000
vt -0.200193 -0.073191 0.000000
vt 0.200193 0.073191 0.000000
vt -0.084977 0.689971 0.000000
vt -0.192710 0.550000 0.000000
vt 0.184977 0.360029 0.000000
vt -0.168622 0.434357 0.000000
vt -0.101127 0.337162 0.000000
vt -0.122198 0.728009 0.000000
vt -0.192710 0.752482 0.000000
vt -0.165555 0.758872 0.000000
vt -0.213691 0.781567 0.000000
vt -0.001770 0.272652 0.000000
vt 0.114510 0.250000 0.000000
vt 0.250244 0.300725 0.000000
vt 0.329935 0.262961 0.000000
vt 0.417164 0.250000 0.000000
vt 0.192710 0.752482 0.000000
vt 0.122198 0.728009 0.000000
vt 0.192710 0.550000 0.000000
vt 0.084977 0.689971 0.000000
vt -0.184977 0.360029 0.000000
vt 0.213691 0.781567 0.000000
vt 0.165555 0.758872 0.000000
vt -0.250244 0.300725 0.000000
vt -0.114510 0.250000 0.000000
vt 0.001770 0.272652 0.000000
vt 0.101127 0.337162 0.000000
vt -0.329935 0.262961 0.000000
vt -0.417164 0.250000 0.000000
vt 0.168622 0.434357 0.000000
vt -0.200193 0.073191 0.000000
vt -0.303205 -0.208569 0.000000
vt 0.200193 -0.073191 0.000000
vt 0.097182 -0.354951 0.000000
vt -0.192710 -0.752482 0.000000
vt -0.122198 -0.728009 0.000000
vt -0.192710 -0.550000 0.000000
vt -0.084977 -0.689971 0.000000
vt 0.184977 -0.360029 0.000000
vt -0.213691 -0.781567 0.000000
vt -0.165555 -0.758872 0.000000
vt 0.250244 -0.300725 0.000000
vt 0.114510 -0.250000 0.000000
vt -0.001770 -0.272652 0.000000
vt -0.101127 -0.337162 0.000000
vt 0.329935 -0.262961 0.000000
vt 0.417164 -0.250000 0.000000
vt -0.168622 -0.434357 0.000000
vt 0.084977 -0.689971 0.000000
vt 0.192710 -0.550000 0.000000
vt -0.184977 -0.360029 0.000000
vt 0.168622 -0.434357 0.000000
vt 0.101127 -0.337162 0.000000
vt 0.122198 -0.728009 0.000000
vt 0.192710 -0.752482 0.000000
vt 0.165555 -0.758872 0.000000
vt 0.213691 -0.781567 0.000000
vt 0.001770 -0.272652 0.000000
vt -0.114510 -0.250000 0.000000
vt -0.250244 -0.300725 0.000000
vt -0.329935 -0.262961 0.000000
vt -0.417164 -0.250000 0.000000
vt 0.160722 -0.471239 0.000000
vt -0.460722 -0.471239 0.000000
vt 0.000001 -0.576890 0.000000
vt -0.300000 -0.576890 0.000000
vt 0.000000 -0.630180 0.000000
vt -0.300000 -0.630180 0.000000
vt 0.000000 -0.683469 0.000000
vt -0.300000 -0.683469 0.000000
vt -0.000000 -0.736759 0.000000
vt -0.300000 -0.736759 0.000000
vt 0.027316 0.736759 0.000000
vt -0.272684 0.736759 0.000000
vt 0.027316 0.683469 0.000000
vt -0.272684 0.683469 0.000000
vt 0.027316 0.630180 0.000000
vt -0.272684 0.630180 0.000000
vt 0.027316 0.576890 0.000000
vt -0.272684 0.576890 0.000000
vt 0.188038 0.471239 0.000000
vt -0.433406 0.471239 0.000000
vt -0.823760 -0.425420 0.000000
vt -0.942478 -0.433026 0.000000
vt -0.785398 -0.623297 0.000000
vt -0.942478 -0.664187 0.000000
vt -0.785398 -0.874903 0.000000
vt -0.942478 -0.895347 0.000000
vt -0.942478 -1.126508 0.000000
vt -0.720476 -0.807811 0.000000
vt -0.628319 -0.623297 0.000000
vt -0.471239 -0.601328 0.000000
vt -0.471239 -0.524783 0.000000
vt -0.588566 -0.388094 0.000000
vt -0.471239 -0.448237 0.000000
vt -0.471239 -0.371692 0.000000
vt -0.705857 -0.407611 0.000000
vt 2.175000 0.471239 0.000000
vt 1.875000 0.471239 0.000000
vt 2.175000 0.382732 0.000000
vt 1.875000 0.382732 0.000000
vt 1.875000 0.294226 0.000000
vt 1.875000 0.205719 0.000000
vt 2.175000 0.205719 0.000000
vt 2.175000 0.294226 0.000000
vt -0.471239 -0.191562 0.000000
vt -0.471239 -0.115017 0.000000
vt -0.588566 -0.175160 0.000000
vt -0.471239 -0.038471 0.000000
vt -0.471239 0.038074 0.000000
vt -0.628319 0.060043 0.000000
vt -0.720476 0.244557 0.000000
vt -0.785398 0.060043 0.000000
vt -0.785398 0.311649 0.000000
vt -0.942478 0.100933 0.000000
vt -0.942478 0.332093 0.000000
vt -0.942478 0.563254 0.000000
vt -0.942478 -0.130228 0.000000
vt -0.823760 -0.137834 0.000000
vt -0.705857 -0.155643 0.000000
vt -1.061196 -0.137834 0.000000
vt -0.942478 -0.130228 0.000000
vt -1.099557 0.060043 0.000000
vt -0.942478 0.100933 0.000000
vt -1.099557 0.311649 0.000000
vt -0.942478 0.332093 0.000000
vt -0.942478 0.563254 0.000000
vt -1.164480 0.244557 0.000000
vt -1.256637 0.060043 0.000000
vt -1.413717 0.038074 0.000000
vt -1.296390 -0.175160 0.000000
vt -1.413717 -0.038471 0.000000
vt -1.413717 -0.115017 0.000000
vt -1.413717 -0.191562 0.000000
vt -1.179099 -0.155643 0.000000
vt 0.471239 -0.371692 0.000000
vt 0.471239 -0.448237 0.000000
vt 0.588566 -0.388094 0.000000
vt 0.471239 -0.524783 0.000000
vt 0.628319 -0.623297 0.000000
vt 0.471239 -0.601328 0.000000
vt 0.720476 -0.807811 0.000000
vt 0.785398 -0.874903 0.000000
vt 0.942478 -1.126508 0.000000
vt 0.942478 -0.895347 0.000000
vt 0.942478 -0.664187 0.000000
vt 0.785398 -0.623297 0.000000
vt 0.705857 -0.407611 0.000000
vt 0.942478 -0.433026 0.000000
vt 0.823760 -0.425420 0.000000
vt 0.300000 -0.205719 0.000000
vt -0.000000 -0.205719 0.000000
vt 0.300000 -0.294226 0.000000
vt 0.000000 -0.294226 0.000000
vt 0.000000 -0.382732 0.000000
vt -0.000000 -0.471239 0.000000
vt 0.300000 -0.471239 0.000000
vt 0.300000 -0.382732 0.000000
vt -0.938243 -0.000000 0.000000
vt -1.005325 0.010743 0.000000
vt -2.025000 0.000000 0.000000
vt -2.025000 0.042426 0.000000
vt -1.069010 0.042426 0.000000
vt -0.042426 -0.911062 0.000000
vt 0.000000 -0.911062 0.000000
vt -0.042426 -0.791779 0.000000
vt 0.000000 -0.791779 0.000000
vt 0.000000 -0.672497 0.000000
vt -0.000000 -0.553214 0.000000
vt -0.042426 -0.553214 0.000000
vt -0.042426 -0.672497 0.000000
vt 0.000000 0.000000 0.000000
vt 0.038270 0.000000 0.000000
vt -0.000024 0.047164 0.000000
vt 0.019112 0.095443 0.000000
vt -0.000001 0.103227 0.000000
vt 0.000182 0.154831 0.000000
vt -0.000002 0.206453 0.000000
vt 0.038270 0.197281 0.000000
vt 1.773150 0.000000 0.000000
vt 1.836835 0.031684 0.000000
vt 0.817160 -0.000000 0.000000
vt 0.817160 0.042426 0.000000
vt 1.903917 0.042426 0.000000
vt 0.000000 -0.455531 0.000000
vt -0.042426 -0.455531 0.000000
vt 0.000000 -0.574814 0.000000
vt -0.042426 -0.574814 0.000000
vt -0.042426 -0.694096 0.000000
vt -0.042426 -0.813379 0.000000
vt -0.000000 -0.813379 0.000000
vt 0.000000 -0.694096 0.000000
vt 0.000000 0.216918 0.000000
vt -0.000002 0.010287 0.000000
vt 0.019133 0.115528 0.000000
vt 0.038270 0.019468 0.000000
vt 0.038270 0.216918 0.000000
vt 2.146503 0.042426 0.000000
vt 0.817160 0.042426 0.000000
vt 1.984948 0.000000 0.000000
vt 0.817160 0.000000 0.000000
vt 0.000000 0.455531 0.000000
vt -0.042426 0.455531 0.000000
vt -0.000000 0.336248 0.000000
vt -0.042426 0.336248 0.000000
vt -0.042426 0.216966 0.000000
vt -0.042426 0.097683 0.000000
vt 0.000000 0.097683 0.000000
vt 0.000000 0.216966 0.000000
vt 0.000000 0.216918 0.000000
vt -0.000002 0.010287 0.000000
vt 0.019133 0.115528 0.000000
vt 0.038270 0.019468 0.000000
vt 0.038270 0.216918 0.000000
vt -0.695658 -0.000000 0.000000
vt -0.857213 0.042426 0.000000
vt -2.025000 -0.000000 0.000000
vt -2.025000 0.042426 0.000000
vt -0.042426 0.911062 0.000000
vt 0.000000 0.911062 0.000000
vt -0.042426 1.030344 0.000000
vt -0.000000 1.030344 0.000000
vt 0.000000 1.149627 0.000000
vt 0.000000 1.268910 0.000000
vt -0.042426 1.268910 0.000000
vt -0.042426 1.149627 0.000000
vt 0.000000 0.000000 0.000000
vt 0.038270 0.000000 0.000000
vt -0.000024 0.047164 0.000000
vt 0.019112 0.095443 0.000000
vt -0.000001 0.103227 0.000000
vt 0.000182 0.154831 0.000000
vt -0.000002 0.206453 0.000000
vt 0.038270 0.197281 0.000000
vt 0.000000 0.000000 0.000000
vt 0.026407 0.000000 0.000000
vt 0.013249 0.177192 0.000000
vt 0.026452 0.166240 0.000000
vt 0.026407 0.354385 0.000000
vt 0.026407 0.531577 0.000000
vt 0.013249 0.472513 0.000000
vt 0.013249 0.354385 0.000000
vt 0.000000 0.354385 0.000000
vt 0.013249 0.708769 0.000000
vt 0.000000 0.708769 0.000000
vt -1.078631 0.000000 0.000000
vt -0.038587 0.000000 0.000000
vt -1.078631 0.042426 0.000000
vt -0.038587 0.042426 0.000000
vt 0.000000 -3.173009 0.000000
vt 0.042426 -3.173009 0.000000
vt -0.000000 -3.060991 0.000000
vt 0.042426 -3.060991 0.000000
vt 0.000000 -2.948974 0.000000
vt 0.042426 -2.948974 0.000000
vt -0.000000 -2.836957 0.000000
vt 0.042426 -2.836957 0.000000
vt -0.000000 0.907254 0.000000
vt 0.042426 0.907254 0.000000
vt 0.000000 1.140047 0.000000
vt 0.042426 1.140047 0.000000
vt 0.000000 1.372840 0.000000
vt 0.042426 1.372840 0.000000
vt 0.000000 1.605634 0.000000
vt 0.042426 1.605634 0.000000
vt -0.000000 1.838427 0.000000
vt 0.042426 1.838427 0.000000
vt -0.000000 2.071220 0.000000
vt 0.042426 2.071220 0.000000
vt -0.000000 2.304013 0.000000
vt 0.042426 2.304013 0.000000
vt -0.000000 2.536807 0.000000
vt 0.042426 2.536807 0.000000
vt 4.126306 0.042426 0.000000
vt 2.646369 0.042426 0.000000
vt 4.126306 -0.000000 0.000000
vt 2.646369 0.000000 0.000000
vt 0.000000 0.000000 0.000000
vt 0.026407 0.000000 0.000000
vt -0.000040 0.166213 0.000000
vt 0.013172 0.177192 0.000000
vt -0.000000 0.354384 0.000000
vt 0.013172 0.354384 0.000000
vt 0.013172 0.472512 0.000000
vt 0.026407 0.354384 0.000000
vt 0.026407 0.708768 0.000000
vt -0.000000 0.708768 0.000000
vt -0.000000 0.531576 0.000000
vt 0.026407 0.354384 0.000000
vt 0.013172 0.177192 0.000000
vt 0.026407 0.000000 0.000000
vt -0.000040 0.166213 0.000000
vt 0.000000 0.000000 0.000000
vt 0.026407 0.708768 0.000000
vt 0.013172 0.472512 0.000000
vt 0.013172 0.354384 0.000000
vt -0.000000 0.354384 0.000000
vt 0.000000 0.708768 0.000000
vt 0.000000 0.531576 0.000000
vt 2.646369 -0.000000 0.000000
vt 3.686413 0.000000 0.000000
vt 2.646369 0.042426 0.000000
vt 3.686413 0.042426 0.000000
vt -0.000000 -1.586504 0.000000
vt -0.042426 -1.586504 0.000000
vt 0.000000 -1.698522 0.000000
vt -0.042426 -1.698522 0.000000
vt 0.000000 -1.810539 0.000000
vt -0.042426 -1.810539 0.000000
vt 0.000000 -1.922556 0.000000
vt -0.042426 -1.922556 0.000000
vt 0.000000 0.614830 0.000000
vt -0.042426 0.614830 0.000000
vt 0.000000 0.382037 0.000000
vt -0.042426 0.382037 0.000000
vt 0.000000 0.149244 0.000000
vt -0.042426 0.149244 0.000000
vt -0.000000 -0.083550 0.000000
vt -0.042426 -0.083550 0.000000
vt 0.000000 -0.316343 0.000000
vt -0.042426 -0.316343 0.000000
vt -0.000000 -0.549136 0.000000
vt -0.042426 -0.549136 0.000000
vt 0.000000 -0.781929 0.000000
vt -0.042426 -0.781929 0.000000
vt 0.000000 -1.014723 0.000000
vt -0.042426 -1.014723 0.000000
vt 0.401306 0.042426 0.000000
vt -1.078631 0.042426 0.000000
vt 0.401306 0.000000 0.000000
vt -1.078631 0.000000 0.000000
vt 0.000000 0.000000 0.000000
vt 0.026407 0.000000 0.000000
vt 0.013249 0.177192 0.000000
vt 0.026452 0.166240 0.000000
vt 0.026407 0.354385 0.000000
vt 0.026407 0.531577 0.000000
vt 0.013249 0.472513 0.000000
vt 0.013249 0.354385 0.000000
vt 0.000000 0.354385 0.000000
vt 0.013249 0.708769 0.000000
vt 0.000000 0.708769 0.000000
vt 0.000000 0.481711 0.000000
vt 0.042426 0.481711 0.000000
vt -0.000000 0.722566 0.000000
vt 0.042426 0.722566 0.000000
vt -0.000000 0.963422 0.000000
vt 0.042426 0.963422 0.000000
vt -0.000000 1.204277 0.000000
vt 0.042426 1.204277 0.000000
vt -0.000000 1.445133 0.000000
vt 0.042426 1.445133 0.000000
vt 0.000000 1.685988 0.000000
vt 0.042426 1.685988 0.000000
vt -0.000000 1.926843 0.000000
vt 0.042426 1.926843 0.000000
vt 2.000000 0.042426 0.000000
vt -0.938243 0.042426 0.000000
vt 2.000000 0.000000 0.000000
vt -0.938243 -0.000000 0.000000
vt 2.000000 0.042426 0.000000
vt -0.695658 0.042426 0.000000
vt 2.000000 0.000000 0.000000
vt -0.695658 -0.000000 0.000000
vt -0.042426 -0.596903 0.000000
vt -0.000000 -0.596903 0.000000
vt -0.042426 -0.457625 0.000000
vt 0.000000 -0.457625 0.000000
vt -0.042426 -0.318348 0.000000
vt -0.000000 -0.318348 0.000000
vt -0.042426 -0.179071 0.000000
vt -0.000000 -0.179071 0.000000
vt -0.042426 -0.039794 0.000000
vt -0.000000 -0.039794 0.000000
vt 0.000000 0.455531 0.000000
vt -0.042426 0.455531 0.000000
vt -0.000000 0.283441 0.000000
vt -0.042426 0.283441 0.000000
vt -0.000000 0.111352 0.000000
vt -0.042426 0.111352 0.000000
vt -0.000000 -0.060737 0.000000
vt -0.042426 -0.060737 0.000000
vt 0.067536 0.042426 0.000000
vt -0.208775 0.042426 0.000000
vt 0.067536 0.000000 0.000000
vt -0.208775 0.000000 0.000000
vt -0.000000 0.963422 0.000000
vt -0.042426 0.963422 0.000000
vt -0.000000 0.722566 0.000000
vt -0.042426 0.722566 0.000000
vt -0.000000 0.481711 0.000000
vt -0.042426 0.481711 0.000000
vt -0.000000 0.240855 0.000000
vt -0.042426 0.240855 0.000000
vt 0.000000 0.000000 0.000000
vt -0.042426 -0.000000 0.000000
vt 0.000000 -0.240855 0.000000
vt -0.042426 -0.240855 0.000000
vt -0.000000 -0.481711 0.000000
vt -0.042426 -0.481711 0.000000
vt 2.000000 0.042426 0.000000
vt -0.938243 0.042426 0.000000
vt 2.000000 0.000000 0.000000
vt -0.938243 -0.000000 0.000000
vt 2.000000 0.042426 0.000000
vt -0.695658 0.042426 0.000000
vt 2.000000 0.000000 0.000000
vt -0.695658 -0.000000 0.000000
vt -0.000000 -0.298451 0.000000
vt -0.042426 -0.298451 0.000000
vt 0.000000 -0.437729 0.000000
vt -0.042426 -0.437729 0.000000
vt -0.000000 -0.577006 0.000000
vt -0.042426 -0.577006 0.000000
vt -0.000000 -0.716283 0.000000
vt -0.042426 -0.716283 0.000000
vt -0.000000 -0.855560 0.000000
vt -0.042426 -0.855560 0.000000
vt -0.042426 0.911062 0.000000
vt 0.000000 0.911062 0.000000
vt -0.042426 1.083151 0.000000
vt -0.000000 1.083151 0.000000
vt -0.042426 1.255241 0.000000
vt -0.000000 1.255241 0.000000
vt -0.042426 1.427330 0.000000
vt -0.000000 1.427330 0.000000
vt 0.513729 0.042426 0.000000
vt 0.237418 0.042426 0.000000
vt 0.513729 -0.000000 0.000000
vt 0.237418 0.000000 0.000000
vn 0.000000 0.000000 -0.100000
vn 0.000000 0.000000 -0.100000
vn 0.000000 0.000000 -0.100000
vn 0.000000 0.000000 -0.100000
vn 0.000000 0.000000 -0.100000
vn 0.000000 0.000000 -0.100000
vn 0.000000 0.000000 -0.100000
vn 0.000000 0.000000 -0.100000
vn 0.000000 0.000000 -0.100000
vn 0.000000 0.000000 -0.100000
vn 0.000000 0.000000 -0.100000
vn 0.000000 0.000000 -0.100000
vn 0.000000 0.000000 -0.100000
vn 0.000000 0.000000 -0.100000
vn 0.000000 0.000000 -0.100000
vn 0.000000 0.000000 -0.100000
vn 0.000000 0.000000 -0.100000
vn 0.000000 0.000000 -0.100000
vn 0.000000 0.000000 -0.100000
vn 0.000000 0.000000 -0.100000
vn 0.000000 0.000000 -0.100000
vn 0.000000 0.000000 -0.100000
vn 0.000000 0.000000 -0.100000
vn 0.000000 0.000000 -0.100000
vn 0.000000 0.000000 -0.100000
vn 0.000000 0.000000 -0.100000
vn 0.000000 0.000000 -0.100000
vn 0.000000 0.000000 -0.100000
vn 0.000000 0.000000 -0.100000
vn 0.000000 0.000000 -0.100000
vn 0.000000 0.000000 -0.100000
vn 0.000000 0.000000 -0.100000
vn 0.000000 0.000000 -0.100000
vn 0.000000 0.000000 0.100000
vn 0.000000 0.000000 0.100000
vn 0.000000 0.000000 0.100000
vn 0.000000 0.000000 0.100000
vn 0.000000 0.000000 0.100000
vn 0.000000 0.000000 0.100000
vn 0.000000 0.000000 0.100000
vn 0.000000 0.000000 0.100000
vn 0.000000 0.000000 0.100000
vn 0.000000 0.000000 0.100000
vn 0.000000 0.000000 0.100000
vn 0.000000 0.000000 0.100000
vn 0.000000 0.000000 0.100000
vn 0.000000 0.000000 0.100000
vn 0.000000 0.000000 0.100000
vn 0.000000 0.000000 0.100000
vn 0.000000 0.000000 0.100000
vn 0.000000 0.000000 0.100000
vn 0.000000 0.000000 0.100000
vn 0.000000 0.000000 0.100000
vn 0.000000 0.000000 0.100000
vn 0.000000 0.000000 0.100000
vn 0.000000 0.000000 0.100000
vn 0.000000 0.000000 0.100000
vn 0.000000 0.000000 0.100000
vn 0.000000 0.000000 0.100000
vn 0.000000 0.000000 0.100000
vn 0.000000 0.000000 0.100000
vn 0.000000 0.000000 0.100000
vn 0.000000 0.000000 0.100000
vn 0.000000 0.000000 0.100000
vn 0.000000 0.000000 0.100000
vn 0.000000 0.000000 0.100000
vn -0.069305 -0.072089 0.000000
vn -0.069305 -0.072089 0.000000
vn -0.032966 -0.094410 0.000000
vn -0.029460 -0.095562 0.000000
vn -0.002482 -0.099969 0.000000
vn 0.009369 -0.099560 0.000000
vn 0.024681 -0.096906 0.000000
vn 0.050000 -0.086603 0.000000
vn 0.050000 -0.086603 0.000000
vn 0.050000 -0.086603 0.000000
vn 0.024681 -0.096906 0.000000
vn 0.050000 -0.086603 0.000000
vn 0.009369 -0.099560 0.000000
vn -0.002482 -0.099969 0.000000
vn -0.032966 -0.094410 0.000000
vn -0.029460 -0.095562 0.000000
vn -0.039503 -0.091867 0.000000
vn -0.050795 -0.086138 0.000000
vn -0.069305 -0.072089 0.000000
vn -0.060460 -0.079653 0.000000
vn -0.069305 -0.072089 0.000000
vn 0.050000 -0.086603 0.000000
vn 0.050000 -0.086603 0.000000
vn 0.050000 -0.086603 0.000000
vn 0.050000 -0.086603 0.000000
vn 0.050000 -0.086603 0.000000
vn 0.050000 -0.086603 0.000000
vn 0.050000 -0.086603 0.000000
vn 0.050000 -0.086603 0.000000
vn 0.050000 -0.086603 0.000000
vn 0.050000 -0.086603 0.000000
vn 0.050000 -0.086603 0.000000
vn 0.050000 -0.086603 0.000000
vn 0.050000 -0.086603 0.000000
vn 0.050000 -0.086603 0.000000
vn 0.050000 -0.086603 0.000000
vn 0.050000 -0.086603 0.000000
vn 0.050000 -0.086603 0.000000
vn 0.050000 -0.086603 0.000000
vn 0.050000 -0.086603 0.000000
vn 0.050000 -0.086603 0.000000
vn 0.050000 -0.086603 0.000000
vn 0.050000 -0.086603 0.000000
vn 0.050000 -0.086603 0.000000
vn 0.050000 -0.086603 0.000000
vn 0.050000 -0.086603 0.000000
vn 0.050000 -0.086603 0.000000
vn 0.050000 -0.086603 0.000000
vn 0.050000 -0.086603 0.000000
vn 0.050000 -0.086603 0.000000
vn 0.050000 -0.086603 0.000000
vn 0.050000 -0.086603 0.000000
vn 0.050000 -0.086603 0.000000
vn 0.050000 -0.086603 0.000000
vn 0.050000 -0.086603 0.000000
vn 0.050000 -0.086603 0.000000
vn 0.050000 -0.086603 0.000000
vn 0.050000 -0.086603 0.000000
vn 0.050000 -0.086603 0.000000
vn 0.050000 -0.086603 0.000000
vn 0.050000 -0.086603 0.000000
vn 0.050000 -0.086603 0.000000
vn 0.050000 -0.086603 0.000000
vn 0.050000 -0.086603 0.000000
vn 0.050000 -0.086603 0.000000
vn 0.050000 -0.086603 0.000000
vn 0.050000 -0.086603 0.000000
vn 0.050000 -0.086603 0.000000
vn 0.050000 -0.086603 0.000000
vn 0.050000 -0.086603 0.000000
vn 0.050000 -0.086603 0.000000
vn 0.050000 -0.086603 0.000000
vn 0.050000 -0.086603 0.000000
vn 0.050000 -0.086603 0.000000
vn 0.050000 -0.086603 0.000000
vn 0.050000 -0.086603 0.000000
vn 0.050000 -0.086603 0.000000
vn -0.050000 0.086603 -0.000000
vn -0.050000 0.086603 -0.000000
vn -0.050000 0.086603 -0.000000
vn -0.050000 0.086603 -0.000000
vn -0.050000 0.086603 -0.000000
vn -0.050000 0.086603 -0.000000
vn -0.050000 0.086603 -0.000000
vn -0.050000 0.086603 -0.000000
vn -0.050000 0.086603 -0.000000
vn -0.050000 0.086603 -0.000000
vn -0.050000 0.086603 -0.000000
vn -0.050000 0.086603 -0.000000
vn -0.050000 0.086603 -0.000000
vn -0.050000 0.086603 -0.000000
vn -0.050000 0.086603 -0.000000
vn -0.050000 0.086603 -0.000000
vn -0.050000 0.086603 -0.000000
vn -0.050000 0.086603 -0.000000
vn -0.050000 0.086603 -0.000000
vn -0.050000 0.086603 -0.000000
vn -0.050000 0.086603 -0.000000
vn -0.050000 0.086603 -0.000000
vn -0.050000 0.086603 -0.000000
vn -0.050000 0.086603 -0.000000
vn -0.050000 0.086603 -0.000000
vn -0.050000 0.086603 -0.000000
vn -0.050000 0.086603 -0.000000
vn -0.050000 0.086603 -0.000000
vn -0.050000 0.086603 -0.000000
vn -0.050000 0.086603 -0.000000
vn -0.043466 0.090059 0.000000
vn -0.043466 0.090059 0.000000
vn -0.036694 0.093024 0.000000
vn -0.036694 0.093024 0.000000
vn -0.029722 0.095481 0.000000
vn -0.029722 0.095481 0.000000
vn -0.070489 0.070932 -0.000000
vn -0.070489 0.070932 -0.000000
vn -0.095293 0.030319 -0.000000
vn -0.095293 0.030319 -0.000000
vn -0.098517 -0.017159 0.000000
vn -0.098517 -0.017159 0.000000
vn -0.079430 -0.060752 0.000000
vn -0.079430 -0.060752 0.000000
vn -0.042356 -0.090587 0.000000
vn -0.042356 -0.090587 0.000000
vn 0.004310 -0.099907 0.000000
vn 0.004310 -0.099907 0.000000
vn 0.000000 0.000000 0.100000
vn 0.000000 0.000000 0.100000
vn 0.000000 0.000000 0.100000
vn 0.000000 0.000000 0.100000
vn 0.000000 0.000000 0.100000
vn 0.000000 0.000000 0.100000
vn 0.000000 0.000000 0.100000
vn 0.000000 0.000000 0.100000
vn 0.000000 0.000000 0.100000
vn 0.000000 0.000000 0.100000
vn 0.000000 0.000000 0.100000
vn 0.000000 0.000000 0.100000
vn 0.000000 0.000000 0.100000
vn 0.000000 0.000000 0.100000
vn 0.000000 0.000000 0.100000
vn 0.000000 0.000000 0.100000
vn 0.000000 0.000000 0.100000
vn 0.000000 0.000000 0.100000
vn 0.000000 0.000000 0.100000
vn 0.000000 0.000000 0.100000
vn 0.000000 0.000000 0.100000
vn 0.000000 0.000000 0.100000
vn 0.000000 0.000000 0.100000
vn 0.000000 0.000000 0.100000
vn 0.000000 0.000000 0.100000
vn 0.000000 0.000000 0.100000
vn 0.000000 0.000000 0.100000
vn 0.000000 0.000000 0.100000
vn 0.000000 0.000000 -0.100000
vn 0.000000 0.000000 -0.100000
vn 0.000000 0.000000 -0.100000
vn 0.000000 0.000000 -0.100000
vn 0.000000 0.000000 -0.100000
vn 0.000000 0.000000 -0.100000
vn 0.000000 0.000000 -0.100000
vn 0.000000 0.000000 -0.100000
vn 0.000000 0.000000 -0.100000
vn 0.000000 0.000000 -0.100000
vn 0.000000 0.000000 -0.100000
vn 0.000000 0.000000 -0.100000
vn 0.000000 0.000000 -0.100000
vn 0.000000 0.000000 -0.100000
vn 0.000000 0.000000 -0.100000
vn 0.000000 0.000000 -0.100000
vn 0.000000 0.000000 -0.100000
vn 0.000000 0.000000 -0.100000
vn 0.000000 0.000000 -0.100000
vn 0.000000 0.000000 -0.100000
vn 0.000000 0.000000 -0.100000
vn 0.000000 0.000000 -0.100000
vn 0.000000 0.000000 -0.100000
vn 0.000000 0.000000 -0.100000
vn 0.000000 0.000000 -0.100000
vn 0.000000 0.000000 -0.100000
vn 0.000000 0.000000 -0.100000
vn 0.000000 0.000000 -0.100000
vn -0.099027 -0.013917 0.000000
vn -0.099027 -0.013917 0.000000
vn -0.099027 -0.013917 0.000000
vn -0.099027 -0.013917 0.000000
vn 0.000000 0.100000 0.000000
vn 0.000000 0.100000 0.000000
vn 0.050000 0.086603 0.000000
vn 0.050000 0.086603 0.000000
vn 0.086603 0.050000 0.000000
vn 0.086603 0.050000 0.000000
vn 0.100000 -0.000000 0.000000
vn 0.100000 -0.000000 0.000000
vn 0.086603 -0.050000 0.000000
vn 0.086603 -0.050000 0.000000
vn 0.086603 -0.050000 0.000000
vn 0.086603 -0.050000 0.000000
vn 0.100000 -0.000000 0.000000
vn 0.100000 -0.000000 0.000000
vn 0.086603 0.050000 0.000000
vn 0.086603 0.050000 0.000000
vn 0.050000 0.086603 0.000000
vn 0.050000 0.086603 0.000000
vn 0.000000 0.100000 0.000000
vn 0.000000 0.100000 0.000000
vn 0.000000 0.000000 0.100000
vn 0.000000 0.000000 0.100000
vn 0.000000 0.000000 0.100000
vn 0.000000 0.000000 0.100000
vn 0.000000 0.000000 0.100000
vn 0.000000 0.000000 0.100000
vn 0.000000 0.000000 0.100000
vn 0.000000 0.000000 0.100000
vn 0.000000 0.000000 0.100000
vn 0.000000 0.000000 0.100000
vn 0.000000 0.000000 0.100000
vn 0.000000 0.000000 0.100000
vn 0.000000 0.000000 0.100000
vn 0.000000 0.000000 0.100000
vn 0.000000 0.000000 0.100000
vn 0.000000 0.000000 0.100000
vn 0.000000 0.000000 0.100000
vn 0.000000 0.000000 0.100000
vn 0.000000 0.000000 0.100000
vn 0.000000 0.000000 0.100000
vn 0.000000 0.000000 0.100000
vn 0.000000 0.000000 0.100000
vn 0.000000 0.000000 0.100000
vn 0.000000 0.000000 0.100000
vn 0.000000 0.000000 0.100000
vn 0.000000 0.000000 0.100000
vn 0.000000 0.000000 0.100000
vn 0.000000 0.000000 0.100000
vn 0.000000 0.000000 -0.100000
vn 0.000000 0.000000 -0.100000
vn 0.000000 0.000000 -0.100000
vn 0.000000 0.000000 -0.100000
vn 0.000000 0.000000 -0.100000
vn 0.000000 0.000000 -0.100000
vn 0.000000 0.000000 -0.100000
vn 0.000000 0.000000 -0.100000
vn 0.000000 0.000000 -0.100000
vn 0.000000 0.000000 -0.100000
vn 0.000000 0.000000 -0.100000
vn 0.000000 0.000000 -0.100000
vn 0.000000 0.000000 -0.100000
vn 0.000000 0.000000 -0.100000
vn 0.000000 0.000000 -0.100000
vn 0.000000 0.000000 -0.100000
vn 0.000000 0.000000 -0.100000
vn 0.000000 0.000000 -0.100000
vn 0.000000 0.000000 -0.100000
vn 0.000000 0.000000 -0.100000
vn 0.000000 0.000000 -0.100000
vn 0.000000 0.000000 -0.100000
vn 0.000000 0.000000 -0.100000
vn 0.000000 0.000000 -0.100000
vn 0.000000 0.000000 -0.100000
vn 0.000000 0.000000 -0.100000
vn 0.000000 0.000000 -0.100000
vn 0.000000 0.000000 -0.100000
vn 0.000000 0.000000 0.100000
vn 0.000000 0.000000 0.100000
vn 0.000000 0.000000 0.100000
vn 0.000000 0.000000 0.100000
vn 0.000000 0.000000 0.100000
vn 0.000000 0.000000 0.100000
vn 0.000000 0.000000 0.100000
vn 0.000000 0.000000 0.100000
vn 0.000000 0.000000 0.100000
vn 0.000000 0.000000 0.100000
vn 0.000000 0.000000 0.100000
vn 0.000000 0.000000 0.100000
vn 0.000000 0.000000 0.100000
vn 0.000000 0.000000 0.100000
vn 0.000000 0.000000 0.100000
vn 0.000000 0.000000 0.100000
vn 0.000000 0.000000 0.100000
vn 0.000000 0.000000 0.100000
vn 0.000000 0.000000 0.100000
vn 0.000000 0.000000 0.100000
vn 0.000000 0.000000 0.100000
vn 0.000000 0.000000 0.100000
vn 0.000000 0.000000 0.100000
vn 0.000000 0.000000 -0.100000
vn 0.000000 0.000000 -0.100000
vn 0.000000 0.000000 -0.100000
vn 0.000000 0.000000 -0.100000
vn 0.000000 0.000000 -0.100000
vn 0.000000 0.000000 -0.100000
vn 0.000000 0.000000 -0.100000
vn 0.000000 0.000000 -0.100000
vn 0.000000 0.000000 -0.100000
vn 0.000000 0.000000 -0.100000
vn 0.000000 0.000000 -0.100000
vn 0.000000 0.000000 -0.100000
vn 0.000000 0.000000 -0.100000
vn 0.000000 0.000000 -0.100000
vn 0.000000 0.000000 -0.100000
vn 0.000000 0.000000 -0.100000
vn 0.000000 0.000000 -0.100000
vn 0.000000 0.000000 -0.100000
vn 0.000000 0.000000 -0.100000
vn 0.000000 0.000000 -0.100000
vn 0.000000 0.000000 -0.100000
vn 0.000000 0.000000 -0.100000
vn 0.000000 0.000000 -0.100000
vn 0.050000 -0.086603 0.000000
vn 0.050000 -0.086603 0.000000
vn 0.050000 -0.086603 0.000000
vn 0.050000 -0.086603 0.000000
vn 0.050000 -0.086603 0.000000
vn 0.050000 -0.086603 0.000000
vn 0.050000 -0.086603 0.000000
vn 0.050000 -0.086603 0.000000
vn 0.050000 -0.086603 0.000000
vn 0.050000 -0.086603 0.000000
vn 0.050000 -0.086603 0.000000
vn 0.050000 -0.086603 0.000000
vn 0.050000 -0.086603 0.000000
vn 0.050000 -0.086603 0.000000
vn 0.050000 -0.086603 0.000000
vn 0.050000 -0.086603 0.000000
vn 0.086603 0.050000 0.000000
vn 0.086603 0.050000 0.000000
vn 0.086603 0.050000 0.000000
vn 0.086603 0.050000 0.000000
vn 0.086603 0.050000 0.000000
vn 0.086603 0.050000 0.000000
vn 0.086603 0.050000 0.000000
vn 0.086603 0.050000 0.000000
vn 0.075000 0.043301 -0.050000
vn 0.075000 0.043301 -0.050000
vn 0.043301 0.025000 -0.086603
vn 0.043301 0.025000 -0.086603
vn 0.043301 0.025000 0.086603
vn 0.043301 0.025000 0.086603
vn 0.075000 0.043301 0.050000
vn 0.075000 0.043301 0.050000
vn -0.099027 -0.013917 0.000000
vn -0.099027 -0.013917 0.000000
vn -0.099027 -0.013917 0.000000
vn -0.099027 -0.013917 0.000000
vn -0.077758 0.062878 -0.000000
vn -0.079512 0.060645 -0.000000
vn -0.091840 0.039566 -0.000000
vn -0.096742 0.025320 -0.000000
vn -0.099109 0.013318 -0.000000
vn -0.099109 0.013318 -0.000000
vn -0.096742 0.025320 -0.000000
vn -0.091840 0.039566 -0.000000
vn -0.079512 0.060645 -0.000000
vn -0.077758 0.062878 -0.000000
vn 0.029369 -0.095590 0.000000
vn 0.003490 -0.099939 0.000000
vn 0.007251 -0.099737 0.000000
vn -0.041567 -0.090952 0.000000
vn -0.043837 -0.089879 0.000000
vn -0.080157 -0.059790 0.000000
vn -0.080902 -0.058779 0.000000
vn -0.080902 -0.058779 0.000000
vn -0.080157 -0.059790 0.000000
vn -0.043837 -0.089879 0.000000
vn -0.041567 -0.090952 0.000000
vn 0.003490 -0.099939 0.000000
vn 0.007251 -0.099737 0.000000
vn 0.029369 -0.095590 0.000000
vn -0.086603 -0.050000 0.000000
vn -0.086603 -0.050000 0.000000
vn -0.100000 0.000000 0.000000
vn -0.100000 0.000000 0.000000
vn -0.086603 0.050000 0.000000
vn -0.086603 0.050000 0.000000
vn -0.050000 0.086603 0.000000
vn -0.050000 0.086603 0.000000
vn 0.000000 0.100000 0.000000
vn 0.000000 0.100000 0.000000
vn 0.050000 0.086603 0.000000
vn 0.050000 0.086603 0.000000
vn 0.086603 0.050000 0.000000
vn 0.086603 0.050000 0.000000
vn 0.100000 0.000000 0.000000
vn 0.100000 0.000000 0.000000
vn 0.086603 -0.050000 0.000000
vn 0.086603 -0.050000 0.000000
vn 0.050000 -0.086603 0.000000
vn 0.050000 -0.086603 0.000000
vn -0.000000 -0.100000 0.000000
vn -0.000000 -0.100000 0.000000
vn -0.050000 -0.086603 0.000000
vn -0.050000 -0.086603 0.000000
vn -0.086603 -0.050000 0.000000
vn -0.086603 -0.050000 0.000000
vn -0.100000 0.000000 0.000000
vn -0.100000 0.000000 0.000000
vn -0.086603 0.050000 0.000000
vn -0.086603 0.050000 0.000000
vn -0.050000 0.086603 0.000000
vn -0.050000 0.086603 0.000000
vn -0.000000 0.100000 0.000000
vn -0.000000 0.100000 0.000000
vn 0.050000 0.086603 0.000000
vn 0.050000 0.086603 0.000000
vn 0.086603 0.050000 0.000000
vn 0.086603 0.050000 0.000000
vn 0.100000 0.000000 0.000000
vn 0.100000 0.000000 0.000000
vn 0.086603 -0.050000 0.000000
vn 0.086603 -0.050000 0.000000
vn 0.050000 -0.086603 0.000000
vn 0.050000 -0.086603 0.000000
vn -0.000000 -0.100000 0.000000
vn -0.000000 -0.100000 0.000000
vn -0.050000 -0.086603 0.000000
vn -0.050000 -0.086603 0.000000
vn -0.086603 -0.050000 0.000000
vn -0.086603 -0.050000 0.000000
vn -0.100000 0.000000 0.000000
vn -0.100000 0.000000 0.000000
vn -0.086603 0.050000 0.000000
vn -0.086603 0.050000 0.000000
vn -0.050000 0.086603 0.000000
vn -0.050000 0.086603 0.000000
vn -0.000000 0.100000 0.000000
vn -0.000000 0.100000 0.000000
vn 0.050000 0.086603 0.000000
vn 0.050000 0.086603 0.000000
vn 0.086603 0.050000 0.000000
vn 0.086603 0.050000 0.000000
vn 0.100000 0.000000 0.000000
vn 0.100000 0.000000 0.000000
vn 0.086603 -0.050000 0.000000
vn 0.086603 -0.050000 0.000000
vn 0.050000 -0.086603 0.000000
vn 0.050000 -0.086603 0.000000
vn -0.000000 -0.100000 0.000000
vn -0.000000 -0.100000 0.000000
vn -0.050000 -0.086603 0.000000
vn -0.050000 -0.086603 0.000000
vn 0.086603 0.050000 0.000000
vn 0.086603 0.050000 0.000000
vn 0.100000 0.000000 0.000000
vn 0.100000 0.000000 0.000000
vn 0.086603 -0.050000 0.000000
vn 0.086603 -0.050000 0.000000
vn 0.050000 -0.086603 0.000000
vn 0.050000 -0.086603 0.000000
vn -0.000000 -0.100000 0.000000
vn -0.000000 -0.100000 0.000000
vn -0.050000 -0.086603 0.000000
vn -0.050000 -0.086603 0.000000
vn -0.086603 -0.050000 0.000000
vn -0.086603 -0.050000 0.000000
vn -0.100000 0.000000 0.000000
vn -0.100000 0.000000 0.000000
vn -0.086603 0.050000 0.000000
vn -0.086603 0.050000 0.000000
vn -0.050000 0.086603 0.000000
vn -0.050000 0.086603 0.000000
vn -0.000000 0.100000 0.000000
vn -0.000000 0.100000 0.000000
vn 0.050000 0.086603 0.000000
vn 0.050000 0.086603 0.000000
vn -0.071583 0.069827 -0.000000
vn -0.081537 0.057894 -0.000000
vn -0.087817 0.047835 -0.000000
vn -0.098244 0.018655 -0.000000
vn -0.097489 0.022268 -0.000000
vn -0.099311 0.011722 -0.000000
vn -0.099996 -0.000921 0.000000
vn -0.097083 -0.023976 0.000000
vn -0.099211 -0.012533 0.000000
vn -0.097083 -0.023976 0.000000
vn -0.097083 -0.023976 0.000000
vn -0.097083 -0.023976 0.000000
vn -0.098244 0.018655 -0.000000
vn -0.097489 0.022268 -0.000000
vn -0.087817 0.047835 -0.000000
vn -0.081537 0.057894 -0.000000
vn -0.071583 0.069827 -0.000000
vn 0.050000 -0.086603 0.000000
vn 0.050000 -0.086603 0.000000
vn 0.050000 -0.086603 0.000000
vn 0.050000 -0.086603 0.000000
vn 0.050000 -0.086603 0.000000
vn 0.050000 -0.086603 0.000000
vn 0.050000 -0.086603 0.000000
vn 0.050000 -0.086603 0.000000
vn 0.050000 -0.086603 0.000000
vn 0.050000 -0.086603 0.000000
vn 0.050000 -0.086603 0.000000
vn 0.050000 -0.086603 0.000000
vn 0.050000 -0.086603 0.000000
vn 0.050000 -0.086603 0.000000
vn 0.050000 -0.086603 0.000000
vn 0.050000 -0.086603 0.000000
vn 0.050000 -0.086603 0.000000
vn 0.050000 -0.086603 0.000000
vn 0.050000 -0.086603 0.000000
vn 0.050000 -0.086603 0.000000
vn 0.050000 -0.086603 0.000000
vn 0.050000 -0.086603 0.000000
vn 0.050000 -0.086603 0.000000
vn 0.050000 -0.086603 0.000000
vn 0.050000 -0.086603 0.000000
vn 0.050000 -0.086603 0.000000
vn 0.050000 -0.086603 0.000000
vn 0.050000 -0.086603 0.000000
vn 0.050000 -0.086603 0.000000
vn 0.050000 -0.086603 0.000000
vn 0.000000 0.000000 -0.100000
vn 0.000000 0.000000 -0.100000
vn 0.000000 0.000000 -0.100000
vn 0.000000 0.000000 -0.100000
vn -0.086603 -0.050000 0.000000
vn -0.086603 -0.050000 0.000000
vn -0.086603 -0.050000 0.000000
vn -0.086603 -0.050000 0.000000
vn 0.000000 0.000000 0.100000
vn 0.000000 0.000000 0.100000
vn 0.000000 0.000000 0.100000
vn 0.000000 0.000000 0.100000
vn 0.000000 0.000000 0.100000
vn 0.000000 0.000000 0.100000
vn 0.000000 0.000000 0.100000
vn 0.000000 0.000000 0.100000
vn 0.086603 0.050000 0.000000
vn 0.086603 0.050000 0.000000
vn 0.086603 0.050000 0.000000
vn 0.086603 0.050000 0.000000
vn 0.000000 0.000000 -0.100000
vn 0.000000 0.000000 -0.100000
vn 0.000000 0.000000 -0.100000
vn 0.000000 0.000000 -0.100000
vn 0.043301 0.025000 0.086603
vn 0.043301 0.025000 0.086603
vn 0.075000 0.043301 0.050000
vn 0.075000 0.043301 0.050000
vn 0.075000 0.043301 -0.050000
vn 0.075000 0.043301 -0.050000
vn 0.043301 0.025000 -0.086603
vn 0.043301 0.025000 -0.086603
vn 0.000000 0.000000 -0.100000
vn 0.000000 0.000000 -0.100000
vn -0.043301 -0.025000 -0.086603
vn -0.043301 -0.025000 -0.086603
vn -0.075000 -0.043301 -0.050000
vn -0.075000 -0.043301 -0.050000
vn -0.075000 -0.043301 0.050000
vn -0.075000 -0.043301 0.050000
vn -0.043301 -0.025000 0.086603
vn -0.043301 -0.025000 0.086603
vn 0.000000 0.000000 0.100000
vn 0.000000 0.000000 0.100000
vn 0.039050 0.022545 0.089257
vn 0.039050 0.022545 0.089257
vn 0.069709 0.040247 0.059336
vn 0.069709 0.040247 0.059336
vn 0.085391 0.049301 0.016667
vn 0.085391 0.049301 0.016667
vn 0.043301 0.025000 0.086603
vn 0.043301 0.025000 0.086603
vn 0.075000 0.043301 0.050000
vn 0.075000 0.043301 0.050000
vn 0.075000 0.043301 -0.050000
vn 0.075000 0.043301 -0.050000
vn 0.043301 0.025000 -0.086603
vn 0.043301 0.025000 -0.086603
vn 0.039050 0.022545 -0.089257
vn 0.039050 0.022545 -0.089257
vn 0.069709 0.040247 -0.059336
vn 0.069709 0.040247 -0.059336
vn 0.085391 0.049301 -0.016667
vn 0.085391 0.049301 -0.016667
vn 0.039050 0.022545 -0.089257
vn 0.039050 0.022545 -0.089257
vn 0.069709 0.040247 -0.059336
vn 0.069709 0.040247 -0.059336
vn 0.069709 0.040247 0.059336
vn 0.069709 0.040247 0.059336
vn 0.039050 0.022545 0.089257
vn 0.039050 0.022545 0.089257
vn -0.067027 -0.038698 0.063324
vn -0.067027 -0.038698 0.063324
vn -0.067027 -0.038698 0.063324
vn -0.067027 -0.038698 0.063324
vn -0.050000 0.086603 0.000000
vn -0.050000 0.086603 0.000000
vn -0.050000 0.086603 0.000000
vn -0.050000 0.086603 0.000000
vn -0.050000 0.086603 0.000000
vn -0.050000 0.086603 0.000000
vn -0.050000 0.086603 0.000000
vn -0.050000 0.086603 0.000000
vn -0.050000 0.086603 0.000000
vn -0.050000 0.086603 0.000000
vn -0.050000 0.086603 0.000000
vn -0.050000 0.086603 0.000000
vn -0.050000 0.086603 0.000000
vn -0.050000 0.086603 0.000000
vn 0.050000 -0.086603 -0.000000
vn 0.050000 -0.086603 -0.000000
vn 0.050000 -0.086603 -0.000000
vn 0.050000 -0.086603 -0.000000
vn 0.050000 -0.086603 -0.000000
vn 0.050000 -0.086603 -0.000000
vn 0.050000 -0.086603 -0.000000
vn 0.050000 -0.086603 -0.000000
vn 0.050000 -0.086603 -0.000000
vn 0.050000 -0.086603 -0.000000
vn 0.050000 -0.086603 -0.000000
vn 0.050000 -0.086603 -0.000000
vn 0.050000 -0.086603 -0.000000
vn 0.050000 -0.086603 -0.000000
vn -0.067027 -0.038698 -0.063324
vn -0.067027 -0.038698 -0.063324
vn -0.067027 -0.038698 -0.063324
vn -0.067027 -0.038698 -0.063324
vn -0.050000 0.086603 0.000000
vn -0.050000 0.086603 0.000000
vn -0.050000 0.086603 0.000000
vn -0.050000 0.086603 0.000000
vn -0.050000 0.086603 0.000000
vn -0.050000 0.086603 0.000000
vn -0.050000 0.086603 0.000000
vn -0.050000 0.086603 0.000000
vn -0.050000 0.086603 0.000000
vn -0.050000 0.086603 0.000000
vn -0.050000 0.086603 0.000000
vn -0.050000 0.086603 0.000000
vn -0.050000 0.086603 0.000000
vn -0.050000 0.086603 0.000000
vn 0.050000 -0.086603 -0.000000
vn 0.050000 -0.086603 -0.000000
vn 0.050000 -0.086603 -0.000000
vn 0.050000 -0.086603 -0.000000
vn 0.050000 -0.086603 -0.000000
vn 0.050000 -0.086603 -0.000000
vn 0.050000 -0.086603 -0.000000
vn 0.050000 -0.086603 -0.000000
vn 0.050000 -0.086603 -0.000000
vn 0.050000 -0.086603 -0.000000
vn 0.050000 -0.086603 -0.000000
vn 0.050000 -0.086603 -0.000000
vn 0.050000 -0.086603 -0.000000
vn 0.050000 -0.086603 -0.000000
vn -0.029872 -0.017247 -0.093863
vn -0.029872 -0.017247 -0.093863
vn -0.043766 -0.025268 -0.086291
vn -0.043766 -0.025268 -0.086291
vn -0.056282 -0.032494 -0.076003
vn -0.056282 -0.032494 -0.076003
vn -0.056282 -0.032494 0.076003
vn -0.056282 -0.032494 0.076003
vn -0.043766 -0.025268 0.086291
vn -0.043766 -0.025268 0.086291
vn -0.029872 -0.017247 0.093863
vn -0.029872 -0.017247 0.093863
vn -0.064883 -0.065606 -0.038548
vn -0.034677 -0.079357 -0.050000
vn 0.004831 -0.086468 -0.050000
vn -0.005086 -0.073671 -0.067429
vn -0.020021 -0.045817 -0.086603
vn -0.028620 -0.025180 -0.092449
vn -0.051188 -0.048440 -0.070946
vn -0.025181 -0.014538 -0.095680
vn -0.025181 -0.014538 -0.095680
vn -0.048185 -0.027820 -0.083092
vn -0.048185 -0.027820 -0.083092
vn -0.036116 -0.012196 -0.092449
vn -0.049689 0.005570 -0.086603
vn -0.066344 0.032431 -0.067429
vn -0.086063 0.009648 -0.050000
vn -0.072468 0.047418 -0.050000
vn -0.089259 -0.023388 -0.038548
vn -0.067544 -0.020110 -0.070946
vn -0.089259 -0.023388 0.038548
vn -0.086063 0.009648 0.050000
vn -0.072468 0.047418 0.050000
vn -0.066344 0.032431 0.067429
vn -0.049689 0.005570 0.086603
vn -0.036116 -0.012196 0.092449
vn -0.067544 -0.020110 0.070946
vn -0.028620 -0.025180 0.092449
vn -0.020021 -0.045817 0.086603
vn -0.005086 -0.073671 0.067429
vn 0.004831 -0.086468 0.050000
vn -0.034677 -0.079357 0.050000
vn -0.051188 -0.048440 0.070946
vn -0.064883 -0.065606 0.038548
vn -0.048185 -0.027820 0.083092
vn -0.048185 -0.027820 0.083092
vn -0.025181 -0.014538 0.095680
vn -0.025181 -0.014538 0.095680
vn 0.035355 -0.061237 0.070711
vn 0.035355 -0.061237 0.070711
vn 0.035355 -0.061237 0.070711
vn 0.035355 -0.061237 0.070711
vn 0.035355 -0.061237 0.070711
vn 0.017452 -0.068523 0.070711
vn 0.017452 -0.068523 0.070711
vn -0.001755 -0.070689 0.070711
vn -0.020832 -0.067573 0.070711
vn -0.020832 -0.067573 0.070711
vn -0.001755 -0.070689 0.070711
vn -0.020879 -0.067558 0.070711
vn -0.017320 -0.068605 0.070663
vn -0.032786 -0.066091 0.067506
vn -0.042021 -0.064194 0.064135
vn -0.044643 -0.063089 0.063456
vn -0.053532 -0.059443 0.060008
vn -0.060725 -0.055173 0.057170
vn -0.058465 -0.056960 0.057770
vn 0.035355 -0.061237 -0.070711
vn 0.035355 -0.061237 -0.070711
vn 0.035355 -0.061237 -0.070711
vn 0.035355 -0.061237 -0.070711
vn 0.035355 -0.061237 -0.070711
vn 0.017452 -0.068523 -0.070711
vn 0.017452 -0.068523 -0.070711
vn -0.001755 -0.070689 -0.070711
vn -0.020832 -0.067573 -0.070711
vn -0.020832 -0.067573 -0.070711
vn -0.001755 -0.070689 -0.070711
vn -0.020879 -0.067558 -0.070711
vn -0.060725 -0.055173 -0.057170
vn -0.043195 -0.063830 -0.063718
vn -0.058465 -0.056960 -0.057770
vn -0.017320 -0.068605 -0.070663
vn -0.035355 0.061237 0.070711
vn -0.035355 0.061237 0.070711
vn -0.035355 0.061237 0.070711
vn -0.035355 0.061237 0.070711
vn -0.050617 0.049375 0.070711
vn -0.050617 0.049375 0.070711
vn -0.062096 0.033824 0.070711
vn -0.068935 0.015746 0.070711
vn -0.068935 0.015746 0.070711
vn -0.062096 0.033824 0.070711
vn -0.068946 0.015697 0.070711
vn -0.078144 -0.025003 0.057170
vn -0.076876 -0.005492 0.063718
vn -0.078561 -0.022152 0.057770
vn -0.068074 0.019303 0.070663
vn -0.035355 0.061237 -0.070711
vn -0.035355 0.061237 -0.070711
vn -0.035355 0.061237 -0.070711
vn -0.035355 0.061237 -0.070711
vn -0.050617 0.049375 -0.070711
vn -0.050617 0.049375 -0.070711
vn -0.062096 0.033824 -0.070711
vn -0.068935 0.015746 -0.070711
vn -0.068935 0.015746 -0.070711
vn -0.062096 0.033824 -0.070711
vn -0.068946 0.015697 -0.070711
vn -0.068074 0.019303 -0.070663
vn -0.073629 0.004652 -0.067506
vn -0.076605 -0.004294 -0.064135
vn -0.076959 -0.007117 -0.063456
vn -0.078245 -0.016638 -0.060008
vn -0.078144 -0.025003 -0.057170
vn -0.078561 -0.022152 -0.057770
vn -0.038141 0.059586 -0.070674
vn -0.035412 0.061204 -0.070711
vn -0.057954 0.059206 -0.055999
vn -0.055655 0.059839 -0.057635
vn -0.064809 0.066268 -0.037529
vn -0.061547 0.076614 -0.018498
vn -0.064501 0.072535 -0.024048
vn -0.065921 0.065613 -0.036734
vn -0.067052 0.064922 -0.035905
vn -0.049464 0.086907 0.000709
vn -0.049471 0.086903 0.000716
vn -0.035355 0.061237 -0.070711
vn -0.035355 0.061237 -0.070711
vn -0.035355 0.061237 -0.070711
vn -0.035355 0.061237 -0.070711
vn -0.030735 0.063682 -0.070711
vn -0.030735 0.063682 -0.070711
vn -0.025947 0.065778 -0.070711
vn -0.025947 0.065778 -0.070711
vn -0.021017 0.067515 -0.070711
vn -0.021017 0.067515 -0.070711
vn -0.049843 0.050156 -0.070711
vn -0.049843 0.050156 -0.070711
vn -0.067382 0.021439 -0.070711
vn -0.067382 0.021439 -0.070711
vn -0.069662 -0.012134 -0.070711
vn -0.069662 -0.012134 -0.070711
vn -0.056166 -0.042958 -0.070711
vn -0.056166 -0.042958 -0.070711
vn -0.029950 -0.064054 -0.070711
vn -0.029950 -0.064054 -0.070711
vn 0.003048 -0.070645 -0.070711
vn 0.003048 -0.070645 -0.070711
vn 0.035355 -0.061237 -0.070711
vn 0.035355 -0.061237 -0.070711
vn 0.035355 -0.061237 -0.070711
vn 0.035355 -0.061237 -0.070711
vn 0.035298 -0.061270 -0.070711
vn 0.032532 -0.062824 -0.070674
vn 0.023995 -0.078116 -0.057638
vn 0.022296 -0.079794 -0.055998
vn 0.024985 -0.089260 -0.037529
vn 0.023861 -0.089896 -0.036733
vn 0.030566 -0.092127 -0.024048
vn 0.022698 -0.090530 -0.035905
vn 0.050525 -0.086294 0.000716
vn 0.050537 -0.086287 0.000703
vn 0.035576 -0.091609 -0.018498
vn -0.067052 0.064922 0.035905
vn -0.057956 0.059206 0.055998
vn -0.038141 0.059586 0.070674
vn -0.055653 0.059838 0.057638
vn -0.035412 0.061204 0.070711
vn -0.049471 0.086903 -0.000716
vn -0.064502 0.072534 0.024048
vn -0.065922 0.065612 0.036733
vn -0.064809 0.066268 0.037529
vn -0.049458 0.086910 -0.000703
vn -0.061547 0.076614 0.018498
vn -0.035355 0.061237 0.070711
vn -0.035355 0.061237 0.070711
vn -0.035355 0.061237 0.070711
vn -0.035355 0.061237 0.070711
vn -0.030735 0.063682 0.070711
vn -0.030735 0.063682 0.070711
vn -0.025947 0.065778 0.070711
vn -0.025947 0.065778 0.070711
vn -0.021017 0.067515 0.070711
vn -0.021017 0.067515 0.070711
vn -0.049843 0.050156 0.070711
vn -0.049843 0.050156 0.070711
vn -0.067382 0.021439 0.070711
vn -0.067382 0.021439 0.070711
vn -0.069662 -0.012134 0.070711
vn -0.069662 -0.012134 0.070711
vn -0.056166 -0.042958 0.070711
vn -0.056166 -0.042958 0.070711
vn -0.029950 -0.064054 0.070711
vn -0.029950 -0.064054 0.070711
vn 0.003048 -0.070645 0.070711
vn 0.003048 -0.070645 0.070711
vn 0.035355 -0.061237 0.070711
vn 0.035355 -0.061237 0.070711
vn 0.035355 -0.061237 0.070711
vn 0.035355 -0.061237 0.070711
vn 0.032532 -0.062824 0.070674
vn 0.035298 -0.061270 0.070711
vn 0.022297 -0.079793 0.055999
vn 0.023995 -0.078118 0.057635
vn 0.024985 -0.089260 0.037529
vn 0.035576 -0.091609 0.018498
vn 0.030566 -0.092127 0.024048
vn 0.023862 -0.089896 0.036734
vn 0.022698 -0.090530 0.035905
vn 0.050531 -0.086291 -0.000709
vn 0.050525 -0.086294 -0.000716
vn -0.035355 0.061237 0.070711
vn -0.035355 0.061237 0.070711
vn 0.000000 0.070711 0.070711
vn -0.000000 0.070711 0.070711
vn 0.035355 0.061237 0.070711
vn 0.035355 0.061237 0.070711
vn 0.061237 0.035355 0.070711
vn 0.061237 0.035355 0.070711
vn 0.070711 -0.000000 0.070711
vn 0.070711 0.000000 0.070711
vn 0.061237 -0.035355 0.070711
vn 0.061237 -0.035355 0.070711
vn 0.035355 -0.061237 0.070711
vn 0.035355 -0.061237 0.070711
vn 0.035355 -0.061237 0.070711
vn 0.035355 -0.061237 0.070711
vn -0.035355 0.061237 0.070711
vn -0.035355 0.061237 0.070711
vn 0.002468 -0.070668 0.070711
vn 0.002468 -0.070668 0.070711
vn -0.030998 -0.063554 0.070711
vn -0.030998 -0.063554 0.070711
vn -0.057206 -0.041563 0.070711
vn -0.057206 -0.041563 0.070711
vn -0.070023 -0.009841 0.070711
vn -0.070023 -0.009841 0.070711
vn -0.056224 0.042883 0.070711
vn -0.056224 0.042883 0.070711
vn -0.068407 0.017904 0.070711
vn -0.068407 0.017904 0.070711
vn -0.070023 -0.009841 0.070711
vn -0.070023 -0.009841 0.070711
vn -0.035355 0.061237 -0.070711
vn -0.035355 0.061237 -0.070711
vn -0.000000 0.070711 -0.070711
vn 0.000000 0.070711 -0.070711
vn 0.035355 0.061237 -0.070711
vn 0.035355 0.061237 -0.070711
vn 0.061237 0.035355 -0.070711
vn 0.061237 0.035355 -0.070711
vn 0.070711 0.000000 -0.070711
vn 0.070711 -0.000000 -0.070711
vn 0.061237 -0.035355 -0.070711
vn 0.061237 -0.035355 -0.070711
vn 0.035355 -0.061237 -0.070711
vn 0.035355 -0.061237 -0.070711
vn 0.035355 -0.061237 -0.070711
vn 0.035355 -0.061237 -0.070711
vn -0.035355 0.061237 -0.070711
vn -0.035355 0.061237 -0.070711
vn 0.002468 -0.070668 -0.070711
vn 0.002468 -0.070668 -0.070711
vn -0.030998 -0.063554 -0.070711
vn -0.030998 -0.063554 -0.070711
vn -0.057206 -0.041563 -0.070711
vn -0.057206 -0.041563 -0.070711
vn -0.070023 -0.009841 -0.070711
vn -0.070023 -0.009841 -0.070711
vn -0.056224 0.042883 -0.070711
vn -0.056224 0.042883 -0.070711
vn -0.068407 0.017904 -0.070711
vn -0.068407 0.017904 -0.070711
vn -0.070023 -0.009841 -0.070711
vn -0.070023 -0.009841 -0.070711
usemtl Opaque(230,230,230)
f 1/1/1 2/2/2 21/3/3
f 21/3/3 2/2/2 3/4/4
f 21/3/3 3/4/4 4/5/5
f 21/3/3 4/5/5 27/6/6
f 27/6/6 4/5/5 5/7/7
f 27/6/6 5/7/7 26/8/8
f 26/8/8 5/7/7 25/9/9
f 25/9/9 5/7/7 6/10/10
f 25/9/9 6/10/10 7/11/11
f 25/9/9 7/11/11 24/12/12
f 24/12/12 7/11/11 8/13/13
f 24/12/12 8/13/13 23/14/14
f 23/14/14 8/13/13 9/15/15
f 23/14/14 9/15/15 22/16/16
f 22/16/16 9/15/15 10/17/17
f 22/16/16 10/17/17 33/18/18
f 33/18/18 10/17/17 11/19/19
f 33/18/18 11/19/19 32/20/20
f 32/20/20 11/19/19 12/21/21
f 32/20/20 12/21/21 31/22/22
f 31/22/22 12/21/21 13/23/23
f 31/22/22 13/23/23 14/24/24
f 31/22/22 14/24/24 30/25/25
f 30/25/25 14/24/24 15/26/26
f 30/25/25 15/26/26 20/27/27
f 20/27/27 15/26/26 17/28/28
f 20/27/27 17/28/28 18/29/29
f 15/26/26 16/30/30 17/28/28
f 18/29/29 19/31/31 20/27/27
f 30/25/25 20/27/27 29/32/32
f 29/32/32 20/27/27 21/3/3
f 29/32/32 21/3/3 28/33/33
f 28/33/33 21/3/3 27/6/6
f 35/34/34 57/35/35 34/36/36
f 34/36/36 57/35/35 58/37/37
f 34/36/36 58/37/37 54/38/38
f 54/38/38 58/37/37 53/39/39
f 53/39/39 58/37/37 59/40/40
f 53/39/39 59/40/40 52/41/41
f 52/41/41 59/40/40 47/42/42
f 52/41/41 47/42/42 50/43/43
f 50/43/43 47/42/42 49/44/44
f 49/44/44 47/42/42 48/45/45
f 57/35/35 35/34/34 56/46/46
f 56/46/46 35/34/34 36/47/47
f 56/46/46 36/47/47 55/48/48
f 55/48/48 36/47/47 37/49/49
f 55/48/48 37/49/49 66/50/50
f 66/50/50 37/49/49 38/51/51
f 66/50/50 38/51/51 65/52/52
f 65/52/52 38/51/51 39/53/53
f 65/52/52 39/53/53 64/54/54
f 64/54/54 39/53/53 40/55/55
f 64/54/54 40/55/55 41/56/56
f 42/57/57 62/58/58 41/56/56
f 41/56/56 62/58/58 63/59/59
f 41/56/56 63/59/59 64/54/54
f 62/58/58 42/57/57 46/60/60
f 46/60/60 42/57/57 43/61/61
f 46/60/60 43/61/61 44/62/62
f 44/62/62 45/63/63 46/60/60
f 47/42/42 60/64/64 46/60/60
f 46/60/60 60/64/64 61/65/65
f 46/60/60 61/65/65 62/58/58
f 50/43/43 51/66/66 52/41/41
f 59/40/40 60/64/64 47/42/42
f 67/67/67 68/68/68 75/69/69
f 75/69/69 68/68/68 69/70/70
f 75/69/69 69/70/70 70/71/71
f 75/69/69 70/71/71 74/72/72
f 74/72/72 70/71/71 71/73/73
f 74/72/72 71/73/73 73/74/74
f 73/74/74 71/73/73 72/75/75
f 76/76/76 77/77/77 87/78/78
f 87/78/78 77/77/77 86/79/79
f 86/79/79 77/77/77 78/80/80
f 86/79/79 78/80/80 85/81/81
f 85/81/81 78/80/80 79/82/82
f 85/81/81 79/82/82 80/83/83
f 80/83/83 81/84/84 85/81/81
f 85/81/81 81/84/84 84/85/85
f 84/85/85 81/84/84 82/86/86
f 84/85/85 82/86/86 83/87/87
f 89/88/88 120/89/89 88/90/90
f 88/90/90 120/89/89 121/91/91
f 88/90/90 121/91/91 122/92/92
f 76/93/76 114/94/93 89/88/88
f 89/88/88 114/94/93 115/95/94
f 89/88/88 115/95/94 117/96/95
f 117/96/95 115/95/94 116/97/96
f 114/94/93 76/93/76 143/98/97
f 143/98/97 76/93/76 87/99/78
f 143/98/97 87/99/78 142/100/98
f 142/100/98 87/99/78 141/101/99
f 141/101/99 87/99/78 90/102/100
f 141/101/99 90/102/100 91/103/101
f 141/101/99 91/103/101 140/104/102
f 140/104/102 91/103/101 92/105/103
f 140/104/102 92/105/103 98/106/104
f 98/106/104 92/105/103 97/107/105
f 97/107/105 92/105/103 96/108/106
f 96/108/106 92/105/103 93/109/107
f 96/108/106 93/109/107 94/110/108
f 94/110/108 95/111/109 96/108/106
f 98/106/104 99/112/110 140/104/102
f 140/104/102 99/112/110 73/113/74
f 140/104/102 73/113/74 139/114/111
f 139/114/111 73/113/74 138/115/112
f 138/115/112 73/113/74 72/116/75
f 138/115/112 72/116/75 137/117/113
f 137/117/113 72/116/75 100/118/114
f 137/117/113 100/118/114 136/119/115
f 136/119/115 100/118/114 134/120/116
f 136/119/115 134/120/116 135/121/117
f 101/122/118 131/123/119 100/118/114
f 100/118/114 131/123/119 132/124/120
f 100/118/114 132/124/120 133/125/121
f 102/126/122 129/127/123 101/122/118
f 101/122/118 129/127/123 130/128/124
f 101/122/118 130/128/124 131/123/119
f 103/129/125 104/130/126 102/126/122
f 102/126/122 104/130/126 129/127/123
f 129/127/123 104/130/126 128/131/127
f 128/131/127 104/130/126 105/132/128
f 128/131/127 105/132/128 127/133/129
f 127/133/129 105/132/128 106/134/130
f 127/133/129 106/134/130 126/135/131
f 126/135/131 106/134/130 107/136/132
f 126/135/131 107/136/132 125/137/133
f 125/137/133 107/136/132 108/138/134
f 125/137/133 108/138/134 124/139/135
f 124/139/135 108/138/134 109/140/136
f 124/139/135 109/140/136 123/141/137
f 123/141/137 109/140/136 110/142/138
f 123/141/137 110/142/138 122/92/92
f 122/92/92 110/142/138 111/143/139
f 122/92/92 111/143/139 113/144/140
f 113/144/140 111/143/139 112/145/141
f 113/144/140 88/90/90 122/92/92
f 117/96/95 118/146/142 89/88/88
f 89/88/88 118/146/142 119/147/143
f 89/88/88 119/147/143 120/89/89
f 133/125/121 134/120/116 100/118/114
f 145/148/144 146/149/145 144/150/146
f 144/150/146 146/149/145 173/151/147
f 173/151/147 146/149/145 165/152/148
f 173/151/147 165/152/148 172/153/149
f 172/153/149 165/152/148 166/154/150
f 172/153/149 166/154/150 171/155/151
f 171/155/151 166/154/150 170/156/152
f 170/156/152 166/154/150 167/157/153
f 170/156/152 167/157/153 168/158/154
f 147/159/155 152/160/156 146/149/145
f 146/149/145 152/160/156 153/161/157
f 146/149/145 153/161/157 154/162/158
f 152/160/156 147/159/155 151/163/159
f 151/163/159 147/159/155 148/164/160
f 151/163/159 148/164/160 150/165/161
f 150/165/161 148/164/160 149/166/162
f 146/149/145 154/162/158 161/167/163
f 161/167/163 154/162/158 155/168/164
f 161/167/163 155/168/164 160/169/165
f 160/169/165 155/168/164 156/170/166
f 160/169/165 156/170/166 159/171/167
f 159/171/167 156/170/166 157/172/168
f 159/171/167 157/172/168 158/173/169
f 162/174/170 163/175/171 161/167/163
f 161/167/163 163/175/171 164/176/172
f 161/167/163 164/176/172 146/149/145
f 146/149/145 164/176/172 165/152/148
f 168/158/154 169/177/173 170/156/152
f 169/178/173 168/179/154 179/180/174
f 179/180/174 168/179/154 174/181/175
f 179/180/174 174/181/175 178/182/176
f 178/182/176 174/181/175 175/183/177
f 178/182/176 175/183/177 177/184/178
f 177/184/178 175/183/177 176/185/179
f 177/186/178 176/187/179 191/188/180
f 191/188/180 176/187/179 180/189/181
f 191/188/180 180/189/181 190/190/182
f 190/190/182 180/189/181 181/191/183
f 190/190/182 181/191/183 189/192/184
f 189/192/184 181/191/183 182/193/185
f 189/192/184 182/193/185 188/194/186
f 188/194/186 182/193/185 183/195/187
f 188/194/186 183/195/187 187/196/188
f 187/196/188 183/195/187 184/197/189
f 187/196/188 184/197/189 186/198/190
f 186/198/190 184/197/189 185/199/191
f 186/198/190 185/199/191 94/200/108
f 94/200/108 185/199/191 95/201/109
f 193/202/192 213/203/193 192/204/194
f 192/204/194 213/203/193 214/205/195
f 192/204/194 214/205/195 215/206/196
f 194/207/197 211/208/198 193/202/192
f 193/202/192 211/208/198 212/209/199
f 193/202/192 212/209/199 213/203/193
f 194/207/197 195/210/200 211/208/198
f 211/208/198 195/210/200 210/211/201
f 210/211/201 195/210/200 196/212/202
f 210/211/201 196/212/202 209/213/203
f 209/213/203 196/212/202 199/214/204
f 209/213/203 199/214/204 208/215/205
f 208/215/205 199/214/204 219/216/206
f 219/216/206 199/214/204 200/217/207
f 219/216/206 200/217/207 218/218/208
f 218/218/208 200/217/207 201/219/209
f 218/218/208 201/219/209 205/220/210
f 205/220/210 201/219/209 202/221/211
f 205/220/210 202/221/211 203/222/212
f 197/223/213 198/224/214 196/212/202
f 196/212/202 198/224/214 199/214/204
f 203/222/212 204/225/215 205/220/210
f 206/226/216 216/227/217 205/220/210
f 205/220/210 216/227/217 217/228/218
f 205/220/210 217/228/218 218/218/208
f 216/227/217 206/226/216 215/206/196
f 215/206/196 206/226/216 207/229/219
f 215/206/196 207/229/219 192/204/194
f 220/230/220 221/231/221 235/232/222
f 235/232/222 221/231/221 234/233/223
f 234/233/223 221/231/221 247/234/224
f 234/233/223 247/234/224 236/235/225
f 247/234/224 221/231/221 246/236/226
f 246/236/226 221/231/221 222/237/227
f 246/236/226 222/237/227 245/238/228
f 245/238/228 222/237/227 223/239/229
f 245/238/228 223/239/229 224/240/230
f 225/241/231 243/242/232 224/240/230
f 224/240/230 243/242/232 244/243/233
f 224/240/230 244/243/233 245/238/228
f 226/244/234 241/245/235 225/241/231
f 225/241/231 241/245/235 242/246/236
f 225/241/231 242/246/236 243/242/232
f 226/244/234 227/247/237 241/245/235
f 241/245/235 227/247/237 240/248/238
f 240/248/238 227/247/237 228/249/239
f 240/248/238 228/249/239 239/250/240
f 239/250/240 228/249/239 238/251/241
f 238/251/241 228/249/239 232/252/242
f 238/251/241 232/252/242 233/253/243
f 229/254/244 230/255/245 228/249/239
f 228/249/239 230/255/245 231/256/246
f 228/249/239 231/256/246 232/252/242
f 238/251/241 233/253/243 237/257/247
f 237/257/247 233/253/243 234/233/223
f 237/257/247 234/233/223 236/235/225
f 248/258/248 249/259/249 200/260/250
f 200/260/250 249/259/249 201/261/251
f 149/262/162 148/263/160 259/264/252
f 259/264/252 148/263/160 250/265/253
f 259/264/252 250/265/253 258/266/254
f 258/266/254 250/265/253 251/267/255
f 258/266/254 251/267/255 257/268/256
f 257/268/256 251/267/255 252/269/257
f 257/268/256 252/269/257 256/270/258
f 256/270/258 252/269/257 253/271/259
f 256/270/258 253/271/259 255/272/260
f 255/272/260 253/271/259 254/273/261
f 255/272/260 254/273/261 112/274/141
f 112/274/141 254/273/261 113/275/140
f 103/276/125 102/277/122 269/278/262
f 269/278/262 102/277/122 260/279/263
f 269/278/262 260/279/263 268/280/264
f 268/280/264 260/279/263 261/281/265
f 268/280/264 261/281/265 267/282/266
f 267/282/266 261/281/265 262/283/267
f 267/282/266 262/283/267 266/284/268
f 266/284/268 262/283/267 263/285/269
f 266/284/268 263/285/269 265/286/270
f 265/286/270 263/285/269 264/287/271
f 265/286/270 264/287/271 158/288/169
f 158/288/169 264/287/271 159/289/167
f 271/290/272 278/291/273 270/292/274
f 270/292/274 278/291/273 279/293/275
f 270/292/274 279/293/275 290/294/276
f 290/294/276 279/293/275 289/295/277
f 289/295/277 279/293/275 288/296/278
f 288/296/278 279/293/275 280/297/279
f 288/296/278 280/297/279 287/298/280
f 287/298/280 280/297/279 281/299/281
f 287/298/280 281/299/281 286/300/282
f 286/300/282 281/299/281 297/301/283
f 297/301/283 281/299/281 282/302/284
f 297/301/283 282/302/284 296/303/285
f 296/303/285 282/302/284 283/304/286
f 296/303/285 283/304/286 295/305/287
f 295/305/287 283/304/286 284/306/288
f 295/305/287 284/306/288 285/307/289
f 271/290/272 272/308/290 278/291/273
f 278/291/273 272/308/290 273/309/291
f 278/291/273 273/309/291 274/310/292
f 274/310/292 275/311/293 278/291/273
f 278/291/273 275/311/293 276/312/294
f 278/291/273 276/312/294 277/313/295
f 270/292/274 292/314/296 285/307/289
f 285/307/289 292/314/296 293/315/297
f 285/307/289 293/315/297 294/316/298
f 290/294/276 291/317/299 270/292/274
f 270/292/274 291/317/299 292/314/296
f 294/316/298 295/305/287 285/307/289
f 299/318/300 300/319/301 298/320/302
f 298/320/302 300/319/301 301/321/303
f 298/320/302 301/321/303 302/322/304
f 302/322/304 303/323/305 298/320/302
f 298/320/302 303/323/305 304/324/306
f 298/320/302 304/324/306 305/325/307
f 305/325/307 306/326/308 298/320/302
f 298/320/302 306/326/308 313/327/309
f 313/327/309 306/326/308 322/328/310
f 313/327/309 322/328/310 323/329/311
f 307/330/312 320/331/313 306/326/308
f 306/326/308 320/331/313 321/332/314
f 306/326/308 321/332/314 322/328/310
f 308/333/315 317/334/316 307/330/312
f 307/330/312 317/334/316 318/335/317
f 307/330/312 318/335/317 319/336/318
f 308/333/315 309/337/319 317/334/316
f 317/334/316 309/337/319 316/338/320
f 316/338/320 309/337/319 310/339/321
f 316/338/320 310/339/321 315/340/322
f 315/340/322 310/339/321 311/341/323
f 315/340/322 311/341/323 314/342/324
f 314/342/324 311/341/323 325/343/325
f 325/343/325 311/341/323 312/344/326
f 325/343/325 312/344/326 324/345/327
f 324/345/327 312/344/326 313/327/309
f 324/345/327 313/327/309 323/329/311
f 319/336/318 320/331/313 307/330/312
f 327/346/328 333/347/329 326/348/330
f 326/348/330 333/347/329 334/349/331
f 326/348/330 334/349/331 335/350/332
f 327/346/328 104/351/333 333/347/329
f 333/347/329 104/351/333 332/352/334
f 332/352/334 104/351/333 331/353/335
f 331/353/335 104/351/333 103/354/336
f 331/353/335 103/354/336 330/355/337
f 330/355/337 103/354/336 269/356/338
f 330/355/337 269/356/338 329/357/339
f 329/357/339 269/356/338 268/358/340
f 329/357/339 268/358/340 328/359/341
f 328/359/341 268/358/340 339/360/342
f 339/360/342 268/358/340 267/361/343
f 339/360/342 267/361/343 338/362/344
f 338/362/344 267/361/343 266/363/345
f 338/362/344 266/363/345 337/364/346
f 337/364/346 266/363/345 265/365/347
f 337/364/346 265/365/347 158/366/348
f 157/367/349 326/348/330 158/366/348
f 158/366/348 326/348/330 335/350/332
f 158/366/348 335/350/332 336/368/350
f 336/368/350 337/364/346 158/366/348
f 111/369/351 351/370/352 112/371/353
f 112/371/353 351/370/352 352/372/354
f 112/371/353 352/372/354 255/373/355
f 255/373/355 352/372/354 353/374/356
f 255/373/355 353/374/356 256/375/357
f 256/375/357 353/374/356 342/376/358
f 256/375/357 342/376/358 343/377/359
f 340/378/360 349/379/361 111/369/351
f 111/369/351 349/379/361 350/380/362
f 111/369/351 350/380/362 351/370/352
f 340/378/360 341/381/363 349/379/361
f 349/379/361 341/381/363 348/382/364
f 348/382/364 341/381/363 347/383/365
f 347/383/365 341/381/363 149/384/366
f 347/383/365 149/384/366 346/385/367
f 346/385/367 149/384/366 345/386/368
f 345/386/368 149/384/366 259/387/369
f 345/386/368 259/387/369 258/388/370
f 341/381/363 150/389/371 149/384/366
f 345/386/368 258/388/370 344/390/372
f 344/390/372 258/388/370 257/391/373
f 344/390/372 257/391/373 343/377/359
f 343/377/359 257/391/373 256/375/357
f 355/392/374 340/393/375 354/394/376
f 354/394/376 340/393/375 364/395/377
f 354/394/376 364/395/377 365/396/378
f 356/397/379 357/398/380 355/392/374
f 355/392/374 357/398/380 327/399/381
f 355/392/374 327/399/381 340/393/375
f 340/393/375 327/399/381 361/400/382
f 340/393/375 361/400/382 362/401/383
f 326/402/384 358/403/385 327/399/381
f 327/399/381 358/403/385 359/404/386
f 327/399/381 359/404/386 360/405/387
f 360/405/387 361/400/382 327/399/381
f 362/401/383 363/406/388 340/393/375
f 340/393/375 363/406/388 341/407/389
f 153/408/390 361/409/391 154/410/392
f 154/410/392 361/409/391 360/411/393
f 107/412/394 355/413/395 108/414/396
f 108/414/396 355/413/395 354/415/397
f 361/416/391 153/417/390 362/418/398
f 362/418/398 153/417/390 152/419/399
f 362/418/398 152/419/399 363/420/400
f 363/420/400 152/419/399 151/421/401
f 363/420/400 151/421/401 341/422/363
f 341/422/363 151/421/401 150/423/371
f 326/424/330 157/425/349 358/426/402
f 358/426/402 157/425/349 156/427/403
f 358/426/402 156/427/403 359/428/404
f 359/428/404 156/427/403 155/429/405
f 359/428/404 155/429/405 360/430/393
f 360/430/393 155/429/405 154/431/392
f 366/432/406 367/433/407 232/434/408
f 232/434/408 367/433/407 233/435/409
f 161/436/163 160/437/165 229/438/410
f 229/438/410 160/437/165 368/439/411
f 229/438/410 368/439/411 230/440/412
f 230/440/412 368/439/411 369/441/413
f 230/440/412 369/441/413 231/442/414
f 231/442/414 369/441/413 366/443/406
f 231/442/414 366/443/406 232/444/408
f 201/445/251 249/446/249 202/447/415
f 202/447/415 249/446/249 370/448/416
f 202/447/415 370/448/416 203/449/417
f 203/449/417 370/448/416 371/450/418
f 203/449/417 371/450/418 204/451/419
f 204/451/419 371/450/418 147/452/155
f 204/451/419 147/452/155 146/453/145
f 89/454/88 88/455/90 375/456/420
f 375/456/420 88/455/90 372/457/421
f 375/456/420 372/457/421 197/458/422
f 197/458/422 372/457/421 198/459/423
f 198/459/423 372/457/421 373/460/424
f 198/459/423 373/460/424 199/461/425
f 199/461/425 373/460/424 374/462/426
f 199/461/425 374/462/426 200/463/250
f 200/463/250 374/462/426 248/464/248
f 367/465/407 376/466/427 233/467/409
f 233/467/409 376/466/427 234/468/428
f 234/468/428 376/466/427 377/469/429
f 234/468/428 377/469/429 235/470/430
f 235/470/430 377/469/429 378/471/431
f 235/470/430 378/471/431 220/472/432
f 220/472/432 378/471/431 379/473/433
f 379/473/433 378/471/431 101/474/118
f 379/473/433 101/474/118 100/475/114
f 219/476/434 237/477/435 208/478/436
f 208/478/436 237/477/435 236/479/437
f 208/478/436 236/479/437 209/480/438
f 209/480/438 236/479/437 247/481/439
f 209/480/438 247/481/439 210/482/440
f 210/482/440 247/481/439 246/483/441
f 210/482/440 246/483/441 211/484/442
f 211/484/442 246/483/441 245/485/443
f 211/484/442 245/485/443 212/486/444
f 212/486/444 245/485/443 244/487/445
f 212/486/444 244/487/445 213/488/446
f 213/488/446 244/487/445 243/489/447
f 213/488/446 243/489/447 214/490/448
f 214/490/448 243/489/447 242/491/449
f 214/492/448 242/493/449 215/494/450
f 215/494/450 242/493/449 241/495/451
f 215/494/450 241/495/451 216/496/452
f 216/496/452 241/495/451 240/497/453
f 216/496/452 240/497/453 217/498/454
f 217/498/454 240/497/453 239/499/455
f 217/498/454 239/499/455 218/500/456
f 218/500/456 239/499/455 238/501/457
f 218/500/456 238/501/457 219/476/434
f 219/476/434 238/501/457 237/477/435
f 297/502/458 343/503/459 286/504/460
f 286/504/460 343/503/459 342/505/461
f 286/504/460 342/505/461 287/506/462
f 287/506/462 342/505/461 353/507/463
f 287/506/462 353/507/463 288/508/464
f 288/508/464 353/507/463 352/509/465
f 288/508/464 352/509/465 289/510/466
f 289/510/466 352/509/465 351/511/467
f 289/510/466 351/511/467 290/512/468
f 290/512/468 351/511/467 350/513/469
f 290/512/468 350/513/469 291/514/470
f 291/514/470 350/513/469 349/515/471
f 291/514/470 349/515/471 292/516/472
f 292/516/472 349/515/471 348/517/473
f 292/518/472 348/519/473 293/520/474
f 293/520/474 348/519/473 347/521/475
f 293/520/474 347/521/475 294/522/476
f 294/522/476 347/521/475 346/523/477
f 294/522/476 346/523/477 295/524/478
f 295/524/478 346/523/477 345/525/479
f 295/524/478 345/525/479 296/526/480
f 296/526/480 345/525/479 344/527/481
f 296/526/480 344/527/481 297/502/458
f 297/502/458 344/527/481 343/503/459
f 339/528/482 315/529/483 328/530/484
f 328/530/484 315/529/483 314/531/485
f 328/530/484 314/531/485 329/532/486
f 329/532/486 314/531/485 325/533/487
f 329/532/486 325/533/487 330/534/488
f 330/534/488 325/533/487 324/535/489
f 330/534/488 324/535/489 331/536/490
f 331/536/490 324/535/489 323/537/491
f 331/536/490 323/537/491 332/538/492
f 332/538/492 323/537/491 322/539/493
f 332/538/492 322/539/493 333/540/494
f 333/540/494 322/539/493 321/541/495
f 333/540/494 321/541/495 334/542/496
f 334/542/496 321/541/495 320/543/497
f 334/544/496 320/545/497 335/546/498
f 335/546/498 320/545/497 319/547/499
f 335/546/498 319/547/499 336/548/500
f 336/548/500 319/547/499 318/549/501
f 336/548/500 318/549/501 337/550/502
f 337/550/502 318/549/501 317/551/503
f 337/550/502 317/551/503 338/552/504
f 338/552/504 317/551/503 316/553/505
f 338/552/504 316/553/505 339/528/482
f 339/528/482 316/553/505 315/529/483
f 66/554/506 23/555/507 55/556/508
f 55/556/508 23/555/507 22/557/509
f 55/558/508 22/559/509 56/560/510
f 56/560/510 22/559/509 33/561/511
f 56/560/510 33/561/511 57/562/512
f 57/562/512 33/561/511 32/563/513
f 57/562/512 32/563/513 58/564/514
f 58/564/514 32/563/513 31/565/515
f 58/564/514 31/565/515 59/566/516
f 59/566/516 31/565/515 30/567/517
f 59/566/516 30/567/517 60/568/518
f 60/568/518 30/567/517 29/569/519
f 60/568/518 29/569/519 61/570/520
f 61/570/520 29/569/519 28/571/521
f 61/570/520 28/571/521 62/572/522
f 62/572/522 28/571/521 27/573/523
f 62/572/522 27/573/523 63/574/524
f 63/574/524 27/573/523 26/575/525
f 63/574/524 26/575/525 64/576/526
f 64/576/526 26/575/525 25/577/527
f 64/576/526 25/577/527 65/578/528
f 65/578/528 25/577/527 24/579/529
f 65/578/528 24/579/529 66/554/506
f 66/554/506 24/579/529 23/555/507
f 162/580/170 380/581/530 163/582/171
f 163/582/171 380/581/530 389/583/531
f 389/583/531 380/581/530 381/584/532
f 389/583/531 381/584/532 388/585/533
f 388/585/533 381/584/532 382/586/534
f 388/585/533 382/586/534 383/587/535
f 383/587/535 384/588/536 388/585/533
f 388/585/533 384/588/536 387/589/537
f 387/589/537 384/588/536 385/590/538
f 387/589/537 385/590/538 386/591/539
f 390/592/540 391/593/541 396/594/542
f 396/594/542 391/593/541 392/595/543
f 396/594/542 392/595/543 393/596/544
f 396/594/542 393/596/544 395/597/545
f 395/597/545 393/596/544 394/598/546
f 395/597/545 394/598/546 144/599/146
f 144/599/146 394/598/546 145/600/144
f 398/601/547 407/602/548 397/603/549
f 397/603/549 407/602/548 418/604/550
f 397/603/549 418/604/550 419/605/551
f 399/606/552 401/607/553 398/601/547
f 398/601/547 401/607/553 406/608/554
f 398/601/547 406/608/554 407/602/548
f 399/606/552 400/609/555 401/607/553
f 401/607/553 402/610/556 406/608/554
f 406/608/554 402/610/556 405/611/557
f 405/611/557 402/610/556 404/612/558
f 404/612/558 402/610/556 403/613/559
f 418/604/550 407/602/548 417/614/560
f 417/614/560 407/602/548 408/615/561
f 417/614/560 408/615/561 413/616/562
f 413/616/562 408/615/561 412/617/563
f 412/617/563 408/615/561 409/618/564
f 412/617/563 409/618/564 411/619/565
f 411/619/565 409/618/564 410/620/566
f 417/614/560 413/616/562 416/621/567
f 416/621/567 413/616/562 414/622/568
f 416/621/567 414/622/568 415/623/569
f 420/624/570 423/625/571 419/605/551
f 419/605/551 423/625/571 424/626/572
f 419/605/551 424/626/572 397/603/549
f 397/603/549 424/626/572 426/627/573
f 426/627/573 424/626/572 425/628/574
f 420/624/570 421/629/575 423/625/571
f 423/625/571 421/629/575 422/630/576
f 401/631/577 122/632/578 402/633/579
f 402/633/579 122/632/578 121/634/580
f 125/635/581 398/636/582 126/637/583
f 126/637/583 398/636/582 397/638/584
f 130/639/585 129/640/586 423/641/587
f 423/641/587 129/640/586 424/642/588
f 136/643/589 417/644/590 137/645/591
f 137/645/591 417/644/590 416/646/592
f 140/647/593 413/648/594 141/649/595
f 141/649/595 413/648/594 412/650/596
f 409/651/597 408/652/598 114/653/599
f 114/653/599 408/652/598 115/654/600
f 104/655/333 327/656/328 105/657/601
f 105/657/601 327/656/328 357/658/602
f 105/657/601 357/658/602 106/659/603
f 106/659/603 357/658/602 356/660/604
f 106/659/603 356/660/604 107/661/394
f 107/661/394 356/660/604 355/662/395
f 108/663/396 354/664/397 109/665/605
f 109/665/605 354/664/397 365/666/606
f 109/665/605 365/666/606 110/667/607
f 110/667/607 365/666/606 364/668/608
f 110/667/607 364/668/608 111/669/351
f 111/669/351 364/668/608 340/670/360
f 122/671/609 401/672/610 123/673/611
f 123/673/611 401/672/610 400/674/612
f 123/673/611 400/674/612 124/675/613
f 124/675/613 400/674/612 399/676/614
f 124/675/613 399/676/614 125/677/581
f 125/677/581 399/676/614 398/678/582
f 126/679/583 397/680/584 127/681/615
f 127/681/615 397/680/584 426/682/616
f 127/681/615 426/682/616 128/683/617
f 128/683/617 426/682/616 425/684/618
f 128/683/617 425/684/618 129/685/619
f 129/685/619 425/684/618 424/686/620
f 130/687/585 423/688/587 131/689/621
f 131/689/621 423/688/587 422/690/622
f 131/689/621 422/690/622 132/691/623
f 132/691/623 422/690/622 421/692/624
f 132/691/623 421/692/624 133/693/625
f 133/693/625 421/692/624 420/694/626
f 137/695/591 416/696/592 138/697/627
f 138/697/627 416/696/592 415/698/628
f 138/697/627 415/698/628 139/699/629
f 139/699/629 415/698/628 414/700/630
f 139/699/629 414/700/630 140/701/593
f 140/701/593 414/700/630 413/702/594
f 141/703/595 412/704/596 142/705/631
f 142/705/631 412/704/596 411/706/632
f 142/705/631 411/706/632 143/707/633
f 143/707/633 411/706/632 410/708/634
f 143/707/633 410/708/634 114/709/599
f 114/709/599 410/708/634 409/710/597
f 402/711/579 121/712/580 403/713/635
f 403/713/635 121/712/580 120/714/636
f 403/713/635 120/714/636 404/715/637
f 404/715/637 120/714/636 119/716/638
f 404/715/637 119/716/638 405/717/639
f 405/717/639 119/716/638 118/718/640
f 115/719/600 408/720/598 116/721/641
f 116/721/641 408/720/598 407/722/642
f 116/721/641 407/722/642 117/723/643
f 117/723/643 407/722/642 406/724/644
f 117/723/643 406/724/644 118/725/640
f 118/725/640 406/724/644 405/726/639
f 133/727/625 420/728/626 134/729/645
f 134/729/645 420/728/626 419/730/646
f 134/729/645 419/730/646 135/731/647
f 135/731/647 419/730/646 418/732/648
f 135/731/647 418/732/648 136/733/589
f 136/733/589 418/732/648 417/734/590
f 427/735/649 428/736/650 430/737/651
f 430/737/651 428/736/650 429/738/652
f 429/739/653 390/740/654 430/741/655
f 430/741/655 390/740/654 434/742/656
f 430/741/655 434/742/656 435/743/657
f 429/739/653 431/744/658 390/740/654
f 390/740/654 431/744/658 391/745/659
f 391/745/659 431/744/658 432/746/660
f 391/745/659 432/746/660 433/747/661
f 435/743/657 436/748/662 430/741/655
f 430/741/655 436/748/662 48/749/663
f 430/741/655 48/749/663 438/750/664
f 438/750/664 48/749/663 437/751/665
f 437/751/665 48/749/663 47/752/666
f 83/753/667 441/754/668 84/755/669
f 84/755/669 441/754/668 428/756/670
f 84/755/669 428/756/670 427/757/671
f 439/758/672 440/759/673 83/753/667
f 83/753/667 440/759/673 441/754/668
f 442/760/674 45/761/675 427/757/671
f 427/757/671 45/761/675 444/762/676
f 427/757/671 444/762/676 445/763/677
f 442/760/674 443/764/678 45/761/675
f 45/761/675 443/764/678 46/765/679
f 445/763/677 446/766/680 427/757/671
f 427/757/671 446/766/680 84/755/669
f 448/767/681 449/768/682 447/769/683
f 447/769/683 449/768/682 450/770/684
f 386/771/685 453/772/686 387/773/687
f 387/773/687 453/772/686 448/774/688
f 387/773/687 448/774/688 447/775/689
f 451/776/690 452/777/691 386/771/685
f 386/771/685 452/777/691 453/772/686
f 454/778/692 19/779/693 447/775/689
f 447/775/689 19/779/693 456/780/694
f 447/775/689 456/780/694 457/781/695
f 454/778/692 455/782/696 19/779/693
f 19/779/693 455/782/696 20/783/697
f 457/781/695 458/784/698 447/775/689
f 447/775/689 458/784/698 387/773/687
f 449/785/699 67/786/700 450/787/701
f 450/787/701 67/786/700 462/788/702
f 450/787/701 462/788/702 463/789/703
f 449/785/699 459/790/704 67/786/700
f 67/786/700 459/790/704 68/791/705
f 68/791/705 459/790/704 460/792/706
f 68/791/705 460/792/706 461/793/707
f 463/789/703 464/794/708 450/787/701
f 450/787/701 464/794/708 1/795/709
f 450/787/701 1/795/709 466/796/710
f 466/796/710 1/795/709 465/797/711
f 465/797/711 1/795/709 21/798/712
f 225/799/231 224/800/230 451/801/713
f 451/801/713 224/800/230 461/802/714
f 451/801/713 461/802/714 452/803/715
f 452/803/715 461/802/714 460/804/716
f 452/803/715 460/804/716 453/805/717
f 453/805/717 460/804/716 459/806/718
f 453/805/717 459/806/718 448/807/681
f 448/807/681 459/806/718 449/808/682
f 429/809/652 428/810/650 431/811/719
f 431/811/719 428/810/650 441/812/720
f 431/811/719 441/812/720 432/813/721
f 432/813/721 441/812/720 440/814/722
f 432/813/721 440/814/722 433/815/723
f 433/815/723 440/814/722 439/816/724
f 433/815/723 439/816/724 192/817/194
f 192/817/194 439/816/724 193/818/192
f 462/819/725 67/820/67 468/821/726
f 468/821/726 67/820/67 75/822/69
f 468/821/726 75/822/69 470/823/727
f 470/823/727 75/822/69 74/824/72
f 470/823/727 74/824/72 73/825/74
f 73/825/74 467/826/728 470/823/727
f 470/823/727 467/826/728 468/821/726
f 468/821/726 467/826/728 469/827/729
f 469/827/729 467/826/728 4/828/5
f 469/827/729 4/828/5 3/829/4
f 469/827/729 3/829/4 464/830/730
f 464/830/730 3/829/4 2/831/2
f 464/830/730 2/831/2 1/832/1
f 464/830/730 463/833/731 469/827/729
f 469/827/729 463/833/731 468/821/726
f 463/833/731 462/819/725 468/821/726
f 21/834/3 20/835/27 465/836/732
f 465/836/732 20/835/27 455/837/733
f 465/836/732 455/837/733 454/838/734
f 447/839/683 450/840/684 454/838/734
f 454/838/734 450/840/684 466/841/735
f 454/838/734 466/841/735 465/836/732
f 19/842/31 18/843/29 456/844/736
f 456/844/736 18/843/29 17/845/28
f 456/844/736 17/845/28 16/846/30
f 456/844/736 16/846/30 472/847/737
f 472/847/737 16/846/30 471/848/738
f 472/847/737 471/848/738 473/849/739
f 473/849/739 471/848/738 474/850/740
f 473/849/739 474/850/740 388/851/533
f 388/851/533 474/850/740 389/852/531
f 389/852/531 474/850/740 163/853/171
f 163/853/171 474/850/740 471/848/738
f 387/854/537 458/855/741 388/851/533
f 388/851/533 458/855/741 473/849/739
f 458/855/741 457/856/742 473/849/739
f 473/849/739 457/856/742 472/847/737
f 457/856/742 456/844/736 472/847/737
f 434/857/743 390/858/540 476/859/744
f 476/859/744 390/858/540 396/860/542
f 476/859/744 396/860/542 478/861/745
f 478/861/745 396/860/542 395/862/545
f 478/861/745 395/862/545 144/863/146
f 144/863/146 475/864/746 478/861/745
f 478/861/745 475/864/746 476/859/744
f 476/859/744 475/864/746 477/865/747
f 477/865/747 475/864/746 51/866/66
f 477/865/747 51/866/66 436/867/748
f 436/867/748 51/866/66 50/868/43
f 436/867/748 50/868/43 49/869/44
f 49/869/44 48/870/45 436/867/748
f 436/867/748 435/871/749 477/865/747
f 477/865/747 435/871/749 476/859/744
f 435/871/749 434/857/743 476/859/744
f 45/872/63 44/873/62 444/874/750
f 444/874/750 44/873/62 43/875/61
f 444/874/750 43/875/61 480/876/751
f 480/876/751 43/875/61 42/877/57
f 480/876/751 42/877/57 479/878/752
f 480/876/751 479/878/752 482/879/753
f 482/879/753 479/878/752 87/880/78
f 482/879/753 87/880/78 86/881/79
f 86/881/79 85/882/81 482/879/753
f 482/879/753 85/882/81 481/883/754
f 482/879/753 481/883/754 480/876/751
f 480/876/751 481/883/754 445/884/755
f 480/876/751 445/884/755 444/874/750
f 85/882/81 84/885/85 481/883/754
f 481/883/754 84/885/85 446/886/756
f 481/883/754 446/886/756 445/884/755
f 427/887/649 430/888/651 442/889/757
f 442/889/757 430/888/651 438/890/758
f 442/889/757 438/890/758 437/891/759
f 47/892/42 46/893/60 437/891/759
f 437/891/759 46/893/60 443/894/760
f 437/891/759 443/894/760 442/889/757
f 89/895/761 375/896/762 76/897/763
f 76/897/763 375/896/762 196/898/764
f 196/898/764 375/896/762 197/899/765
f 76/900/763 196/901/764 77/902/766
f 77/902/766 196/901/764 195/903/767
f 77/902/766 195/903/767 194/904/768
f 193/905/769 79/906/770 194/904/768
f 194/904/768 79/906/770 78/907/771
f 194/904/768 78/907/771 77/902/766
f 79/908/772 193/909/773 80/910/774
f 80/910/774 193/909/773 483/911/775
f 80/910/774 483/911/775 81/912/776
f 81/912/776 483/911/775 82/913/777
f 82/913/777 483/911/775 83/914/778
f 83/914/778 483/911/775 439/915/779
f 439/915/779 483/911/775 193/909/773
f 220/916/780 379/917/781 221/918/782
f 221/918/782 379/917/781 72/919/783
f 72/919/783 379/917/781 100/920/784
f 221/921/782 72/922/783 222/923/785
f 222/923/785 72/922/783 71/924/786
f 222/923/785 71/924/786 70/925/787
f 69/926/788 224/927/789 70/925/787
f 70/925/787 224/927/789 223/928/790
f 70/925/787 223/928/790 222/923/785
f 69/929/791 68/930/792 484/931/793
f 484/931/793 68/930/792 461/932/794
f 484/931/793 461/932/794 224/933/795
f 224/933/795 69/929/791 484/931/793
f 146/934/796 145/935/797 204/936/798
f 204/936/798 145/935/797 205/937/799
f 205/938/799 145/939/797 206/940/800
f 206/940/800 145/939/797 394/941/801
f 206/940/800 394/941/801 393/942/802
f 392/943/803 192/944/804 393/942/802
f 393/942/802 192/944/804 207/945/805
f 393/942/802 207/945/805 206/940/800
f 392/946/806 391/947/807 485/948/808
f 485/948/808 391/947/807 433/949/809
f 485/948/808 433/949/809 192/950/810
f 192/950/810 392/946/806 485/948/808
f 161/951/811 229/952/812 162/953/813
f 162/953/813 229/952/812 228/954/814
f 162/955/813 228/956/814 380/957/815
f 380/957/815 228/956/814 227/958/816
f 380/957/815 227/958/816 226/959/817
f 225/960/818 382/961/819 226/959/817
f 226/959/817 382/961/819 381/962/820
f 226/959/817 381/962/820 380/957/815
f 382/963/821 225/964/822 383/965/823
f 383/965/823 225/964/822 486/966/824
f 383/965/823 486/966/824 384/967/825
f 384/967/825 486/966/824 385/968/826
f 385/968/826 486/966/824 386/969/827
f 386/969/827 486/966/824 451/970/828
f 451/970/828 486/966/824 225/964/822
f 16/971/829 167/972/830 489/973/831
f 489/973/831 167/972/830 166/974/832
f 489/973/831 166/974/832 165/975/833
f 164/976/834 488/977/835 165/975/833
f 165/975/833 488/977/835 487/978/836
f 165/975/833 487/978/836 489/973/831
f 489/973/831 487/978/836 471/979/837
f 489/973/831 471/979/837 16/971/829
f 164/976/834 163/980/838 488/977/835
f 163/981/839 471/979/837 488/977/835
f 488/977/835 471/979/837 487/978/836
f 16/982/840 15/983/841 167/984/842
f 167/984/842 15/983/841 168/985/843
f 168/986/843 15/987/841 174/988/844
f 174/988/844 15/987/841 14/989/845
f 174/988/844 14/989/845 175/990/846
f 175/990/846 14/989/845 13/991/847
f 175/990/846 13/991/847 176/992/848
f 176/992/848 13/991/847 12/993/849
f 176/994/848 12/995/849 180/996/850
f 180/996/850 12/995/849 11/997/851
f 180/996/850 11/997/851 181/998/852
f 181/998/852 11/997/851 10/999/853
f 181/998/852 10/999/853 182/1000/854
f 182/1000/854 10/999/853 9/1001/855
f 182/1000/854 9/1001/855 183/1002/856
f 183/1002/856 9/1001/855 8/1003/857
f 183/1002/856 8/1003/857 184/1004/858
f 184/1004/858 8/1003/857 7/1005/859
f 184/1004/858 7/1005/859 185/1006/860
f 185/1006/860 7/1005/859 6/1007/861
f 185/1006/860 6/1007/861 95/1008/862
f 95/1008/862 6/1007/861 5/1009/863
f 5/1010/863 4/1011/864 95/1012/862
f 95/1012/862 4/1011/864 96/1013/865
f 96/1014/866 4/1015/867 97/1016/868
f 97/1016/868 4/1015/867 492/1017/869
f 97/1016/868 492/1017/869 98/1018/870
f 98/1018/870 492/1017/869 490/1019/871
f 98/1018/870 490/1019/871 491/1020/872
f 491/1020/872 490/1019/871 467/1021/873
f 491/1020/872 467/1021/873 73/1022/874
f 4/1015/867 467/1021/873 492/1017/869
f 492/1017/869 467/1021/873 490/1019/871
f 73/1023/875 99/1024/876 491/1020/872
f 491/1020/872 99/1024/876 98/1018/870
f 475/1025/877 495/1026/878 51/1027/879
f 51/1027/879 495/1026/878 171/1028/880
f 51/1027/879 171/1028/880 170/1029/881
f 144/1030/882 494/1031/883 475/1025/877
f 475/1025/877 494/1031/883 493/1032/884
f 475/1025/877 493/1032/884 495/1026/878
f 495/1026/878 493/1032/884 172/1033/885
f 495/1026/878 172/1033/885 171/1028/880
f 144/1034/886 173/1035/887 494/1031/883
f 494/1031/883 173/1035/887 172/1033/885
f 494/1031/883 172/1033/885 493/1032/884
f 170/1036/888 169/1037/889 51/1038/890
f 51/1038/890 169/1037/889 52/1039/891
f 52/1040/891 169/1041/889 53/1042/892
f 53/1042/892 169/1041/889 179/1043/893
f 53/1042/892 179/1043/893 54/1044/894
f 54/1044/894 179/1043/893 178/1045/895
f 54/1044/894 178/1045/895 34/1046/896
f 34/1046/896 178/1045/895 177/1047/897
f 34/1048/896 177/1049/897 35/1050/898
f 35/1050/898 177/1049/897 191/1051/899
f 35/1050/898 191/1051/899 36/1052/900
f 36/1052/900 191/1051/899 190/1053/901
f 36/1052/900 190/1053/901 37/1054/902
f 37/1054/902 190/1053/901 189/1055/903
f 37/1054/902 189/1055/903 38/1056/904
f 38/1056/904 189/1055/903 188/1057/905
f 38/1056/904 188/1057/905 39/1058/906
f 39/1058/906 188/1057/905 187/1059/907
f 39/1058/906 187/1059/907 40/1060/908
f 40/1060/908 187/1059/907 186/1061/909
f 40/1060/908 186/1061/909 41/1062/910
f 41/1062/910 186/1061/909 94/1063/911
f 94/1064/911 93/1065/912 41/1066/910
f 41/1066/910 93/1065/912 42/1067/913
f 42/1068/914 93/1069/915 498/1070/916
f 498/1070/916 93/1069/915 92/1071/917
f 498/1070/916 92/1071/917 91/1072/918
f 90/1073/919 497/1074/920 91/1072/918
f 91/1072/918 497/1074/920 496/1075/921
f 91/1072/918 496/1075/921 498/1070/916
f 498/1070/916 496/1075/921 479/1076/922
f 498/1070/916 479/1076/922 42/1068/914
f 90/1073/919 87/1077/923 497/1074/920
f 87/1078/924 479/1076/922 497/1074/920
f 497/1074/920 479/1076/922 496/1075/921
f 148/1079/925 285/1080/926 250/1081/927
f 250/1081/927 285/1080/926 284/1082/928
f 250/1081/927 284/1082/928 251/1083/929
f 251/1083/929 284/1082/928 283/1084/930
f 251/1083/929 283/1084/930 252/1085/931
f 252/1085/931 283/1084/930 282/1086/932
f 252/1085/931 282/1086/932 253/1087/933
f 253/1087/933 282/1086/932 281/1088/934
f 253/1087/933 281/1088/934 254/1089/935
f 254/1089/935 281/1088/934 280/1090/936
f 254/1089/935 280/1090/936 113/1091/937
f 113/1091/937 280/1090/936 279/1092/938
f 279/1093/938 278/1094/939 113/1095/937
f 113/1095/937 278/1094/939 88/1096/940
f 148/1097/925 147/1098/941 285/1099/926
f 285/1099/926 147/1098/941 270/1100/942
f 88/1101/940 278/1102/939 372/1103/943
f 372/1103/943 278/1102/939 277/1104/944
f 372/1103/943 277/1104/944 373/1105/945
f 373/1105/945 277/1104/944 276/1106/946
f 373/1105/945 276/1106/946 374/1107/947
f 374/1107/947 276/1106/946 275/1108/948
f 374/1107/947 275/1108/948 248/1109/949
f 248/1109/949 275/1108/948 274/1110/950
f 270/1111/942 147/1112/941 271/1113/951
f 271/1113/951 147/1112/941 371/1114/952
f 271/1113/951 371/1114/952 272/1115/953
f 272/1115/953 371/1114/952 370/1116/954
f 272/1115/953 370/1116/954 273/1117/955
f 273/1117/955 370/1116/954 249/1118/956
f 274/1119/950 273/1120/955 248/1121/949
f 248/1121/949 273/1120/955 249/1122/956
f 307/1123/957 159/1124/958 308/1125/959
f 308/1125/959 159/1124/958 264/1126/960
f 308/1125/959 264/1126/960 309/1127/961
f 309/1127/961 264/1126/960 263/1128/962
f 309/1127/961 263/1128/962 310/1129/963
f 310/1129/963 263/1128/962 262/1130/964
f 310/1129/963 262/1130/964 311/1131/965
f 311/1131/965 262/1130/964 261/1132/966
f 311/1131/965 261/1132/966 312/1133/967
f 312/1133/967 261/1132/966 260/1134/968
f 312/1133/967 260/1134/968 313/1135/969
f 313/1135/969 260/1134/968 102/1136/970
f 102/1137/970 101/1138/971 313/1139/969
f 313/1139/969 101/1138/971 298/1140/972
f 307/1141/957 306/1142/973 159/1143/958
f 159/1143/958 306/1142/973 160/1144/974
f 298/1145/972 101/1146/971 299/1147/975
f 299/1147/975 101/1146/971 378/1148/976
f 299/1147/975 378/1148/976 300/1149/977
f 300/1149/977 378/1148/976 377/1150/978
f 300/1149/977 377/1150/978 301/1151/979
f 301/1151/979 377/1150/978 376/1152/980
f 301/1151/979 376/1152/980 302/1153/981
f 302/1153/981 376/1152/980 367/1154/982
f 160/1155/974 306/1156/973 368/1157/983
f 368/1157/983 306/1156/973 305/1158/984
f 368/1157/983 305/1158/984 369/1159/985
f 369/1159/985 305/1158/984 304/1160/986
f 369/1159/985 304/1160/986 366/1161/987
f 366/1161/987 304/1160/986 303/1162/988
f 367/1163/982 366/1164/987 302/1165/981
f 302/1165/981 366/1164/987 303/1166/988
# 498 vertices
# 1166 texture params
# 988 normals
# 1008 facets

# 1 groups
