# WaveFront *.obj file (generated by Autodesk ATF)

mtllib Interface_ARM100_1.mtl

g Body1

v -53.492402 -25.500000 5.600000
v -53.492402 -25.500000 -5.600000
v -53.492402 -25.031089 -7.350000
v -53.492402 -23.750000 -8.631089
v -53.492402 -22.000000 -9.100000
v -53.492402 -9.027181 -9.100000
v -53.492402 -8.307072 -9.174881
v -53.492402 -7.617775 -9.396319
v -53.492402 -6.988785 -9.754839
v -53.492402 -2.468947 -11.743266
v -53.492402 2.468947 -11.743266
v -53.492402 6.988785 -9.754839
v -53.492402 7.617775 -9.396319
v -53.492402 8.307072 -9.174881
v -53.492402 9.027181 -9.100000
v -53.492402 22.000000 -9.100000
v -53.492402 23.750000 -8.631089
v -53.492402 25.031089 -7.350000
v -53.492402 25.500000 -5.600000
v -53.492402 25.500000 5.600000
v -53.492402 25.031089 7.350000
v -53.492402 23.750000 8.631089
v -53.492402 22.000000 9.100000
v -53.492402 9.027181 9.100000
v -53.492402 8.307072 9.174881
v -53.492402 7.617775 9.396319
v -53.492402 6.988785 9.754839
v -53.492402 2.468947 11.743266
v -53.492402 -2.468947 11.743266
v -53.492402 -6.988785 9.754839
v -53.492402 -7.617775 9.396319
v -53.492402 -8.307072 9.174881
v -53.492402 -9.027181 9.100000
v -53.492402 -22.000000 9.100000
v -53.492402 -23.750000 8.631089
v -53.492402 -25.031089 7.350000
v -53.492402 0.000000 -2.750000
v -53.492402 -1.375000 -2.381570
v -53.492402 -2.381570 -1.375000
v -53.492402 -2.750000 0.000000
v -53.492402 -2.381570 1.375000
v -53.492402 -1.375000 2.381570
v -53.492402 0.000000 2.750000
v -53.492402 1.375000 2.381570
v -53.492402 2.381570 1.375000
v -53.492402 2.750000 -0.000000
v -53.492402 2.381570 -1.375000
v -53.492402 1.375000 -2.381570
v -53.492402 -7.000000 -2.750000
v -53.492402 -8.375000 -2.381570
v -53.492402 -9.381570 -1.375000
v -53.492402 -9.750000 0.000000
v -53.492402 -9.381570 1.375000
v -53.492402 -8.375000 2.381570
v -53.492402 -7.000000 2.750000
v -53.492402 -5.625000 2.381570
v -53.492402 -4.618430 1.375000
v -53.492402 -4.250000 0.000000
v -53.492402 -4.618430 -1.375000
v -53.492402 -5.625000 -2.381570
v -53.492402 7.000000 -2.750000
v -53.492402 5.625000 -2.381570
v -53.492402 4.618430 -1.375000
v -53.492402 4.250000 -0.000000
v -53.492402 4.618430 1.375000
v -53.492402 5.625000 2.381570
v -53.492402 7.000000 2.750000
v -53.492402 8.375000 2.381570
v -53.492402 9.381570 1.375000
v -53.492402 9.750000 -0.000000
v -53.492402 9.381570 -1.375000
v -53.492402 8.375000 -2.381570
v -53.492402 22.000000 -6.850000
v -53.492402 21.375000 -6.682532
v -53.492402 20.917468 -6.225000
v -53.492402 20.750000 -5.600000
v -53.492402 20.917468 -4.975000
v -53.492402 21.375000 -4.517468
v -53.492402 22.000000 -4.350000
v -53.492402 22.625000 -4.517468
v -53.492402 23.082532 -4.975000
v -53.492402 23.250000 -5.600000
v -53.492402 23.082532 -6.225000
v -53.492402 22.625000 -6.682532
v -53.492402 -22.000000 4.350000
v -53.492402 -22.625000 4.517468
v -53.492402 -23.082532 4.975000
v -53.492402 -23.250000 5.600000
v -53.492402 -23.082532 6.225000
v -53.492402 -22.625000 6.682532
v -53.492402 -22.000000 6.850000
v -53.492402 -21.375000 6.682532
v -53.492402 -20.917468 6.225000
v -53.492402 -20.750000 5.600000
v -53.492402 -20.917468 4.975000
v -53.492402 -21.375000 4.517468
v -53.492402 -22.000000 -6.850000
v -53.492402 -22.625000 -6.682532
v -53.492402 -23.082532 -6.225000
v -53.492402 -23.250000 -5.600000
v -53.492402 -23.082532 -4.975000
v -53.492402 -22.625000 -4.517468
v -53.492402 -22.000000 -4.350000
v -53.492402 -21.375000 -4.517468
v -53.492402 -20.917468 -4.975000
v -53.492402 -20.750000 -5.600000
v -53.492402 -20.917468 -6.225000
v -53.492402 -21.375000 -6.682532
v -53.492402 22.000000 4.350000
v -53.492402 21.375000 4.517468
v -53.492402 20.917468 4.975000
v -53.492402 20.750000 5.600000
v -53.492402 20.917468 6.225000
v -53.492402 21.375000 6.682532
v -53.492402 22.000000 6.850000
v -53.492402 22.625000 6.682532
v -53.492402 23.082532 6.225000
v -53.492402 23.250000 5.600000
v -53.492402 23.082532 4.975000
v -53.492402 22.625000 4.517468
v -53.492402 -0.000000 -9.750000
v -53.492402 -1.375000 -9.381570
v -53.492402 -2.381570 -8.375000
v -53.492402 -2.750000 -7.000000
v -53.492402 -2.381570 -5.625000
v -53.492402 -1.375000 -4.618430
v -53.492402 -0.000000 -4.250000
v -53.492402 1.375000 -4.618430
v -53.492402 2.381570 -5.625000
v -53.492402 2.750000 -7.000000
v -53.492402 2.381570 -8.375000
v -53.492402 1.375000 -9.381570
v -53.492402 0.000000 4.250000
v -53.492402 -1.375000 4.618430
v -53.492402 -2.381570 5.625000
v -53.492402 -2.750000 7.000000
v -53.492402 -2.381570 8.375000
v -53.492402 -1.375000 9.381570
v -53.492402 0.000000 9.750000
v -53.492402 1.375000 9.381570
v -53.492402 2.381570 8.375000
v -53.492402 2.750000 7.000000
v -53.492402 2.381570 5.625000
v -53.492402 1.375000 4.618430
v -60.608984 0.000000 5.400000
v -60.608984 -0.800000 5.614359
v -60.608984 -1.385641 6.200000
v -60.608984 -1.600000 7.000000
v -60.608984 -1.385641 7.800000
v -60.608984 -0.800000 8.385641
v -60.608984 0.000000 8.600000
v -60.608984 0.800000 8.385641
v -60.608984 1.385641 7.800000
v -60.608984 1.600000 7.000000
v -60.608984 1.385641 6.200000
v -60.608984 0.800000 5.614359
v -58.108984 0.000000 5.400000
v -58.108984 0.800000 5.614359
v -58.108984 1.385641 6.200000
v -58.108984 1.600000 7.000000
v -58.108984 1.385641 7.800000
v -58.108984 0.800000 8.385641
v -58.108984 0.000000 8.600000
v -58.108984 -0.800000 8.385641
v -58.108984 -1.385641 7.800000
v -58.108984 -1.600000 7.000000
v -58.108984 -1.385641 6.200000
v -58.108984 -0.800000 5.614359
v -60.608984 -7.000000 -1.600000
v -60.608984 -7.800000 -1.385641
v -60.608984 -8.385641 -0.800000
v -60.608984 -8.600000 0.000000
v -60.608984 -8.385641 0.800000
v -60.608984 -7.800000 1.385641
v -60.608984 -7.000000 1.600000
v -60.608984 -6.200000 1.385641
v -60.608984 -5.614359 0.800000
v -60.608984 -5.400000 0.000000
v -60.608984 -5.614359 -0.800000
v -60.608984 -6.200000 -1.385641
v -58.108984 -7.000000 -1.600000
v -58.108984 -6.200000 -1.385641
v -58.108984 -5.614359 -0.800000
v -58.108984 -5.400000 0.000000
v -58.108984 -5.614359 0.800000
v -58.108984 -6.200000 1.385641
v -58.108984 -7.000000 1.600000
v -58.108984 -7.800000 1.385641
v -58.108984 -8.385641 0.800000
v -58.108984 -8.600000 0.000000
v -58.108984 -8.385641 -0.800000
v -58.108984 -7.800000 -1.385641
v -60.608984 -0.000000 -8.600000
v -60.608984 -0.800000 -8.385641
v -60.608984 -1.385641 -7.800000
v -60.608984 -1.600000 -7.000000
v -60.608984 -1.385641 -6.200000
v -60.608984 -0.800000 -5.614359
v -60.608984 -0.000000 -5.400000
v -60.608984 0.800000 -5.614359
v -60.608984 1.385641 -6.200000
v -60.608984 1.600000 -7.000000
v -60.608984 1.385641 -7.800000
v -60.608984 0.800000 -8.385641
v -58.108984 -0.000000 -8.600000
v -58.108984 0.800000 -8.385641
v -58.108984 1.385641 -7.800000
v -58.108984 1.600000 -7.000000
v -58.108984 1.385641 -6.200000
v -58.108984 0.800000 -5.614359
v -58.108984 -0.000000 -5.400000
v -58.108984 -0.800000 -5.614359
v -58.108984 -1.385641 -6.200000
v -58.108984 -1.600000 -7.000000
v -58.108984 -1.385641 -7.800000
v -58.108984 -0.800000 -8.385641
v -60.608984 0.000000 -1.600000
v -60.608984 -0.800000 -1.385641
v -60.608984 -1.385641 -0.800000
v -60.608984 -1.600000 0.000000
v -60.608984 -1.385641 0.800000
v -60.608984 -0.800000 1.385641
v -60.608984 0.000000 1.600000
v -60.608984 0.800000 1.385641
v -60.608984 1.385641 0.800000
v -60.608984 1.600000 0.000000
v -60.608984 1.385641 -0.800000
v -60.608984 0.800000 -1.385641
v -58.108984 0.000000 -1.600000
v -58.108984 0.800000 -1.385641
v -58.108984 1.385641 -0.800000
v -58.108984 1.600000 0.000000
v -58.108984 1.385641 0.800000
v -58.108984 0.800000 1.385641
v -58.108984 0.000000 1.600000
v -58.108984 -0.800000 1.385641
v -58.108984 -1.385641 0.800000
v -58.108984 -1.600000 0.000000
v -58.108984 -1.385641 -0.800000
v -58.108984 -0.800000 -1.385641
v -60.608984 7.000000 -1.600000
v -60.608984 6.200000 -1.385641
v -60.608984 5.614359 -0.800000
v -60.608984 5.400000 -0.000000
v -60.608984 5.614359 0.800000
v -60.608984 6.200000 1.385641
v -60.608984 7.000000 1.600000
v -60.608984 7.800000 1.385641
v -60.608984 8.385641 0.800000
v -60.608984 8.600000 -0.000000
v -60.608984 8.385641 -0.800000
v -60.608984 7.800000 -1.385641
v -58.108984 7.000000 -1.600000
v -58.108984 7.800000 -1.385641
v -58.108984 8.385641 -0.800000
v -58.108984 8.600000 -0.000000
v -58.108984 8.385641 0.800000
v -58.108984 7.800000 1.385641
v -58.108984 7.000000 1.600000
v -58.108984 6.200000 1.385641
v -58.108984 5.614359 0.800000
v -58.108984 5.400000 -0.000000
v -58.108984 5.614359 -0.800000
v -58.108984 6.200000 -1.385641
v -61.608984 0.000000 -12.000000
v -61.608984 5.576678 -10.625472
v -61.608984 9.875806 -6.816777
v -61.608984 11.912506 -1.446440
v -61.608984 11.220195 4.255259
v -61.608984 7.957472 8.982129
v -61.608984 2.871788 11.651302
v -61.608984 -2.871788 11.651302
v -61.608984 -7.957472 8.982129
v -61.608984 -11.220195 4.255259
v -61.608984 -11.912506 -1.446440
v -61.608984 -9.875806 -6.816777
v -61.608984 -5.576678 -10.625472
v -57.492402 -6.988785 -9.754839
v -57.492402 -10.673927 -5.483365
v -57.492402 -12.000000 0.000000
v -57.492402 -10.673927 5.483365
v -57.492402 -6.988785 9.754839
v -57.492402 6.988785 9.754839
v -57.492402 10.673927 5.483365
v -57.492402 12.000000 0.000000
v -57.492402 10.673927 -5.483365
v -57.492402 6.988785 -9.754839
v -61.608984 0.000000 -10.500000
v -61.608984 5.250000 -9.093267
v -61.608984 9.093267 -5.250000
v -61.608984 10.500000 -0.000000
v -61.608984 9.093267 5.250000
v -61.608984 5.250000 9.093267
v -61.608984 0.000000 10.500000
v -61.608984 -5.250000 9.093267
v -61.608984 -9.093267 5.250000
v -61.608984 -10.500000 0.000000
v -61.608984 -9.093267 -5.250000
v -61.608984 -5.250000 -9.093267
v -61.108984 0.000000 -10.000000
v -61.108984 -5.000000 -8.660254
v -61.108984 -8.660254 -5.000000
v -61.108984 -10.000000 0.000000
v -61.108984 -8.660254 5.000000
v -61.108984 -5.000000 8.660254
v -61.108984 0.000000 10.000000
v -61.108984 5.000000 8.660254
v -61.108984 8.660254 5.000000
v -61.108984 10.000000 0.000000
v -61.108984 8.660254 -5.000000
v -61.108984 5.000000 -8.660254
v -60.608984 0.000000 -10.000000
v -60.608984 5.000000 -8.660254
v -60.608984 8.660254 -5.000000
v -60.608984 10.000000 0.000000
v -60.608984 8.660254 5.000000
v -60.608984 5.000000 8.660254
v -60.608984 0.000000 10.000000
v -60.608984 -5.000000 8.660254
v -60.608984 -8.660254 5.000000
v -60.608984 -10.000000 0.000000
v -60.608984 -8.660254 -5.000000
v -60.608984 -5.000000 -8.660254
v -57.492402 25.500000 5.600000
v -57.492402 25.500000 -5.600000
v -57.492402 25.031089 -7.350000
v -57.492402 23.750000 -8.631089
v -57.492402 22.000000 -9.100000
v -57.492402 9.027181 -9.100000
v -57.492402 8.307072 -9.174881
v -57.492402 7.617775 -9.396319
v -57.492402 7.617775 9.396319
v -57.492402 8.307072 9.174881
v -57.492402 9.027181 9.100000
v -57.492402 22.000000 9.100000
v -57.492402 23.750000 8.631089
v -57.492402 25.031089 7.350000
v -57.492402 22.000000 -8.850000
v -57.492402 23.243721 -8.602608
v -57.492402 24.298097 -7.898097
v -57.492402 25.002608 -6.843721
v -57.492402 25.250000 -5.600000
v -57.492402 25.110056 -4.656575
v -57.492402 24.702276 -3.794397
v -57.492402 24.061778 -3.087716
v -57.492402 23.243721 -2.597392
v -57.492402 22.318556 -2.365650
v -57.492402 21.365956 -2.412448
v -57.492402 20.467961 -2.733756
v -57.492402 19.701903 -3.301903
v -57.492402 19.133756 -4.067961
v -57.492402 18.812448 -4.965956
v -57.492402 18.765650 -5.918556
v -57.492402 18.997392 -6.843721
v -57.492402 19.487716 -7.661778
v -57.492402 20.194397 -8.302276
v -57.492402 21.056575 -8.710056
v -57.492402 22.000000 2.350000
v -57.492402 23.243721 2.597392
v -57.492402 24.298097 3.301903
v -57.492402 25.002608 4.356279
v -57.492402 25.250000 5.600000
v -57.492402 25.002608 6.843721
v -57.492402 24.298097 7.898097
v -57.492402 23.243721 8.602608
v -57.492402 22.000000 8.850000
v -57.492402 20.756279 8.602608
v -57.492402 19.701903 7.898097
v -57.492402 18.997392 6.843721
v -57.492402 18.750000 5.600000
v -57.492402 18.997392 4.356279
v -57.492402 19.701903 3.301903
v -57.492402 20.756279 2.597392
v -57.492402 -9.027181 -9.100000
v -57.492402 -22.000000 -9.100000
v -57.492402 -23.750000 -8.631089
v -57.492402 -25.031089 -7.350000
v -57.492402 -25.500000 -5.600000
v -57.492402 -25.500000 5.600000
v -57.492402 -25.031089 7.350000
v -57.492402 -23.750000 8.631089
v -57.492402 -22.000000 9.100000
v -57.492402 -9.027181 9.100000
v -57.492402 -8.307072 9.174881
v -57.492402 -7.617775 9.396319
v -57.492402 -7.617775 -9.396319
v -57.492402 -8.307072 -9.174881
v -57.492402 -22.000000 2.350000
v -57.492402 -20.756279 2.597392
v -57.492402 -19.701903 3.301903
v -57.492402 -18.997392 4.356279
v -57.492402 -18.750000 5.600000
v -57.492402 -18.997392 6.843721
v -57.492402 -19.701903 7.898097
v -57.492402 -20.756279 8.602608
v -57.492402 -22.000000 8.850000
v -57.492402 -23.243721 8.602608
v -57.492402 -24.298097 7.898097
v -57.492402 -25.002608 6.843721
v -57.492402 -25.250000 5.600000
v -57.492402 -25.002608 4.356279
v -57.492402 -24.298097 3.301903
v -57.492402 -23.243721 2.597392
v -57.492402 -22.000000 -8.850000
v -57.492402 -21.056575 -8.710056
v -57.492402 -20.194397 -8.302276
v -57.492402 -19.487716 -7.661778
v -57.492402 -18.997392 -6.843721
v -57.492402 -18.765650 -5.918556
v -57.492402 -18.812448 -4.965956
v -57.492402 -19.133756 -4.067961
v -57.492402 -19.701903 -3.301903
v -57.492402 -20.467961 -2.733756
v -57.492402 -21.365956 -2.412448
v -57.492402 -22.318556 -2.365650
v -57.492402 -23.243721 -2.597392
v -57.492402 -24.061778 -3.087716
v -57.492402 -24.702276 -3.794397
v -57.492402 -25.110056 -4.656575
v -57.492402 -25.250000 -5.600000
v -57.492402 -25.002608 -6.843721
v -57.492402 -24.298097 -7.898097
v -57.492402 -23.243721 -8.602608
v -58.108984 7.000000 -2.750000
v -58.108984 8.375000 -2.381570
v -58.108984 9.381570 -1.375000
v -58.108984 9.750000 -0.000000
v -58.108984 9.381570 1.375000
v -58.108984 8.375000 2.381570
v -58.108984 7.000000 2.750000
v -58.108984 5.625000 2.381570
v -58.108984 4.618430 1.375000
v -58.108984 4.250000 -0.000000
v -58.108984 4.618430 -1.375000
v -58.108984 5.625000 -2.381570
v -58.108984 0.000000 -2.750000
v -58.108984 1.375000 -2.381570
v -58.108984 2.381570 -1.375000
v -58.108984 2.750000 -0.000000
v -58.108984 2.381570 1.375000
v -58.108984 1.375000 2.381570
v -58.108984 0.000000 2.750000
v -58.108984 -1.375000 2.381570
v -58.108984 -2.381570 1.375000
v -58.108984 -2.750000 0.000000
v -58.108984 -2.381570 -1.375000
v -58.108984 -1.375000 -2.381570
v -58.108984 -0.000000 -9.750000
v -58.108984 1.375000 -9.381570
v -58.108984 2.381570 -8.375000
v -58.108984 2.750000 -7.000000
v -58.108984 2.381570 -5.625000
v -58.108984 1.375000 -4.618430
v -58.108984 -0.000000 -4.250000
v -58.108984 -1.375000 -4.618430
v -58.108984 -2.381570 -5.625000
v -58.108984 -2.750000 -7.000000
v -58.108984 -2.381570 -8.375000
v -58.108984 -1.375000 -9.381570
v -58.108984 -7.000000 -2.750000
v -58.108984 -5.625000 -2.381570
v -58.108984 -4.618430 -1.375000
v -58.108984 -4.250000 0.000000
v -58.108984 -4.618430 1.375000
v -58.108984 -5.625000 2.381570
v -58.108984 -7.000000 2.750000
v -58.108984 -8.375000 2.381570
v -58.108984 -9.381570 1.375000
v -58.108984 -9.750000 0.000000
v -58.108984 -9.381570 -1.375000
v -58.108984 -8.375000 -2.381570
v -58.108984 0.000000 4.250000
v -58.108984 1.375000 4.618430
v -58.108984 2.381570 5.625000
v -58.108984 2.750000 7.000000
v -58.108984 2.381570 8.375000
v -58.108984 1.375000 9.381570
v -58.108984 0.000000 9.750000
v -58.108984 -1.375000 9.381570
v -58.108984 -2.381570 8.375000
v -58.108984 -2.750000 7.000000
v -58.108984 -2.381570 5.625000
v -58.108984 -1.375000 4.618430
v -55.492402 -22.000000 -6.850000
v -55.492402 -22.625000 -6.682532
v -55.492402 -23.082532 -6.225000
v -55.492402 -23.250000 -5.600000
v -55.492402 -23.082532 -4.975000
v -55.492402 -22.625000 -4.517468
v -55.492402 -22.000000 -4.350000
v -55.492402 -21.375000 -4.517468
v -55.492402 -20.917468 -4.975000
v -55.492402 -20.750000 -5.600000
v -55.492402 -20.917468 -6.225000
v -55.492402 -21.375000 -6.682532
v -55.492402 -22.000000 -8.850000
v -55.492402 -23.625000 -8.414583
v -55.492402 -24.814583 -7.225000
v -55.492402 -25.250000 -5.600000
v -55.492402 -24.814583 -3.975000
v -55.492402 -23.625000 -2.785417
v -55.492402 -22.000000 -2.350000
v -55.492402 -20.375000 -2.785417
v -55.492402 -19.185417 -3.975000
v -55.492402 -18.750000 -5.600000
v -55.492402 -19.185417 -7.225000
v -55.492402 -20.375000 -8.414583
v -55.492402 -22.000000 4.350000
v -55.492402 -22.625000 4.517468
v -55.492402 -23.082532 4.975000
v -55.492402 -23.250000 5.600000
v -55.492402 -23.082532 6.225000
v -55.492402 -22.625000 6.682532
v -55.492402 -22.000000 6.850000
v -55.492402 -21.375000 6.682532
v -55.492402 -20.917468 6.225000
v -55.492402 -20.750000 5.600000
v -55.492402 -20.917468 4.975000
v -55.492402 -21.375000 4.517468
v -55.492402 -22.000000 2.350000
v -55.492402 -23.625000 2.785417
v -55.492402 -24.814583 3.975000
v -55.492402 -25.250000 5.600000
v -55.492402 -24.814583 7.225000
v -55.492402 -23.625000 8.414583
v -55.492402 -22.000000 8.850000
v -55.492402 -20.375000 8.414583
v -55.492402 -19.185417 7.225000
v -55.492402 -18.750000 5.600000
v -55.492402 -19.185417 3.975000
v -55.492402 -20.375000 2.785417
v -55.492402 22.000000 4.350000
v -55.492402 21.375000 4.517468
v -55.492402 20.917468 4.975000
v -55.492402 20.750000 5.600000
v -55.492402 20.917468 6.225000
v -55.492402 21.375000 6.682532
v -55.492402 22.000000 6.850000
v -55.492402 22.625000 6.682532
v -55.492402 23.082532 6.225000
v -55.492402 23.250000 5.600000
v -55.492402 23.082532 4.975000
v -55.492402 22.625000 4.517468
v -55.492402 22.000000 2.350000
v -55.492402 20.375000 2.785417
v -55.492402 19.185417 3.975000
v -55.492402 18.750000 5.600000
v -55.492402 19.185417 7.225000
v -55.492402 20.375000 8.414583
v -55.492402 22.000000 8.850000
v -55.492402 23.625000 8.414583
v -55.492402 24.814583 7.225000
v -55.492402 25.250000 5.600000
v -55.492402 24.814583 3.975000
v -55.492402 23.625000 2.785417
v -55.492402 22.000000 -6.850000
v -55.492402 21.375000 -6.682532
v -55.492402 20.917468 -6.225000
v -55.492402 20.750000 -5.600000
v -55.492402 20.917468 -4.975000
v -55.492402 21.375000 -4.517468
v -55.492402 22.000000 -4.350000
v -55.492402 22.625000 -4.517468
v -55.492402 23.082532 -4.975000
v -55.492402 23.250000 -5.600000
v -55.492402 23.082532 -6.225000
v -55.492402 22.625000 -6.682532
v -55.492402 22.000000 -8.850000
v -55.492402 20.375000 -8.414583
v -55.492402 19.185417 -7.225000
v -55.492402 18.750000 -5.600000
v -55.492402 19.185417 -3.975000
v -55.492402 20.375000 -2.785417
v -55.492402 22.000000 -2.350000
v -55.492402 23.625000 -2.785417
v -55.492402 24.814583 -3.975000
v -55.492402 25.250000 -5.600000
v -55.492402 24.814583 -7.225000
v -55.492402 23.625000 -8.414583
vt 0.340000 1.250000 0.000000
vt 1.351747 0.962500 0.000000
vt 1.460000 1.250000 0.000000
vt 1.397500 1.008253 0.000000
vt 1.460000 1.025000 0.000000
vt 0.165000 1.203109 0.000000
vt 0.277500 1.008253 0.000000
vt 0.340000 1.025000 0.000000
vt 0.402500 1.008253 0.000000
vt 0.036891 1.075000 0.000000
vt 0.215000 0.900000 0.000000
vt 0.231747 0.962500 0.000000
vt -0.010000 0.900000 0.000000
vt 0.231747 0.837500 0.000000
vt -0.010000 -0.397282 0.000000
vt 0.277500 0.791747 0.000000
vt 0.340000 0.775000 0.000000
vt 0.661843 -0.462500 0.000000
vt 0.402500 0.791747 0.000000
vt 0.448253 0.837500 0.000000
vt 0.762500 -0.361843 0.000000
vt 0.465000 0.900000 0.000000
vt 0.900000 -0.325000 0.000000
vt 1.335000 0.900000 0.000000
vt 1.037500 -0.361843 0.000000
vt 1.351747 0.837500 0.000000
vt 1.138157 -0.462500 0.000000
vt 1.397500 0.791747 0.000000
vt 1.460000 0.775000 0.000000
vt 1.810000 -0.397282 0.000000
vt 1.522500 0.791747 0.000000
vt 1.568253 0.837500 0.000000
vt 1.810000 0.900000 0.000000
vt 1.585000 0.900000 0.000000
vt 1.763109 1.075000 0.000000
vt 1.635000 1.203109 0.000000
vt -0.017488 -0.469293 0.000000
vt 0.200000 -1.025000 0.000000
vt 0.337500 -1.061843 0.000000
vt 0.625000 -0.600000 0.000000
vt 0.438157 -1.162500 0.000000
vt 0.661843 -0.737500 0.000000
vt 0.661843 -1.162500 0.000000
vt 0.762500 -1.061843 0.000000
vt 0.062500 -1.061843 0.000000
vt -0.039632 -0.538222 0.000000
vt -0.075484 -0.601121 0.000000
vt -0.038157 -1.162500 0.000000
vt -0.274327 -1.053105 0.000000
vt -0.075000 -1.300000 0.000000
vt -0.274327 -1.546895 0.000000
vt -0.038157 -1.437500 0.000000
vt -0.075484 -1.998879 0.000000
vt 0.062500 -1.538157 0.000000
vt -0.039632 -2.061778 0.000000
vt -0.017488 -2.130707 0.000000
vt 0.200000 -1.575000 0.000000
vt -0.010000 -2.202718 0.000000
vt 0.337500 -1.538157 0.000000
vt 0.625000 -2.000000 0.000000
vt 0.438157 -1.437500 0.000000
vt 0.661843 -1.862500 0.000000
vt 0.661843 -1.437500 0.000000
vt 0.762500 -1.761843 0.000000
vt 0.762500 -1.538157 0.000000
vt 0.900000 -1.725000 0.000000
vt 0.900000 -1.575000 0.000000
vt 1.037500 -1.761843 0.000000
vt 1.037500 -1.538157 0.000000
vt 1.138157 -1.862500 0.000000
vt 1.138157 -1.437500 0.000000
vt 1.361843 -1.437500 0.000000
vt 1.175000 -1.300000 0.000000
vt 1.325000 -1.300000 0.000000
vt 1.138157 -1.162500 0.000000
vt 1.361843 -1.162500 0.000000
vt 1.138157 -0.737500 0.000000
vt 1.175000 -0.600000 0.000000
vt 1.462500 -1.061843 0.000000
vt 1.600000 -1.025000 0.000000
vt 1.817488 -0.469293 0.000000
vt 1.737500 -1.061843 0.000000
vt 1.839632 -0.538222 0.000000
vt 1.875484 -0.601121 0.000000
vt 1.838157 -1.162500 0.000000
vt 2.074327 -1.053105 0.000000
vt 1.875000 -1.300000 0.000000
vt 2.074327 -1.546895 0.000000
vt 1.838157 -1.437500 0.000000
vt 1.875484 -1.998879 0.000000
vt 1.737500 -1.538157 0.000000
vt 1.839632 -2.061778 0.000000
vt 1.817488 -2.130707 0.000000
vt 1.600000 -1.575000 0.000000
vt 1.810000 -2.202718 0.000000
vt 1.462500 -1.538157 0.000000
vt 1.175000 -2.000000 0.000000
vt -0.010000 -3.500000 0.000000
vt 0.231747 -3.437500 0.000000
vt 0.277500 -3.391747 0.000000
vt 0.340000 -3.375000 0.000000
vt 0.215000 -3.500000 0.000000
vt 0.036891 -3.675000 0.000000
vt 0.165000 -3.803109 0.000000
vt 0.340000 -3.850000 0.000000
vt 0.277500 -3.608253 0.000000
vt 0.231747 -3.562500 0.000000
vt 1.460000 -3.850000 0.000000
vt 0.448253 -3.562500 0.000000
vt 0.402500 -3.608253 0.000000
vt 0.340000 -3.625000 0.000000
vt 1.635000 -3.803109 0.000000
vt 1.522500 -3.608253 0.000000
vt 1.460000 -3.625000 0.000000
vt 1.397500 -3.608253 0.000000
vt 1.763109 -3.675000 0.000000
vt 1.585000 -3.500000 0.000000
vt 1.568253 -3.562500 0.000000
vt 1.810000 -3.500000 0.000000
vt 1.568253 -3.437500 0.000000
vt 1.522500 -3.391747 0.000000
vt 1.460000 -3.375000 0.000000
vt 1.138157 -2.137500 0.000000
vt 1.397500 -3.391747 0.000000
vt 1.351747 -3.437500 0.000000
vt 1.037500 -2.238157 0.000000
vt 1.335000 -3.500000 0.000000
vt 0.900000 -2.275000 0.000000
vt 0.465000 -3.500000 0.000000
vt 0.762500 -2.238157 0.000000
vt 0.448253 -3.437500 0.000000
vt 0.661843 -2.137500 0.000000
vt 0.402500 -3.391747 0.000000
vt 1.522500 1.008253 0.000000
vt 1.568253 0.962500 0.000000
vt 0.625000 -1.300000 0.000000
vt 0.475000 -1.300000 0.000000
vt 0.762500 -0.838157 0.000000
vt 0.900000 -1.025000 0.000000
vt 0.900000 -0.875000 0.000000
vt 1.037500 -1.061843 0.000000
vt 1.037500 -0.838157 0.000000
vt 1.351747 -3.562500 0.000000
vt 0.448253 0.962500 0.000000
vt 1.900000 -0.418879 0.000000
vt 1.650000 -0.418879 0.000000
vt 1.900000 -0.502655 0.000000
vt 1.650000 -0.502655 0.000000
vt 1.900000 0.502655 0.000000
vt 1.650000 0.502655 0.000000
vt 1.900000 0.418879 0.000000
vt 1.650000 0.418879 0.000000
vt 1.900000 0.335103 0.000000
vt 1.650000 0.335103 0.000000
vt 1.900000 0.251327 0.000000
vt 1.650000 0.251327 0.000000
vt 1.900000 0.167552 0.000000
vt 1.650000 0.167552 0.000000
vt 1.900000 0.083776 0.000000
vt 1.650000 0.083776 0.000000
vt 1.900000 0.000000 0.000000
vt 1.650000 0.000000 0.000000
vt 1.900000 -0.083776 0.000000
vt 1.650000 -0.083776 0.000000
vt 1.900000 -0.167552 0.000000
vt 1.650000 -0.167552 0.000000
vt 1.900000 -0.251327 0.000000
vt 1.650000 -0.251327 0.000000
vt 1.900000 -0.335103 0.000000
vt 1.650000 -0.335103 0.000000
vt 1.900000 -0.418879 0.000000
vt 1.650000 -0.418879 0.000000
vt 1.900000 -0.502655 0.000000
vt 1.650000 -0.502655 0.000000
vt 1.900000 0.502655 0.000000
vt 1.650000 0.502655 0.000000
vt 1.900000 0.418879 0.000000
vt 1.650000 0.418879 0.000000
vt 1.900000 0.335103 0.000000
vt 1.650000 0.335103 0.000000
vt 1.900000 0.251327 0.000000
vt 1.650000 0.251327 0.000000
vt 1.900000 0.167552 0.000000
vt 1.650000 0.167552 0.000000
vt 1.900000 0.083776 0.000000
vt 1.650000 0.083776 0.000000
vt 1.900000 0.000000 0.000000
vt 1.650000 0.000000 0.000000
vt 1.900000 -0.083776 0.000000
vt 1.650000 -0.083776 0.000000
vt 1.900000 -0.167552 0.000000
vt 1.650000 -0.167552 0.000000
vt 1.900000 -0.251327 0.000000
vt 1.650000 -0.251327 0.000000
vt 1.900000 -0.335103 0.000000
vt 1.650000 -0.335103 0.000000
vt 1.900000 -0.418879 0.000000
vt 1.650000 -0.418879 0.000000
vt 1.900000 -0.502655 0.000000
vt 1.650000 -0.502655 0.000000
vt 1.900000 0.502655 0.000000
vt 1.650000 0.502655 0.000000
vt 1.900000 0.418879 0.000000
vt 1.650000 0.418879 0.000000
vt 1.900000 0.335103 0.000000
vt 1.650000 0.335103 0.000000
vt 1.900000 0.251327 0.000000
vt 1.650000 0.251327 0.000000
vt 1.900000 0.167552 0.000000
vt 1.650000 0.167552 0.000000
vt 1.900000 0.083776 0.000000
vt 1.650000 0.083776 0.000000
vt 1.900000 0.000000 0.000000
vt 1.650000 0.000000 0.000000
vt 1.900000 -0.083776 0.000000
vt 1.650000 -0.083776 0.000000
vt 1.900000 -0.167552 0.000000
vt 1.650000 -0.167552 0.000000
vt 1.900000 -0.251327 0.000000
vt 1.650000 -0.251327 0.000000
vt 1.900000 -0.335103 0.000000
vt 1.650000 -0.335103 0.000000
vt 1.900000 -0.418879 0.000000
vt 1.650000 -0.418879 0.000000
vt 1.900000 -0.502655 0.000000
vt 1.650000 -0.502655 0.000000
vt 1.900000 0.502655 0.000000
vt 1.650000 0.502655 0.000000
vt 1.900000 0.418879 0.000000
vt 1.650000 0.418879 0.000000
vt 1.900000 0.335103 0.000000
vt 1.650000 0.335103 0.000000
vt 1.900000 0.251327 0.000000
vt 1.650000 0.251327 0.000000
vt 1.900000 0.167552 0.000000
vt 1.650000 0.167552 0.000000
vt 1.900000 0.083776 0.000000
vt 1.650000 0.083776 0.000000
vt 1.900000 0.000000 0.000000
vt 1.650000 0.000000 0.000000
vt 1.900000 -0.083776 0.000000
vt 1.650000 -0.083776 0.000000
vt 1.900000 -0.167552 0.000000
vt 1.650000 -0.167552 0.000000
vt 1.900000 -0.251327 0.000000
vt 1.650000 -0.251327 0.000000
vt 1.900000 -0.335103 0.000000
vt 1.650000 -0.335103 0.000000
vt 1.900000 -0.418879 0.000000
vt 1.650000 -0.418879 0.000000
vt 1.900000 -0.502655 0.000000
vt 1.650000 -0.502655 0.000000
vt 1.900000 0.502655 0.000000
vt 1.650000 0.502655 0.000000
vt 1.900000 0.418879 0.000000
vt 1.650000 0.418879 0.000000
vt 1.900000 0.335103 0.000000
vt 1.650000 0.335103 0.000000
vt 1.900000 0.251327 0.000000
vt 1.650000 0.251327 0.000000
vt 1.900000 0.167552 0.000000
vt 1.650000 0.167552 0.000000
vt 1.900000 0.083776 0.000000
vt 1.650000 0.083776 0.000000
vt 1.900000 0.000000 0.000000
vt 1.650000 0.000000 0.000000
vt 1.900000 -0.083776 0.000000
vt 1.650000 -0.083776 0.000000
vt 1.900000 -0.167552 0.000000
vt 1.650000 -0.167552 0.000000
vt 1.900000 -0.251327 0.000000
vt 1.650000 -0.251327 0.000000
vt 1.900000 -0.335103 0.000000
vt 1.650000 -0.335103 0.000000
vt -36.216231 3.189925 0.000000
vt -35.404573 3.521241 0.000000
vt -36.216231 3.769911 0.000000
vt -36.216231 -3.769911 0.000000
vt -35.404573 -4.018582 0.000000
vt -35.404573 -3.521241 0.000000
vt -36.216231 -3.189925 0.000000
vt -35.404573 -3.023899 0.000000
vt -35.804573 -3.023899 0.000000
vt -36.216231 2.609939 0.000000
vt -35.804573 3.023899 0.000000
vt -35.404573 3.023899 0.000000
vt -35.804573 2.454428 0.000000
vt -36.216231 2.029952 0.000000
vt -35.804573 1.884956 0.000000
vt -36.216231 1.449966 0.000000
vt -35.804573 1.315484 0.000000
vt -36.216231 0.869980 0.000000
vt -35.804573 0.746012 0.000000
vt -36.216231 0.289993 0.000000
vt -35.404573 0.746012 0.000000
vt -35.404573 0.248671 0.000000
vt -36.216231 -0.289993 0.000000
vt -35.404573 -0.248671 0.000000
vt -35.404573 -0.746012 0.000000
vt -35.804573 -0.746012 0.000000
vt -36.216231 -0.869980 0.000000
vt -35.804573 -1.315484 0.000000
vt -36.216231 -1.449966 0.000000
vt -35.804573 -1.884956 0.000000
vt -36.216231 -2.029952 0.000000
vt -35.804573 -2.454428 0.000000
vt -36.216231 -2.609939 0.000000
vt -0.557668 -1.062547 0.000000
vt -0.000000 -1.200000 0.000000
vt -0.000000 -1.050000 0.000000
vt 0.557668 -1.062547 0.000000
vt 0.525000 -0.909327 0.000000
vt 0.987581 -0.681678 0.000000
vt 0.909327 -0.525000 0.000000
vt 1.191251 -0.144644 0.000000
vt 1.050000 0.000000 0.000000
vt 1.122019 0.425526 0.000000
vt 0.909327 0.525000 0.000000
vt 0.795747 0.898213 0.000000
vt 0.525000 0.909327 0.000000
vt 0.287179 1.165130 0.000000
vt -0.000000 1.050000 0.000000
vt -0.287179 1.165130 0.000000
vt -0.525000 0.909327 0.000000
vt -0.795747 0.898213 0.000000
vt -0.909327 0.525000 0.000000
vt -1.122019 0.425526 0.000000
vt -1.050000 -0.000000 0.000000
vt -1.191251 -0.144644 0.000000
vt -0.909327 -0.525000 0.000000
vt -0.987581 -0.681678 0.000000
vt -0.525000 -0.909327 0.000000
vt 0.050000 -2.617994 0.000000
vt -0.000000 -2.617994 0.000000
vt 0.050000 -3.141593 0.000000
vt 0.000000 -3.141593 0.000000
vt 0.050000 3.141593 0.000000
vt 0.000000 3.141593 0.000000
vt 0.050000 2.617994 0.000000
vt 0.000000 2.617994 0.000000
vt 0.050000 2.094395 0.000000
vt 0.000000 2.094395 0.000000
vt 0.050000 1.570796 0.000000
vt 0.000000 1.570796 0.000000
vt 0.050000 1.047198 0.000000
vt 0.000000 1.047198 0.000000
vt 0.050000 0.523599 0.000000
vt 0.000000 0.523599 0.000000
vt 0.050000 0.000000 0.000000
vt 0.000000 0.000000 0.000000
vt 0.050000 -0.523599 0.000000
vt 0.000000 -0.523599 0.000000
vt 0.050000 -1.047198 0.000000
vt 0.000000 -1.047198 0.000000
vt 0.050000 -1.570796 0.000000
vt 0.000000 -1.570796 0.000000
vt 0.050000 -2.094395 0.000000
vt -0.000000 -2.094395 0.000000
vt 0.500000 -0.866025 0.000000
vt 0.080000 -0.838564 0.000000
vt -0.000000 -1.000000 0.000000
vt 0.000000 -0.860000 0.000000
vt -0.080000 -0.838564 0.000000
vt 0.866025 -0.500000 0.000000
vt 0.138564 -0.620000 0.000000
vt 0.160000 -0.700000 0.000000
vt 0.138564 -0.780000 0.000000
vt 1.000000 0.000000 0.000000
vt 0.838564 -0.080000 0.000000
vt 0.780000 -0.138564 0.000000
vt 0.700000 -0.160000 0.000000
vt 0.866025 0.500000 0.000000
vt 0.838564 0.080000 0.000000
vt 0.860000 0.000000 0.000000
vt 0.500000 0.866025 0.000000
vt 0.138564 0.620000 0.000000
vt 0.620000 0.138564 0.000000
vt 0.700000 0.160000 0.000000
vt -0.000000 1.000000 0.000000
vt 0.080000 0.838564 0.000000
vt 0.138564 0.780000 0.000000
vt 0.160000 0.700000 0.000000
vt -0.500000 0.866025 0.000000
vt -0.080000 0.838564 0.000000
vt -0.000000 0.860000 0.000000
vt -0.866025 0.500000 0.000000
vt -0.138564 0.620000 0.000000
vt -0.160000 0.700000 0.000000
vt -0.138564 0.780000 0.000000
vt -1.000000 0.000000 0.000000
vt -0.838564 0.080000 0.000000
vt -0.780000 0.138564 0.000000
vt -0.700000 0.160000 0.000000
vt -0.866025 -0.500000 0.000000
vt -0.838564 -0.080000 0.000000
vt -0.860000 -0.000000 0.000000
vt -0.500000 -0.866025 0.000000
vt -0.138564 -0.620000 0.000000
vt -0.620000 -0.138564 0.000000
vt -0.700000 -0.160000 0.000000
vt -0.138564 -0.780000 0.000000
vt -0.160000 -0.700000 0.000000
vt -0.780000 -0.138564 0.000000
vt -0.620000 0.138564 0.000000
vt -0.561436 0.080000 0.000000
vt -0.138564 0.080000 0.000000
vt -0.080000 0.138564 0.000000
vt -0.080000 0.561436 0.000000
vt -0.000000 0.160000 0.000000
vt -0.000000 0.540000 0.000000
vt 0.080000 0.138564 0.000000
vt 0.080000 0.561436 0.000000
vt 0.561436 0.080000 0.000000
vt -0.160000 0.000000 0.000000
vt -0.540000 -0.000000 0.000000
vt -0.138564 -0.080000 0.000000
vt -0.561436 -0.080000 0.000000
vt -0.080000 -0.138564 0.000000
vt -0.080000 -0.561436 0.000000
vt -0.000000 -0.160000 0.000000
vt 0.000000 -0.540000 0.000000
vt 0.080000 -0.561436 0.000000
vt 0.138564 0.080000 0.000000
vt 0.540000 0.000000 0.000000
vt 0.160000 0.000000 0.000000
vt 0.561436 -0.080000 0.000000
vt 0.138564 -0.080000 0.000000
vt 0.620000 -0.138564 0.000000
vt 0.080000 -0.138564 0.000000
vt 0.780000 0.138564 0.000000
vt -0.070711 2.683444 0.000000
vt 0.000000 2.683444 0.000000
vt -0.070711 3.220132 0.000000
vt 0.000000 3.220132 0.000000
vt -0.070711 -3.220132 0.000000
vt 0.000000 -3.220132 0.000000
vt -0.070711 -2.683444 0.000000
vt -0.000000 -2.683444 0.000000
vt -0.070711 -2.146755 0.000000
vt -0.000000 -2.146755 0.000000
vt -0.070711 -1.610066 0.000000
vt 0.000000 -1.610066 0.000000
vt -0.070711 -1.073377 0.000000
vt 0.000000 -1.073377 0.000000
vt -0.070711 -0.536689 0.000000
vt 0.000000 -0.536689 0.000000
vt -0.070711 0.000000 0.000000
vt 0.000000 0.000000 0.000000
vt -0.070711 0.536689 0.000000
vt 0.000000 0.536689 0.000000
vt -0.070711 1.073377 0.000000
vt 0.000000 1.073377 0.000000
vt -0.070711 1.610066 0.000000
vt 0.000000 1.610066 0.000000
vt -0.070711 2.146755 0.000000
vt 0.000000 2.146755 0.000000
vt -2.550000 -0.560000 0.000000
vt -2.511006 -0.465657 0.000000
vt -2.550000 0.560000 0.000000
vt -2.500261 0.435628 0.000000
vt -2.525000 0.560000 0.000000
vt -2.503109 -0.735000 0.000000
vt -2.500261 -0.684372 0.000000
vt -2.525000 -0.560000 0.000000
vt -2.429810 -0.789810 0.000000
vt -2.375000 -0.863109 0.000000
vt -2.324372 -0.860261 0.000000
vt -2.200000 -0.910000 0.000000
vt -2.200000 -0.885000 0.000000
vt -2.105657 -0.871006 0.000000
vt -0.902718 -0.910000 0.000000
vt -2.019440 -0.830228 0.000000
vt -1.948772 -0.766178 0.000000
vt -1.899739 -0.684372 0.000000
vt -1.067393 -0.548336 0.000000
vt -1.876565 -0.591856 0.000000
vt -1.881245 -0.496596 0.000000
vt -1.200000 0.000000 0.000000
vt -1.913376 -0.406796 0.000000
vt -1.970190 -0.330190 0.000000
vt -1.970190 0.330190 0.000000
vt -2.046796 -0.273376 0.000000
vt -2.075628 0.259739 0.000000
vt -2.136596 -0.241245 0.000000
vt -2.200000 0.235000 0.000000
vt -2.231856 -0.236565 0.000000
vt -2.324372 0.259739 0.000000
vt -2.324372 -0.259739 0.000000
vt -2.406178 -0.308772 0.000000
vt -2.429810 0.330190 0.000000
vt -2.470228 -0.379440 0.000000
vt -0.830707 -0.917488 0.000000
vt -0.761778 -0.939632 0.000000
vt -0.698879 -0.975484 0.000000
vt -1.899739 0.435628 0.000000
vt -1.067393 0.548336 0.000000
vt -1.875000 0.560000 0.000000
vt -1.899739 0.684372 0.000000
vt -0.902718 0.910000 0.000000
vt -1.970190 0.789810 0.000000
vt -2.075628 0.860261 0.000000
vt -2.200000 0.910000 0.000000
vt -2.200000 0.885000 0.000000
vt -2.324372 0.860261 0.000000
vt -2.375000 0.863109 0.000000
vt -2.429810 0.789810 0.000000
vt -2.503109 0.735000 0.000000
vt -2.500261 0.684372 0.000000
vt -0.698879 0.975484 0.000000
vt -0.761778 0.939632 0.000000
vt -0.830707 0.917488 0.000000
vt 2.200000 -0.910000 0.000000
vt 2.105657 -0.871006 0.000000
vt 0.902718 -0.910000 0.000000
vt 2.019440 -0.830228 0.000000
vt 1.948772 -0.766178 0.000000
vt 2.375000 -0.863109 0.000000
vt 2.324372 -0.860261 0.000000
vt 2.200000 -0.885000 0.000000
vt 2.429810 -0.789810 0.000000
vt 2.503109 -0.735000 0.000000
vt 2.500261 -0.684372 0.000000
vt 2.550000 -0.560000 0.000000
vt 2.525000 -0.560000 0.000000
vt 2.511006 -0.465657 0.000000
vt 2.550000 0.560000 0.000000
vt 2.500261 0.435628 0.000000
vt 2.525000 0.560000 0.000000
vt 2.500261 0.684372 0.000000
vt 2.503109 0.735000 0.000000
vt 2.429810 0.789810 0.000000
vt 2.375000 0.863109 0.000000
vt 2.324372 0.860261 0.000000
vt 2.200000 0.910000 0.000000
vt 2.200000 0.885000 0.000000
vt 2.075628 0.860261 0.000000
vt 0.902718 0.910000 0.000000
vt 1.970190 0.789810 0.000000
vt 1.899739 0.684372 0.000000
vt 1.067393 0.548336 0.000000
vt 1.875000 0.560000 0.000000
vt 1.899739 0.435628 0.000000
vt 1.200000 0.000000 0.000000
vt 1.970190 0.330190 0.000000
vt 1.970190 -0.330190 0.000000
vt 2.046796 -0.273376 0.000000
vt 0.830707 0.917488 0.000000
vt 0.761778 0.939632 0.000000
vt 0.698879 0.975484 0.000000
vt 1.067393 -0.548336 0.000000
vt 1.881245 -0.496596 0.000000
vt 1.913376 -0.406796 0.000000
vt 0.698879 -0.975484 0.000000
vt 0.761778 -0.939632 0.000000
vt 0.830707 -0.917488 0.000000
vt 2.075628 0.259739 0.000000
vt 2.136596 -0.241245 0.000000
vt 2.200000 0.235000 0.000000
vt 2.231856 -0.236565 0.000000
vt 2.324372 0.259739 0.000000
vt 2.324372 -0.259739 0.000000
vt 2.406178 -0.308772 0.000000
vt 2.470228 -0.379440 0.000000
vt 2.429810 0.330190 0.000000
vt 1.899739 -0.684372 0.000000
vt 1.876565 -0.591856 0.000000
vt 0.560000 -0.000200 0.000000
vt -0.560000 -0.000200 0.000000
vt 0.560000 -0.400200 0.000000
vt -0.560000 -0.400200 0.000000
vt -2.200000 -0.400200 0.000000
vt -0.902718 -0.400200 0.000000
vt -2.200000 -0.000200 0.000000
vt -0.902718 -0.000200 0.000000
vt 2.200000 -0.000200 0.000000
vt 0.902718 -0.000200 0.000000
vt 2.200000 -0.400200 0.000000
vt 0.902718 -0.400200 0.000000
vt -0.560000 -0.400200 0.000000
vt 0.560000 -0.400200 0.000000
vt -0.560000 -0.000200 0.000000
vt 0.560000 -0.000200 0.000000
vt -2.200000 -0.400200 0.000000
vt -0.902718 -0.400200 0.000000
vt -2.200000 -0.000200 0.000000
vt -0.902718 -0.000200 0.000000
vt 2.200000 -0.000200 0.000000
vt 0.902718 -0.000200 0.000000
vt 2.200000 -0.400200 0.000000
vt 0.902718 -0.400200 0.000000
vt 0.562500 -0.238157 0.000000
vt 0.700000 -0.275000 0.000000
vt 0.700000 -0.160000 0.000000
vt 0.837500 -0.238157 0.000000
vt 0.780000 -0.138564 0.000000
vt 0.938157 -0.137500 0.000000
vt 0.838564 -0.080000 0.000000
vt 0.860000 -0.000000 0.000000
vt 0.975000 -0.000000 0.000000
vt 0.838564 0.080000 0.000000
vt 0.938157 0.137500 0.000000
vt 0.780000 0.138564 0.000000
vt 0.837500 0.238157 0.000000
vt 0.700000 0.160000 0.000000
vt 0.700000 0.275000 0.000000
vt 0.562500 0.238157 0.000000
vt 0.620000 0.138564 0.000000
vt 0.461843 0.137500 0.000000
vt 0.561436 0.080000 0.000000
vt 0.425000 -0.000000 0.000000
vt 0.540000 -0.000000 0.000000
vt 0.561436 -0.080000 0.000000
vt 0.461843 -0.137500 0.000000
vt 0.620000 -0.138564 0.000000
vt 1.188342 0.719948 0.000000
vt 1.650000 0.719948 0.000000
vt 1.188342 0.863938 0.000000
vt 1.650000 0.863938 0.000000
vt 1.188342 -0.863938 0.000000
vt 1.650000 -0.863938 0.000000
vt 1.188342 -0.719948 0.000000
vt 1.650000 -0.719948 0.000000
vt 1.188342 -0.575959 0.000000
vt 1.650000 -0.575959 0.000000
vt 1.188342 -0.431969 0.000000
vt 1.650000 -0.431969 0.000000
vt 1.188342 -0.287979 0.000000
vt 1.650000 -0.287979 0.000000
vt 1.188342 -0.143990 0.000000
vt 1.650000 -0.143990 0.000000
vt 1.188342 0.000000 0.000000
vt 1.650000 0.000000 0.000000
vt 1.188342 0.143990 0.000000
vt 1.650000 0.143990 0.000000
vt 1.188342 0.287979 0.000000
vt 1.650000 0.287979 0.000000
vt 1.188342 0.431969 0.000000
vt 1.650000 0.431969 0.000000
vt 1.188342 0.575959 0.000000
vt 1.650000 0.575959 0.000000
vt -0.137500 -0.238157 0.000000
vt 0.000000 -0.275000 0.000000
vt 0.000000 -0.160000 0.000000
vt 0.137500 -0.238157 0.000000
vt 0.080000 -0.138564 0.000000
vt 0.238157 -0.137500 0.000000
vt 0.138564 -0.080000 0.000000
vt 0.160000 0.000000 0.000000
vt 0.275000 -0.000000 0.000000
vt 0.138564 0.080000 0.000000
vt 0.238157 0.137500 0.000000
vt 0.080000 0.138564 0.000000
vt 0.137500 0.238157 0.000000
vt 0.000000 0.160000 0.000000
vt 0.000000 0.275000 0.000000
vt -0.137500 0.238157 0.000000
vt -0.080000 0.138564 0.000000
vt -0.238157 0.137500 0.000000
vt -0.138564 0.080000 0.000000
vt -0.275000 0.000000 0.000000
vt -0.160000 0.000000 0.000000
vt -0.138564 -0.080000 0.000000
vt -0.238157 -0.137500 0.000000
vt -0.080000 -0.138564 0.000000
vt 1.188342 0.719948 0.000000
vt 1.650000 0.719948 0.000000
vt 1.188342 0.863938 0.000000
vt 1.650000 0.863938 0.000000
vt 1.188342 -0.863938 0.000000
vt 1.650000 -0.863938 0.000000
vt 1.188342 -0.719948 0.000000
vt 1.650000 -0.719948 0.000000
vt 1.188342 -0.575959 0.000000
vt 1.650000 -0.575959 0.000000
vt 1.188342 -0.431969 0.000000
vt 1.650000 -0.431969 0.000000
vt 1.188342 -0.287979 0.000000
vt 1.650000 -0.287979 0.000000
vt 1.188342 -0.143990 0.000000
vt 1.650000 -0.143990 0.000000
vt 1.188342 0.000000 0.000000
vt 1.650000 0.000000 0.000000
vt 1.188342 0.143990 0.000000
vt 1.650000 0.143990 0.000000
vt 1.188342 0.287979 0.000000
vt 1.650000 0.287979 0.000000
vt 1.188342 0.431969 0.000000
vt 1.650000 0.431969 0.000000
vt 1.188342 0.575959 0.000000
vt 1.650000 0.575959 0.000000
vt -0.137500 -0.938157 0.000000
vt -0.000000 -0.975000 0.000000
vt -0.000000 -0.860000 0.000000
vt 0.137500 -0.938157 0.000000
vt 0.080000 -0.838564 0.000000
vt 0.238157 -0.837500 0.000000
vt 0.138564 -0.780000 0.000000
vt 0.160000 -0.700000 0.000000
vt 0.275000 -0.700000 0.000000
vt 0.138564 -0.620000 0.000000
vt 0.238157 -0.562500 0.000000
vt 0.080000 -0.561436 0.000000
vt 0.137500 -0.461843 0.000000
vt -0.000000 -0.540000 0.000000
vt -0.000000 -0.425000 0.000000
vt -0.137500 -0.461843 0.000000
vt -0.080000 -0.561436 0.000000
vt -0.238157 -0.562500 0.000000
vt -0.138564 -0.620000 0.000000
vt -0.275000 -0.700000 0.000000
vt -0.160000 -0.700000 0.000000
vt -0.138564 -0.780000 0.000000
vt -0.238157 -0.837500 0.000000
vt -0.080000 -0.838564 0.000000
vt 1.188342 0.719948 0.000000
vt 1.650000 0.719948 0.000000
vt 1.188342 0.863938 0.000000
vt 1.650000 0.863938 0.000000
vt 1.188342 -0.863938 0.000000
vt 1.650000 -0.863938 0.000000
vt 1.188342 -0.719948 0.000000
vt 1.650000 -0.719948 0.000000
vt 1.188342 -0.575959 0.000000
vt 1.650000 -0.575959 0.000000
vt 1.188342 -0.431969 0.000000
vt 1.650000 -0.431969 0.000000
vt 1.188342 -0.287979 0.000000
vt 1.650000 -0.287979 0.000000
vt 1.188342 -0.143990 0.000000
vt 1.650000 -0.143990 0.000000
vt 1.188342 0.000000 0.000000
vt 1.650000 0.000000 0.000000
vt 1.188342 0.143990 0.000000
vt 1.650000 0.143990 0.000000
vt 1.188342 0.287979 0.000000
vt 1.650000 0.287979 0.000000
vt 1.188342 0.431969 0.000000
vt 1.650000 0.431969 0.000000
vt 1.188342 0.575959 0.000000
vt 1.650000 0.575959 0.000000
vt -0.837500 -0.238157 0.000000
vt -0.700000 -0.275000 0.000000
vt -0.700000 -0.160000 0.000000
vt -0.562500 -0.238157 0.000000
vt -0.620000 -0.138564 0.000000
vt -0.461843 -0.137500 0.000000
vt -0.561436 -0.080000 0.000000
vt -0.540000 0.000000 0.000000
vt -0.425000 0.000000 0.000000
vt -0.561436 0.080000 0.000000
vt -0.461843 0.137500 0.000000
vt -0.620000 0.138564 0.000000
vt -0.562500 0.238157 0.000000
vt -0.700000 0.160000 0.000000
vt -0.700000 0.275000 0.000000
vt -0.837500 0.238157 0.000000
vt -0.780000 0.138564 0.000000
vt -0.938157 0.137500 0.000000
vt -0.838564 0.080000 0.000000
vt -0.975000 0.000000 0.000000
vt -0.860000 0.000000 0.000000
vt -0.838564 -0.080000 0.000000
vt -0.938157 -0.137500 0.000000
vt -0.780000 -0.138564 0.000000
vt 1.188342 0.719948 0.000000
vt 1.650000 0.719948 0.000000
vt 1.188342 0.863938 0.000000
vt 1.650000 0.863938 0.000000
vt 1.188342 -0.863938 0.000000
vt 1.650000 -0.863938 0.000000
vt 1.188342 -0.719948 0.000000
vt 1.650000 -0.719948 0.000000
vt 1.188342 -0.575959 0.000000
vt 1.650000 -0.575959 0.000000
vt 1.188342 -0.431969 0.000000
vt 1.650000 -0.431969 0.000000
vt 1.188342 -0.287979 0.000000
vt 1.650000 -0.287979 0.000000
vt 1.188342 -0.143990 0.000000
vt 1.650000 -0.143990 0.000000
vt 1.188342 0.000000 0.000000
vt 1.650000 0.000000 0.000000
vt 1.188342 0.143990 0.000000
vt 1.650000 0.143990 0.000000
vt 1.188342 0.287979 0.000000
vt 1.650000 0.287979 0.000000
vt 1.188342 0.431969 0.000000
vt 1.650000 0.431969 0.000000
vt 1.188342 0.575959 0.000000
vt 1.650000 0.575959 0.000000
vt -0.137500 0.461843 0.000000
vt 0.000000 0.425000 0.000000
vt 0.000000 0.540000 0.000000
vt 0.137500 0.461843 0.000000
vt 0.080000 0.561436 0.000000
vt 0.238157 0.562500 0.000000
vt 0.138564 0.620000 0.000000
vt 0.160000 0.700000 0.000000
vt 0.275000 0.700000 0.000000
vt 0.138564 0.780000 0.000000
vt 0.238157 0.837500 0.000000
vt 0.080000 0.838564 0.000000
vt 0.137500 0.938157 0.000000
vt 0.000000 0.860000 0.000000
vt 0.000000 0.975000 0.000000
vt -0.137500 0.938157 0.000000
vt -0.080000 0.838564 0.000000
vt -0.238157 0.837500 0.000000
vt -0.138564 0.780000 0.000000
vt -0.275000 0.700000 0.000000
vt -0.160000 0.700000 0.000000
vt -0.138564 0.620000 0.000000
vt -0.238157 0.562500 0.000000
vt -0.080000 0.561436 0.000000
vt 1.188342 0.719948 0.000000
vt 1.650000 0.719948 0.000000
vt 1.188342 0.863938 0.000000
vt 1.650000 0.863938 0.000000
vt 1.188342 -0.863938 0.000000
vt 1.650000 -0.863938 0.000000
vt 1.188342 -0.719948 0.000000
vt 1.650000 -0.719948 0.000000
vt 1.188342 -0.575959 0.000000
vt 1.650000 -0.575959 0.000000
vt 1.188342 -0.431969 0.000000
vt 1.650000 -0.431969 0.000000
vt 1.188342 -0.287979 0.000000
vt 1.650000 -0.287979 0.000000
vt 1.188342 -0.143990 0.000000
vt 1.650000 -0.143990 0.000000
vt 1.188342 0.000000 0.000000
vt 1.650000 0.000000 0.000000
vt 1.188342 0.143990 0.000000
vt 1.650000 0.143990 0.000000
vt 1.188342 0.287979 0.000000
vt 1.650000 0.287979 0.000000
vt 1.188342 0.431969 0.000000
vt 1.650000 0.431969 0.000000
vt 1.188342 0.575959 0.000000
vt 1.650000 0.575959 0.000000
vt 1.311658 0.065450 0.000000
vt 1.111658 0.065450 0.000000
vt 1.311658 0.000000 0.000000
vt 1.111658 0.000000 0.000000
vt 1.311658 -0.065450 0.000000
vt 1.111658 -0.065450 0.000000
vt 1.311658 -0.130900 0.000000
vt 1.111658 -0.130900 0.000000
vt 1.311658 -0.196350 0.000000
vt 1.111658 -0.196350 0.000000
vt 1.311658 -0.261799 0.000000
vt 1.111658 -0.261799 0.000000
vt 1.311658 -0.327249 0.000000
vt 1.111658 -0.327249 0.000000
vt 1.311658 -0.392699 0.000000
vt 1.111658 -0.392699 0.000000
vt 1.311658 0.392699 0.000000
vt 1.111658 0.392699 0.000000
vt 1.311658 0.327249 0.000000
vt 1.111658 0.327249 0.000000
vt 1.311658 0.261799 0.000000
vt 1.111658 0.261799 0.000000
vt 1.311658 0.196350 0.000000
vt 1.111658 0.196350 0.000000
vt 1.311658 0.130900 0.000000
vt 1.111658 0.130900 0.000000
vt -0.281458 -0.487500 0.000000
vt -0.108253 -0.387500 0.000000
vt -0.325000 -0.325000 0.000000
vt -0.125000 -0.325000 0.000000
vt -0.108253 -0.262500 0.000000
vt -0.062500 -0.433253 0.000000
vt -0.162500 -0.606458 0.000000
vt 0.000000 -0.450000 0.000000
vt 0.000000 -0.650000 0.000000
vt 0.162500 -0.606458 0.000000
vt 0.062500 -0.433253 0.000000
vt 0.281458 -0.487500 0.000000
vt 0.108253 -0.387500 0.000000
vt 0.125000 -0.325000 0.000000
vt 0.325000 -0.325000 0.000000
vt 0.108253 -0.262500 0.000000
vt 0.281458 -0.162500 0.000000
vt 0.062500 -0.216747 0.000000
vt 0.162500 -0.043542 0.000000
vt 0.000000 -0.200000 0.000000
vt 0.000000 0.000000 0.000000
vt -0.162500 -0.043542 0.000000
vt -0.062500 -0.216747 0.000000
vt -0.281458 -0.162500 0.000000
vt 1.111658 0.170170 0.000000
vt 0.911658 0.095720 0.000000
vt 1.111658 0.000000 0.000000
vt 0.911658 0.000000 0.000000
vt 0.911658 -0.127627 0.000000
vt 1.111658 0.340339 0.000000
vt 0.911658 0.287161 0.000000
vt 0.911658 0.191441 0.000000
vt 0.911658 0.382882 0.000000
vt 1.111658 0.510509 0.000000
vt 0.911658 0.478602 0.000000
vt 0.911658 0.574322 0.000000
vt 1.111658 0.680678 0.000000
vt 0.911658 0.670043 0.000000
vt 0.911658 0.765763 0.000000
vt 1.111658 0.850848 0.000000
vt 0.911658 0.861484 0.000000
vt 0.911658 0.957204 0.000000
vt 1.111658 1.021018 0.000000
vt 0.911658 1.052924 0.000000
vt 0.911658 -0.989111 0.000000
vt 1.111658 -1.021018 0.000000
vt 0.911658 -0.893390 0.000000
vt 1.111658 -0.850848 0.000000
vt 0.911658 -0.797670 0.000000
vt 1.111658 -0.680678 0.000000
vt 0.911658 -0.701950 0.000000
vt 0.911658 -0.606229 0.000000
vt 1.111658 -0.510509 0.000000
vt 0.911658 -0.510509 0.000000
vt 0.911658 -0.382882 0.000000
vt 1.111658 -0.340339 0.000000
vt 0.911658 -0.255254 0.000000
vt 1.111658 -0.170170 0.000000
vt 1.311658 0.065450 0.000000
vt 1.111658 0.065450 0.000000
vt 1.311658 0.000000 0.000000
vt 1.111658 0.000000 0.000000
vt 1.311658 -0.065450 0.000000
vt 1.111658 -0.065450 0.000000
vt 1.311658 -0.130900 0.000000
vt 1.111658 -0.130900 0.000000
vt 1.311658 -0.196350 0.000000
vt 1.111658 -0.196350 0.000000
vt 1.311658 -0.261799 0.000000
vt 1.111658 -0.261799 0.000000
vt 1.311658 -0.327249 0.000000
vt 1.111658 -0.327249 0.000000
vt 1.311658 -0.392699 0.000000
vt 1.111658 -0.392699 0.000000
vt 1.311658 0.392699 0.000000
vt 1.111658 0.392699 0.000000
vt 1.311658 0.327249 0.000000
vt 1.111658 0.327249 0.000000
vt 1.311658 0.261799 0.000000
vt 1.111658 0.261799 0.000000
vt 1.311658 0.196350 0.000000
vt 1.111658 0.196350 0.000000
vt 1.311658 0.130900 0.000000
vt 1.111658 0.130900 0.000000
vt -0.281458 -0.487500 0.000000
vt -0.108253 -0.387500 0.000000
vt -0.325000 -0.325000 0.000000
vt -0.125000 -0.325000 0.000000
vt -0.108253 -0.262500 0.000000
vt -0.062500 -0.433253 0.000000
vt -0.162500 -0.606458 0.000000
vt 0.000000 -0.450000 0.000000
vt 0.000000 -0.650000 0.000000
vt 0.162500 -0.606458 0.000000
vt 0.062500 -0.433253 0.000000
vt 0.281458 -0.487500 0.000000
vt 0.108253 -0.387500 0.000000
vt 0.125000 -0.325000 0.000000
vt 0.325000 -0.325000 0.000000
vt 0.108253 -0.262500 0.000000
vt 0.281458 -0.162500 0.000000
vt 0.062500 -0.216747 0.000000
vt 0.162500 -0.043542 0.000000
vt 0.000000 -0.200000 0.000000
vt 0.000000 0.000000 0.000000
vt -0.162500 -0.043542 0.000000
vt -0.062500 -0.216747 0.000000
vt -0.281458 -0.162500 0.000000
vt 1.111658 0.170170 0.000000
vt 0.911658 0.127627 0.000000
vt 1.111658 0.000000 0.000000
vt 0.911658 0.000000 0.000000
vt 0.911658 -0.127627 0.000000
vt 0.911658 0.255254 0.000000
vt 1.111658 0.340339 0.000000
vt 0.911658 0.382882 0.000000
vt 1.111658 0.510509 0.000000
vt 0.911658 0.510509 0.000000
vt 0.911658 0.638136 0.000000
vt 1.111658 0.680678 0.000000
vt 0.911658 0.765763 0.000000
vt 1.111658 0.850848 0.000000
vt 0.911658 0.893390 0.000000
vt 1.111658 1.021018 0.000000
vt 0.911658 1.021018 0.000000
vt 0.911658 -1.021018 0.000000
vt 1.111658 -1.021018 0.000000
vt 0.911658 -0.893390 0.000000
vt 1.111658 -0.850848 0.000000
vt 0.911658 -0.765763 0.000000
vt 1.111658 -0.680678 0.000000
vt 0.911658 -0.638136 0.000000
vt 1.111658 -0.510509 0.000000
vt 0.911658 -0.510509 0.000000
vt 0.911658 -0.382882 0.000000
vt 1.111658 -0.340339 0.000000
vt 0.911658 -0.255254 0.000000
vt 1.111658 -0.170170 0.000000
vt 1.311658 0.065450 0.000000
vt 1.111658 0.065450 0.000000
vt 1.311658 0.000000 0.000000
vt 1.111658 0.000000 0.000000
vt 1.311658 -0.065450 0.000000
vt 1.111658 -0.065450 0.000000
vt 1.311658 -0.130900 0.000000
vt 1.111658 -0.130900 0.000000
vt 1.311658 -0.196350 0.000000
vt 1.111658 -0.196350 0.000000
vt 1.311658 -0.261799 0.000000
vt 1.111658 -0.261799 0.000000
vt 1.311658 -0.327249 0.000000
vt 1.111658 -0.327249 0.000000
vt 1.311658 -0.392699 0.000000
vt 1.111658 -0.392699 0.000000
vt 1.311658 0.392699 0.000000
vt 1.111658 0.392699 0.000000
vt 1.311658 0.327249 0.000000
vt 1.111658 0.327249 0.000000
vt 1.311658 0.261799 0.000000
vt 1.111658 0.261799 0.000000
vt 1.311658 0.196350 0.000000
vt 1.111658 0.196350 0.000000
vt 1.311658 0.130900 0.000000
vt 1.111658 0.130900 0.000000
vt -0.281458 -0.487500 0.000000
vt -0.108253 -0.387500 0.000000
vt -0.325000 -0.325000 0.000000
vt -0.125000 -0.325000 0.000000
vt -0.108253 -0.262500 0.000000
vt -0.062500 -0.433253 0.000000
vt -0.162500 -0.606458 0.000000
vt 0.000000 -0.450000 0.000000
vt 0.000000 -0.650000 0.000000
vt 0.162500 -0.606458 0.000000
vt 0.062500 -0.433253 0.000000
vt 0.281458 -0.487500 0.000000
vt 0.108253 -0.387500 0.000000
vt 0.125000 -0.325000 0.000000
vt 0.325000 -0.325000 0.000000
vt 0.108253 -0.262500 0.000000
vt 0.281458 -0.162500 0.000000
vt 0.062500 -0.216747 0.000000
vt 0.162500 -0.043542 0.000000
vt 0.000000 -0.200000 0.000000
vt 0.000000 -0.000000 0.000000
vt -0.162500 -0.043542 0.000000
vt -0.062500 -0.216747 0.000000
vt -0.281458 -0.162500 0.000000
vt 1.111658 0.170170 0.000000
vt 0.911658 0.127627 0.000000
vt 1.111658 0.000000 0.000000
vt 0.911658 0.000000 0.000000
vt 0.911658 -0.127627 0.000000
vt 0.911658 0.255254 0.000000
vt 1.111658 0.340339 0.000000
vt 0.911658 0.382882 0.000000
vt 1.111658 0.510509 0.000000
vt 0.911658 0.510509 0.000000
vt 0.911658 0.638136 0.000000
vt 1.111658 0.680678 0.000000
vt 0.911658 0.765763 0.000000
vt 1.111658 0.850848 0.000000
vt 0.911658 0.893390 0.000000
vt 1.111658 1.021018 0.000000
vt 0.911658 1.021018 0.000000
vt 0.911658 -1.021018 0.000000
vt 1.111658 -1.021018 0.000000
vt 0.911658 -0.893390 0.000000
vt 1.111658 -0.850848 0.000000
vt 0.911658 -0.765763 0.000000
vt 1.111658 -0.680678 0.000000
vt 0.911658 -0.638136 0.000000
vt 1.111658 -0.510509 0.000000
vt 0.911658 -0.510509 0.000000
vt 0.911658 -0.382882 0.000000
vt 1.111658 -0.340339 0.000000
vt 0.911658 -0.255254 0.000000
vt 1.111658 -0.170170 0.000000
vt 1.311658 0.065450 0.000000
vt 1.111658 0.065450 0.000000
vt 1.311658 0.000000 0.000000
vt 1.111658 0.000000 0.000000
vt 1.311658 -0.065450 0.000000
vt 1.111658 -0.065450 0.000000
vt 1.311658 -0.130900 0.000000
vt 1.111658 -0.130900 0.000000
vt 1.311658 -0.196350 0.000000
vt 1.111658 -0.196350 0.000000
vt 1.311658 -0.261799 0.000000
vt 1.111658 -0.261799 0.000000
vt 1.311658 -0.327249 0.000000
vt 1.111658 -0.327249 0.000000
vt 1.311658 -0.392699 0.000000
vt 1.111658 -0.392699 0.000000
vt 1.311658 0.392699 0.000000
vt 1.111658 0.392699 0.000000
vt 1.311658 0.327249 0.000000
vt 1.111658 0.327249 0.000000
vt 1.311658 0.261799 0.000000
vt 1.111658 0.261799 0.000000
vt 1.311658 0.196350 0.000000
vt 1.111658 0.196350 0.000000
vt 1.311658 0.130900 0.000000
vt 1.111658 0.130900 0.000000
vt -0.281458 -0.487500 0.000000
vt -0.108253 -0.387500 0.000000
vt -0.325000 -0.325000 0.000000
vt -0.125000 -0.325000 0.000000
vt -0.108253 -0.262500 0.000000
vt -0.062500 -0.433253 0.000000
vt -0.162500 -0.606458 0.000000
vt 0.000000 -0.450000 0.000000
vt 0.000000 -0.650000 0.000000
vt 0.162500 -0.606458 0.000000
vt 0.062500 -0.433253 0.000000
vt 0.281458 -0.487500 0.000000
vt 0.108253 -0.387500 0.000000
vt 0.125000 -0.325000 0.000000
vt 0.325000 -0.325000 0.000000
vt 0.108253 -0.262500 0.000000
vt 0.281458 -0.162500 0.000000
vt 0.062500 -0.216747 0.000000
vt 0.162500 -0.043542 0.000000
vt 0.000000 -0.200000 0.000000
vt 0.000000 -0.000000 0.000000
vt -0.162500 -0.043542 0.000000
vt -0.062500 -0.216747 0.000000
vt -0.281458 -0.162500 0.000000
vt 1.111658 0.170170 0.000000
vt 0.911658 0.127627 0.000000
vt 1.111658 0.000000 0.000000
vt 0.911658 0.000000 0.000000
vt 0.911658 -0.095720 0.000000
vt 0.911658 0.255254 0.000000
vt 1.111658 0.340339 0.000000
vt 0.911658 0.382882 0.000000
vt 1.111658 0.510509 0.000000
vt 0.911658 0.510509 0.000000
vt 0.911658 0.606229 0.000000
vt 1.111658 0.680678 0.000000
vt 0.911658 0.701950 0.000000
vt 0.911658 0.797670 0.000000
vt 1.111658 0.850848 0.000000
vt 0.911658 0.893390 0.000000
vt 1.111658 1.021018 0.000000
vt 0.911658 0.989111 0.000000
vt 0.911658 1.084831 0.000000
vt 0.911658 -0.957204 0.000000
vt 1.111658 -1.021018 0.000000
vt 1.111658 -0.850848 0.000000
vt 0.911658 -0.861484 0.000000
vt 0.911658 -0.765763 0.000000
vt 1.111658 -0.680678 0.000000
vt 0.911658 -0.670043 0.000000
vt 0.911658 -0.574322 0.000000
vt 1.111658 -0.510509 0.000000
vt 0.911658 -0.478602 0.000000
vt 0.911658 -0.382882 0.000000
vt 1.111658 -0.340339 0.000000
vt 0.911658 -0.287161 0.000000
vt 1.111658 -0.170170 0.000000
vt 0.911658 -0.191441 0.000000
vt 35.804573 0.217587 0.000000
vt 35.404573 0.217587 0.000000
vt 35.804573 0.145058 0.000000
vt 35.404573 0.145058 0.000000
vt 35.404573 0.072529 0.000000
vt 35.404573 0.000000 0.000000
vt 35.804573 0.000000 0.000000
vt 35.804573 0.072529 0.000000
vt 35.804573 0.000000 0.000000
vt 35.404573 0.000000 0.000000
vt 35.804573 -0.072529 0.000000
vt 35.404573 -0.072529 0.000000
vt 35.404573 -0.145058 0.000000
vt 35.404573 -0.217587 0.000000
vt 35.804573 -0.217587 0.000000
vt 35.804573 -0.145058 0.000000
vt 35.804573 -1.099557 0.000000
vt 35.404573 -1.099557 0.000000
vt 35.804573 -1.172086 0.000000
vt 35.404573 -1.172086 0.000000
vt 35.404573 -1.244615 0.000000
vt 35.404573 -1.317144 0.000000
vt 35.804573 -1.317144 0.000000
vt 35.804573 -1.244615 0.000000
vt 35.804573 -0.881971 0.000000
vt 35.404573 -0.881971 0.000000
vt 35.804573 -0.954500 0.000000
vt 35.404573 -0.954500 0.000000
vt 35.404573 -1.027029 0.000000
vt 35.404573 -1.099557 0.000000
vt 35.804573 -1.099557 0.000000
vt 35.804573 -1.027029 0.000000
vt 0.400200 0.000000 0.000000
vt 0.000200 0.000000 0.000000
vt 0.400200 -0.183260 0.000000
vt 0.000200 -0.183260 0.000000
vt 0.400200 -0.366519 0.000000
vt 0.000200 -0.366519 0.000000
vt 0.400200 -0.549779 0.000000
vt 0.000200 -0.549779 0.000000
vt -0.400200 -0.549779 0.000000
vt -0.000200 -0.549779 0.000000
vt -0.400200 -0.366519 0.000000
vt -0.000200 -0.366519 0.000000
vt -0.400200 -0.183260 0.000000
vt -0.000200 -0.183260 0.000000
vt -0.400200 0.000000 0.000000
vt -0.000200 0.000000 0.000000
vt -0.400200 0.549779 0.000000
vt -0.000200 0.549779 0.000000
vt -0.400200 0.733038 0.000000
vt -0.000200 0.733038 0.000000
vt -0.400200 0.916298 0.000000
vt -0.000200 0.916298 0.000000
vt -0.400200 1.099557 0.000000
vt -0.000200 1.099557 0.000000
vt 0.400200 -1.099557 0.000000
vt 0.000200 -1.099557 0.000000
vt 0.400200 -1.282817 0.000000
vt 0.000200 -1.282817 0.000000
vt 0.400200 -1.466077 0.000000
vt 0.000200 -1.466077 0.000000
vt 0.400200 -1.649336 0.000000
vt 0.000200 -1.649336 0.000000
vn 0.100000 0.000000 0.000000
vn 0.100000 0.000000 0.000000
vn 0.100000 0.000000 0.000000
vn 0.100000 0.000000 0.000000
vn 0.100000 0.000000 0.000000
vn 0.100000 0.000000 0.000000
vn 0.100000 0.000000 0.000000
vn 0.100000 0.000000 0.000000
vn 0.100000 0.000000 0.000000
vn 0.100000 0.000000 0.000000
vn 0.100000 0.000000 0.000000
vn 0.100000 0.000000 0.000000
vn 0.100000 0.000000 0.000000
vn 0.100000 0.000000 0.000000
vn 0.100000 0.000000 0.000000
vn 0.100000 0.000000 0.000000
vn 0.100000 0.000000 0.000000
vn 0.100000 0.000000 0.000000
vn 0.100000 0.000000 0.000000
vn 0.100000 0.000000 0.000000
vn 0.100000 0.000000 0.000000
vn 0.100000 0.000000 0.000000
vn 0.100000 0.000000 0.000000
vn 0.100000 0.000000 0.000000
vn 0.100000 0.000000 0.000000
vn 0.100000 0.000000 0.000000
vn 0.100000 0.000000 0.000000
vn 0.100000 0.000000 0.000000
vn 0.100000 0.000000 0.000000
vn 0.100000 0.000000 0.000000
vn 0.100000 0.000000 0.000000
vn 0.100000 0.000000 0.000000
vn 0.100000 0.000000 0.000000
vn 0.100000 0.000000 0.000000
vn 0.100000 0.000000 0.000000
vn 0.100000 0.000000 0.000000
vn 0.100000 0.000000 0.000000
vn 0.100000 0.000000 0.000000
vn 0.100000 0.000000 0.000000
vn 0.100000 0.000000 0.000000
vn 0.100000 0.000000 0.000000
vn 0.100000 0.000000 0.000000
vn 0.100000 0.000000 0.000000
vn 0.100000 0.000000 0.000000
vn 0.100000 0.000000 0.000000
vn 0.100000 0.000000 0.000000
vn 0.100000 0.000000 0.000000
vn 0.100000 0.000000 0.000000
vn 0.100000 0.000000 0.000000
vn 0.100000 0.000000 0.000000
vn 0.100000 0.000000 0.000000
vn 0.100000 0.000000 0.000000
vn 0.100000 0.000000 0.000000
vn 0.100000 0.000000 0.000000
vn 0.100000 0.000000 0.000000
vn 0.100000 0.000000 0.000000
vn 0.100000 0.000000 0.000000
vn 0.100000 0.000000 0.000000
vn 0.100000 0.000000 0.000000
vn 0.100000 0.000000 0.000000
vn 0.100000 0.000000 0.000000
vn 0.100000 0.000000 0.000000
vn 0.100000 0.000000 0.000000
vn 0.100000 0.000000 0.000000
vn 0.100000 0.000000 0.000000
vn 0.100000 0.000000 0.000000
vn 0.100000 0.000000 0.000000
vn 0.100000 0.000000 0.000000
vn 0.100000 0.000000 0.000000
vn 0.100000 0.000000 0.000000
vn 0.100000 0.000000 0.000000
vn 0.100000 0.000000 0.000000
vn 0.100000 0.000000 0.000000
vn 0.100000 0.000000 0.000000
vn 0.100000 0.000000 0.000000
vn 0.100000 0.000000 0.000000
vn 0.100000 0.000000 0.000000
vn 0.100000 0.000000 0.000000
vn 0.100000 0.000000 0.000000
vn 0.100000 0.000000 0.000000
vn 0.100000 0.000000 0.000000
vn 0.100000 0.000000 0.000000
vn 0.100000 0.000000 0.000000
vn 0.100000 0.000000 0.000000
vn 0.100000 0.000000 0.000000
vn 0.100000 0.000000 0.000000
vn 0.100000 0.000000 0.000000
vn 0.100000 0.000000 0.000000
vn 0.100000 0.000000 0.000000
vn 0.100000 0.000000 0.000000
vn 0.100000 0.000000 0.000000
vn 0.100000 0.000000 0.000000
vn 0.100000 0.000000 0.000000
vn 0.100000 0.000000 0.000000
vn 0.100000 0.000000 0.000000
vn 0.100000 0.000000 0.000000
vn 0.100000 0.000000 0.000000
vn 0.100000 0.000000 0.000000
vn 0.100000 0.000000 0.000000
vn 0.100000 0.000000 0.000000
vn 0.100000 0.000000 0.000000
vn 0.100000 0.000000 0.000000
vn 0.100000 0.000000 0.000000
vn 0.100000 0.000000 0.000000
vn 0.100000 0.000000 0.000000
vn 0.100000 0.000000 0.000000
vn 0.100000 0.000000 0.000000
vn 0.100000 0.000000 0.000000
vn 0.100000 0.000000 0.000000
vn 0.100000 0.000000 0.000000
vn 0.100000 0.000000 0.000000
vn 0.100000 0.000000 0.000000
vn 0.100000 0.000000 0.000000
vn 0.100000 0.000000 0.000000
vn 0.100000 0.000000 0.000000
vn 0.100000 0.000000 0.000000
vn 0.100000 0.000000 0.000000
vn 0.100000 0.000000 0.000000
vn 0.100000 0.000000 0.000000
vn 0.100000 0.000000 0.000000
vn 0.100000 0.000000 0.000000
vn 0.100000 0.000000 0.000000
vn 0.100000 0.000000 0.000000
vn 0.100000 0.000000 0.000000
vn 0.100000 0.000000 0.000000
vn 0.100000 0.000000 0.000000
vn 0.100000 0.000000 0.000000
vn 0.100000 0.000000 0.000000
vn 0.100000 0.000000 0.000000
vn 0.100000 0.000000 0.000000
vn 0.100000 0.000000 0.000000
vn 0.100000 0.000000 0.000000
vn 0.100000 0.000000 0.000000
vn 0.100000 0.000000 0.000000
vn 0.100000 0.000000 0.000000
vn 0.100000 0.000000 0.000000
vn 0.100000 0.000000 0.000000
vn 0.100000 0.000000 0.000000
vn 0.100000 0.000000 0.000000
vn 0.100000 0.000000 0.000000
vn 0.100000 0.000000 0.000000
vn 0.100000 0.000000 0.000000
vn 0.100000 0.000000 0.000000
vn 0.100000 0.000000 0.000000
vn 0.000000 0.050000 0.086603
vn 0.000000 0.050000 0.086603
vn 0.000000 0.000000 0.100000
vn 0.000000 0.000000 0.100000
vn 0.000000 -0.050000 0.086603
vn 0.000000 -0.050000 0.086603
vn 0.000000 -0.086603 0.050000
vn 0.000000 -0.086603 0.050000
vn 0.000000 -0.100000 -0.000000
vn 0.000000 -0.100000 -0.000000
vn 0.000000 -0.086603 -0.050000
vn 0.000000 -0.086603 -0.050000
vn 0.000000 -0.050000 -0.086603
vn 0.000000 -0.050000 -0.086603
vn 0.000000 -0.000000 -0.100000
vn 0.000000 -0.000000 -0.100000
vn 0.000000 0.050000 -0.086603
vn 0.000000 0.050000 -0.086603
vn 0.000000 0.086603 -0.050000
vn 0.000000 0.086603 -0.050000
vn 0.000000 0.100000 -0.000000
vn 0.000000 0.100000 -0.000000
vn 0.000000 0.086603 0.050000
vn 0.000000 0.086603 0.050000
vn 0.000000 0.050000 0.086603
vn 0.000000 0.050000 0.086603
vn 0.000000 0.000000 0.100000
vn 0.000000 0.000000 0.100000
vn 0.000000 -0.050000 0.086603
vn 0.000000 -0.050000 0.086603
vn 0.000000 -0.086603 0.050000
vn 0.000000 -0.086603 0.050000
vn 0.000000 -0.100000 0.000000
vn 0.000000 -0.100000 0.000000
vn 0.000000 -0.086603 -0.050000
vn 0.000000 -0.086603 -0.050000
vn 0.000000 -0.050000 -0.086603
vn 0.000000 -0.050000 -0.086603
vn -0.000000 0.000000 -0.100000
vn -0.000000 0.000000 -0.100000
vn 0.000000 0.050000 -0.086603
vn 0.000000 0.050000 -0.086603
vn 0.000000 0.086603 -0.050000
vn 0.000000 0.086603 -0.050000
vn 0.000000 0.100000 -0.000000
vn 0.000000 0.100000 -0.000000
vn 0.000000 0.086603 0.050000
vn 0.000000 0.086603 0.050000
vn 0.000000 0.050000 0.086603
vn 0.000000 0.050000 0.086603
vn 0.000000 0.000000 0.100000
vn 0.000000 0.000000 0.100000
vn 0.000000 -0.050000 0.086603
vn 0.000000 -0.050000 0.086603
vn 0.000000 -0.086603 0.050000
vn 0.000000 -0.086603 0.050000
vn 0.000000 -0.100000 -0.000000
vn 0.000000 -0.100000 -0.000000
vn 0.000000 -0.086603 -0.050000
vn 0.000000 -0.086603 -0.050000
vn 0.000000 -0.050000 -0.086603
vn 0.000000 -0.050000 -0.086603
vn 0.000000 -0.000000 -0.100000
vn 0.000000 -0.000000 -0.100000
vn 0.000000 0.050000 -0.086603
vn 0.000000 0.050000 -0.086603
vn 0.000000 0.086603 -0.050000
vn 0.000000 0.086603 -0.050000
vn 0.000000 0.100000 -0.000000
vn 0.000000 0.100000 -0.000000
vn 0.000000 0.086603 0.050000
vn 0.000000 0.086603 0.050000
vn 0.000000 0.050000 0.086603
vn 0.000000 0.050000 0.086603
vn 0.000000 0.000000 0.100000
vn 0.000000 0.000000 0.100000
vn 0.000000 -0.050000 0.086603
vn 0.000000 -0.050000 0.086603
vn 0.000000 -0.086603 0.050000
vn 0.000000 -0.086603 0.050000
vn 0.000000 -0.100000 0.000000
vn 0.000000 -0.100000 0.000000
vn 0.000000 -0.086603 -0.050000
vn 0.000000 -0.086603 -0.050000
vn 0.000000 -0.050000 -0.086603
vn 0.000000 -0.050000 -0.086603
vn 0.000000 -0.000000 -0.100000
vn 0.000000 -0.000000 -0.100000
vn 0.000000 0.050000 -0.086603
vn 0.000000 0.050000 -0.086603
vn 0.000000 0.086603 -0.050000
vn 0.000000 0.086603 -0.050000
vn 0.000000 0.100000 -0.000000
vn 0.000000 0.100000 -0.000000
vn 0.000000 0.086603 0.050000
vn 0.000000 0.086603 0.050000
vn 0.000000 0.050000 0.086603
vn 0.000000 0.050000 0.086603
vn 0.000000 0.000000 0.100000
vn 0.000000 0.000000 0.100000
vn 0.000000 -0.050000 0.086603
vn 0.000000 -0.050000 0.086603
vn 0.000000 -0.086603 0.050000
vn 0.000000 -0.086603 0.050000
vn 0.000000 -0.100000 0.000000
vn 0.000000 -0.100000 0.000000
vn 0.000000 -0.086603 -0.050000
vn 0.000000 -0.086603 -0.050000
vn 0.000000 -0.050000 -0.086603
vn 0.000000 -0.050000 -0.086603
vn -0.000000 0.000000 -0.100000
vn -0.000000 0.000000 -0.100000
vn 0.000000 0.050000 -0.086603
vn 0.000000 0.050000 -0.086603
vn 0.000000 0.086603 -0.050000
vn 0.000000 0.086603 -0.050000
vn 0.000000 0.100000 -0.000000
vn 0.000000 0.100000 -0.000000
vn 0.000000 0.086603 0.050000
vn 0.000000 0.086603 0.050000
vn -0.000000 0.046472 -0.088546
vn -0.000000 0.020575 -0.097861
vn -0.000000 0.000000 -0.100000
vn 0.000000 -0.020575 -0.097861
vn 0.000000 -0.046472 -0.088546
vn 0.000000 -0.058240 -0.081290
vn 0.000000 -0.058240 -0.081290
vn -0.000000 0.082298 -0.056806
vn -0.000000 0.058240 -0.081290
vn -0.000000 0.058240 -0.081290
vn -0.000000 0.088949 -0.045695
vn -0.000000 0.099271 -0.012054
vn -0.000000 0.100000 -0.000000
vn 0.000000 0.093502 0.035460
vn 0.000000 0.088949 0.045695
vn 0.000000 0.066312 0.074851
vn 0.000000 0.058240 0.081290
vn 0.000000 0.023932 0.097094
vn 0.000000 0.058240 0.081290
vn 0.000000 0.020575 0.097861
vn 0.000000 -0.023932 0.097094
vn 0.000000 -0.020575 0.097861
vn 0.000000 -0.058240 0.081290
vn 0.000000 -0.058240 0.081290
vn 0.000000 -0.066312 0.074851
vn 0.000000 -0.088949 0.045695
vn 0.000000 -0.093502 0.035460
vn 0.000000 -0.100000 -0.000000
vn 0.000000 -0.099271 -0.012054
vn 0.000000 -0.088949 -0.045695
vn 0.000000 -0.082298 -0.056806
vn -0.100000 0.000000 0.000000
vn -0.100000 0.000000 0.000000
vn -0.100000 0.000000 0.000000
vn -0.100000 0.000000 0.000000
vn -0.100000 0.000000 0.000000
vn -0.100000 0.000000 0.000000
vn -0.100000 0.000000 0.000000
vn -0.100000 0.000000 0.000000
vn -0.100000 0.000000 0.000000
vn -0.100000 0.000000 0.000000
vn -0.100000 0.000000 0.000000
vn -0.100000 0.000000 0.000000
vn -0.100000 0.000000 0.000000
vn -0.100000 0.000000 0.000000
vn -0.100000 0.000000 0.000000
vn -0.100000 0.000000 0.000000
vn -0.100000 0.000000 0.000000
vn -0.100000 0.000000 0.000000
vn -0.100000 0.000000 0.000000
vn -0.100000 0.000000 0.000000
vn -0.100000 0.000000 0.000000
vn -0.100000 0.000000 0.000000
vn -0.100000 0.000000 0.000000
vn -0.100000 0.000000 0.000000
vn -0.100000 0.000000 0.000000
vn 0.000000 0.050000 0.086603
vn 0.000000 0.050000 0.086603
vn 0.000000 0.000000 0.100000
vn 0.000000 0.000000 0.100000
vn 0.000000 -0.050000 0.086603
vn 0.000000 -0.050000 0.086603
vn 0.000000 -0.086603 0.050000
vn 0.000000 -0.086603 0.050000
vn 0.000000 -0.100000 0.000000
vn 0.000000 -0.100000 0.000000
vn 0.000000 -0.086603 -0.050000
vn 0.000000 -0.086603 -0.050000
vn 0.000000 -0.050000 -0.086603
vn 0.000000 -0.050000 -0.086603
vn 0.000000 -0.000000 -0.100000
vn 0.000000 -0.000000 -0.100000
vn 0.000000 0.050000 -0.086603
vn 0.000000 0.050000 -0.086603
vn 0.000000 0.086603 -0.050000
vn 0.000000 0.086603 -0.050000
vn 0.000000 0.100000 -0.000000
vn 0.000000 0.100000 -0.000000
vn 0.000000 0.086603 0.050000
vn 0.000000 0.086603 0.050000
vn -0.100000 0.000000 0.000000
vn -0.100000 0.000000 0.000000
vn -0.100000 0.000000 0.000000
vn -0.100000 0.000000 0.000000
vn -0.100000 0.000000 0.000000
vn -0.100000 0.000000 0.000000
vn -0.100000 0.000000 0.000000
vn -0.100000 0.000000 0.000000
vn -0.100000 0.000000 0.000000
vn -0.100000 0.000000 0.000000
vn -0.100000 0.000000 0.000000
vn -0.100000 0.000000 0.000000
vn -0.100000 0.000000 0.000000
vn -0.100000 0.000000 0.000000
vn -0.100000 0.000000 0.000000
vn -0.100000 0.000000 0.000000
vn -0.100000 0.000000 0.000000
vn -0.100000 0.000000 0.000000
vn -0.100000 0.000000 0.000000
vn -0.100000 0.000000 0.000000
vn -0.100000 0.000000 0.000000
vn -0.100000 0.000000 0.000000
vn -0.100000 0.000000 0.000000
vn -0.100000 0.000000 0.000000
vn -0.100000 0.000000 0.000000
vn -0.100000 0.000000 0.000000
vn -0.100000 0.000000 0.000000
vn -0.100000 0.000000 0.000000
vn -0.100000 0.000000 0.000000
vn -0.100000 0.000000 0.000000
vn -0.100000 0.000000 0.000000
vn -0.100000 0.000000 0.000000
vn -0.100000 0.000000 0.000000
vn -0.100000 0.000000 0.000000
vn -0.100000 0.000000 0.000000
vn -0.100000 0.000000 0.000000
vn -0.100000 0.000000 0.000000
vn -0.100000 0.000000 0.000000
vn -0.100000 0.000000 0.000000
vn -0.100000 0.000000 0.000000
vn -0.100000 0.000000 0.000000
vn -0.100000 0.000000 0.000000
vn -0.100000 0.000000 0.000000
vn -0.100000 0.000000 0.000000
vn -0.100000 0.000000 0.000000
vn -0.100000 0.000000 0.000000
vn -0.100000 0.000000 0.000000
vn -0.100000 0.000000 0.000000
vn -0.100000 0.000000 0.000000
vn -0.100000 0.000000 0.000000
vn -0.100000 0.000000 0.000000
vn -0.100000 0.000000 0.000000
vn -0.100000 0.000000 0.000000
vn -0.100000 0.000000 0.000000
vn -0.100000 0.000000 0.000000
vn -0.100000 0.000000 0.000000
vn -0.100000 0.000000 0.000000
vn -0.100000 0.000000 0.000000
vn -0.100000 0.000000 0.000000
vn -0.100000 0.000000 0.000000
vn -0.100000 0.000000 0.000000
vn -0.100000 0.000000 0.000000
vn -0.100000 0.000000 0.000000
vn -0.100000 0.000000 0.000000
vn -0.100000 0.000000 0.000000
vn -0.100000 0.000000 0.000000
vn -0.100000 0.000000 0.000000
vn -0.100000 0.000000 0.000000
vn -0.100000 0.000000 0.000000
vn -0.100000 0.000000 0.000000
vn -0.100000 0.000000 0.000000
vn -0.100000 0.000000 0.000000
vn -0.070711 -0.035355 0.061237
vn -0.070711 -0.035355 0.061237
vn -0.070711 -0.000000 0.070711
vn -0.070711 -0.000000 0.070711
vn -0.070711 0.035355 0.061237
vn -0.070711 0.035355 0.061237
vn -0.070711 0.061237 0.035355
vn -0.070711 0.061237 0.035355
vn -0.070711 0.070711 -0.000000
vn -0.070711 0.070711 -0.000000
vn -0.070711 0.061237 -0.035355
vn -0.070711 0.061237 -0.035355
vn -0.070711 0.035355 -0.061237
vn -0.070711 0.035355 -0.061237
vn -0.070711 -0.000000 -0.070711
vn -0.070711 -0.000000 -0.070711
vn -0.070711 -0.035355 -0.061237
vn -0.070711 -0.035355 -0.061237
vn -0.070711 -0.061237 -0.035355
vn -0.070711 -0.061237 -0.035355
vn -0.070711 -0.070711 0.000000
vn -0.070711 -0.070711 0.000000
vn -0.070711 -0.061237 0.035355
vn -0.070711 -0.061237 0.035355
vn -0.100000 0.000000 0.000000
vn -0.100000 0.000000 0.000000
vn -0.100000 0.000000 0.000000
vn -0.100000 0.000000 0.000000
vn -0.100000 0.000000 0.000000
vn -0.100000 0.000000 0.000000
vn -0.100000 0.000000 0.000000
vn -0.100000 0.000000 0.000000
vn -0.100000 0.000000 0.000000
vn -0.100000 0.000000 0.000000
vn -0.100000 0.000000 0.000000
vn -0.100000 0.000000 0.000000
vn -0.100000 0.000000 0.000000
vn -0.100000 0.000000 0.000000
vn -0.100000 0.000000 0.000000
vn -0.100000 0.000000 0.000000
vn -0.100000 0.000000 0.000000
vn -0.100000 0.000000 0.000000
vn -0.100000 0.000000 0.000000
vn -0.100000 0.000000 0.000000
vn -0.100000 0.000000 0.000000
vn -0.100000 0.000000 0.000000
vn -0.100000 0.000000 0.000000
vn -0.100000 0.000000 0.000000
vn -0.100000 0.000000 0.000000
vn -0.100000 0.000000 0.000000
vn -0.100000 0.000000 0.000000
vn -0.100000 0.000000 0.000000
vn -0.100000 0.000000 0.000000
vn -0.100000 0.000000 0.000000
vn -0.100000 0.000000 0.000000
vn -0.100000 0.000000 0.000000
vn -0.100000 0.000000 0.000000
vn -0.100000 0.000000 0.000000
vn -0.100000 0.000000 0.000000
vn -0.100000 0.000000 0.000000
vn -0.100000 0.000000 0.000000
vn -0.100000 0.000000 0.000000
vn -0.100000 0.000000 0.000000
vn -0.100000 0.000000 0.000000
vn -0.100000 0.000000 0.000000
vn -0.100000 0.000000 0.000000
vn -0.100000 0.000000 0.000000
vn -0.100000 0.000000 0.000000
vn -0.100000 0.000000 0.000000
vn -0.100000 0.000000 0.000000
vn -0.100000 0.000000 0.000000
vn -0.100000 0.000000 0.000000
vn -0.100000 0.000000 0.000000
vn -0.100000 0.000000 0.000000
vn -0.100000 0.000000 0.000000
vn -0.100000 0.000000 0.000000
vn -0.100000 0.000000 0.000000
vn -0.100000 0.000000 0.000000
vn -0.100000 0.000000 0.000000
vn -0.100000 0.000000 0.000000
vn -0.100000 0.000000 0.000000
vn -0.100000 0.000000 0.000000
vn -0.100000 0.000000 0.000000
vn -0.100000 0.000000 0.000000
vn -0.100000 0.000000 0.000000
vn -0.100000 0.000000 0.000000
vn -0.100000 0.000000 0.000000
vn -0.100000 0.000000 0.000000
vn -0.100000 0.000000 0.000000
vn -0.100000 0.000000 0.000000
vn -0.100000 0.000000 0.000000
vn -0.100000 0.000000 0.000000
vn -0.100000 0.000000 0.000000
vn -0.100000 0.000000 0.000000
vn -0.100000 0.000000 0.000000
vn -0.100000 0.000000 0.000000
vn -0.100000 0.000000 0.000000
vn -0.100000 0.000000 0.000000
vn -0.100000 0.000000 0.000000
vn -0.100000 0.000000 0.000000
vn -0.100000 0.000000 0.000000
vn -0.100000 0.000000 0.000000
vn -0.100000 0.000000 0.000000
vn -0.100000 0.000000 0.000000
vn -0.100000 0.000000 0.000000
vn -0.100000 0.000000 0.000000
vn -0.100000 0.000000 0.000000
vn -0.100000 0.000000 0.000000
vn -0.100000 0.000000 0.000000
vn -0.100000 0.000000 0.000000
vn -0.100000 0.000000 0.000000
vn -0.100000 0.000000 0.000000
vn -0.100000 0.000000 0.000000
vn -0.100000 0.000000 0.000000
vn -0.100000 0.000000 0.000000
vn -0.100000 0.000000 0.000000
vn -0.100000 0.000000 0.000000
vn -0.100000 0.000000 0.000000
vn -0.100000 0.000000 0.000000
vn -0.100000 0.000000 0.000000
vn -0.100000 0.000000 0.000000
vn -0.100000 0.000000 0.000000
vn -0.100000 0.000000 0.000000
vn -0.100000 0.000000 0.000000
vn -0.100000 0.000000 0.000000
vn -0.100000 0.000000 0.000000
vn -0.100000 0.000000 0.000000
vn -0.100000 0.000000 0.000000
vn -0.100000 0.000000 0.000000
vn -0.100000 0.000000 0.000000
vn -0.100000 0.000000 0.000000
vn -0.100000 0.000000 0.000000
vn -0.100000 0.000000 0.000000
vn -0.100000 0.000000 0.000000
vn 0.000000 0.100000 0.000000
vn 0.000000 0.100000 0.000000
vn 0.000000 0.100000 0.000000
vn 0.000000 0.100000 0.000000
vn 0.000000 -0.000000 0.100000
vn 0.000000 -0.000000 0.100000
vn 0.000000 -0.000000 0.100000
vn 0.000000 -0.000000 0.100000
vn 0.000000 -0.000000 0.100000
vn 0.000000 -0.000000 0.100000
vn 0.000000 -0.000000 0.100000
vn 0.000000 -0.000000 0.100000
vn 0.000000 -0.100000 0.000000
vn 0.000000 -0.100000 0.000000
vn 0.000000 -0.100000 0.000000
vn 0.000000 -0.100000 0.000000
vn 0.000000 0.000000 -0.100000
vn 0.000000 0.000000 -0.100000
vn 0.000000 0.000000 -0.100000
vn 0.000000 0.000000 -0.100000
vn 0.000000 0.000000 -0.100000
vn 0.000000 0.000000 -0.100000
vn 0.000000 0.000000 -0.100000
vn 0.000000 0.000000 -0.100000
vn 0.100000 0.000000 0.000000
vn 0.100000 0.000000 0.000000
vn 0.100000 0.000000 0.000000
vn 0.100000 0.000000 0.000000
vn 0.100000 0.000000 0.000000
vn 0.100000 0.000000 0.000000
vn 0.100000 0.000000 0.000000
vn 0.100000 0.000000 0.000000
vn 0.100000 0.000000 0.000000
vn 0.100000 0.000000 0.000000
vn 0.100000 0.000000 0.000000
vn 0.100000 0.000000 0.000000
vn 0.100000 0.000000 0.000000
vn 0.100000 0.000000 0.000000
vn 0.100000 0.000000 0.000000
vn 0.100000 0.000000 0.000000
vn 0.100000 0.000000 0.000000
vn 0.100000 0.000000 0.000000
vn 0.100000 0.000000 0.000000
vn 0.100000 0.000000 0.000000
vn 0.100000 0.000000 0.000000
vn 0.100000 0.000000 0.000000
vn 0.100000 0.000000 0.000000
vn 0.100000 0.000000 0.000000
vn 0.000000 -0.050000 0.086603
vn 0.000000 -0.050000 0.086603
vn 0.000000 -0.000000 0.100000
vn 0.000000 -0.000000 0.100000
vn 0.000000 0.050000 0.086603
vn 0.000000 0.050000 0.086603
vn 0.000000 0.086603 0.050000
vn 0.000000 0.086603 0.050000
vn 0.000000 0.100000 -0.000000
vn 0.000000 0.100000 -0.000000
vn 0.000000 0.086603 -0.050000
vn 0.000000 0.086603 -0.050000
vn 0.000000 0.050000 -0.086603
vn 0.000000 0.050000 -0.086603
vn -0.000000 0.000000 -0.100000
vn -0.000000 0.000000 -0.100000
vn 0.000000 -0.050000 -0.086603
vn 0.000000 -0.050000 -0.086603
vn 0.000000 -0.086603 -0.050000
vn 0.000000 -0.086603 -0.050000
vn 0.000000 -0.100000 0.000000
vn 0.000000 -0.100000 0.000000
vn 0.000000 -0.086603 0.050000
vn 0.000000 -0.086603 0.050000
vn 0.100000 0.000000 0.000000
vn 0.100000 0.000000 0.000000
vn 0.100000 0.000000 0.000000
vn 0.100000 0.000000 0.000000
vn 0.100000 0.000000 0.000000
vn 0.100000 0.000000 0.000000
vn 0.100000 0.000000 0.000000
vn 0.100000 0.000000 0.000000
vn 0.100000 0.000000 0.000000
vn 0.100000 0.000000 0.000000
vn 0.100000 0.000000 0.000000
vn 0.100000 0.000000 0.000000
vn 0.100000 0.000000 0.000000
vn 0.100000 0.000000 0.000000
vn 0.100000 0.000000 0.000000
vn 0.100000 0.000000 0.000000
vn 0.100000 0.000000 0.000000
vn 0.100000 0.000000 0.000000
vn 0.100000 0.000000 0.000000
vn 0.100000 0.000000 0.000000
vn 0.100000 0.000000 0.000000
vn 0.100000 0.000000 0.000000
vn 0.100000 0.000000 0.000000
vn 0.100000 0.000000 0.000000
vn 0.000000 -0.050000 0.086603
vn 0.000000 -0.050000 0.086603
vn 0.000000 -0.000000 0.100000
vn 0.000000 -0.000000 0.100000
vn 0.000000 0.050000 0.086603
vn 0.000000 0.050000 0.086603
vn 0.000000 0.086603 0.050000
vn 0.000000 0.086603 0.050000
vn 0.000000 0.100000 -0.000000
vn 0.000000 0.100000 -0.000000
vn 0.000000 0.086603 -0.050000
vn 0.000000 0.086603 -0.050000
vn 0.000000 0.050000 -0.086603
vn 0.000000 0.050000 -0.086603
vn 0.000000 -0.000000 -0.100000
vn 0.000000 -0.000000 -0.100000
vn 0.000000 -0.050000 -0.086603
vn 0.000000 -0.050000 -0.086603
vn 0.000000 -0.086603 -0.050000
vn 0.000000 -0.086603 -0.050000
vn 0.000000 -0.100000 0.000000
vn 0.000000 -0.100000 0.000000
vn 0.000000 -0.086603 0.050000
vn 0.000000 -0.086603 0.050000
vn 0.100000 0.000000 0.000000
vn 0.100000 0.000000 0.000000
vn 0.100000 0.000000 0.000000
vn 0.100000 0.000000 0.000000
vn 0.100000 0.000000 0.000000
vn 0.100000 0.000000 0.000000
vn 0.100000 0.000000 0.000000
vn 0.100000 0.000000 0.000000
vn 0.100000 0.000000 0.000000
vn 0.100000 0.000000 0.000000
vn 0.100000 0.000000 0.000000
vn 0.100000 0.000000 0.000000
vn 0.100000 0.000000 0.000000
vn 0.100000 0.000000 0.000000
vn 0.100000 0.000000 0.000000
vn 0.100000 0.000000 0.000000
vn 0.100000 0.000000 0.000000
vn 0.100000 0.000000 0.000000
vn 0.100000 0.000000 0.000000
vn 0.100000 0.000000 0.000000
vn 0.100000 0.000000 0.000000
vn 0.100000 0.000000 0.000000
vn 0.100000 0.000000 0.000000
vn 0.100000 0.000000 0.000000
vn 0.000000 -0.050000 0.086603
vn 0.000000 -0.050000 0.086603
vn 0.000000 -0.000000 0.100000
vn 0.000000 -0.000000 0.100000
vn 0.000000 0.050000 0.086603
vn 0.000000 0.050000 0.086603
vn 0.000000 0.086603 0.050000
vn 0.000000 0.086603 0.050000
vn 0.000000 0.100000 -0.000000
vn 0.000000 0.100000 -0.000000
vn 0.000000 0.086603 -0.050000
vn 0.000000 0.086603 -0.050000
vn 0.000000 0.050000 -0.086603
vn 0.000000 0.050000 -0.086603
vn 0.000000 -0.000000 -0.100000
vn 0.000000 -0.000000 -0.100000
vn 0.000000 -0.050000 -0.086603
vn 0.000000 -0.050000 -0.086603
vn 0.000000 -0.086603 -0.050000
vn 0.000000 -0.086603 -0.050000
vn 0.000000 -0.100000 -0.000000
vn 0.000000 -0.100000 -0.000000
vn 0.000000 -0.086603 0.050000
vn 0.000000 -0.086603 0.050000
vn 0.100000 0.000000 0.000000
vn 0.100000 0.000000 0.000000
vn 0.100000 0.000000 0.000000
vn 0.100000 0.000000 0.000000
vn 0.100000 0.000000 0.000000
vn 0.100000 0.000000 0.000000
vn 0.100000 0.000000 0.000000
vn 0.100000 0.000000 0.000000
vn 0.100000 0.000000 0.000000
vn 0.100000 0.000000 0.000000
vn 0.100000 0.000000 0.000000
vn 0.100000 0.000000 0.000000
vn 0.100000 0.000000 0.000000
vn 0.100000 0.000000 0.000000
vn 0.100000 0.000000 0.000000
vn 0.100000 0.000000 0.000000
vn 0.100000 0.000000 0.000000
vn 0.100000 0.000000 0.000000
vn 0.100000 0.000000 0.000000
vn 0.100000 0.000000 0.000000
vn 0.100000 0.000000 0.000000
vn 0.100000 0.000000 0.000000
vn 0.100000 0.000000 0.000000
vn 0.100000 0.000000 0.000000
vn 0.000000 -0.050000 0.086603
vn 0.000000 -0.050000 0.086603
vn 0.000000 -0.000000 0.100000
vn 0.000000 -0.000000 0.100000
vn 0.000000 0.050000 0.086603
vn 0.000000 0.050000 0.086603
vn 0.000000 0.086603 0.050000
vn 0.000000 0.086603 0.050000
vn 0.000000 0.100000 -0.000000
vn 0.000000 0.100000 -0.000000
vn 0.000000 0.086603 -0.050000
vn 0.000000 0.086603 -0.050000
vn 0.000000 0.050000 -0.086603
vn 0.000000 0.050000 -0.086603
vn -0.000000 0.000000 -0.100000
vn -0.000000 0.000000 -0.100000
vn 0.000000 -0.050000 -0.086603
vn 0.000000 -0.050000 -0.086603
vn 0.000000 -0.086603 -0.050000
vn 0.000000 -0.086603 -0.050000
vn 0.000000 -0.100000 0.000000
vn 0.000000 -0.100000 0.000000
vn 0.000000 -0.086603 0.050000
vn 0.000000 -0.086603 0.050000
vn 0.100000 0.000000 0.000000
vn 0.100000 0.000000 0.000000
vn 0.100000 0.000000 0.000000
vn 0.100000 0.000000 0.000000
vn 0.100000 0.000000 0.000000
vn 0.100000 0.000000 0.000000
vn 0.100000 0.000000 0.000000
vn 0.100000 0.000000 0.000000
vn 0.100000 0.000000 0.000000
vn 0.100000 0.000000 0.000000
vn 0.100000 0.000000 0.000000
vn 0.100000 0.000000 0.000000
vn 0.100000 0.000000 0.000000
vn 0.100000 0.000000 0.000000
vn 0.100000 0.000000 0.000000
vn 0.100000 0.000000 0.000000
vn 0.100000 0.000000 0.000000
vn 0.100000 0.000000 0.000000
vn 0.100000 0.000000 0.000000
vn 0.100000 0.000000 0.000000
vn 0.100000 0.000000 0.000000
vn 0.100000 0.000000 0.000000
vn 0.100000 0.000000 0.000000
vn 0.100000 0.000000 0.000000
vn 0.000000 -0.050000 0.086603
vn 0.000000 -0.050000 0.086603
vn 0.000000 -0.000000 0.100000
vn 0.000000 -0.000000 0.100000
vn 0.000000 0.050000 0.086603
vn 0.000000 0.050000 0.086603
vn 0.000000 0.086603 0.050000
vn 0.000000 0.086603 0.050000
vn 0.000000 0.100000 -0.000000
vn 0.000000 0.100000 -0.000000
vn 0.000000 0.086603 -0.050000
vn 0.000000 0.086603 -0.050000
vn 0.000000 0.050000 -0.086603
vn 0.000000 0.050000 -0.086603
vn 0.000000 -0.000000 -0.100000
vn 0.000000 -0.000000 -0.100000
vn 0.000000 -0.050000 -0.086603
vn 0.000000 -0.050000 -0.086603
vn 0.000000 -0.086603 -0.050000
vn 0.000000 -0.086603 -0.050000
vn 0.000000 -0.100000 -0.000000
vn 0.000000 -0.100000 -0.000000
vn 0.000000 -0.086603 0.050000
vn 0.000000 -0.086603 0.050000
vn 0.000000 -0.050000 0.086603
vn 0.000000 -0.050000 0.086603
vn 0.000000 -0.000000 0.100000
vn 0.000000 -0.000000 0.100000
vn 0.000000 0.050000 0.086603
vn 0.000000 0.050000 0.086603
vn 0.000000 0.086603 0.050000
vn 0.000000 0.086603 0.050000
vn 0.000000 0.100000 0.000000
vn 0.000000 0.100000 0.000000
vn 0.000000 0.086603 -0.050000
vn 0.000000 0.086603 -0.050000
vn 0.000000 0.050000 -0.086603
vn 0.000000 0.050000 -0.086603
vn 0.000000 0.000000 -0.100000
vn 0.000000 0.000000 -0.100000
vn 0.000000 -0.050000 -0.086603
vn 0.000000 -0.050000 -0.086603
vn 0.000000 -0.086603 -0.050000
vn 0.000000 -0.086603 -0.050000
vn 0.000000 -0.100000 0.000000
vn 0.000000 -0.100000 0.000000
vn 0.000000 -0.086603 0.050000
vn 0.000000 -0.086603 0.050000
vn -0.100000 0.000000 0.000000
vn -0.100000 0.000000 0.000000
vn -0.100000 0.000000 0.000000
vn -0.100000 0.000000 0.000000
vn -0.100000 0.000000 0.000000
vn -0.100000 0.000000 0.000000
vn -0.100000 0.000000 0.000000
vn -0.100000 0.000000 0.000000
vn -0.100000 0.000000 0.000000
vn -0.100000 0.000000 0.000000
vn -0.100000 0.000000 0.000000
vn -0.100000 0.000000 0.000000
vn -0.100000 0.000000 0.000000
vn -0.100000 0.000000 0.000000
vn -0.100000 0.000000 0.000000
vn -0.100000 0.000000 0.000000
vn -0.100000 0.000000 0.000000
vn -0.100000 0.000000 0.000000
vn -0.100000 0.000000 0.000000
vn -0.100000 0.000000 0.000000
vn -0.100000 0.000000 0.000000
vn -0.100000 0.000000 0.000000
vn -0.100000 0.000000 0.000000
vn -0.100000 0.000000 0.000000
vn 0.000000 -0.050000 0.086603
vn 0.000000 -0.029028 0.095694
vn 0.000000 -0.000000 0.100000
vn 0.000000 -0.000000 0.100000
vn 0.000000 0.038268 0.092388
vn 0.000000 -0.086603 0.050000
vn 0.000000 -0.077301 0.063439
vn 0.000000 -0.055557 0.083147
vn 0.000000 -0.092388 0.038268
vn 0.000000 -0.100000 0.000000
vn 0.000000 -0.099518 0.009802
vn 0.000000 -0.098079 -0.019509
vn 0.000000 -0.086603 -0.050000
vn 0.000000 -0.088192 -0.047140
vn 0.000000 -0.070711 -0.070711
vn 0.000000 -0.050000 -0.086603
vn 0.000000 -0.047140 -0.088192
vn 0.000000 -0.019509 -0.098079
vn 0.000000 -0.000000 -0.100000
vn 0.000000 0.009802 -0.099518
vn 0.000000 0.038268 -0.092388
vn 0.000000 0.050000 -0.086603
vn 0.000000 0.063439 -0.077301
vn 0.000000 0.086603 -0.050000
vn 0.000000 0.083147 -0.055557
vn 0.000000 0.095694 -0.029028
vn 0.000000 0.100000 -0.000000
vn 0.000000 0.100000 -0.000000
vn 0.000000 0.092388 0.038268
vn 0.000000 0.086603 0.050000
vn 0.000000 0.070711 0.070711
vn 0.000000 0.050000 0.086603
vn 0.000000 -0.050000 0.086603
vn 0.000000 -0.050000 0.086603
vn 0.000000 -0.000000 0.100000
vn 0.000000 -0.000000 0.100000
vn 0.000000 0.050000 0.086603
vn 0.000000 0.050000 0.086603
vn 0.000000 0.086603 0.050000
vn 0.000000 0.086603 0.050000
vn 0.000000 0.100000 0.000000
vn 0.000000 0.100000 0.000000
vn 0.000000 0.086603 -0.050000
vn 0.000000 0.086603 -0.050000
vn 0.000000 0.050000 -0.086603
vn 0.000000 0.050000 -0.086603
vn 0.000000 0.000000 -0.100000
vn 0.000000 0.000000 -0.100000
vn 0.000000 -0.050000 -0.086603
vn 0.000000 -0.050000 -0.086603
vn 0.000000 -0.086603 -0.050000
vn 0.000000 -0.086603 -0.050000
vn 0.000000 -0.100000 0.000000
vn 0.000000 -0.100000 0.000000
vn 0.000000 -0.086603 0.050000
vn 0.000000 -0.086603 0.050000
vn -0.100000 0.000000 0.000000
vn -0.100000 0.000000 0.000000
vn -0.100000 0.000000 0.000000
vn -0.100000 0.000000 0.000000
vn -0.100000 0.000000 0.000000
vn -0.100000 0.000000 0.000000
vn -0.100000 0.000000 0.000000
vn -0.100000 0.000000 0.000000
vn -0.100000 0.000000 0.000000
vn -0.100000 0.000000 0.000000
vn -0.100000 0.000000 0.000000
vn -0.100000 0.000000 0.000000
vn -0.100000 0.000000 0.000000
vn -0.100000 0.000000 0.000000
vn -0.100000 0.000000 0.000000
vn -0.100000 0.000000 0.000000
vn -0.100000 0.000000 0.000000
vn -0.100000 0.000000 0.000000
vn -0.100000 0.000000 0.000000
vn -0.100000 0.000000 0.000000
vn -0.100000 0.000000 0.000000
vn -0.100000 0.000000 0.000000
vn -0.100000 0.000000 0.000000
vn -0.100000 0.000000 0.000000
vn 0.000000 -0.050000 0.086603
vn 0.000000 -0.038268 0.092388
vn 0.000000 -0.000000 0.100000
vn 0.000000 -0.000000 0.100000
vn 0.000000 0.038268 0.092388
vn 0.000000 -0.070711 0.070711
vn 0.000000 -0.086603 0.050000
vn 0.000000 -0.092388 0.038268
vn 0.000000 -0.100000 0.000000
vn 0.000000 -0.100000 0.000000
vn 0.000000 -0.092388 -0.038268
vn 0.000000 -0.086603 -0.050000
vn 0.000000 -0.070711 -0.070711
vn 0.000000 -0.050000 -0.086603
vn 0.000000 -0.038268 -0.092388
vn 0.000000 -0.000000 -0.100000
vn 0.000000 -0.000000 -0.100000
vn 0.000000 0.038268 -0.092388
vn 0.000000 0.050000 -0.086603
vn 0.000000 0.070711 -0.070711
vn 0.000000 0.086603 -0.050000
vn 0.000000 0.092388 -0.038268
vn 0.000000 0.100000 -0.000000
vn 0.000000 0.100000 -0.000000
vn 0.000000 0.092388 0.038268
vn 0.000000 0.086603 0.050000
vn 0.000000 0.070711 0.070711
vn 0.000000 0.050000 0.086603
vn 0.000000 -0.050000 0.086603
vn 0.000000 -0.050000 0.086603
vn 0.000000 -0.000000 0.100000
vn 0.000000 -0.000000 0.100000
vn 0.000000 0.050000 0.086603
vn 0.000000 0.050000 0.086603
vn 0.000000 0.086603 0.050000
vn 0.000000 0.086603 0.050000
vn 0.000000 0.100000 0.000000
vn 0.000000 0.100000 0.000000
vn 0.000000 0.086603 -0.050000
vn 0.000000 0.086603 -0.050000
vn 0.000000 0.050000 -0.086603
vn 0.000000 0.050000 -0.086603
vn 0.000000 0.000000 -0.100000
vn 0.000000 0.000000 -0.100000
vn 0.000000 -0.050000 -0.086603
vn 0.000000 -0.050000 -0.086603
vn 0.000000 -0.086603 -0.050000
vn 0.000000 -0.086603 -0.050000
vn 0.000000 -0.100000 0.000000
vn 0.000000 -0.100000 0.000000
vn 0.000000 -0.086603 0.050000
vn 0.000000 -0.086603 0.050000
vn -0.100000 0.000000 0.000000
vn -0.100000 0.000000 0.000000
vn -0.100000 0.000000 0.000000
vn -0.100000 0.000000 0.000000
vn -0.100000 0.000000 0.000000
vn -0.100000 0.000000 0.000000
vn -0.100000 0.000000 0.000000
vn -0.100000 0.000000 0.000000
vn -0.100000 0.000000 0.000000
vn -0.100000 0.000000 0.000000
vn -0.100000 0.000000 0.000000
vn -0.100000 0.000000 0.000000
vn -0.100000 0.000000 0.000000
vn -0.100000 0.000000 0.000000
vn -0.100000 0.000000 0.000000
vn -0.100000 0.000000 0.000000
vn -0.100000 0.000000 0.000000
vn -0.100000 0.000000 0.000000
vn -0.100000 0.000000 0.000000
vn -0.100000 0.000000 0.000000
vn -0.100000 0.000000 0.000000
vn -0.100000 0.000000 0.000000
vn -0.100000 0.000000 0.000000
vn -0.100000 0.000000 0.000000
vn 0.000000 -0.050000 0.086603
vn 0.000000 -0.038268 0.092388
vn 0.000000 -0.000000 0.100000
vn 0.000000 -0.000000 0.100000
vn 0.000000 0.038268 0.092388
vn 0.000000 -0.070711 0.070711
vn 0.000000 -0.086603 0.050000
vn 0.000000 -0.092388 0.038268
vn 0.000000 -0.100000 0.000000
vn 0.000000 -0.100000 0.000000
vn 0.000000 -0.092388 -0.038268
vn 0.000000 -0.086603 -0.050000
vn 0.000000 -0.070711 -0.070711
vn 0.000000 -0.050000 -0.086603
vn 0.000000 -0.038268 -0.092388
vn 0.000000 -0.000000 -0.100000
vn 0.000000 -0.000000 -0.100000
vn 0.000000 0.038268 -0.092388
vn 0.000000 0.050000 -0.086603
vn 0.000000 0.070711 -0.070711
vn 0.000000 0.086603 -0.050000
vn 0.000000 0.092388 -0.038268
vn 0.000000 0.100000 -0.000000
vn 0.000000 0.100000 -0.000000
vn 0.000000 0.092388 0.038268
vn 0.000000 0.086603 0.050000
vn 0.000000 0.070711 0.070711
vn 0.000000 0.050000 0.086603
vn 0.000000 -0.050000 0.086603
vn 0.000000 -0.050000 0.086603
vn 0.000000 -0.000000 0.100000
vn 0.000000 -0.000000 0.100000
vn 0.000000 0.050000 0.086603
vn 0.000000 0.050000 0.086603
vn 0.000000 0.086603 0.050000
vn 0.000000 0.086603 0.050000
vn 0.000000 0.100000 0.000000
vn 0.000000 0.100000 0.000000
vn 0.000000 0.086603 -0.050000
vn 0.000000 0.086603 -0.050000
vn 0.000000 0.050000 -0.086603
vn 0.000000 0.050000 -0.086603
vn 0.000000 0.000000 -0.100000
vn 0.000000 0.000000 -0.100000
vn 0.000000 -0.050000 -0.086603
vn 0.000000 -0.050000 -0.086603
vn 0.000000 -0.086603 -0.050000
vn 0.000000 -0.086603 -0.050000
vn 0.000000 -0.100000 0.000000
vn 0.000000 -0.100000 0.000000
vn 0.000000 -0.086603 0.050000
vn 0.000000 -0.086603 0.050000
vn -0.100000 0.000000 0.000000
vn -0.100000 0.000000 0.000000
vn -0.100000 0.000000 0.000000
vn -0.100000 0.000000 0.000000
vn -0.100000 0.000000 0.000000
vn -0.100000 0.000000 0.000000
vn -0.100000 0.000000 0.000000
vn -0.100000 0.000000 0.000000
vn -0.100000 0.000000 0.000000
vn -0.100000 0.000000 0.000000
vn -0.100000 0.000000 0.000000
vn -0.100000 0.000000 0.000000
vn -0.100000 0.000000 0.000000
vn -0.100000 0.000000 0.000000
vn -0.100000 0.000000 0.000000
vn -0.100000 0.000000 0.000000
vn -0.100000 0.000000 0.000000
vn -0.100000 0.000000 0.000000
vn -0.100000 0.000000 0.000000
vn -0.100000 0.000000 0.000000
vn -0.100000 0.000000 0.000000
vn -0.100000 0.000000 0.000000
vn -0.100000 0.000000 0.000000
vn -0.100000 0.000000 0.000000
vn 0.000000 -0.050000 0.086603
vn 0.000000 -0.038268 0.092388
vn 0.000000 -0.000000 0.100000
vn 0.000000 -0.000000 0.100000
vn 0.000000 0.029028 0.095694
vn 0.000000 -0.070711 0.070711
vn 0.000000 -0.086603 0.050000
vn 0.000000 -0.092388 0.038268
vn 0.000000 -0.100000 0.000000
vn 0.000000 -0.100000 0.000000
vn 0.000000 -0.095694 -0.029028
vn 0.000000 -0.086603 -0.050000
vn 0.000000 -0.083147 -0.055557
vn 0.000000 -0.063439 -0.077301
vn 0.000000 -0.050000 -0.086603
vn 0.000000 -0.038268 -0.092388
vn 0.000000 -0.000000 -0.100000
vn 0.000000 -0.009802 -0.099518
vn 0.000000 0.019509 -0.098079
vn 0.000000 0.050000 -0.086603
vn 0.000000 0.047140 -0.088192
vn 0.000000 0.070711 -0.070711
vn 0.000000 0.086603 -0.050000
vn 0.000000 0.088192 -0.047140
vn 0.000000 0.098079 -0.019509
vn 0.000000 0.100000 -0.000000
vn 0.000000 0.099518 0.009802
vn 0.000000 0.092388 0.038268
vn 0.000000 0.086603 0.050000
vn 0.000000 0.077301 0.063439
vn 0.000000 0.050000 0.086603
vn 0.000000 0.055557 0.083147
vn 0.000000 -0.040269 -0.091534
vn 0.000000 -0.040269 -0.091534
vn 0.000000 -0.020575 -0.097861
vn 0.000000 -0.020575 -0.097861
vn 0.000000 0.020575 -0.097861
vn 0.000000 0.020575 -0.097861
vn 0.000000 0.040269 -0.091534
vn 0.000000 0.040269 -0.091534
vn 0.000000 -0.020575 0.097861
vn 0.000000 -0.020575 0.097861
vn 0.000000 -0.040269 0.091534
vn 0.000000 -0.040269 0.091534
vn 0.000000 0.040269 0.091534
vn 0.000000 0.040269 0.091534
vn 0.000000 0.020575 0.097861
vn 0.000000 0.020575 0.097861
vn 0.000000 -0.050000 -0.086603
vn 0.000000 -0.050000 -0.086603
vn 0.000000 -0.086603 -0.050000
vn 0.000000 -0.086603 -0.050000
vn 0.000000 -0.086603 0.050000
vn 0.000000 -0.086603 0.050000
vn 0.000000 -0.050000 0.086603
vn 0.000000 -0.050000 0.086603
vn -0.000000 0.086603 -0.050000
vn -0.000000 0.086603 -0.050000
vn -0.000000 0.050000 -0.086603
vn -0.000000 0.050000 -0.086603
vn 0.000000 0.050000 0.086603
vn 0.000000 0.050000 0.086603
vn 0.000000 0.086603 0.050000
vn 0.000000 0.086603 0.050000
usemtl Opaque(230,230,230)
f 2/1/1 86/2/2 1/3/3
f 1/3/3 86/2/2 87/4/4
f 1/3/3 87/4/4 88/5/5
f 3/6/6 99/7/7 2/1/1
f 2/1/1 99/7/7 100/8/8
f 2/1/1 100/8/8 101/9/9
f 4/10/10 97/11/11 3/6/6
f 3/6/6 97/11/11 98/12/12
f 3/6/6 98/12/12 99/7/7
f 4/10/10 5/13/13 97/11/11
f 97/11/11 5/13/13 108/14/14
f 108/14/14 5/13/13 6/15/15
f 108/14/14 6/15/15 107/16/16
f 107/16/16 6/15/15 106/17/17
f 106/17/17 6/15/15 50/18/18
f 106/17/17 50/18/18 105/19/19
f 105/19/19 50/18/18 104/20/20
f 104/20/20 50/18/18 51/21/21
f 104/20/20 51/21/21 103/22/22
f 103/22/22 51/21/21 52/23/23
f 103/22/22 52/23/23 85/24/24
f 85/24/24 52/23/23 53/25/25
f 85/24/24 53/25/25 96/26/26
f 96/26/26 53/25/25 54/27/27
f 96/26/26 54/27/27 95/28/28
f 95/28/28 54/27/27 94/29/29
f 94/29/29 54/27/27 33/30/30
f 94/29/29 33/30/30 93/31/31
f 93/31/31 33/30/30 92/32/32
f 92/32/32 33/30/30 34/33/33
f 92/32/32 34/33/33 91/34/34
f 91/34/34 34/33/33 35/35/35
f 91/34/34 35/35/35 36/36/36
f 7/37/37 124/38/38 6/15/15
f 6/15/15 124/38/38 125/39/39
f 6/15/15 125/39/39 49/40/40
f 49/40/40 125/39/39 126/41/41
f 49/40/40 126/41/41 60/42/42
f 60/42/42 126/41/41 38/43/43
f 60/42/42 38/43/43 39/44/44
f 124/38/38 7/37/37 123/45/45
f 123/45/45 7/37/37 8/46/46
f 123/45/45 8/46/46 9/47/47
f 123/45/45 9/47/47 122/48/48
f 122/48/48 9/47/47 10/49/49
f 122/48/48 10/49/49 121/50/50
f 121/50/50 10/49/49 11/51/51
f 121/50/50 11/51/51 132/52/52
f 132/52/52 11/51/51 12/53/53
f 132/52/52 12/53/53 131/54/54
f 131/54/54 12/53/53 13/55/55
f 131/54/54 13/55/55 14/56/56
f 131/54/54 14/56/56 130/57/57
f 130/57/57 14/56/56 15/58/58
f 130/57/57 15/58/58 129/59/59
f 129/59/59 15/58/58 61/60/60
f 129/59/59 61/60/60 128/61/61
f 128/61/61 61/60/60 62/62/62
f 128/61/61 62/62/62 48/63/63
f 48/63/63 62/62/62 63/64/64
f 48/63/63 63/64/64 47/65/65
f 47/65/65 63/64/64 64/66/66
f 47/65/65 64/66/66 46/67/67
f 46/67/67 64/66/66 65/68/68
f 46/67/67 65/68/68 45/69/69
f 45/69/69 65/68/68 66/70/70
f 45/69/69 66/70/70 44/71/71
f 44/71/71 66/70/70 144/72/72
f 44/71/71 144/72/72 43/73/73
f 43/73/73 144/72/72 133/74/74
f 43/73/73 133/74/74 42/75/75
f 42/75/75 133/74/74 134/76/76
f 42/75/75 134/76/76 56/77/77
f 56/77/77 134/76/76 55/78/78
f 55/78/78 134/76/76 135/79/79
f 55/78/78 135/79/79 33/30/30
f 33/30/30 135/79/79 136/80/80
f 33/30/30 136/80/80 32/81/81
f 32/81/81 136/80/80 137/82/82
f 32/81/81 137/82/82 31/83/83
f 31/83/83 137/82/82 30/84/84
f 30/84/84 137/82/82 138/85/85
f 30/84/84 138/85/85 29/86/86
f 29/86/86 138/85/85 139/87/87
f 29/86/86 139/87/87 28/88/88
f 28/88/88 139/87/87 140/89/89
f 28/88/88 140/89/89 27/90/90
f 27/90/90 140/89/89 141/91/91
f 27/90/90 141/91/91 26/92/92
f 26/92/92 141/91/91 25/93/93
f 25/93/93 141/91/91 142/94/94
f 25/93/93 142/94/94 24/95/95
f 24/95/95 142/94/94 143/96/96
f 24/95/95 143/96/96 67/97/97
f 67/97/97 143/96/96 144/72/72
f 67/97/97 144/72/72 66/70/70
f 16/98/98 74/99/99 15/58/58
f 15/58/58 74/99/99 75/100/100
f 15/58/58 75/100/100 76/101/101
f 74/99/99 16/98/98 73/102/102
f 73/102/102 16/98/98 17/103/103
f 73/102/102 17/103/103 18/104/104
f 19/105/105 83/106/106 18/104/104
f 18/104/104 83/106/106 84/107/107
f 18/104/104 84/107/107 73/102/102
f 20/108/108 80/109/109 19/105/105
f 19/105/105 80/109/109 81/110/110
f 19/105/105 81/110/110 82/111/111
f 21/112/112 117/113/113 20/108/108
f 20/108/108 117/113/113 118/114/114
f 20/108/108 118/114/114 119/115/115
f 22/116/116 115/117/117 21/112/112
f 21/112/112 115/117/117 116/118/118
f 21/112/112 116/118/118 117/113/113
f 22/116/116 23/119/119 115/117/117
f 115/117/117 23/119/119 114/120/120
f 114/120/120 23/119/119 24/95/95
f 114/120/120 24/95/95 113/121/121
f 113/121/121 24/95/95 112/122/122
f 112/122/122 24/95/95 68/123/123
f 112/122/122 68/123/123 111/124/124
f 111/124/124 68/123/123 110/125/125
f 110/125/125 68/123/123 69/126/126
f 110/125/125 69/126/126 109/127/127
f 109/127/127 69/126/126 70/128/128
f 109/127/127 70/128/128 79/129/129
f 79/129/129 70/128/128 71/130/130
f 79/129/129 71/130/130 78/131/131
f 78/131/131 71/130/130 72/132/132
f 78/131/131 72/132/132 77/133/133
f 77/133/133 72/132/132 76/101/101
f 76/101/101 72/132/132 15/58/58
f 1/3/3 89/134/134 36/36/36
f 36/36/36 89/134/134 90/135/135
f 36/36/36 90/135/135 91/34/34
f 38/43/43 126/41/41 37/136/136
f 37/136/136 126/41/41 127/137/137
f 37/136/136 127/137/137 48/63/63
f 48/63/63 127/137/137 128/61/61
f 60/42/42 39/44/44 59/138/138
f 59/138/138 39/44/44 40/139/139
f 59/138/138 40/139/139 58/140/140
f 58/140/140 40/139/139 41/141/141
f 58/140/140 41/141/141 57/142/142
f 57/142/142 41/141/141 42/75/75
f 57/142/142 42/75/75 56/77/77
f 49/40/40 50/18/18 6/15/15
f 54/27/27 55/78/78 33/30/30
f 67/97/97 68/123/123 24/95/95
f 72/132/132 61/60/60 15/58/58
f 109/127/127 79/129/129 120/143/143
f 120/143/143 79/129/129 80/109/109
f 120/143/143 80/109/109 20/108/108
f 82/111/111 83/106/106 19/105/105
f 103/22/22 85/24/24 102/144/144
f 102/144/144 85/24/24 86/2/2
f 102/144/144 86/2/2 2/1/1
f 88/5/5 89/134/134 1/3/3
f 101/9/9 102/144/144 2/1/1
f 119/115/115 120/143/143 20/108/108
f 146/145/145 168/146/146 145/147/147
f 145/147/147 168/146/146 157/148/148
f 145/149/147 157/150/148 156/151/149
f 156/151/149 157/150/148 158/152/150
f 156/151/149 158/152/150 155/153/151
f 155/153/151 158/152/150 159/154/152
f 155/153/151 159/154/152 154/155/153
f 154/155/153 159/154/152 160/156/154
f 154/155/153 160/156/154 153/157/155
f 153/157/155 160/156/154 161/158/156
f 153/157/155 161/158/156 152/159/157
f 152/159/157 161/158/156 162/160/158
f 152/159/157 162/160/158 151/161/159
f 151/161/159 162/160/158 163/162/160
f 151/161/159 163/162/160 150/163/161
f 150/163/161 163/162/160 164/164/162
f 150/163/161 164/164/162 149/165/163
f 149/165/163 164/164/162 165/166/164
f 149/165/163 165/166/164 148/167/165
f 148/167/165 165/166/164 166/168/166
f 148/167/165 166/168/166 147/169/167
f 147/169/167 166/168/166 167/170/168
f 147/169/167 167/170/168 146/145/145
f 146/145/145 167/170/168 168/146/146
f 170/171/169 192/172/170 169/173/171
f 169/173/171 192/172/170 181/174/172
f 169/175/171 181/176/172 180/177/173
f 180/177/173 181/176/172 182/178/174
f 180/177/173 182/178/174 179/179/175
f 179/179/175 182/178/174 183/180/176
f 179/179/175 183/180/176 178/181/177
f 178/181/177 183/180/176 184/182/178
f 178/181/177 184/182/178 177/183/179
f 177/183/179 184/182/178 185/184/180
f 177/183/179 185/184/180 176/185/181
f 176/185/181 185/184/180 186/186/182
f 176/185/181 186/186/182 175/187/183
f 175/187/183 186/186/182 187/188/184
f 175/187/183 187/188/184 174/189/185
f 174/189/185 187/188/184 188/190/186
f 174/189/185 188/190/186 173/191/187
f 173/191/187 188/190/186 189/192/188
f 173/191/187 189/192/188 172/193/189
f 172/193/189 189/192/188 190/194/190
f 172/193/189 190/194/190 171/195/191
f 171/195/191 190/194/190 191/196/192
f 171/195/191 191/196/192 170/171/169
f 170/171/169 191/196/192 192/172/170
f 194/197/193 216/198/194 193/199/195
f 193/199/195 216/198/194 205/200/196
f 193/201/195 205/202/196 204/203/197
f 204/203/197 205/202/196 206/204/198
f 204/203/197 206/204/198 203/205/199
f 203/205/199 206/204/198 207/206/200
f 203/205/199 207/206/200 202/207/201
f 202/207/201 207/206/200 208/208/202
f 202/207/201 208/208/202 201/209/203
f 201/209/203 208/208/202 209/210/204
f 201/209/203 209/210/204 200/211/205
f 200/211/205 209/210/204 210/212/206
f 200/211/205 210/212/206 199/213/207
f 199/213/207 210/212/206 211/214/208
f 199/213/207 211/214/208 198/215/209
f 198/215/209 211/214/208 212/216/210
f 198/215/209 212/216/210 197/217/211
f 197/217/211 212/216/210 213/218/212
f 197/217/211 213/218/212 196/219/213
f 196/219/213 213/218/212 214/220/214
f 196/219/213 214/220/214 195/221/215
f 195/221/215 214/220/214 215/222/216
f 195/221/215 215/222/216 194/197/193
f 194/197/193 215/222/216 216/198/194
f 218/223/217 240/224/218 217/225/219
f 217/225/219 240/224/218 229/226/220
f 217/227/219 229/228/220 228/229/221
f 228/229/221 229/228/220 230/230/222
f 228/229/221 230/230/222 227/231/223
f 227/231/223 230/230/222 231/232/224
f 227/231/223 231/232/224 226/233/225
f 226/233/225 231/232/224 232/234/226
f 226/233/225 232/234/226 225/235/227
f 225/235/227 232/234/226 233/236/228
f 225/235/227 233/236/228 224/237/229
f 224/237/229 233/236/228 234/238/230
f 224/237/229 234/238/230 223/239/231
f 223/239/231 234/238/230 235/240/232
f 223/239/231 235/240/232 222/241/233
f 222/241/233 235/240/232 236/242/234
f 222/241/233 236/242/234 221/243/235
f 221/243/235 236/242/234 237/244/236
f 221/243/235 237/244/236 220/245/237
f 220/245/237 237/244/236 238/246/238
f 220/245/237 238/246/238 219/247/239
f 219/247/239 238/246/238 239/248/240
f 219/247/239 239/248/240 218/223/217
f 218/223/217 239/248/240 240/224/218
f 242/249/241 264/250/242 241/251/243
f 241/251/243 264/250/242 253/252/244
f 241/253/243 253/254/244 252/255/245
f 252/255/245 253/254/244 254/256/246
f 252/255/245 254/256/246 251/257/247
f 251/257/247 254/256/246 255/258/248
f 251/257/247 255/258/248 250/259/249
f 250/259/249 255/258/248 256/260/250
f 250/259/249 256/260/250 249/261/251
f 249/261/251 256/260/250 257/262/252
f 249/261/251 257/262/252 248/263/253
f 248/263/253 257/262/252 258/264/254
f 248/263/253 258/264/254 247/265/255
f 247/265/255 258/264/254 259/266/256
f 247/265/255 259/266/256 246/267/257
f 246/267/257 259/266/256 260/268/258
f 246/267/257 260/268/258 245/269/259
f 245/269/259 260/268/258 261/270/260
f 245/269/259 261/270/260 244/271/261
f 244/271/261 261/270/260 262/272/262
f 244/271/261 262/272/262 243/273/263
f 243/273/263 262/272/262 263/274/264
f 243/273/263 263/274/264 242/249/241
f 242/249/241 263/274/264 264/250/242
f 266/275/265 11/276/266 265/277/267
f 265/278/267 11/279/266 10/280/268
f 265/278/267 10/280/268 277/281/269
f 277/281/269 10/280/268 9/282/270
f 277/281/269 9/282/270 278/283/271
f 267/284/272 287/285/273 266/275/265
f 266/275/265 287/285/273 12/286/274
f 266/275/265 12/286/274 11/276/266
f 287/285/273 267/284/272 286/287/275
f 286/287/275 267/284/272 268/288/276
f 286/287/275 268/288/276 285/289/277
f 285/289/277 268/288/276 269/290/278
f 285/289/277 269/290/278 284/291/279
f 284/291/279 269/290/278 270/292/280
f 284/291/279 270/292/280 283/293/281
f 283/293/281 270/292/280 271/294/282
f 283/293/281 271/294/282 27/295/283
f 27/295/283 271/294/282 28/296/284
f 28/296/284 271/294/282 272/297/285
f 28/296/284 272/297/285 29/298/286
f 29/298/286 272/297/285 30/299/287
f 30/299/287 272/297/285 282/300/288
f 282/300/288 272/297/285 273/301/289
f 282/300/288 273/301/289 281/302/290
f 281/302/290 273/301/289 274/303/291
f 281/302/290 274/303/291 280/304/292
f 280/304/292 274/303/291 275/305/293
f 280/304/292 275/305/293 279/306/294
f 279/306/294 275/305/293 276/307/295
f 279/306/294 276/307/295 278/283/271
f 278/283/271 276/307/295 277/281/269
f 266/308/296 265/309/297 288/310/298
f 288/310/298 265/309/297 277/311/299
f 288/310/298 277/311/299 299/312/300
f 299/312/300 277/311/299 276/313/301
f 299/312/300 276/313/301 298/314/302
f 298/314/302 276/313/301 275/315/303
f 298/314/302 275/315/303 297/316/304
f 297/316/304 275/315/303 274/317/305
f 297/316/304 274/317/305 296/318/306
f 296/318/306 274/317/305 273/319/307
f 296/318/306 273/319/307 295/320/308
f 295/320/308 273/319/307 272/321/309
f 295/320/308 272/321/309 294/322/310
f 294/322/310 272/321/309 271/323/311
f 294/322/310 271/323/311 293/324/312
f 293/324/312 271/323/311 270/325/313
f 293/324/312 270/325/313 292/326/314
f 292/326/314 270/325/313 269/327/315
f 292/326/314 269/327/315 291/328/316
f 291/328/316 269/327/315 268/329/317
f 291/328/316 268/329/317 290/330/318
f 290/330/318 268/329/317 267/331/319
f 290/330/318 267/331/319 289/332/320
f 289/332/320 267/331/319 266/308/296
f 289/332/320 266/308/296 288/310/298
f 301/333/321 323/334/322 300/335/323
f 300/335/323 323/334/322 312/336/324
f 300/337/323 312/338/324 311/339/325
f 311/339/325 312/338/324 313/340/326
f 311/339/325 313/340/326 310/341/327
f 310/341/327 313/340/326 314/342/328
f 310/341/327 314/342/328 309/343/329
f 309/343/329 314/342/328 315/344/330
f 309/343/329 315/344/330 308/345/331
f 308/345/331 315/344/330 316/346/332
f 308/345/331 316/346/332 307/347/333
f 307/347/333 316/346/332 317/348/334
f 307/347/333 317/348/334 306/349/335
f 306/349/335 317/348/334 318/350/336
f 306/349/335 318/350/336 305/351/337
f 305/351/337 318/350/336 319/352/338
f 305/351/337 319/352/338 304/353/339
f 304/353/339 319/352/338 320/354/340
f 304/353/339 320/354/340 303/355/341
f 303/355/341 320/354/340 321/356/342
f 303/355/341 321/356/342 302/357/343
f 302/357/343 321/356/342 322/358/344
f 302/357/343 322/358/344 301/333/321
f 301/333/321 322/358/344 323/334/322
f 323/359/345 194/360/346 312/361/347
f 312/361/347 194/360/346 193/362/348
f 312/361/347 193/362/348 204/363/349
f 322/364/350 197/365/351 323/359/345
f 323/359/345 197/365/351 196/366/352
f 323/359/345 196/366/352 195/367/353
f 321/368/354 171/369/355 322/364/350
f 322/364/350 171/369/355 170/370/356
f 322/364/350 170/370/356 169/371/357
f 320/372/358 173/373/359 321/368/354
f 321/368/354 173/373/359 172/374/360
f 321/368/354 172/374/360 171/369/355
f 319/375/361 147/376/362 320/372/358
f 320/372/358 147/376/362 176/377/363
f 320/372/358 176/377/363 175/378/364
f 318/379/365 150/380/366 319/375/361
f 319/375/361 150/380/366 149/381/367
f 319/375/361 149/381/367 148/382/368
f 317/383/369 152/384/370 318/379/365
f 318/379/365 152/384/370 151/385/371
f 318/379/365 151/385/371 150/380/366
f 316/386/372 155/387/373 317/383/369
f 317/383/369 155/387/373 154/388/374
f 317/383/369 154/388/374 153/389/375
f 315/390/376 249/391/377 316/386/372
f 316/386/372 249/391/377 248/392/378
f 316/386/372 248/392/378 247/393/379
f 314/394/380 251/395/381 315/390/376
f 315/390/376 251/395/381 250/396/382
f 315/390/376 250/396/382 249/391/377
f 313/397/383 201/398/384 314/394/380
f 314/394/380 201/398/384 242/399/385
f 314/394/380 242/399/385 241/400/386
f 312/361/347 204/363/349 313/397/383
f 313/397/383 204/363/349 203/401/387
f 313/397/383 203/401/387 202/402/388
f 241/400/386 252/403/389 314/394/380
f 314/394/380 252/403/389 251/395/381
f 247/393/379 246/404/390 316/386/372
f 316/386/372 246/404/390 155/387/373
f 245/405/391 225/406/392 246/404/390
f 246/404/390 225/406/392 224/407/393
f 246/404/390 224/407/393 156/408/394
f 156/408/394 224/407/393 223/409/395
f 156/408/394 223/409/395 145/410/396
f 145/410/396 223/409/395 222/411/397
f 145/410/396 222/411/397 146/412/398
f 146/412/398 222/411/397 177/413/399
f 146/412/398 177/413/399 176/377/363
f 225/406/392 245/405/391 226/414/400
f 226/414/400 245/405/391 244/415/401
f 226/414/400 244/415/401 227/416/402
f 227/416/402 244/415/401 243/417/403
f 227/416/402 243/417/403 228/418/404
f 228/418/404 243/417/403 200/419/405
f 228/418/404 200/419/405 217/420/406
f 217/420/406 200/419/405 199/421/407
f 217/420/406 199/421/407 198/422/408
f 243/417/403 242/399/385 200/419/405
f 200/419/405 242/399/385 201/398/384
f 222/411/397 221/423/409 177/413/399
f 177/413/399 221/423/409 178/424/410
f 178/424/410 221/423/409 220/425/411
f 178/424/410 220/425/411 179/426/412
f 179/426/412 220/425/411 219/427/413
f 179/426/412 219/427/413 180/428/414
f 180/428/414 219/427/413 218/429/415
f 180/428/414 218/429/415 198/422/408
f 198/422/408 218/429/415 217/420/406
f 202/402/388 201/398/384 313/397/383
f 198/422/408 197/365/351 180/428/414
f 180/428/414 197/365/351 322/364/350
f 180/428/414 322/364/350 169/371/357
f 195/367/353 194/360/346 323/359/345
f 175/378/364 174/430/416 320/372/358
f 320/372/358 174/430/416 173/373/359
f 156/408/394 155/387/373 246/404/390
f 153/389/375 152/384/370 317/383/369
f 148/382/368 147/376/362 319/375/361
f 147/376/362 146/412/398 176/377/363
f 311/431/417 289/432/418 300/433/419
f 300/433/419 289/432/418 288/434/420
f 300/435/419 288/436/420 301/437/421
f 301/437/421 288/436/420 299/438/422
f 301/437/421 299/438/422 302/439/423
f 302/439/423 299/438/422 298/440/424
f 302/439/423 298/440/424 303/441/425
f 303/441/425 298/440/424 297/442/426
f 303/441/425 297/442/426 304/443/427
f 304/443/427 297/442/426 296/444/428
f 304/443/427 296/444/428 305/445/429
f 305/445/429 296/444/428 295/446/430
f 305/445/429 295/446/430 306/447/431
f 306/447/431 295/446/430 294/448/432
f 306/447/431 294/448/432 307/449/433
f 307/449/433 294/448/432 293/450/434
f 307/449/433 293/450/434 308/451/435
f 308/451/435 293/450/434 292/452/436
f 308/451/435 292/452/436 309/453/437
f 309/453/437 292/452/436 291/454/438
f 309/453/437 291/454/438 310/455/439
f 310/455/439 291/454/438 290/456/440
f 310/455/439 290/456/440 311/431/417
f 311/431/417 290/456/440 289/432/418
f 325/457/441 343/458/442 324/459/443
f 324/459/443 343/458/442 361/460/444
f 324/459/443 361/460/444 362/461/445
f 326/462/446 341/463/447 325/457/441
f 325/457/441 341/463/447 342/464/448
f 325/457/441 342/464/448 343/458/442
f 341/463/447 326/462/446 340/465/449
f 340/465/449 326/462/446 327/466/450
f 340/465/449 327/466/450 339/467/451
f 339/467/451 327/466/450 328/468/452
f 339/467/451 328/468/452 338/469/453
f 338/469/453 328/468/452 357/470/454
f 357/470/454 328/468/452 329/471/455
f 357/470/454 329/471/455 356/472/456
f 356/472/456 329/471/455 355/473/457
f 355/473/457 329/471/455 354/474/458
f 354/474/458 329/471/455 286/475/459
f 354/474/458 286/475/459 353/476/460
f 353/476/460 286/475/459 352/477/461
f 352/477/461 286/475/459 285/478/462
f 352/477/461 285/478/462 351/479/463
f 351/479/463 285/478/462 350/480/464
f 350/480/464 285/478/462 372/481/465
f 350/480/464 372/481/465 349/482/466
f 349/482/466 372/481/465 373/483/467
f 349/482/466 373/483/467 348/484/468
f 348/484/468 373/483/467 358/485/469
f 348/484/468 358/485/469 347/486/470
f 347/486/470 358/485/469 359/487/471
f 347/486/470 359/487/471 346/488/472
f 346/488/472 359/487/471 345/489/473
f 345/489/473 359/487/471 360/490/474
f 345/489/473 360/490/474 344/491/475
f 344/491/475 360/490/474 361/460/444
f 344/491/475 361/460/444 343/458/442
f 329/471/455 330/492/476 286/475/459
f 286/475/459 330/492/476 331/493/477
f 286/475/459 331/493/477 287/494/478
f 372/481/465 285/478/462 371/495/479
f 371/495/479 285/478/462 284/496/480
f 371/495/479 284/496/480 370/497/481
f 370/497/481 284/496/480 369/498/482
f 369/498/482 284/496/480 334/499/483
f 369/498/482 334/499/483 368/500/484
f 368/500/484 334/499/483 367/501/485
f 367/501/485 334/499/483 335/502/486
f 367/501/485 335/502/486 366/503/487
f 366/503/487 335/502/486 365/504/488
f 365/504/488 335/502/486 336/505/489
f 365/504/488 336/505/489 364/506/490
f 364/506/490 336/505/489 337/507/491
f 364/506/490 337/507/491 363/508/492
f 363/508/492 337/507/491 324/459/443
f 363/508/492 324/459/443 362/461/445
f 283/509/493 332/510/494 284/496/480
f 284/496/480 332/510/494 333/511/495
f 284/496/480 333/511/495 334/499/483
f 375/512/496 405/513/497 374/514/498
f 374/514/498 405/513/497 406/515/499
f 374/514/498 406/515/499 407/516/500
f 376/517/501 423/518/502 375/512/496
f 375/512/496 423/518/502 404/519/503
f 375/512/496 404/519/503 405/513/497
f 423/518/502 376/517/501 422/520/504
f 422/520/504 376/517/501 377/521/505
f 422/520/504 377/521/505 421/522/506
f 421/522/506 377/521/505 378/523/507
f 421/522/506 378/523/507 420/524/508
f 420/524/508 378/523/507 419/525/509
f 419/525/509 378/523/507 379/526/510
f 419/525/509 379/526/510 401/527/511
f 401/527/511 379/526/510 400/528/512
f 400/528/512 379/526/510 399/529/513
f 399/529/513 379/526/510 380/530/514
f 399/529/513 380/530/514 398/531/515
f 398/531/515 380/530/514 381/532/516
f 398/531/515 381/532/516 397/533/517
f 397/533/517 381/532/516 382/534/518
f 397/533/517 382/534/518 396/535/519
f 396/535/519 382/534/518 395/536/520
f 395/536/520 382/534/518 383/537/521
f 395/536/520 383/537/521 394/538/522
f 394/538/522 383/537/521 393/539/523
f 393/539/523 383/537/521 281/540/524
f 393/539/523 281/540/524 392/541/525
f 392/541/525 281/540/524 391/542/526
f 391/542/526 281/540/524 280/543/527
f 391/542/526 280/543/527 390/544/528
f 390/544/528 280/543/527 412/545/529
f 390/544/528 412/545/529 413/546/530
f 383/537/521 384/547/531 281/540/524
f 281/540/524 384/547/531 385/548/532
f 281/540/524 385/548/532 282/549/533
f 279/550/534 410/551/535 280/543/527
f 280/543/527 410/551/535 411/552/536
f 280/543/527 411/552/536 412/545/529
f 278/553/537 386/554/538 279/550/534
f 279/550/534 386/554/538 387/555/539
f 279/550/534 387/555/539 374/514/498
f 389/556/540 414/557/541 388/558/542
f 388/558/542 414/557/541 415/559/543
f 388/558/542 415/559/543 403/560/544
f 403/560/544 415/559/543 416/561/545
f 403/560/544 416/561/545 417/562/546
f 414/557/541 389/556/540 413/546/530
f 413/546/530 389/556/540 390/544/528
f 419/525/509 401/527/511 418/563/547
f 418/563/547 401/527/511 402/564/548
f 418/563/547 402/564/548 417/562/546
f 417/562/546 402/564/548 403/560/544
f 407/516/500 408/565/549 374/514/498
f 374/514/498 408/565/549 279/550/534
f 408/565/549 409/566/550 279/550/534
f 279/550/534 409/566/550 410/551/535
f 20/567/551 19/568/552 324/569/553
f 324/569/553 19/568/552 325/570/554
f 335/571/555 334/572/556 23/573/557
f 23/573/557 334/572/556 24/574/558
f 34/575/559 33/576/560 382/577/561
f 382/577/561 33/576/560 383/578/562
f 379/579/563 378/580/564 1/581/565
f 1/581/565 378/580/564 2/582/566
f 375/583/567 374/584/568 5/585/569
f 5/585/569 374/584/568 6/586/570
f 16/587/571 15/588/572 328/589/573
f 328/589/573 15/588/572 329/590/574
f 435/591/575 424/592/576 253/593/577
f 253/593/577 424/592/576 425/594/578
f 253/593/577 425/594/578 254/595/579
f 254/595/579 425/594/578 426/596/580
f 254/595/579 426/596/580 255/597/581
f 255/597/581 426/596/580 256/598/582
f 256/598/582 426/596/580 427/599/583
f 256/598/582 427/599/583 257/600/584
f 257/600/584 427/599/583 428/601/585
f 257/600/584 428/601/585 258/602/586
f 258/602/586 428/601/585 429/603/587
f 258/602/586 429/603/587 259/604/588
f 259/604/588 429/603/587 430/605/589
f 259/604/588 430/605/589 431/606/590
f 259/604/588 431/606/590 260/607/591
f 260/607/591 431/606/590 432/608/592
f 260/607/591 432/608/592 261/609/593
f 261/609/593 432/608/592 433/610/594
f 261/609/593 433/610/594 262/611/595
f 262/611/595 433/610/594 263/612/596
f 263/612/596 433/610/594 434/613/597
f 263/612/596 434/613/597 264/614/598
f 264/614/598 434/613/597 435/591/575
f 264/614/598 435/591/575 253/593/577
f 72/615/599 425/616/600 61/617/601
f 61/617/601 425/616/600 424/618/602
f 61/619/601 424/620/602 62/621/603
f 62/621/603 424/620/602 435/622/604
f 62/621/603 435/622/604 63/623/605
f 63/623/605 435/622/604 434/624/606
f 63/623/605 434/624/606 64/625/607
f 64/625/607 434/624/606 433/626/608
f 64/625/607 433/626/608 65/627/609
f 65/627/609 433/626/608 432/628/610
f 65/627/609 432/628/610 66/629/611
f 66/629/611 432/628/610 431/630/612
f 66/629/611 431/630/612 67/631/613
f 67/631/613 431/630/612 430/632/614
f 67/631/613 430/632/614 68/633/615
f 68/633/615 430/632/614 429/634/616
f 68/633/615 429/634/616 69/635/617
f 69/635/617 429/634/616 428/636/618
f 69/635/617 428/636/618 70/637/619
f 70/637/619 428/636/618 427/638/620
f 70/637/619 427/638/620 71/639/621
f 71/639/621 427/638/620 426/640/622
f 71/639/621 426/640/622 72/615/599
f 72/615/599 426/640/622 425/616/600
f 447/641/623 436/642/624 229/643/625
f 229/643/625 436/642/624 437/644/626
f 229/643/625 437/644/626 230/645/627
f 230/645/627 437/644/626 438/646/628
f 230/645/627 438/646/628 231/647/629
f 231/647/629 438/646/628 232/648/630
f 232/648/630 438/646/628 439/649/631
f 232/648/630 439/649/631 233/650/632
f 233/650/632 439/649/631 440/651/633
f 233/650/632 440/651/633 234/652/634
f 234/652/634 440/651/633 441/653/635
f 234/652/634 441/653/635 235/654/636
f 235/654/636 441/653/635 442/655/637
f 235/654/636 442/655/637 443/656/638
f 235/654/636 443/656/638 236/657/639
f 236/657/639 443/656/638 444/658/640
f 236/657/639 444/658/640 237/659/641
f 237/659/641 444/658/640 445/660/642
f 237/659/641 445/660/642 238/661/643
f 238/661/643 445/660/642 239/662/644
f 239/662/644 445/660/642 446/663/645
f 239/662/644 446/663/645 240/664/646
f 240/664/646 446/663/645 447/641/623
f 240/664/646 447/641/623 229/643/625
f 48/665/647 437/666/648 37/667/649
f 37/667/649 437/666/648 436/668/650
f 37/669/649 436/670/650 38/671/651
f 38/671/651 436/670/650 447/672/652
f 38/671/651 447/672/652 39/673/653
f 39/673/653 447/672/652 446/674/654
f 39/673/653 446/674/654 40/675/655
f 40/675/655 446/674/654 445/676/656
f 40/675/655 445/676/656 41/677/657
f 41/677/657 445/676/656 444/678/658
f 41/677/657 444/678/658 42/679/659
f 42/679/659 444/678/658 443/680/660
f 42/679/659 443/680/660 43/681/661
f 43/681/661 443/680/660 442/682/662
f 43/681/661 442/682/662 44/683/663
f 44/683/663 442/682/662 441/684/664
f 44/683/663 441/684/664 45/685/665
f 45/685/665 441/684/664 440/686/666
f 45/685/665 440/686/666 46/687/667
f 46/687/667 440/686/666 439/688/668
f 46/687/667 439/688/668 47/689/669
f 47/689/669 439/688/668 438/690/670
f 47/689/669 438/690/670 48/665/647
f 48/665/647 438/690/670 437/666/648
f 459/691/671 448/692/672 205/693/673
f 205/693/673 448/692/672 449/694/674
f 205/693/673 449/694/674 206/695/675
f 206/695/675 449/694/674 450/696/676
f 206/695/675 450/696/676 207/697/677
f 207/697/677 450/696/676 208/698/678
f 208/698/678 450/696/676 451/699/679
f 208/698/678 451/699/679 209/700/680
f 209/700/680 451/699/679 452/701/681
f 209/700/680 452/701/681 210/702/682
f 210/702/682 452/701/681 453/703/683
f 210/702/682 453/703/683 211/704/684
f 211/704/684 453/703/683 454/705/685
f 211/704/684 454/705/685 455/706/686
f 211/704/684 455/706/686 212/707/687
f 212/707/687 455/706/686 456/708/688
f 212/707/687 456/708/688 213/709/689
f 213/709/689 456/708/688 457/710/690
f 213/709/689 457/710/690 214/711/691
f 214/711/691 457/710/690 215/712/692
f 215/712/692 457/710/690 458/713/693
f 215/712/692 458/713/693 216/714/694
f 216/714/694 458/713/693 459/691/671
f 216/714/694 459/691/671 205/693/673
f 132/715/695 449/716/696 121/717/697
f 121/717/697 449/716/696 448/718/698
f 121/719/697 448/720/698 122/721/699
f 122/721/699 448/720/698 459/722/700
f 122/721/699 459/722/700 123/723/701
f 123/723/701 459/722/700 458/724/702
f 123/723/701 458/724/702 124/725/703
f 124/725/703 458/724/702 457/726/704
f 124/725/703 457/726/704 125/727/705
f 125/727/705 457/726/704 456/728/706
f 125/727/705 456/728/706 126/729/707
f 126/729/707 456/728/706 455/730/708
f 126/729/707 455/730/708 127/731/709
f 127/731/709 455/730/708 454/732/710
f 127/731/709 454/732/710 128/733/711
f 128/733/711 454/732/710 453/734/712
f 128/733/711 453/734/712 129/735/713
f 129/735/713 453/734/712 452/736/714
f 129/735/713 452/736/714 130/737/715
f 130/737/715 452/736/714 451/738/716
f 130/737/715 451/738/716 131/739/717
f 131/739/717 451/738/716 450/740/718
f 131/739/717 450/740/718 132/715/695
f 132/715/695 450/740/718 449/716/696
f 471/741/719 460/742/720 181/743/721
f 181/743/721 460/742/720 461/744/722
f 181/743/721 461/744/722 182/745/723
f 182/745/723 461/744/722 462/746/724
f 182/745/723 462/746/724 183/747/725
f 183/747/725 462/746/724 184/748/726
f 184/748/726 462/746/724 463/749/727
f 184/748/726 463/749/727 185/750/728
f 185/750/728 463/749/727 464/751/729
f 185/750/728 464/751/729 186/752/730
f 186/752/730 464/751/729 465/753/731
f 186/752/730 465/753/731 187/754/732
f 187/754/732 465/753/731 466/755/733
f 187/754/732 466/755/733 467/756/734
f 187/754/732 467/756/734 188/757/735
f 188/757/735 467/756/734 468/758/736
f 188/757/735 468/758/736 189/759/737
f 189/759/737 468/758/736 469/760/738
f 189/759/737 469/760/738 190/761/739
f 190/761/739 469/760/738 191/762/740
f 191/762/740 469/760/738 470/763/741
f 191/762/740 470/763/741 192/764/742
f 192/764/742 470/763/741 471/741/719
f 192/764/742 471/741/719 181/743/721
f 60/765/743 461/766/744 49/767/745
f 49/767/745 461/766/744 460/768/746
f 49/769/745 460/770/746 50/771/747
f 50/771/747 460/770/746 471/772/748
f 50/771/747 471/772/748 51/773/749
f 51/773/749 471/772/748 470/774/750
f 51/773/749 470/774/750 52/775/751
f 52/775/751 470/774/750 469/776/752
f 52/775/751 469/776/752 53/777/753
f 53/777/753 469/776/752 468/778/754
f 53/777/753 468/778/754 54/779/755
f 54/779/755 468/778/754 467/780/756
f 54/779/755 467/780/756 55/781/757
f 55/781/757 467/780/756 466/782/758
f 55/781/757 466/782/758 56/783/759
f 56/783/759 466/782/758 465/784/760
f 56/783/759 465/784/760 57/785/761
f 57/785/761 465/784/760 464/786/762
f 57/785/761 464/786/762 58/787/763
f 58/787/763 464/786/762 463/788/764
f 58/787/763 463/788/764 59/789/765
f 59/789/765 463/788/764 462/790/766
f 59/789/765 462/790/766 60/765/743
f 60/765/743 462/790/766 461/766/744
f 483/791/767 472/792/768 157/793/769
f 157/793/769 472/792/768 473/794/770
f 157/793/769 473/794/770 158/795/771
f 158/795/771 473/794/770 474/796/772
f 158/795/771 474/796/772 159/797/773
f 159/797/773 474/796/772 160/798/774
f 160/798/774 474/796/772 475/799/775
f 160/798/774 475/799/775 161/800/776
f 161/800/776 475/799/775 476/801/777
f 161/800/776 476/801/777 162/802/778
f 162/802/778 476/801/777 477/803/779
f 162/802/778 477/803/779 163/804/780
f 163/804/780 477/803/779 478/805/781
f 163/804/780 478/805/781 479/806/782
f 163/804/780 479/806/782 164/807/783
f 164/807/783 479/806/782 480/808/784
f 164/807/783 480/808/784 165/809/785
f 165/809/785 480/808/784 481/810/786
f 165/809/785 481/810/786 166/811/787
f 166/811/787 481/810/786 167/812/788
f 167/812/788 481/810/786 482/813/789
f 167/812/788 482/813/789 168/814/790
f 168/814/790 482/813/789 483/791/767
f 168/814/790 483/791/767 157/793/769
f 144/815/791 473/816/792 133/817/793
f 133/817/793 473/816/792 472/818/794
f 133/819/793 472/820/794 134/821/795
f 134/821/795 472/820/794 483/822/796
f 134/821/795 483/822/796 135/823/797
f 135/823/797 483/822/796 482/824/798
f 135/823/797 482/824/798 136/825/799
f 136/825/799 482/824/798 481/826/800
f 136/825/799 481/826/800 137/827/801
f 137/827/801 481/826/800 480/828/802
f 137/827/801 480/828/802 138/829/803
f 138/829/803 480/828/802 479/830/804
f 138/829/803 479/830/804 139/831/805
f 139/831/805 479/830/804 478/832/806
f 139/831/805 478/832/806 140/833/807
f 140/833/807 478/832/806 477/834/808
f 140/833/807 477/834/808 141/835/809
f 141/835/809 477/834/808 476/836/810
f 141/835/809 476/836/810 142/837/811
f 142/837/811 476/836/810 475/838/812
f 142/837/811 475/838/812 143/839/813
f 143/839/813 475/838/812 474/840/814
f 143/839/813 474/840/814 144/815/791
f 144/815/791 474/840/814 473/816/792
f 108/841/815 495/842/816 97/843/817
f 97/843/817 495/842/816 484/844/818
f 97/843/817 484/844/818 98/845/819
f 98/845/819 484/844/818 485/846/820
f 98/845/819 485/846/820 99/847/821
f 99/847/821 485/846/820 486/848/822
f 99/847/821 486/848/822 100/849/823
f 100/849/823 486/848/822 487/850/824
f 100/849/823 487/850/824 101/851/825
f 101/851/825 487/850/824 488/852/826
f 101/851/825 488/852/826 102/853/827
f 102/853/827 488/852/826 489/854/828
f 102/853/827 489/854/828 103/855/829
f 103/855/829 489/854/828 490/856/830
f 103/857/829 490/858/830 104/859/831
f 104/859/831 490/858/830 491/860/832
f 104/859/831 491/860/832 105/861/833
f 105/861/833 491/860/832 492/862/834
f 105/861/833 492/862/834 106/863/835
f 106/863/835 492/862/834 493/864/836
f 106/863/835 493/864/836 107/865/837
f 107/865/837 493/864/836 494/866/838
f 107/865/837 494/866/838 108/841/815
f 108/841/815 494/866/838 495/842/816
f 497/867/839 485/868/840 496/869/841
f 496/869/841 485/868/840 484/870/842
f 496/869/841 484/870/842 495/871/843
f 485/868/840 497/867/839 486/872/844
f 486/872/844 497/867/839 498/873/845
f 486/872/844 498/873/845 487/874/846
f 487/874/846 498/873/845 499/875/847
f 487/874/846 499/875/847 500/876/848
f 487/874/846 500/876/848 488/877/849
f 488/877/849 500/876/848 501/878/850
f 488/877/849 501/878/850 489/879/851
f 489/879/851 501/878/850 490/880/852
f 490/880/852 501/878/850 502/881/853
f 490/880/852 502/881/853 491/882/854
f 491/882/854 502/881/853 503/883/855
f 491/882/854 503/883/855 492/884/856
f 492/884/856 503/883/855 504/885/857
f 492/884/856 504/885/857 493/886/858
f 493/886/858 504/885/857 505/887/859
f 493/886/858 505/887/859 506/888/860
f 493/886/858 506/888/860 494/889/861
f 494/889/861 506/888/860 507/890/862
f 494/889/861 507/890/862 495/871/843
f 495/871/843 507/890/862 496/869/841
f 507/891/863 405/892/864 496/893/865
f 496/893/865 405/892/864 404/894/866
f 496/893/865 404/894/866 423/895/867
f 506/896/868 407/897/869 507/891/863
f 507/891/863 407/897/869 406/898/870
f 507/891/863 406/898/870 405/892/864
f 407/897/869 506/896/868 408/899/871
f 408/899/871 506/896/868 505/900/872
f 408/899/871 505/900/872 409/901/873
f 409/901/873 505/900/872 410/902/874
f 410/902/874 505/900/872 504/903/875
f 410/902/874 504/903/875 411/904/876
f 411/904/876 504/903/875 412/905/877
f 412/905/877 504/903/875 503/906/878
f 412/905/877 503/906/878 413/907/879
f 413/907/879 503/906/878 414/908/880
f 414/908/880 503/906/878 502/909/881
f 414/908/880 502/909/881 415/910/882
f 415/911/882 502/912/881 416/913/883
f 416/913/883 502/912/881 501/914/884
f 416/913/883 501/914/884 417/915/885
f 417/915/885 501/914/884 500/916/886
f 417/915/885 500/916/886 418/917/887
f 418/917/887 500/916/886 419/918/888
f 419/918/888 500/916/886 499/919/889
f 419/918/888 499/919/889 420/920/890
f 420/920/890 499/919/889 421/921/891
f 421/921/891 499/919/889 498/922/892
f 421/921/891 498/922/892 422/923/893
f 422/923/893 498/922/892 497/924/894
f 422/923/893 497/924/894 423/895/867
f 423/895/867 497/924/894 496/893/865
f 96/925/895 519/926/896 85/927/897
f 85/927/897 519/926/896 508/928/898
f 85/927/897 508/928/898 86/929/899
f 86/929/899 508/928/898 509/930/900
f 86/929/899 509/930/900 87/931/901
f 87/931/901 509/930/900 510/932/902
f 87/931/901 510/932/902 88/933/903
f 88/933/903 510/932/902 511/934/904
f 88/933/903 511/934/904 89/935/905
f 89/935/905 511/934/904 512/936/906
f 89/935/905 512/936/906 90/937/907
f 90/937/907 512/936/906 513/938/908
f 90/937/907 513/938/908 91/939/909
f 91/939/909 513/938/908 514/940/910
f 91/941/909 514/942/910 92/943/911
f 92/943/911 514/942/910 515/944/912
f 92/943/911 515/944/912 93/945/913
f 93/945/913 515/944/912 516/946/914
f 93/945/913 516/946/914 94/947/915
f 94/947/915 516/946/914 517/948/916
f 94/947/915 517/948/916 95/949/917
f 95/949/917 517/948/916 518/950/918
f 95/949/917 518/950/918 96/925/895
f 96/925/895 518/950/918 519/926/896
f 521/951/919 509/952/920 520/953/921
f 520/953/921 509/952/920 508/954/922
f 520/953/921 508/954/922 519/955/923
f 509/952/920 521/951/919 510/956/924
f 510/956/924 521/951/919 522/957/925
f 510/956/924 522/957/925 511/958/926
f 511/958/926 522/957/925 523/959/927
f 511/958/926 523/959/927 524/960/928
f 511/958/926 524/960/928 512/961/929
f 512/961/929 524/960/928 525/962/930
f 512/961/929 525/962/930 513/963/931
f 513/963/931 525/962/930 514/964/932
f 514/964/932 525/962/930 526/965/933
f 514/964/932 526/965/933 515/966/934
f 515/966/934 526/965/933 527/967/935
f 515/966/934 527/967/935 516/968/936
f 516/968/936 527/967/935 528/969/937
f 516/968/936 528/969/937 517/970/938
f 517/970/938 528/969/937 529/971/939
f 517/970/938 529/971/939 530/972/940
f 517/970/938 530/972/940 518/973/941
f 518/973/941 530/972/940 531/974/942
f 518/973/941 531/974/942 519/955/923
f 519/955/923 531/974/942 520/953/921
f 531/975/943 389/976/944 520/977/945
f 520/977/945 389/976/944 388/978/946
f 520/977/945 388/978/946 403/979/947
f 389/976/944 531/975/943 390/980/948
f 390/980/948 531/975/943 530/981/949
f 390/980/948 530/981/949 391/982/950
f 391/982/950 530/981/949 529/983/951
f 391/982/950 529/983/951 392/984/952
f 392/984/952 529/983/951 393/985/953
f 393/985/953 529/983/951 528/986/954
f 393/985/953 528/986/954 394/987/955
f 394/987/955 528/986/954 527/988/956
f 394/987/955 527/988/956 395/989/957
f 395/989/957 527/988/956 526/990/958
f 395/989/957 526/990/958 396/991/959
f 396/992/959 526/993/958 397/994/960
f 397/994/960 526/993/958 525/995/961
f 397/994/960 525/995/961 398/996/962
f 398/996/962 525/995/961 524/997/963
f 398/996/962 524/997/963 399/998/964
f 399/998/964 524/997/963 523/999/965
f 399/998/964 523/999/965 400/1000/966
f 400/1000/966 523/999/965 401/1001/967
f 401/1001/967 523/999/965 522/1002/968
f 401/1001/967 522/1002/968 402/1003/969
f 402/1003/969 522/1002/968 521/1004/970
f 402/1003/969 521/1004/970 403/979/947
f 403/979/947 521/1004/970 520/977/945
f 120/1005/971 543/1006/972 109/1007/973
f 109/1007/973 543/1006/972 532/1008/974
f 109/1007/973 532/1008/974 110/1009/975
f 110/1009/975 532/1008/974 533/1010/976
f 110/1009/975 533/1010/976 111/1011/977
f 111/1011/977 533/1010/976 534/1012/978
f 111/1011/977 534/1012/978 112/1013/979
f 112/1013/979 534/1012/978 535/1014/980
f 112/1013/979 535/1014/980 113/1015/981
f 113/1015/981 535/1014/980 536/1016/982
f 113/1015/981 536/1016/982 114/1017/983
f 114/1017/983 536/1016/982 537/1018/984
f 114/1017/983 537/1018/984 115/1019/985
f 115/1019/985 537/1018/984 538/1020/986
f 115/1021/985 538/1022/986 116/1023/987
f 116/1023/987 538/1022/986 539/1024/988
f 116/1023/987 539/1024/988 117/1025/989
f 117/1025/989 539/1024/988 540/1026/990
f 117/1025/989 540/1026/990 118/1027/991
f 118/1027/991 540/1026/990 541/1028/992
f 118/1027/991 541/1028/992 119/1029/993
f 119/1029/993 541/1028/992 542/1030/994
f 119/1029/993 542/1030/994 120/1005/971
f 120/1005/971 542/1030/994 543/1006/972
f 545/1031/995 533/1032/996 544/1033/997
f 544/1033/997 533/1032/996 532/1034/998
f 544/1033/997 532/1034/998 543/1035/999
f 533/1032/996 545/1031/995 534/1036/1000
f 534/1036/1000 545/1031/995 546/1037/1001
f 534/1036/1000 546/1037/1001 535/1038/1002
f 535/1038/1002 546/1037/1001 547/1039/1003
f 535/1038/1002 547/1039/1003 548/1040/1004
f 535/1038/1002 548/1040/1004 536/1041/1005
f 536/1041/1005 548/1040/1004 549/1042/1006
f 536/1041/1005 549/1042/1006 537/1043/1007
f 537/1043/1007 549/1042/1006 538/1044/1008
f 538/1044/1008 549/1042/1006 550/1045/1009
f 538/1044/1008 550/1045/1009 539/1046/1010
f 539/1046/1010 550/1045/1009 551/1047/1011
f 539/1046/1010 551/1047/1011 540/1048/1012
f 540/1048/1012 551/1047/1011 552/1049/1013
f 540/1048/1012 552/1049/1013 541/1050/1014
f 541/1050/1014 552/1049/1013 553/1051/1015
f 541/1050/1014 553/1051/1015 554/1052/1016
f 541/1050/1014 554/1052/1016 542/1053/1017
f 542/1053/1017 554/1052/1016 555/1054/1018
f 542/1053/1017 555/1054/1018 543/1035/999
f 543/1035/999 555/1054/1018 544/1033/997
f 555/1055/1019 359/1056/1020 544/1057/1021
f 544/1057/1021 359/1056/1020 358/1058/1022
f 544/1057/1021 358/1058/1022 373/1059/1023
f 359/1056/1020 555/1055/1019 360/1060/1024
f 360/1060/1024 555/1055/1019 554/1061/1025
f 360/1060/1024 554/1061/1025 361/1062/1026
f 361/1062/1026 554/1061/1025 553/1063/1027
f 361/1062/1026 553/1063/1027 362/1064/1028
f 362/1064/1028 553/1063/1027 363/1065/1029
f 363/1065/1029 553/1063/1027 552/1066/1030
f 363/1065/1029 552/1066/1030 364/1067/1031
f 364/1067/1031 552/1066/1030 551/1068/1032
f 364/1067/1031 551/1068/1032 365/1069/1033
f 365/1069/1033 551/1068/1032 550/1070/1034
f 365/1069/1033 550/1070/1034 366/1071/1035
f 366/1072/1035 550/1073/1034 367/1074/1036
f 367/1074/1036 550/1073/1034 549/1075/1037
f 367/1074/1036 549/1075/1037 368/1076/1038
f 368/1076/1038 549/1075/1037 548/1077/1039
f 368/1076/1038 548/1077/1039 369/1078/1040
f 369/1078/1040 548/1077/1039 547/1079/1041
f 369/1078/1040 547/1079/1041 370/1080/1042
f 370/1080/1042 547/1079/1041 371/1081/1043
f 371/1081/1043 547/1079/1041 546/1082/1044
f 371/1081/1043 546/1082/1044 372/1083/1045
f 372/1083/1045 546/1082/1044 545/1084/1046
f 372/1083/1045 545/1084/1046 373/1059/1023
f 373/1059/1023 545/1084/1046 544/1057/1021
f 84/1085/1047 567/1086/1048 73/1087/1049
f 73/1087/1049 567/1086/1048 556/1088/1050
f 73/1087/1049 556/1088/1050 74/1089/1051
f 74/1089/1051 556/1088/1050 557/1090/1052
f 74/1089/1051 557/1090/1052 75/1091/1053
f 75/1091/1053 557/1090/1052 558/1092/1054
f 75/1091/1053 558/1092/1054 76/1093/1055
f 76/1093/1055 558/1092/1054 559/1094/1056
f 76/1093/1055 559/1094/1056 77/1095/1057
f 77/1095/1057 559/1094/1056 560/1096/1058
f 77/1095/1057 560/1096/1058 78/1097/1059
f 78/1097/1059 560/1096/1058 561/1098/1060
f 78/1097/1059 561/1098/1060 79/1099/1061
f 79/1099/1061 561/1098/1060 562/1100/1062
f 79/1101/1061 562/1102/1062 80/1103/1063
f 80/1103/1063 562/1102/1062 563/1104/1064
f 80/1103/1063 563/1104/1064 81/1105/1065
f 81/1105/1065 563/1104/1064 564/1106/1066
f 81/1105/1065 564/1106/1066 82/1107/1067
f 82/1107/1067 564/1106/1066 565/1108/1068
f 82/1107/1067 565/1108/1068 83/1109/1069
f 83/1109/1069 565/1108/1068 566/1110/1070
f 83/1109/1069 566/1110/1070 84/1085/1047
f 84/1085/1047 566/1110/1070 567/1086/1048
f 569/1111/1071 557/1112/1072 568/1113/1073
f 568/1113/1073 557/1112/1072 556/1114/1074
f 568/1113/1073 556/1114/1074 567/1115/1075
f 557/1112/1072 569/1111/1071 558/1116/1076
f 558/1116/1076 569/1111/1071 570/1117/1077
f 558/1116/1076 570/1117/1077 559/1118/1078
f 559/1118/1078 570/1117/1077 571/1119/1079
f 559/1118/1078 571/1119/1079 572/1120/1080
f 559/1118/1078 572/1120/1080 560/1121/1081
f 560/1121/1081 572/1120/1080 573/1122/1082
f 560/1121/1081 573/1122/1082 561/1123/1083
f 561/1123/1083 573/1122/1082 562/1124/1084
f 562/1124/1084 573/1122/1082 574/1125/1085
f 562/1124/1084 574/1125/1085 563/1126/1086
f 563/1126/1086 574/1125/1085 575/1127/1087
f 563/1126/1086 575/1127/1087 564/1128/1088
f 564/1128/1088 575/1127/1087 576/1129/1089
f 564/1128/1088 576/1129/1089 565/1130/1090
f 565/1130/1090 576/1129/1089 577/1131/1091
f 565/1130/1090 577/1131/1091 578/1132/1092
f 565/1130/1090 578/1132/1092 566/1133/1093
f 566/1133/1093 578/1132/1092 579/1134/1094
f 566/1133/1093 579/1134/1094 567/1115/1075
f 567/1115/1075 579/1134/1094 568/1113/1073
f 579/1135/1095 339/1136/1096 568/1137/1097
f 568/1137/1097 339/1136/1096 338/1138/1098
f 568/1137/1097 338/1138/1098 357/1139/1099
f 339/1136/1096 579/1135/1095 340/1140/1100
f 340/1140/1100 579/1135/1095 578/1141/1101
f 340/1140/1100 578/1141/1101 341/1142/1102
f 341/1142/1102 578/1141/1101 577/1143/1103
f 341/1142/1102 577/1143/1103 342/1144/1104
f 342/1144/1104 577/1143/1103 343/1145/1105
f 343/1145/1105 577/1143/1103 576/1146/1106
f 343/1145/1105 576/1146/1106 344/1147/1107
f 344/1147/1107 576/1146/1106 345/1148/1108
f 345/1148/1108 576/1146/1106 575/1149/1109
f 345/1148/1108 575/1149/1109 346/1150/1110
f 346/1150/1110 575/1149/1109 574/1151/1111
f 346/1150/1110 574/1151/1111 347/1152/1112
f 347/1152/1112 574/1151/1111 348/1153/1113
f 348/1154/1113 574/1155/1111 573/1156/1114
f 348/1154/1113 573/1156/1114 349/1157/1115
f 349/1157/1115 573/1156/1114 350/1158/1116
f 350/1158/1116 573/1156/1114 572/1159/1117
f 350/1158/1116 572/1159/1117 351/1160/1118
f 351/1160/1118 572/1159/1117 352/1161/1119
f 352/1161/1119 572/1159/1117 571/1162/1120
f 352/1161/1119 571/1162/1120 353/1163/1121
f 353/1163/1121 571/1162/1120 354/1164/1122
f 354/1164/1122 571/1162/1120 570/1165/1123
f 354/1164/1122 570/1165/1123 355/1166/1124
f 355/1166/1124 570/1165/1123 569/1167/1125
f 355/1166/1124 569/1167/1125 356/1168/1126
f 356/1168/1126 569/1167/1125 357/1139/1099
f 357/1139/1099 569/1167/1125 568/1137/1097
f 278/1169/271 9/1170/270 386/1171/1127
f 386/1171/1127 9/1170/270 8/1172/1128
f 386/1171/1127 8/1172/1128 7/1173/1129
f 6/1174/570 374/1175/568 7/1173/1129
f 7/1173/1129 374/1175/568 387/1176/1130
f 7/1173/1129 387/1176/1130 386/1171/1127
f 329/1177/574 15/1178/572 330/1179/1131
f 330/1179/1131 15/1178/572 14/1180/1132
f 330/1179/1131 14/1180/1132 13/1181/1133
f 12/1182/274 287/1183/273 13/1181/1133
f 13/1181/1133 287/1183/273 331/1184/1134
f 13/1181/1133 331/1184/1134 330/1179/1131
f 383/1185/562 33/1186/560 384/1187/1135
f 384/1187/1135 33/1186/560 32/1188/1136
f 384/1187/1135 32/1188/1136 31/1189/1137
f 30/1190/287 282/1191/288 31/1189/1137
f 31/1189/1137 282/1191/288 385/1192/1138
f 31/1189/1137 385/1192/1138 384/1187/1135
f 283/1193/281 27/1194/283 332/1195/1139
f 332/1195/1139 27/1194/283 26/1196/1140
f 332/1195/1139 26/1196/1140 25/1197/1141
f 24/1198/558 334/1199/556 25/1197/1141
f 25/1197/1141 334/1199/556 333/1200/1142
f 25/1197/1141 333/1200/1142 332/1195/1139
f 375/1201/567 5/1202/569 376/1203/1143
f 376/1203/1143 5/1202/569 4/1204/1144
f 376/1203/1143 4/1204/1144 377/1205/1145
f 377/1205/1145 4/1204/1144 3/1206/1146
f 377/1205/1145 3/1206/1146 378/1207/564
f 378/1207/564 3/1206/1146 2/1208/566
f 379/1209/563 1/1210/565 380/1211/1147
f 380/1211/1147 1/1210/565 36/1212/1148
f 380/1211/1147 36/1212/1148 381/1213/1149
f 381/1213/1149 36/1212/1148 35/1214/1150
f 381/1213/1149 35/1214/1150 382/1215/561
f 382/1215/561 35/1214/1150 34/1216/559
f 325/1217/554 19/1218/552 326/1219/1151
f 326/1219/1151 19/1218/552 18/1220/1152
f 326/1219/1151 18/1220/1152 327/1221/1153
f 327/1221/1153 18/1220/1152 17/1222/1154
f 327/1221/1153 17/1222/1154 328/1223/573
f 328/1223/573 17/1222/1154 16/1224/571
f 335/1225/555 23/1226/557 336/1227/1155
f 336/1227/1155 23/1226/557 22/1228/1156
f 336/1227/1155 22/1228/1156 337/1229/1157
f 337/1229/1157 22/1228/1156 21/1230/1158
f 337/1229/1157 21/1230/1158 324/1231/553
f 324/1231/553 21/1230/1158 20/1232/551
# 579 vertices
# 1232 texture params
# 1158 normals
# 1190 facets

# 1 groups
