# WaveFront *.obj file (generated by Autodesk ATF)

mtllib Tip_Support_2.mtl

g Body1

v 51.641016 -7.750000 4.525000
v 51.128516 -7.750000 4.387676
v 50.753340 -7.750000 4.012500
v 50.616016 -7.750000 3.500000
v 50.753340 -7.750000 2.987500
v 51.128516 -7.750000 2.612324
v 51.641016 -7.750000 2.475000
v 52.153516 -7.750000 2.612324
v 52.528692 -7.750000 2.987500
v 52.666016 -7.750000 3.500000
v 52.528692 -7.750000 4.012500
v 52.153516 -7.750000 4.387676
v 50.950341 -2.500000 2.742641
v 50.678502 -2.500000 3.147592
v 50.624595 -2.500000 3.632334
v 50.800825 -2.500000 4.087114
v 51.167290 -2.500000 4.408960
v 51.641016 -2.500000 4.525000
v 52.114742 -2.500000 4.408960
v 52.481208 -2.500000 4.087114
v 52.657438 -2.500000 3.632334
v 52.603530 -2.500000 3.147592
v 52.331691 -2.500000 2.742641
v 52.009620 -2.519873 2.543700
v 51.641016 -2.536481 2.475000
v 51.272413 -2.519873 2.543700
v 51.641016 -7.750000 -2.475000
v 51.128516 -7.750000 -2.612324
v 50.753340 -7.750000 -2.987500
v 50.616016 -7.750000 -3.500000
v 50.753340 -7.750000 -4.012500
v 51.128516 -7.750000 -4.387676
v 51.641016 -7.750000 -4.525000
v 52.153516 -7.750000 -4.387676
v 52.528692 -7.750000 -4.012500
v 52.666016 -7.750000 -3.500000
v 52.528692 -7.750000 -2.987500
v 52.153516 -7.750000 -2.612324
v 52.331691 -2.500000 -2.742641
v 52.603530 -2.500000 -3.147592
v 52.657438 -2.500000 -3.632334
v 52.481208 -2.500000 -4.087114
v 52.114742 -2.500000 -4.408960
v 51.641016 -2.500000 -4.525000
v 51.167290 -2.500000 -4.408960
v 50.800825 -2.500000 -4.087114
v 50.624595 -2.500000 -3.632334
v 50.678502 -2.500000 -3.147592
v 50.950341 -2.500000 -2.742641
v 51.272413 -2.519873 -2.543700
v 51.641016 -2.536481 -2.475000
v 52.009620 -2.519873 -2.543700
v 62.529508 -1.646447 -0.353553
v 62.431917 -1.581592 -0.451351
v 62.343419 -1.555724 -0.572980
v 62.272260 -1.571254 -0.707107
v 61.910972 -1.788026 -0.382683
v 61.816129 -1.844932 -0.195090
v 61.784105 -1.864147 0.000000
v 61.816129 -1.844932 0.195090
v 61.910972 -1.788026 0.382683
v 62.272260 -1.571254 0.707107
v 62.343419 -1.555724 0.572980
v 62.431917 -1.581592 0.451351
v 62.529508 -1.646447 0.353553
v 62.168220 -1.754833 0.191342
v 62.073377 -1.783286 0.097545
v 62.049378 -1.790486 0.049009
v 62.041353 -1.792893 0.000000
v 62.049378 -1.790486 -0.049009
v 62.073377 -1.783286 -0.097545
v 62.168220 -1.754833 -0.191342
v 61.986232 -1.770495 -0.219422
v 61.912344 -1.808919 -0.047112
v 61.935167 -1.797032 0.128160
v 62.096094 -1.713582 0.337178
v 70.141016 -1.646447 0.353553
v 70.141016 -1.775856 0.129410
v 70.141016 -1.775856 -0.129410
v 70.141016 -1.646447 -0.353553
v 66.091184 -1.775856 -0.129410
v 66.091184 -1.775856 0.129410
v 65.029508 0.000000 -2.207107
v 70.141016 0.000000 -2.207107
v 70.141016 0.000000 -4.864181
v 68.780684 0.000000 -6.634083
v 67.044902 0.000000 -8.037692
v 65.029508 0.000000 -8.997508
v 55.585858 -0.500000 -1.707107
v 55.585858 -0.500000 -11.156210
v 53.255713 -0.500000 -11.527574
v 50.916839 -0.500000 -11.839270
v 48.570763 -0.500000 -12.091095
v 48.570763 -0.500000 -1.707107
v 48.570763 -0.500000 1.707107
v 48.570763 -0.500000 12.091095
v 50.916839 -0.500000 11.839270
v 53.255713 -0.500000 11.527574
v 55.585858 -0.500000 11.156210
v 55.585858 -0.500000 1.707107
v 55.670854 -1.000000 11.648933
v 53.328090 -1.000000 12.022308
v 50.976550 -1.000000 12.335692
v 48.617769 -1.000000 12.588881
v 45.175669 -3.358452 12.849449
v 45.175669 -7.750000 12.849449
v 51.736982 -7.750000 12.241039
v 58.238601 -7.750000 11.168686
v 64.647764 -7.750000 9.637796
v 64.647764 -0.809057 9.637796
v 60.516610 -3.274398 10.679535
v 60.179465 -3.399199 10.755599
v 59.822302 -3.399620 10.834855
v 59.482046 -3.274398 10.909100
v 45.175669 -7.750000 -12.849449
v 45.175669 -3.358452 -12.849449
v 48.617769 -1.000000 -12.588881
v 50.976550 -1.000000 -12.335692
v 53.328090 -1.000000 -12.022308
v 55.670854 -1.000000 -11.648933
v 59.482046 -3.274398 -10.909100
v 59.818746 -3.399114 -10.835639
v 60.175077 -3.399810 -10.756579
v 60.516610 -3.274398 -10.679535
v 64.647764 -0.809057 -9.637796
v 64.647764 -7.750000 -9.637796
v 58.238601 -7.750000 -11.168686
v 51.736982 -7.750000 -12.241039
v 70.641016 -7.750000 4.431819
v 70.641016 -7.750000 -4.431819
v 70.641016 -0.500000 -4.431819
v 70.641016 -0.500000 -2.207107
v 70.641016 -2.000000 -0.707107
v 70.641016 -2.258819 -0.258819
v 70.641016 -2.258819 0.258819
v 70.641016 -2.000000 0.707107
v 70.641016 -0.500000 2.207107
v 70.641016 -0.500000 4.431819
v 66.843897 -7.750000 -8.737844
v 68.766094 -7.750000 -7.345697
v 70.306080 -7.750000 -5.539773
v 70.489751 -7.750000 -5.194826
v 70.602835 -7.750000 -4.820747
v 70.602835 -7.750000 4.820747
v 70.489751 -7.750000 5.194826
v 70.306080 -7.750000 5.539773
v 68.766094 -7.750000 7.345697
v 66.843897 -7.750000 8.737844
v 43.176630 -7.750000 12.554459
v 41.457597 -7.750000 11.492339
v 40.299334 -7.750000 9.836561
v 39.891016 -7.750000 7.857558
v 39.891016 -7.750000 -7.857558
v 40.299334 -7.750000 -9.836561
v 41.457597 -7.750000 -11.492339
v 43.176630 -7.750000 -12.554459
v 61.641016 -7.750000 1.025000
v 62.153516 -7.750000 0.887676
v 62.528692 -7.750000 0.512500
v 62.666016 -7.750000 -0.000000
v 62.528692 -7.750000 -0.512500
v 62.153516 -7.750000 -0.887676
v 61.641016 -7.750000 -1.025000
v 61.128516 -7.750000 -0.887676
v 60.753340 -7.750000 -0.512500
v 60.616016 -7.750000 -0.000000
v 60.753340 -7.750000 0.512500
v 61.128516 -7.750000 0.887676
v 65.029508 0.000000 8.997508
v 67.044902 0.000000 8.037692
v 68.780684 0.000000 6.634083
v 70.141016 0.000000 4.864181
v 70.141016 0.000000 2.207107
v 65.029508 0.000000 2.207107
v 48.287110 -0.588246 1.707107
v 46.835497 -1.588246 0.707107
v 46.520827 -1.805019 0.382683
v 46.438222 -1.861925 0.195090
v 46.410330 -1.881139 -0.000000
v 46.438222 -1.861925 -0.195090
v 46.520827 -1.805019 -0.382683
v 46.835497 -1.588246 -0.707107
v 48.287110 -0.588246 -1.707107
v 48.287110 -0.588246 -12.091095
v 44.863551 -2.946698 -12.350259
v 43.064416 -4.186102 -12.084769
v 41.517286 -5.251903 -11.128861
v 40.474849 -5.970026 -9.638660
v 40.107364 -6.223183 -7.857558
v 40.107364 -6.223183 7.857558
v 40.474849 -5.970026 9.638660
v 41.517286 -5.251903 11.128861
v 43.064416 -4.186102 12.084769
v 44.863551 -2.946698 12.350259
v 48.287110 -0.588246 12.091095
v 70.306080 -0.500000 5.539773
v 68.903789 -0.500000 7.216072
v 67.170828 -0.500000 8.547702
v 65.189968 -0.500000 9.471061
v 65.189968 -0.500000 -9.471061
v 67.170828 -0.500000 -8.547702
v 68.903789 -0.500000 -7.216072
v 70.306080 -0.500000 -5.539773
v 43.176630 -4.597856 12.554459
v 41.457597 -5.663657 11.492339
v 40.299334 -6.381780 9.836561
v 39.891016 -6.634937 7.857558
v 39.891016 -6.634937 -7.857558
v 40.299334 -6.381780 -9.836561
v 41.457597 -5.663657 -11.492339
v 43.176630 -4.597856 -12.554459
v 55.843105 -0.571254 -1.707107
v 57.509772 -1.571254 -0.707107
v 57.871060 -1.788026 -0.382683
v 57.965903 -1.844932 -0.195090
v 57.997927 -1.864147 -0.000000
v 57.965903 -1.844932 0.195090
v 57.871060 -1.788026 0.382683
v 57.509772 -1.571254 0.707107
v 55.843105 -0.571254 1.707107
v 55.843105 -0.571254 11.156210
v 59.633768 -2.845651 10.420363
v 59.633768 -2.845651 -10.420363
v 55.843105 -0.571254 -11.156210
v 64.772260 -0.071254 -2.207107
v 64.772260 -0.071254 -8.997508
v 64.257166 -0.380310 -9.155906
v 60.148264 -2.845651 -10.192034
v 60.148264 -2.845651 10.192034
v 64.257166 -0.380310 9.155906
v 64.772260 -0.071254 8.997508
v 64.772260 -0.071254 2.207107
v 70.141016 -0.146447 -1.853553
v 65.029508 -0.146447 -1.853553
v 65.029508 -0.146447 1.853553
v 70.141016 -0.146447 1.853553
v 47.119150 -1.646447 0.353553
v 48.570763 -0.646447 1.353553
v 55.585858 -0.646447 1.353553
v 57.252524 -1.646447 0.353553
v 55.585858 -0.646447 -1.353553
v 48.570763 -0.646447 -1.353553
v 47.119150 -1.646447 -0.353553
v 57.252524 -1.646447 -0.353553
v 48.364410 -0.565136 1.571787
v 48.462197 -0.585200 1.449902
v 47.010584 -1.585200 0.449902
v 46.912797 -1.565136 0.571787
v 48.570763 -0.517037 1.577697
v 48.570763 -0.566987 1.457107
v 48.375063 -0.539890 1.707107
v 48.470901 -0.510074 1.707107
v 48.484700 -0.535851 1.542306
v 46.804480 -1.754833 0.191342
v 46.721875 -1.783286 0.097545
v 46.700972 -1.790486 0.049009
v 46.693983 -1.792893 0.000000
v 46.700972 -1.790486 -0.049009
v 46.721875 -1.783286 -0.097545
v 46.804480 -1.754833 -0.191342
v 47.010584 -1.585200 -0.449902
v 46.912797 -1.565136 -0.571787
v 46.715855 -1.714324 0.343410
v 46.575122 -1.797951 0.143831
v 46.547863 -1.814222 -0.034774
v 46.608598 -1.778012 -0.211094
v 39.991480 -6.334320 7.857558
v 39.916797 -6.476457 7.857558
v 45.063053 -3.197730 12.816185
v 44.963773 -3.062479 12.709081
v 44.893563 -2.974135 12.545111
v 40.207710 -6.171667 9.149697
v 40.739620 -5.807927 10.343713
v 41.458109 -5.316681 11.238751
v 42.542419 -4.575471 12.010811
v 43.807021 -3.711260 12.451002
v 40.143657 -6.269794 9.187860
v 40.689030 -5.905243 10.418859
v 41.425297 -5.413559 11.344139
v 42.538322 -4.671150 12.145464
v 43.841091 -3.803576 12.608809
v 40.104299 -6.387008 9.222789
v 40.665940 -6.024797 10.485298
v 41.425386 -5.535769 11.433172
v 42.573107 -4.798102 12.253437
v 43.914227 -3.938301 12.724536
v 48.502744 -0.837136 12.558908
v 48.398779 -0.700757 12.452862
v 48.322782 -0.613039 12.287987
v 46.681788 -1.881260 12.596987
v 46.606424 -1.790796 12.424663
v 46.788119 -2.023576 12.706526
v 48.375063 -0.539890 12.091095
v 48.470901 -0.510074 12.091095
v 48.422232 -0.522571 4.303104
v 48.422232 -0.522571 6.899101
v 48.422232 -0.522571 9.495098
v 55.585858 -0.517037 1.577697
v 55.585858 -0.566987 1.457107
v 52.078310 -0.538060 1.515765
v 57.438614 -1.555724 0.572980
v 57.350116 -1.581592 0.451351
v 55.683449 -0.581592 1.451351
v 55.771947 -0.555724 1.572980
v 57.613812 -1.754833 0.191342
v 57.708655 -1.783286 0.097545
v 57.732654 -1.790486 0.049009
v 57.740680 -1.792893 -0.000000
v 57.732654 -1.790486 -0.049009
v 57.708655 -1.783286 -0.097545
v 57.613812 -1.754833 -0.191342
v 52.217331 -1.775856 0.129410
v 52.217331 -1.775856 -0.129410
v 48.462197 -0.585200 -1.449902
v 48.364410 -0.565136 -1.571787
v 39.991480 -6.334320 -7.857558
v 39.916797 -6.476457 -7.857558
v 39.948395 -6.402371 2.619186
v 39.948395 -6.402371 -2.619186
v 48.611471 -0.750000 12.522190
v 48.594266 -0.566987 12.339988
v 48.448690 -0.551812 12.276098
v 48.496146 -0.653410 12.443668
v 48.555735 -0.811368 12.553904
v 55.675441 -0.508091 1.707107
v 55.762125 -0.532101 1.707107
v 55.662301 -0.535898 1.537501
v 57.438614 -1.555724 -0.572980
v 57.350116 -1.581592 -0.451351
v 57.685938 -1.713582 0.337178
v 57.846866 -1.797032 0.128160
v 57.869689 -1.808919 -0.047112
v 57.795800 -1.770495 -0.219422
v 48.470901 -0.510074 -1.707107
v 48.375063 -0.539890 -1.707107
v 48.570763 -0.566987 -1.457107
v 48.570763 -0.517037 -1.577697
v 48.484700 -0.535851 -1.542306
v 44.893563 -2.974135 -12.545111
v 44.963773 -3.062479 -12.709081
v 45.063053 -3.197730 -12.816185
v 40.011778 -6.446852 -8.855783
v 40.529502 -6.112869 -10.250596
v 41.425406 -5.535911 -11.433255
v 42.268955 -4.993608 -12.082697
v 43.611285 -4.132508 -12.653962
v 40.053513 -6.330250 -8.830276
v 40.556584 -5.993929 -10.189978
v 41.425259 -5.413810 -11.344363
v 42.243184 -4.868177 -11.978636
v 43.546629 -3.999855 -12.539091
v 40.119972 -6.231712 -8.802406
v 40.610389 -5.896340 -10.121881
v 41.458055 -5.316774 -11.238876
v 42.255169 -4.771877 -11.850496
v 43.521534 -3.906415 -12.385611
v 55.659467 -0.750000 11.582921
v 55.628356 -0.566987 11.402572
v 52.144472 -0.750000 12.120112
v 52.120296 -0.566987 11.938703
v 55.675441 -0.508091 11.156210
v 55.762125 -0.532101 11.156210
v 55.771947 -0.555724 -1.572980
v 55.683449 -0.581592 -1.451351
v 55.585858 -0.566987 -1.457107
v 55.585858 -0.517037 -1.577697
v 52.078310 -0.538060 -1.515765
v 48.470901 -0.510074 -12.091095
v 48.375063 -0.539890 -12.091095
v 48.422232 -0.522571 -4.303104
v 48.422232 -0.522571 -6.899101
v 48.422232 -0.522571 -9.495098
v 48.322782 -0.613039 -12.287987
v 48.398779 -0.700757 -12.452862
v 48.502744 -0.837136 -12.558908
v 46.681156 -1.881694 -12.597034
v 46.787486 -2.024010 -12.706573
v 46.605794 -1.791230 -12.424710
v 64.321280 -0.394223 9.357432
v 64.420095 -0.482668 9.522750
v 64.535856 -0.629755 9.622158
v 65.076662 -0.317136 9.460473
v 64.954607 -0.168204 9.363979
v 64.846449 -0.080839 9.199482
v 64.688639 -0.324667 9.447108
v 64.580872 -0.234350 9.272897
v 64.813373 -0.480956 9.547781
v 55.779671 -0.795773 11.569402
v 55.842070 -0.640458 11.390912
v 55.762125 -0.532101 -1.707107
v 55.675441 -0.508091 -1.707107
v 55.662301 -0.535898 -1.537501
v 48.594266 -0.566987 -12.339988
v 48.611471 -0.750000 -12.522190
v 48.448690 -0.551812 -12.276098
v 48.496146 -0.653410 -12.443668
v 48.555735 -0.811368 -12.553904
v 65.168471 -0.250000 9.407617
v 65.109738 -0.066987 9.234284
v 64.939925 -0.008091 8.997508
v 64.853240 -0.032101 8.997508
v 64.939925 -0.008091 2.207107
v 64.853240 -0.032101 2.207107
v 60.204393 -2.862971 10.392730
v 60.295701 -2.952256 10.558321
v 60.406217 -3.097890 10.659842
v 62.364364 -1.713582 10.064067
v 62.482960 -1.867841 10.167333
v 62.265584 -1.622260 9.889634
v 59.585542 -3.072434 10.827205
v 59.640371 -2.917494 10.650585
v 57.753273 -1.753761 10.979154
v 57.725493 -1.851728 11.138821
v 57.663585 -1.991198 11.250975
v 55.762125 -0.532101 -11.156210
v 55.675441 -0.508091 -11.156210
v 55.628356 -0.566987 -11.402572
v 55.659467 -0.750000 -11.582921
v 52.120296 -0.566987 -11.938703
v 52.144472 -0.750000 -12.120112
v 70.564573 -0.234295 4.979475
v 70.383177 -0.062555 4.930428
v 70.144190 -0.000010 4.865055
v 68.272180 -0.250000 7.686534
v 68.156262 -0.066987 7.544912
v 64.931917 -0.081592 1.951351
v 64.843419 -0.055724 2.072980
v 65.029508 -0.017037 2.077697
v 65.029508 -0.066987 1.957107
v 64.953065 -0.035898 2.037501
v 59.890977 -2.916791 10.307636
v 59.813815 -3.052979 10.695614
v 60.053175 -3.226892 10.747147
v 59.800187 -3.214390 10.805825
v 60.015762 -3.056837 10.639097
v 59.970655 -2.946708 10.472313
v 59.804424 -2.943375 10.533440
v 55.842070 -0.640458 -11.390912
v 55.779671 -0.795773 -11.569402
v 70.574029 -0.250000 2.207107
v 70.391016 -0.066987 2.207107
v 70.141016 -0.017037 2.077697
v 70.141016 -0.066987 1.957107
v 67.585262 -0.038060 2.015765
v 59.891436 -2.916787 -10.307432
v 59.891091 -2.916905 5.210181
v 59.891207 -2.916905 -0.000000
v 59.891323 -2.916905 -5.210181
v 59.640371 -2.917494 -10.650585
v 59.585542 -3.072434 -10.827205
v 57.726359 -1.852247 -11.138652
v 57.664453 -1.991717 -11.250806
v 57.754138 -1.754279 -10.978985
v 70.574029 -0.323223 2.030330
v 70.391016 -0.193814 1.900921
v 70.391016 -0.099948 2.041400
v 70.574029 -0.269030 2.111436
v 60.204393 -2.862971 -10.392730
v 60.295701 -2.952256 -10.558321
v 60.406217 -3.097890 -10.659842
v 59.917854 -3.229660 -10.778626
v 60.174932 -3.205785 -10.718631
v 59.908085 -3.062404 -10.669382
v 60.111874 -3.037048 -10.611733
v 59.882050 -2.951230 -10.505124
v 60.049697 -2.930421 -10.442536
v 70.574029 -1.823223 0.530330
v 70.391016 -1.693814 0.400921
v 64.931917 -0.081592 -1.951351
v 64.843419 -0.055724 -2.072980
v 64.321280 -0.394223 -9.357432
v 64.420095 -0.482668 -9.522750
v 64.535856 -0.629755 -9.622158
v 62.363336 -1.714198 -10.064326
v 62.481931 -1.868456 -10.167592
v 62.264558 -1.622875 -9.889892
v 70.574029 -1.823223 -0.530330
v 70.391016 -1.693814 -0.400921
v 70.574029 -2.017338 0.194114
v 70.391016 -1.840561 0.146747
v 70.574029 -2.017338 -0.194114
v 70.391016 -1.840561 -0.146747
v 65.029508 -0.066987 -1.957107
v 65.029508 -0.017037 -2.077697
v 64.939925 -0.008091 -2.207107
v 64.853240 -0.032101 -2.207107
v 64.953065 -0.035898 -2.037501
v 64.939925 -0.008091 -8.997508
v 64.853240 -0.032101 -8.997508
v 64.846449 -0.080839 -9.199482
v 64.954607 -0.168204 -9.363979
v 65.076662 -0.317136 -9.460473
v 64.688444 -0.324781 -9.447166
v 64.813177 -0.481070 -9.547840
v 64.580682 -0.234463 -9.272954
v 70.574029 -0.323223 -2.030330
v 70.391016 -0.193814 -1.900921
v 70.141016 -0.066987 -1.957107
v 70.141016 -0.017037 -2.077697
v 67.585262 -0.038060 -2.015765
v 65.109738 -0.066987 -9.234284
v 65.168471 -0.250000 -9.407617
v 70.574029 -0.250000 -2.207107
v 70.391016 -0.066987 -2.207107
v 70.391016 -0.099948 -2.041400
v 70.574029 -0.269030 -2.111436
v 70.144190 -0.000010 -4.865055
v 70.383177 -0.062555 -4.930428
v 70.564573 -0.234295 -4.979475
v 68.272180 -0.250000 -7.686534
v 68.156262 -0.066987 -7.544912
v 61.177256 -4.560637 0.914085
v 61.476850 -4.380880 1.011768
v 61.791961 -4.191814 1.013825
v 62.092806 -4.011307 0.920060
v 62.350950 -3.856421 0.739337
v 62.480398 -3.799126 0.588271
v 62.581510 -3.784026 0.407550
v 62.666016 -3.794902 0.000024
v 62.581529 -3.784024 -0.407506
v 62.480413 -3.799121 -0.588250
v 62.350950 -3.856421 -0.739337
v 62.092806 -4.011307 -0.920060
v 61.791961 -4.191814 -1.013825
v 61.476850 -4.380880 -1.011768
v 61.177256 -4.560637 -0.914085
v 60.954919 -4.679217 -0.761377
v 60.776095 -4.754986 -0.549998
v 60.656980 -4.796675 -0.286857
v 60.616016 -4.809471 -0.000000
v 60.656980 -4.796675 0.286857
v 60.776095 -4.754986 0.549998
v 60.954919 -4.679217 0.761377
v 62.219317 -3.935400 0.000000
v 62.438213 -3.837295 -0.025718
vt 0.000000 -0.053669 0.000000
vt 0.525000 -0.049245 0.000000
vt 0.000000 0.000000 0.000000
vt 0.525000 -0.000000 0.000000
vt 0.525000 0.049245 0.000000
vt 0.525000 -0.098491 0.000000
vt 0.000000 -0.107338 0.000000
vt 0.525000 -0.147736 0.000000
vt 0.000000 -0.161007 0.000000
vt 0.525000 -0.196982 0.000000
vt 0.000000 -0.214675 0.000000
vt 0.525000 -0.246227 0.000000
vt 0.000000 -0.268344 0.000000
vt 0.523013 -0.284304 0.000000
vt 0.000000 -0.322013 0.000000
vt 0.521352 -0.322013 0.000000
vt 0.521352 0.322013 0.000000
vt 0.000000 0.322013 0.000000
vt 0.523013 0.284304 0.000000
vt 0.000000 0.268344 0.000000
vt 0.525000 0.246227 0.000000
vt 0.000000 0.214675 0.000000
vt 0.525000 0.196982 0.000000
vt 0.000000 0.161007 0.000000
vt 0.525000 0.147736 0.000000
vt 0.000000 0.107338 0.000000
vt 0.525000 0.098491 0.000000
vt 0.000000 0.053669 0.000000
vt 0.000000 -0.053669 0.000000
vt 0.523013 -0.037710 0.000000
vt 0.000000 0.000000 0.000000
vt 0.521352 0.000000 0.000000
vt 0.523013 0.037710 0.000000
vt 0.525000 -0.075786 0.000000
vt 0.000000 -0.107338 0.000000
vt 0.525000 -0.125032 0.000000
vt 0.000000 -0.161007 0.000000
vt 0.525000 -0.174277 0.000000
vt 0.000000 -0.214675 0.000000
vt 0.525000 -0.223522 0.000000
vt 0.000000 -0.268344 0.000000
vt 0.525000 -0.272768 0.000000
vt 0.000000 -0.322013 0.000000
vt 0.525000 -0.322013 0.000000
vt 0.525000 0.322013 0.000000
vt 0.000000 0.322013 0.000000
vt 0.525000 0.272768 0.000000
vt 0.000000 0.268344 0.000000
vt 0.525000 0.223522 0.000000
vt 0.000000 0.214675 0.000000
vt 0.525000 0.174277 0.000000
vt 0.000000 0.161007 0.000000
vt 0.525000 0.125032 0.000000
vt 0.000000 0.107338 0.000000
vt 0.525000 0.075786 0.000000
vt 0.000000 0.053669 0.000000
vt 0.519596 0.000000 0.000000
vt 0.519596 0.009134 0.000000
vt 0.490662 0.000094 0.000000
vt 0.484262 0.013505 0.000000
vt 0.476288 0.000084 0.000000
vt 0.466595 0.013505 0.000000
vt 0.469092 0.000033 0.000000
vt 0.448928 0.013505 0.000000
vt 0.454634 0.000033 0.000000
vt 0.447437 0.000084 0.000000
vt 0.426529 0.013505 0.000000
vt 0.433063 0.000094 0.000000
vt 0.404130 0.009134 0.000000
vt 0.404130 0.000000 0.000000
vt 0.519596 0.018053 0.000000
vt 0.490693 0.027298 0.000000
vt 0.476305 0.027294 0.000000
vt 0.519596 0.027187 0.000000
vt 0.461863 0.027187 0.000000
vt 0.447421 0.027294 0.000000
vt 0.433032 0.027298 0.000000
vt 0.404130 0.027187 0.000000
vt 0.404130 0.018053 0.000000
vt 0.461863 0.000000 0.000000
vt 8.918823 -0.117810 0.000000
vt 9.679974 -0.117810 0.000000
vt 9.323806 -0.091630 0.000000
vt 9.716103 -0.098175 0.000000
vt 9.725587 -0.088357 0.000000
vt 9.727987 -0.083449 0.000000
vt 9.728789 -0.078540 0.000000
vt 9.323806 -0.065450 0.000000
vt 9.727987 -0.073631 0.000000
vt 9.725587 -0.068722 0.000000
vt 9.716103 -0.058905 0.000000
vt 8.918823 -0.039270 0.000000
vt 8.918823 -0.065450 0.000000
vt 9.679974 -0.039270 0.000000
vt 8.918823 -0.091630 0.000000
vt -1.520911 1.025000 0.000000
vt -1.786618 1.025000 0.000000
vt -1.520911 0.513849 0.000000
vt -1.963608 0.888967 0.000000
vt -2.103969 0.715389 0.000000
vt -2.199951 0.513849 0.000000
vt -2.415821 -0.430516 0.000000
vt -2.452957 -0.663530 0.000000
vt -1.470911 -0.430516 0.000000
vt -1.470911 -1.132025 0.000000
vt -2.484127 -0.897418 0.000000
vt -2.509310 -1.132025 0.000000
vt -0.091090 -1.132025 0.000000
vt -0.116273 -0.897418 0.000000
vt -1.129489 -1.132025 0.000000
vt -0.147443 -0.663530 0.000000
vt -1.129489 -0.430516 0.000000
vt -0.184579 -0.430516 0.000000
vt -14.787548 27.813749 0.000000
vt -15.462548 27.974358 0.000000
vt -14.787548 27.576509 0.000000
vt -15.462548 27.315274 0.000000
vt -15.014988 27.188248 0.000000
vt -15.027510 27.153421 0.000000
vt -15.027468 27.116836 0.000000
vt -15.462548 26.656189 0.000000
vt -15.014988 27.082274 0.000000
vt -14.768453 26.656189 0.000000
vt -14.787548 28.050988 0.000000
vt -14.787548 28.288228 0.000000
vt -15.462548 28.633443 0.000000
vt -15.023393 28.633443 0.000000
vt -15.023393 0.528751 0.000000
vt -14.787548 0.873966 0.000000
vt -15.462548 0.528751 0.000000
vt -15.462548 1.187836 0.000000
vt -14.787548 1.111205 0.000000
vt -14.787548 1.348445 0.000000
vt -14.787548 1.585684 0.000000
vt -15.462548 1.846920 0.000000
vt -15.014988 1.973946 0.000000
vt -15.027459 2.008408 0.000000
vt -15.027529 2.044908 0.000000
vt -15.014988 2.079920 0.000000
vt -15.462548 2.506005 0.000000
vt -14.768453 2.506005 0.000000
vt 1.743382 -0.387500 0.000000
vt 1.274318 0.161618 0.000000
vt 0.857018 -0.387500 0.000000
vt 1.229489 0.187500 0.000000
vt 0.857018 0.337500 0.000000
vt 1.079489 0.337500 0.000000
vt 1.743382 0.337500 0.000000
vt 1.370911 0.187500 0.000000
vt 1.326082 0.161618 0.000000
vt 1.520911 0.337500 0.000000
vt 0.397259 -2.417069 0.000000
vt 1.038175 -2.263980 0.000000
vt 0.737500 -1.402700 0.000000
vt 1.257788 -2.173984 0.000000
vt 0.788750 -1.388968 0.000000
vt 1.450008 -2.034770 0.000000
vt 1.604006 -1.854177 0.000000
vt 1.622373 -1.819683 0.000000
vt 1.633682 -1.782275 0.000000
vt 1.637500 -1.743382 0.000000
vt 0.826268 -1.351450 0.000000
vt 0.840000 -1.300200 0.000000
vt 1.637500 -0.857018 0.000000
vt 0.826268 -1.248950 0.000000
vt 0.788750 -1.211432 0.000000
vt 1.604006 -0.746223 0.000000
vt 1.450008 -0.565630 0.000000
vt 1.633682 -0.818125 0.000000
vt 1.622373 -0.780717 0.000000
vt 1.257788 -0.426416 0.000000
vt 0.737500 -1.197700 0.000000
vt 1.038175 -0.336420 0.000000
vt 0.397259 -0.183331 0.000000
vt -0.252903 -0.076096 0.000000
vt -0.211250 -0.861432 0.000000
vt -0.173732 -0.898950 0.000000
vt 0.686250 -1.211432 0.000000
vt -0.160000 -0.950200 0.000000
vt 0.648732 -1.248950 0.000000
vt -0.173732 -1.001450 0.000000
vt 0.635000 -1.300200 0.000000
vt -0.211250 -1.038968 0.000000
vt -0.211250 -1.561432 0.000000
vt -0.262500 -1.547700 0.000000
vt -0.262500 -1.052700 0.000000
vt -0.313750 -1.561432 0.000000
vt -0.313750 -1.038968 0.000000
vt -0.351268 -1.001450 0.000000
vt -0.909035 -0.015255 0.000000
vt -0.313750 -0.861432 0.000000
vt -0.262500 -0.847700 0.000000
vt -1.108939 -0.044754 0.000000
vt -1.280842 -0.150966 0.000000
vt -1.396668 -0.316544 0.000000
vt -1.437500 -0.514444 0.000000
vt -1.437500 -2.085956 0.000000
vt -0.365000 -0.950200 0.000000
vt -0.351268 -0.898950 0.000000
vt -1.396668 -2.283856 0.000000
vt -0.909035 -2.585145 0.000000
vt -0.313750 -1.738968 0.000000
vt -0.351268 -1.701450 0.000000
vt -1.280842 -2.449434 0.000000
vt -1.108939 -2.555646 0.000000
vt -0.252903 -2.524304 0.000000
vt -0.262500 -1.752700 0.000000
vt -0.211250 -1.738968 0.000000
vt -0.173732 -1.701450 0.000000
vt 0.686250 -1.388968 0.000000
vt -0.160000 -1.650200 0.000000
vt 0.648732 -1.351450 0.000000
vt -0.173732 -1.598950 0.000000
vt -0.365000 -1.650200 0.000000
vt -0.351268 -1.598950 0.000000
vt -0.400449 0.513849 0.000000
vt -0.496431 0.715389 0.000000
vt -1.079489 0.513849 0.000000
vt -0.636792 0.888967 0.000000
vt -0.813782 1.025000 0.000000
vt -1.079489 1.025000 0.000000
vt -0.579363 -1.129489 0.000000
vt -0.403091 -1.229489 0.000000
vt -0.579363 -0.091090 0.000000
vt -0.163634 -0.065174 0.000000
vt -0.364880 -1.261932 0.000000
vt -0.354849 -1.280691 0.000000
vt 0.054839 -0.091723 0.000000
vt -0.351462 -1.300200 0.000000
vt 0.242709 -0.187314 0.000000
vt 0.413919 -0.514444 0.000000
vt 0.369294 -0.336334 0.000000
vt -0.354849 -1.319709 0.000000
vt 0.054839 -2.508677 0.000000
vt 0.242709 -2.413086 0.000000
vt 0.413919 -2.085956 0.000000
vt 0.369294 -2.264066 0.000000
vt -0.163634 -2.535226 0.000000
vt -0.364880 -1.338468 0.000000
vt -0.403091 -1.370911 0.000000
vt -0.579363 -1.470911 0.000000
vt -0.579363 -2.509310 0.000000
vt -14.768453 2.871625 0.000000
vt -15.462548 2.871625 0.000000
vt -14.737548 2.814891 0.000000
vt -15.462548 2.633727 0.000000
vt -14.737548 2.595904 0.000000
vt -15.462548 2.395829 0.000000
vt -14.737548 2.376917 0.000000
vt -15.462548 2.157930 0.000000
vt -14.737548 2.157930 0.000000
vt -14.737548 0.545688 0.000000
vt -15.462548 0.507866 0.000000
vt -14.737548 0.326701 0.000000
vt -15.462548 0.269968 0.000000
vt -14.768453 0.269968 0.000000
vt -15.462548 0.745764 0.000000
vt -14.737548 0.764675 0.000000
vt -15.462548 0.983662 0.000000
vt -14.737548 0.983662 0.000000
vt -15.023393 1.542316 0.000000
vt -15.147333 1.745785 0.000000
vt -15.462548 1.542316 0.000000
vt -15.462548 1.745785 0.000000
vt -15.253913 1.949255 0.000000
vt -15.462548 1.949255 0.000000
vt -15.325726 2.152725 0.000000
vt -15.462548 2.152725 0.000000
vt -15.351041 2.356194 0.000000
vt -15.462548 2.356194 0.000000
vt 0.785756 -15.351041 0.000000
vt -0.785756 -15.351041 0.000000
vt 0.785756 -15.462548 0.000000
vt -0.785756 -15.462548 0.000000
vt -15.462548 -0.785398 0.000000
vt -15.351041 -0.785398 0.000000
vt -15.462548 -0.581928 0.000000
vt -15.325726 -0.581928 0.000000
vt -15.462548 -0.378459 0.000000
vt -15.253913 -0.378459 0.000000
vt -15.462548 -0.174989 0.000000
vt -15.147333 -0.174989 0.000000
vt -15.462548 0.028481 0.000000
vt -15.023393 0.028481 0.000000
vt 0.180516 15.762214 0.000000
vt -0.013849 15.862214 0.000000
vt 0.180516 14.817304 0.000000
vt -0.261548 14.890888 0.000000
vt -0.055982 15.894656 0.000000
vt -0.067043 15.913416 0.000000
vt -0.070777 15.932925 0.000000
vt -0.261548 16.974961 0.000000
vt -0.067043 15.952434 0.000000
vt -0.055982 15.971193 0.000000
vt -0.013849 16.003635 0.000000
vt 0.180516 17.048546 0.000000
vt 0.180516 16.103635 0.000000
vt 0.055982 15.971193 0.000000
vt 0.261548 16.952128 0.000000
vt 0.013849 16.003635 0.000000
vt -0.217629 16.848515 0.000000
vt -0.277698 16.153635 0.000000
vt -0.277698 16.832676 0.000000
vt 0.067043 15.952434 0.000000
vt 0.070777 15.932925 0.000000
vt 0.261548 14.913721 0.000000
vt 0.067043 15.913416 0.000000
vt 0.055982 15.894656 0.000000
vt 0.013849 15.862214 0.000000
vt -0.217629 15.017334 0.000000
vt -0.277698 15.712214 0.000000
vt -0.277698 15.033174 0.000000
vt 0.091421 -9.679974 0.000000
vt 0.091421 -8.918823 0.000000
vt -0.120711 -9.429974 0.000000
vt -0.120711 -8.918823 0.000000
vt -0.091421 -9.679974 0.000000
vt 0.120711 -9.429974 0.000000
vt -0.091421 -8.918823 0.000000
vt 0.120711 -8.918823 0.000000
vt 0.050000 -11.075848 0.000000
vt 0.050000 -10.374339 0.000000
vt -0.091421 -11.221010 0.000000
vt -0.091421 -10.207672 0.000000
vt -0.050000 -11.075848 0.000000
vt 0.091421 -11.221010 0.000000
vt -0.050000 -10.374339 0.000000
vt 0.091421 -10.207672 0.000000
vt -0.256069 -0.157080 0.000000
vt -0.053407 -0.157080 0.000000
vt -0.256069 -0.141259 0.000000
vt -0.053407 -0.141259 0.000000
vt -0.053407 -0.125439 0.000000
vt -0.053407 -0.109618 0.000000
vt -0.256069 -0.109618 0.000000
vt -0.256069 -0.125439 0.000000
vt -0.039270 0.000000 0.000000
vt -0.052360 0.000000 0.000000
vt -0.038272 -0.006413 0.000000
vt -0.054809 -0.008824 0.000000
vt -0.035425 -0.012374 0.000000
vt -0.046899 -0.017648 0.000000
vt -0.031078 -0.017648 0.000000
vt -0.065450 -0.000000 0.000000
vt -0.078540 -0.000000 0.000000
vt -0.078540 -0.008824 0.000000
vt -0.062719 -0.017648 0.000000
vt 0.517835 0.030392 0.000000
vt 0.489041 0.030498 0.000000
vt 0.517835 0.020176 0.000000
vt 0.481803 0.015124 0.000000
vt 0.517835 0.010216 0.000000
vt 0.489013 0.000092 0.000000
vt 0.517835 -0.000000 0.000000
vt 0.474696 0.030493 0.000000
vt 0.463787 0.015124 0.000000
vt 0.474682 0.000077 0.000000
vt 0.467504 0.000029 0.000000
vt 0.445771 0.015124 0.000000
vt 0.453091 0.000029 0.000000
vt 0.445913 0.000077 0.000000
vt 0.424266 0.015124 0.000000
vt 0.431583 0.000092 0.000000
vt 0.402761 0.010216 0.000000
vt 0.402761 0.000000 0.000000
vt 0.460298 0.030392 0.000000
vt 0.445900 0.030493 0.000000
vt 0.431555 0.030498 0.000000
vt 0.402761 0.020176 0.000000
vt 0.402761 0.030392 0.000000
vt 0.460298 0.000000 0.000000
vt 3.094621 0.000855 0.000000
vt 3.308624 0.000000 0.000000
vt 3.159881 0.014857 0.000000
vt 3.308624 0.020263 0.000000
vt 3.159881 0.029714 0.000000
vt 3.308624 0.040000 0.000000
vt 3.159881 0.045000 0.000000
vt 3.308624 0.060263 0.000000
vt 3.094600 0.060287 0.000000
vt 3.011138 0.045000 0.000000
vt 2.880049 0.060263 0.000000
vt 2.880049 0.045000 0.000000
vt 2.727550 0.045000 0.000000
vt 2.880049 0.029714 0.000000
vt 2.727550 0.029714 0.000000
vt 2.880049 0.014857 0.000000
vt 2.727550 0.014857 0.000000
vt 2.880049 -0.000000 0.000000
vt 2.665641 0.000557 0.000000
vt 2.575050 0.014857 0.000000
vt 2.451473 0.000000 0.000000
vt 2.451473 0.015687 0.000000
vt 2.575050 0.029714 0.000000
vt 2.451473 0.030131 0.000000
vt 2.451473 0.044575 0.000000
vt 2.575050 0.045000 0.000000
vt 2.451473 0.060263 0.000000
vt 2.665651 0.060287 0.000000
vt 3.011138 0.014857 0.000000
vt 3.011138 0.029714 0.000000
vt 51.866756 0.000000 0.000000
vt 52.284425 0.000000 0.000000
vt 52.075672 0.021341 0.000000
vt 52.284425 0.022221 0.000000
vt 52.075672 0.042682 0.000000
vt 52.284425 0.042682 0.000000
vt 52.284425 0.063142 0.000000
vt 52.075672 0.064022 0.000000
vt 52.284425 0.085363 0.000000
vt 51.866756 0.085363 0.000000
vt 51.866756 0.063118 0.000000
vt 51.866756 0.042682 0.000000
vt 51.866756 0.022245 0.000000
vt -1.129489 0.068486 0.000000
vt -0.869890 0.063459 0.000000
vt -1.129489 0.078540 0.000000
vt -0.610290 0.063459 0.000000
vt -0.350690 0.063459 0.000000
vt -0.091090 0.048378 0.000000
vt -0.091090 0.058432 0.000000
vt -1.129489 0.058432 0.000000
vt -1.129489 0.048378 0.000000
vt -0.091090 0.068486 0.000000
vt -0.091090 0.078540 0.000000
vt -1.132025 0.104720 0.000000
vt -0.781271 0.098175 0.000000
vt -1.132025 0.117810 0.000000
vt -0.430516 0.104720 0.000000
vt -0.430516 0.117810 0.000000
vt -1.132025 0.091630 0.000000
vt -0.430516 0.078540 0.000000
vt -0.430516 0.091630 0.000000
vt -1.132025 0.078540 0.000000
vt -7.942709 -0.157080 0.000000
vt -7.724128 -0.157080 0.000000
vt -7.942709 -0.141757 0.000000
vt -7.724128 -0.141757 0.000000
vt -7.724128 -0.126435 0.000000
vt -7.724128 -0.111112 0.000000
vt -7.942709 -0.111112 0.000000
vt -7.942709 -0.126435 0.000000
vt 11.252477 -0.098175 0.000000
vt 10.711192 -0.091630 0.000000
vt 11.221010 -0.117810 0.000000
vt 10.171544 -0.098175 0.000000
vt 10.207672 -0.117810 0.000000
vt 11.260737 -0.088357 0.000000
vt 11.262828 -0.083449 0.000000
vt 11.263527 -0.078540 0.000000
vt 10.711192 -0.065450 0.000000
vt 11.262828 -0.073631 0.000000
vt 11.260737 -0.068722 0.000000
vt 11.252477 -0.058905 0.000000
vt 10.207672 -0.039270 0.000000
vt 10.171544 -0.058905 0.000000
vt 11.221010 -0.039270 0.000000
vt 10.162059 -0.068722 0.000000
vt 10.159659 -0.073631 0.000000
vt 10.158857 -0.078540 0.000000
vt 10.159659 -0.083449 0.000000
vt 10.162059 -0.088357 0.000000
vt 7.898447 -0.000000 0.000000
vt 8.101109 -0.000000 0.000000
vt 7.898447 0.015821 0.000000
vt 8.101109 0.015821 0.000000
vt 8.101109 0.031641 0.000000
vt 8.101109 0.047462 0.000000
vt 7.898447 0.047462 0.000000
vt 7.898447 0.031641 0.000000
vt -0.785756 -0.173206 0.000000
vt -0.261919 -0.181269 0.000000
vt -0.785756 -0.157080 0.000000
vt 0.261919 -0.181269 0.000000
vt 0.785756 -0.173206 0.000000
vt 0.785756 -0.189332 0.000000
vt 0.785756 -0.205458 0.000000
vt -0.785756 -0.189332 0.000000
vt -0.785756 -0.205458 0.000000
vt 0.785756 -0.157080 0.000000
vt -0.026180 0.056998 0.000000
vt 0.000000 0.056998 0.000000
vt -0.017634 0.067905 0.000000
vt 0.000939 0.064263 0.000000
vt 0.001840 0.071532 0.000000
vt 0.002668 0.078811 0.000000
vt -0.017634 0.078811 0.000000
vt -0.037936 0.078811 0.000000
vt -0.037936 0.067905 0.000000
vt -0.052360 0.056998 0.000000
vt -0.058238 0.067905 0.000000
vt -0.078540 0.067905 0.000000
vt -0.058238 0.078811 0.000000
vt -0.078540 0.078811 0.000000
vt -0.032572 0.015609 0.000000
vt -0.047895 0.015609 0.000000
vt -0.036155 0.010859 0.000000
vt -0.055556 0.007804 0.000000
vt -0.038467 0.005592 0.000000
vt -0.052360 0.000000 0.000000
vt -0.039270 0.000000 0.000000
vt -0.063217 0.015609 0.000000
vt -0.078540 0.015609 0.000000
vt -0.078540 0.007804 0.000000
vt -0.065450 0.000000 0.000000
vt 0.202132 0.027093 0.000000
vt 0.173199 0.027187 0.000000
vt 0.195597 0.013681 0.000000
vt 0.173199 0.018053 0.000000
vt 0.173199 0.009134 0.000000
vt 0.173199 0.000000 0.000000
vt 0.202101 -0.000111 0.000000
vt 0.216489 -0.000108 0.000000
vt 0.230931 0.000000 0.000000
vt 0.217996 0.013681 0.000000
vt 0.235663 0.013681 0.000000
vt 0.245373 -0.000108 0.000000
vt 0.259762 -0.000111 0.000000
vt 0.288664 0.000000 0.000000
vt 0.288664 0.009134 0.000000
vt 0.253330 0.013681 0.000000
vt 0.245357 0.027102 0.000000
vt 0.238161 0.027154 0.000000
vt 0.288664 0.018053 0.000000
vt 0.259731 0.027093 0.000000
vt 0.288664 0.027187 0.000000
vt 0.230931 0.027187 0.000000
vt 0.223702 0.027154 0.000000
vt 0.216506 0.027102 0.000000
vt -0.039270 -0.071785 0.000000
vt -0.038272 -0.065372 0.000000
vt -0.052360 -0.071785 0.000000
vt -0.054809 -0.062961 0.000000
vt -0.065450 -0.071785 0.000000
vt -0.078540 -0.062961 0.000000
vt -0.035425 -0.059411 0.000000
vt -0.046899 -0.054137 0.000000
vt -0.062719 -0.054137 0.000000
vt -0.031078 -0.054137 0.000000
vt -0.078540 -0.054137 0.000000
vt 0.214029 0.060287 0.000000
vt 0.000000 0.060263 0.000000
vt 0.108085 0.045017 0.000000
vt 0.000000 0.040000 0.000000
vt 0.108085 0.029747 0.000000
vt 0.000000 0.020263 0.000000
vt 0.108085 0.014874 0.000000
vt 0.000000 0.000000 0.000000
vt 0.214007 0.000855 0.000000
vt 0.268334 0.014874 0.000000
vt 0.428583 0.000000 0.000000
vt 0.428583 0.014874 0.000000
vt 0.543589 0.014874 0.000000
vt 0.428583 0.029747 0.000000
vt 0.543589 0.029747 0.000000
vt 0.428583 0.045017 0.000000
vt 0.543589 0.045017 0.000000
vt 0.428583 0.060263 0.000000
vt 0.642985 0.060287 0.000000
vt 0.700377 0.045017 0.000000
vt 0.857166 0.060263 0.000000
vt 0.857166 0.044575 0.000000
vt 0.700377 0.029747 0.000000
vt 0.857166 0.030131 0.000000
vt 0.857166 0.015687 0.000000
vt 0.700377 0.014874 0.000000
vt 0.857166 0.000000 0.000000
vt 0.642994 0.000557 0.000000
vt 0.268334 0.045017 0.000000
vt 0.268334 0.029747 0.000000
vt 0.078540 28.243599 0.000000
vt 0.052360 28.243599 0.000000
vt 0.078540 28.006734 0.000000
vt 0.052360 27.888301 0.000000
vt 0.078540 27.769869 0.000000
vt 0.052360 27.533004 0.000000
vt 0.078540 27.533004 0.000000
vt 0.026180 28.243599 0.000000
vt 0.026180 27.888301 0.000000
vt 0.026180 27.533004 0.000000
vt -0.000000 27.769869 0.000000
vt -0.000000 27.533004 0.000000
vt -0.000000 28.243599 0.000000
vt -0.000000 28.006734 0.000000
vt 17.048546 0.105561 0.000000
vt 16.103635 0.105561 0.000000
vt 17.048546 0.096554 0.000000
vt 16.103635 0.096554 0.000000
vt 17.048546 0.087547 0.000000
vt 16.103635 0.087547 0.000000
vt 17.048546 0.078540 0.000000
vt 16.103635 0.078540 0.000000
vt -7.050628 0.045967 0.000000
vt -7.269210 0.045967 0.000000
vt -7.050628 0.030645 0.000000
vt -7.269210 0.030645 0.000000
vt -7.269210 0.015322 0.000000
vt -7.269210 -0.000000 0.000000
vt -7.050628 -0.000000 0.000000
vt -7.050628 0.015322 0.000000
vt 11.075848 0.091630 0.000000
vt 10.725094 0.098175 0.000000
vt 11.075848 0.078540 0.000000
vt 10.374339 0.091630 0.000000
vt 10.374339 0.078540 0.000000
vt 11.075848 0.104720 0.000000
vt 10.374339 0.117810 0.000000
vt 10.374339 0.104720 0.000000
vt 11.075848 0.117810 0.000000
vt -1.470911 0.058432 0.000000
vt -1.730510 0.063459 0.000000
vt -1.470911 0.048378 0.000000
vt -1.990110 0.063459 0.000000
vt -2.249710 0.063459 0.000000
vt -2.509310 0.078540 0.000000
vt -2.509310 0.068486 0.000000
vt -1.470911 0.068486 0.000000
vt -1.470911 0.078540 0.000000
vt -2.509310 0.058432 0.000000
vt -2.509310 0.048378 0.000000
vt 18.698734 0.085363 0.000000
vt 18.281067 0.085363 0.000000
vt 18.489742 0.064022 0.000000
vt 18.281067 0.063142 0.000000
vt 18.489742 0.042682 0.000000
vt 18.281067 0.042682 0.000000
vt 18.281067 0.022221 0.000000
vt 18.489742 0.021341 0.000000
vt 18.281067 0.000000 0.000000
vt 18.698734 0.000000 0.000000
vt 18.698734 0.022245 0.000000
vt 18.698734 0.042682 0.000000
vt 18.698734 0.063118 0.000000
vt 4.949255 0.000000 0.000000
vt 5.013279 0.000000 0.000000
vt 4.981243 0.022970 0.000000
vt 5.013279 0.024051 0.000000
vt 4.981243 0.045941 0.000000
vt 5.013279 0.045941 0.000000
vt 5.013279 0.067831 0.000000
vt 4.981243 0.068911 0.000000
vt 5.013279 0.091882 0.000000
vt 4.949255 0.091882 0.000000
vt 4.949255 0.067794 0.000000
vt 4.949255 0.045941 0.000000
vt 4.949255 0.024088 0.000000
vt -0.004379 0.036657 0.000000
vt -0.002998 0.042968 0.000000
vt -0.029099 0.036657 0.000000
vt -0.026180 0.055536 0.000000
vt -0.052360 0.055536 0.000000
vt -0.001523 0.049258 0.000000
vt 0.000000 0.055536 0.000000
vt -0.053819 0.036657 0.000000
vt -0.078540 0.055536 0.000000
vt -0.039270 0.069689 0.000000
vt -0.052360 0.069689 0.000000
vt -0.038467 0.064098 0.000000
vt -0.055556 0.061885 0.000000
vt -0.036155 0.058830 0.000000
vt -0.047895 0.054081 0.000000
vt -0.032572 0.054081 0.000000
vt -0.065450 0.069689 0.000000
vt -0.078540 0.069689 0.000000
vt -0.078540 0.061885 0.000000
vt -0.063217 0.054081 0.000000
vt -0.078540 0.046091 0.000000
vt -0.058238 0.035184 0.000000
vt -0.058238 0.046091 0.000000
vt -0.037936 0.035184 0.000000
vt -0.037936 0.046091 0.000000
vt -0.017634 0.035184 0.000000
vt -0.017634 0.046091 0.000000
vt 0.001840 0.042463 0.000000
vt 0.000939 0.049733 0.000000
vt 0.002668 0.035184 0.000000
vt 0.000000 0.056998 0.000000
vt -0.026180 0.056998 0.000000
vt -0.052360 0.056998 0.000000
vt -0.078540 0.056998 0.000000
vt -0.026180 0.059946 0.000000
vt -0.035123 0.079667 0.000000
vt -0.052360 0.059946 0.000000
vt -0.056831 0.079667 0.000000
vt -0.078540 0.079667 0.000000
vt -0.013415 0.079667 0.000000
vt 0.000000 0.059946 0.000000
vt 0.005669 0.073025 0.000000
vt 0.002877 0.066464 0.000000
vt 0.008294 0.079667 0.000000
vt 1.079489 0.105561 0.000000
vt 0.400449 0.105561 0.000000
vt 1.079489 0.096554 0.000000
vt 0.400449 0.096554 0.000000
vt 1.079489 0.087547 0.000000
vt 0.400449 0.087547 0.000000
vt 1.079489 0.078540 0.000000
vt 0.400449 0.078540 0.000000
vt 48.088672 0.090332 0.000000
vt 47.596876 0.090332 0.000000
vt 47.842708 0.067749 0.000000
vt 47.596876 0.066687 0.000000
vt 47.842708 0.045166 0.000000
vt 47.596876 0.045166 0.000000
vt 47.596876 0.023645 0.000000
vt 47.842708 0.022583 0.000000
vt 47.596876 0.000000 0.000000
vt 48.088672 0.000000 0.000000
vt 48.088672 0.023616 0.000000
vt 48.088672 0.045166 0.000000
vt 48.088672 0.066716 0.000000
vt 52.915424 0.077147 0.000000
vt 52.466030 0.077147 0.000000
vt 52.691030 0.057860 0.000000
vt 52.466030 0.050899 0.000000
vt 52.691030 0.038573 0.000000
vt 52.466030 0.026248 0.000000
vt 52.691030 0.019287 0.000000
vt 52.466030 0.000000 0.000000
vt 52.915424 0.000000 0.000000
vt 52.915424 0.026232 0.000000
vt 52.915424 0.050915 0.000000
vt 14.817304 0.078540 0.000000
vt 15.762214 0.078540 0.000000
vt 14.817304 0.087547 0.000000
vt 15.762214 0.087547 0.000000
vt 14.817304 0.096554 0.000000
vt 15.762214 0.096554 0.000000
vt 14.817304 0.105561 0.000000
vt 15.762214 0.105561 0.000000
vt -0.000000 0.872587 0.000000
vt 0.026180 0.872587 0.000000
vt -0.000000 1.109452 0.000000
vt 0.026180 1.227885 0.000000
vt -0.000000 1.346318 0.000000
vt 0.026180 1.583183 0.000000
vt -0.000000 1.583183 0.000000
vt 0.052360 0.872587 0.000000
vt 0.052360 1.227885 0.000000
vt 0.052360 1.583183 0.000000
vt 0.078540 1.346318 0.000000
vt 0.078540 1.583183 0.000000
vt 0.078540 0.872587 0.000000
vt 0.078540 1.109452 0.000000
vt -0.000000 2.773668 0.000000
vt -0.000000 2.557888 0.000000
vt 0.026180 2.773668 0.000000
vt 0.026180 2.419711 0.000000
vt 0.052360 2.419711 0.000000
vt 0.028013 2.065754 0.000000
vt 0.053260 2.070669 0.000000
vt -0.000000 2.342108 0.000000
vt -0.000000 2.126328 0.000000
vt 0.078540 2.309526 0.000000
vt 0.078222 2.077364 0.000000
vt 0.078540 2.077454 0.000000
vt 0.078540 2.541597 0.000000
vt 0.052360 2.773668 0.000000
vt 0.078540 2.773668 0.000000
vt -0.078540 -0.007804 0.000000
vt -0.063217 -0.015609 0.000000
vt -0.055556 -0.007804 0.000000
vt -0.047895 -0.015609 0.000000
vt -0.036155 -0.010859 0.000000
vt -0.032572 -0.015609 0.000000
vt -0.038467 -0.005592 0.000000
vt -0.052360 -0.000000 0.000000
vt -0.065450 -0.000000 0.000000
vt -0.039270 -0.000000 0.000000
vt -0.078540 -0.000000 0.000000
vt 0.185642 0.054618 0.000000
vt 0.185642 0.082758 0.000000
vt 0.164608 0.062067 0.000000
vt 0.160885 0.082758 0.000000
vt 0.136429 0.082758 0.000000
vt 0.143574 0.062067 0.000000
vt 0.111957 0.082758 0.000000
vt 0.111957 0.061123 0.000000
vt 0.143574 0.041378 0.000000
vt 0.111957 0.041379 0.000000
vt 0.111957 0.021636 0.000000
vt 0.143574 0.020688 0.000000
vt 0.111957 0.000000 0.000000
vt 0.148766 0.000002 0.000000
vt 0.164608 0.020688 0.000000
vt 0.185642 0.000000 0.000000
vt 0.185642 0.028140 0.000000
vt 0.164608 0.041376 0.000000
vt -0.026180 0.055536 0.000000
vt -0.029099 0.074415 0.000000
vt -0.052360 0.055536 0.000000
vt -0.053819 0.074415 0.000000
vt -0.078540 0.074415 0.000000
vt 0.000000 0.055536 0.000000
vt -0.001523 0.061814 0.000000
vt -0.002998 0.068104 0.000000
vt -0.004379 0.074415 0.000000
vt -0.813782 0.078540 0.000000
vt -0.813695 0.078857 0.000000
vt -1.079489 0.078540 0.000000
vt -0.807157 0.103819 0.000000
vt -1.079489 0.104720 0.000000
vt -0.802252 0.129066 0.000000
vt -1.079489 0.130900 0.000000
vt -0.857018 0.157080 0.000000
vt -1.079489 0.157080 0.000000
vt 0.513849 0.104720 0.000000
vt 0.769425 0.098175 0.000000
vt 0.513849 0.117810 0.000000
vt 1.025000 0.104720 0.000000
vt 1.025000 0.117810 0.000000
vt 0.513849 0.091630 0.000000
vt 1.025000 0.078540 0.000000
vt 1.025000 0.091630 0.000000
vt 0.513849 0.078540 0.000000
vt 7.309280 -0.157080 0.000000
vt 7.637152 -0.157080 0.000000
vt 7.309280 -0.141757 0.000000
vt 7.637152 -0.141757 0.000000
vt 7.637152 -0.126435 0.000000
vt 7.637152 -0.111112 0.000000
vt 7.309280 -0.111112 0.000000
vt 7.309280 -0.126435 0.000000
vt 16.963688 -0.078544 0.000000
vt 16.453943 -0.078532 0.000000
vt 16.974961 -0.105561 0.000000
vt 15.932925 -0.078521 0.000000
vt 14.890888 -0.105561 0.000000
vt 15.411907 -0.078509 0.000000
vt 14.902182 -0.078498 0.000000
vt 14.913721 -0.051519 0.000000
vt 16.952128 -0.051519 0.000000
vt 14.592222 0.000000 0.000000
vt 15.041618 0.000000 0.000000
vt 14.816514 0.019287 0.000000
vt 15.041618 0.026248 0.000000
vt 14.816514 0.038573 0.000000
vt 15.041618 0.050899 0.000000
vt 14.816514 0.057860 0.000000
vt 15.041618 0.077147 0.000000
vt 14.592222 0.077147 0.000000
vt 14.592222 0.050915 0.000000
vt 14.592222 0.026232 0.000000
vt -0.000000 0.027768 0.000000
vt -0.000000 0.037024 0.000000
vt -0.026180 0.027768 0.000000
vt -0.026180 0.041652 0.000000
vt -0.052360 0.041652 0.000000
vt -0.052360 0.055536 0.000000
vt -0.078540 0.055536 0.000000
vt -0.000000 0.046280 0.000000
vt -0.026180 0.055536 0.000000
vt -0.000000 0.055536 0.000000
vt -0.078540 0.041652 0.000000
vt -0.052360 0.027768 0.000000
vt 0.136099 0.082778 0.000000
vt 0.111741 0.082778 0.000000
vt 0.142418 0.062081 0.000000
vt 0.111741 0.054631 0.000000
vt 0.142418 0.041386 0.000000
vt 0.111741 0.028147 0.000000
vt 0.142418 0.020692 0.000000
vt 0.111741 0.000000 0.000000
vt 0.148485 0.000002 0.000000
vt 0.163840 0.020692 0.000000
vt 0.185261 0.000000 0.000000
vt 0.185261 0.021641 0.000000
vt 0.163840 0.041388 0.000000
vt 0.185261 0.041389 0.000000
vt 0.185261 0.061137 0.000000
vt 0.163840 0.062081 0.000000
vt 0.185261 0.082778 0.000000
vt 0.160441 0.082778 0.000000
vt 0.736798 -0.157080 0.000000
vt 0.524666 -0.157080 0.000000
vt 0.736798 -0.183260 0.000000
vt 0.524666 -0.183260 0.000000
vt 0.736798 -0.209440 0.000000
vt 0.524666 -0.209440 0.000000
vt 0.736798 -0.235619 0.000000
vt 0.524666 -0.235619 0.000000
vt 7.112188 0.065145 0.000000
vt 7.440060 0.065145 0.000000
vt 7.112188 0.080467 0.000000
vt 7.440060 0.080467 0.000000
vt 7.440060 0.095790 0.000000
vt 7.440060 0.111112 0.000000
vt 7.112188 0.111112 0.000000
vt 7.112188 0.095790 0.000000
vt 19.722141 0.090332 0.000000
vt 19.230349 0.090332 0.000000
vt 19.476188 0.067749 0.000000
vt 19.230349 0.066716 0.000000
vt 19.476188 0.045166 0.000000
vt 19.230349 0.045166 0.000000
vt 19.230349 0.023616 0.000000
vt 19.476188 0.022583 0.000000
vt 19.230349 0.000000 0.000000
vt 19.722141 0.000000 0.000000
vt 19.722141 0.023645 0.000000
vt 19.722141 0.045166 0.000000
vt 19.722141 0.066687 0.000000
vt 0.157080 -0.050772 0.000000
vt 0.130900 -0.050772 0.000000
vt 0.157080 -0.084620 0.000000
vt 0.130900 -0.084620 0.000000
vt 0.157080 -0.118468 0.000000
vt 0.130900 -0.118468 0.000000
vt 0.157080 -0.152315 0.000000
vt 0.130900 -0.152315 0.000000
vt 0.104720 -0.118468 0.000000
vt 0.104720 -0.152315 0.000000
vt 0.078540 -0.118468 0.000000
vt 0.078540 -0.152315 0.000000
vt 0.104720 -0.050772 0.000000
vt 0.104720 -0.084620 0.000000
vt 0.078540 -0.050772 0.000000
vt 0.078540 -0.084620 0.000000
vt -0.078540 -0.061885 0.000000
vt -0.065450 -0.069689 0.000000
vt -0.055556 -0.061885 0.000000
vt -0.052360 -0.069689 0.000000
vt -0.038467 -0.064098 0.000000
vt -0.039270 -0.069689 0.000000
vt -0.036155 -0.058830 0.000000
vt -0.047895 -0.054081 0.000000
vt -0.063217 -0.054081 0.000000
vt -0.032572 -0.054081 0.000000
vt -0.078540 -0.054081 0.000000
vt 2.199951 0.105561 0.000000
vt 1.520911 0.105561 0.000000
vt 2.199951 0.096554 0.000000
vt 1.520911 0.096554 0.000000
vt 2.199951 0.087547 0.000000
vt 1.520911 0.087547 0.000000
vt 2.199951 0.078540 0.000000
vt 1.520911 0.078540 0.000000
vt 2.141316 0.091882 0.000000
vt 2.077292 0.091882 0.000000
vt 2.109304 0.068911 0.000000
vt 2.077292 0.067831 0.000000
vt 2.109304 0.045941 0.000000
vt 2.077292 0.045941 0.000000
vt 2.077292 0.024051 0.000000
vt 2.109304 0.022970 0.000000
vt 2.077292 0.000000 0.000000
vt 2.141316 0.000000 0.000000
vt 2.141316 0.024088 0.000000
vt 2.141316 0.045941 0.000000
vt 2.141316 0.067794 0.000000
vt 0.120711 -0.157080 0.000000
vt -0.091421 -0.157080 0.000000
vt 0.120711 -0.183260 0.000000
vt -0.091421 -0.183260 0.000000
vt 0.120711 -0.209440 0.000000
vt -0.091421 -0.209440 0.000000
vt 0.120711 -0.235619 0.000000
vt -0.091421 -0.235619 0.000000
vt 9.429974 0.091630 0.000000
vt 9.174399 0.098175 0.000000
vt 9.429974 0.078540 0.000000
vt 8.918823 0.091630 0.000000
vt 8.918823 0.078540 0.000000
vt 9.429974 0.104720 0.000000
vt 8.918823 0.117810 0.000000
vt 8.918823 0.104720 0.000000
vt 9.429974 0.117810 0.000000
vt -0.078540 0.059946 0.000000
vt -0.056831 0.040225 0.000000
vt -0.052360 0.059946 0.000000
vt -0.035123 0.040225 0.000000
vt -0.026180 0.059946 0.000000
vt -0.013415 0.040225 0.000000
vt 0.000000 0.059946 0.000000
vt 0.002877 0.053428 0.000000
vt 0.005669 0.046867 0.000000
vt 0.008294 0.040225 0.000000
vt -0.000000 0.055536 0.000000
vt -0.000000 0.064792 0.000000
vt -0.026180 0.055536 0.000000
vt -0.026180 0.069420 0.000000
vt -0.052360 0.069420 0.000000
vt -0.052360 0.083304 0.000000
vt -0.078540 0.083304 0.000000
vt -0.000000 0.074048 0.000000
vt -0.026180 0.083304 0.000000
vt -0.000000 0.083304 0.000000
vt -0.078540 0.069420 0.000000
vt -0.052360 0.055536 0.000000
vt 0.078540 1.018131 0.000000
vt 0.078222 1.018222 0.000000
vt 0.078540 0.786060 0.000000
vt 0.053260 1.024916 0.000000
vt 0.052360 0.675874 0.000000
vt 0.028013 1.029831 0.000000
vt 0.026180 0.675874 0.000000
vt -0.000000 0.753477 0.000000
vt -0.000000 0.537697 0.000000
vt -0.000000 0.969257 0.000000
vt -0.000000 0.321917 0.000000
vt 0.026180 0.321917 0.000000
vt 0.052360 0.321917 0.000000
vt 0.078540 0.321917 0.000000
vt 0.078540 0.553988 0.000000
vt -1.520911 -0.157080 0.000000
vt -1.743382 -0.157080 0.000000
vt -1.520911 -0.183260 0.000000
vt -1.798148 -0.185093 0.000000
vt -1.520911 -0.209440 0.000000
vt -1.793243 -0.210340 0.000000
vt -1.520911 -0.235619 0.000000
vt -1.786705 -0.235302 0.000000
vt -1.786618 -0.235619 0.000000
vt -14.737548 0.314159 0.000000
vt -15.462548 0.275017 0.000000
vt -14.710977 0.258685 0.000000
vt -15.462548 0.235875 0.000000
vt -14.737548 0.196732 0.000000
vt -15.462548 0.196732 0.000000
vt -15.462548 0.314159 0.000000
vt -14.737548 0.431586 0.000000
vt -15.462548 0.392444 0.000000
vt -14.710977 0.369633 0.000000
vt -15.462548 0.353302 0.000000
vt -14.737548 0.314159 0.000000
vt -15.462548 0.314159 0.000000
vt -15.462548 0.431586 0.000000
vt 0.307078 -0.075177 0.000000
vt 0.318936 -0.048125 0.000000
vt 0.000000 -0.053669 0.000000
vt 0.336912 -0.016488 0.000000
vt 0.000000 0.000000 0.000000
vt 0.355819 0.015150 0.000000
vt 0.000000 0.053669 0.000000
vt 0.373869 0.046787 0.000000
vt 0.389358 0.078424 0.000000
vt 0.000000 0.107338 0.000000
vt 0.395087 0.098350 0.000000
vt 0.396597 0.119093 0.000000
vt 0.000000 0.161007 0.000000
vt 0.395510 0.161004 0.000000
vt 0.396598 0.202915 0.000000
vt 0.000000 0.214675 0.000000
vt 0.395088 0.223661 0.000000
vt 0.389358 0.243589 0.000000
vt 0.000000 0.268344 0.000000
vt 0.373869 0.275226 0.000000
vt 0.355819 0.306864 0.000000
vt 0.000000 0.322013 0.000000
vt 0.000000 -0.322013 0.000000
vt 0.355819 -0.337163 0.000000
vt 0.336912 -0.305526 0.000000
vt 0.000000 -0.268344 0.000000
vt 0.318936 -0.273888 0.000000
vt 0.307078 -0.246836 0.000000
vt 0.000000 -0.214675 0.000000
vt 0.299501 -0.219062 0.000000
vt 0.295333 -0.190081 0.000000
vt 0.000000 -0.161007 0.000000
vt 0.294053 -0.161007 0.000000
vt 0.295333 -0.131932 0.000000
vt 0.000000 -0.107338 0.000000
vt 0.299501 -0.102951 0.000000
vt 1.574464 -0.755933 0.000000
vt 1.574464 -0.894067 0.000000
vt 1.614959 -0.728749 0.000000
vt 1.614959 -0.921251 0.000000
vt 1.663433 -0.723358 0.000000
vt 1.663433 -0.926642 0.000000
vt 1.708911 -0.740981 0.000000
vt 1.708911 -0.909019 0.000000
vt 1.741096 -0.777627 0.000000
vt 1.741096 -0.872373 0.000000
vt 1.752700 -0.825000 0.000000
vt 0.894067 0.157080 0.000000
vt 0.755933 0.157080 0.000000
vt 0.861860 0.137054 0.000000
vt 0.788140 0.137054 0.000000
vt 0.825000 0.129985 0.000000
vt 1.025936 -0.755933 0.000000
vt 0.985441 -0.728749 0.000000
vt 1.025936 -0.894067 0.000000
vt 0.985441 -0.921251 0.000000
vt 0.936967 -0.723358 0.000000
vt 0.936967 -0.926642 0.000000
vt 0.891489 -0.740981 0.000000
vt 0.891489 -0.909019 0.000000
vt 0.859304 -0.777627 0.000000
vt 0.859304 -0.872373 0.000000
vt 0.847700 -0.825000 0.000000
vt -10.699756 0.157080 0.000000
vt -10.837891 0.157080 0.000000
vt -10.731963 0.137054 0.000000
vt -10.805683 0.137054 0.000000
vt -10.768823 0.129985 0.000000
vt -0.124673 15.858991 0.000000
vt -0.140023 15.932925 0.000000
vt -0.154777 15.840919 0.000000
vt -0.189861 15.831542 0.000000
vt -0.189861 16.034307 0.000000
vt -0.226609 15.831748 0.000000
vt -0.226609 16.034102 0.000000
vt -0.261548 15.841516 0.000000
vt -0.261548 16.024333 0.000000
vt -0.124673 16.006858 0.000000
vt -0.154777 16.024931 0.000000
vt -15.841516 -0.257594 0.000000
vt -16.024333 -0.257594 0.000000
vt -15.856787 -0.282803 0.000000
vt -16.009062 -0.282803 0.000000
vt -15.877925 -0.302229 0.000000
vt -15.987925 -0.302229 0.000000
vt -15.904239 -0.314851 0.000000
vt -15.961610 -0.314851 0.000000
vt -15.932925 -0.319142 0.000000
vt -1.978967 0.054375 0.000000
vt -1.971270 0.036428 0.000000
vt -1.914126 0.054375 0.000000
vt -1.916704 0.030288 0.000000
vt -1.856981 0.036430 0.000000
vt -1.870764 0.021428 0.000000
vt -1.914124 0.006950 0.000000
vt -1.957485 0.021425 0.000000
vt -1.849286 0.054375 0.000000
vn 0.050000 0.000000 -0.086603
vn 0.046217 0.000000 -0.088679
vn 0.000000 0.000000 -0.100000
vn 0.000000 0.000000 -0.100000
vn -0.046217 0.000000 -0.088679
vn 0.081970 0.000000 -0.057279
vn 0.086603 0.000000 -0.050000
vn 0.099163 0.000000 -0.012911
vn 0.100000 0.000000 -0.000000
vn 0.093904 -0.000000 0.034381
vn 0.086603 -0.000000 0.050000
vn 0.067383 -0.000000 0.073889
vn 0.050000 -0.000000 0.086603
vn 0.035966 -0.000000 0.093309
vn 0.000000 -0.000000 0.100000
vn 0.000000 -0.000000 0.100000
vn -0.035966 0.000000 0.093309
vn -0.050000 0.000000 0.086603
vn -0.067383 0.000000 0.073889
vn -0.086603 0.000000 0.050000
vn -0.093904 0.000000 0.034381
vn -0.100000 0.000000 -0.000000
vn -0.099163 0.000000 -0.012911
vn -0.086603 0.000000 -0.050000
vn -0.081970 0.000000 -0.057279
vn -0.050000 0.000000 -0.086603
vn 0.050000 0.000000 -0.086603
vn 0.035966 0.000000 -0.093309
vn 0.000000 0.000000 -0.100000
vn -0.000000 0.000000 -0.100000
vn -0.035966 0.000000 -0.093309
vn 0.067383 0.000000 -0.073889
vn 0.086603 0.000000 -0.050000
vn 0.093904 0.000000 -0.034381
vn 0.100000 0.000000 -0.000000
vn 0.099163 -0.000000 0.012911
vn 0.086603 -0.000000 0.050000
vn 0.081970 -0.000000 0.057279
vn 0.050000 -0.000000 0.086603
vn 0.046217 -0.000000 0.088679
vn 0.000000 -0.000000 0.100000
vn 0.000000 -0.000000 0.100000
vn -0.046217 0.000000 0.088679
vn -0.050000 0.000000 0.086603
vn -0.081970 0.000000 0.057279
vn -0.086603 0.000000 0.050000
vn -0.099163 0.000000 0.012911
vn -0.100000 0.000000 -0.000000
vn -0.093904 0.000000 -0.034381
vn -0.086603 0.000000 -0.050000
vn -0.067383 0.000000 -0.073889
vn -0.050000 0.000000 -0.086603
vn 0.000000 0.070711 0.070711
vn -0.019518 0.083682 0.051151
vn 0.000672 0.092056 0.039054
vn -0.026765 0.095002 0.016067
vn 0.000425 0.097937 0.020205
vn -0.026548 0.096344 0.003614
vn 0.000149 0.099477 0.010216
vn -0.026643 0.095911 -0.009553
vn 0.000149 0.099477 -0.010216
vn 0.000425 0.097937 -0.020205
vn -0.027035 0.093039 -0.024754
vn 0.000672 0.092056 -0.039054
vn -0.019518 0.083682 -0.051151
vn 0.000000 0.070711 -0.070711
vn -0.037218 0.088855 0.026825
vn -0.051623 0.085645 -0.000163
vn -0.051626 0.085643 -0.000081
vn -0.051450 0.085749 0.000000
vn -0.051450 0.085749 0.000000
vn -0.051626 0.085643 0.000081
vn -0.051623 0.085645 0.000163
vn -0.051450 0.085749 -0.000000
vn -0.037218 0.088855 -0.026825
vn -0.000000 0.100000 -0.000000
vn 0.000000 0.070711 0.070711
vn 0.000000 0.096593 0.025882
vn 0.000000 0.092388 0.038268
vn 0.000000 0.098079 0.019509
vn 0.000000 0.099518 0.009802
vn 0.000000 0.096593 -0.025882
vn 0.000000 0.099518 -0.009802
vn 0.000000 0.098079 -0.019509
vn 0.000000 0.092388 -0.038268
vn 0.000000 0.070711 -0.070711
vn 0.000000 0.096593 -0.025882
vn 0.000000 0.096593 0.025882
vn -0.000000 0.100000 -0.000000
vn -0.000000 0.100000 -0.000000
vn -0.000000 0.100000 -0.000000
vn -0.000000 0.100000 -0.000000
vn -0.000000 0.100000 -0.000000
vn -0.000000 0.100000 -0.000000
vn -0.000000 0.100000 -0.000000
vn -0.000000 0.100000 -0.000000
vn -0.000000 0.100000 -0.000000
vn -0.000000 0.100000 -0.000000
vn -0.000000 0.100000 -0.000000
vn -0.000000 0.100000 -0.000000
vn -0.000000 0.100000 -0.000000
vn -0.000000 0.100000 -0.000000
vn -0.000000 0.100000 -0.000000
vn -0.000000 0.100000 -0.000000
vn -0.000000 0.100000 -0.000000
vn -0.000000 0.100000 -0.000000
vn 0.014476 0.000000 0.098947
vn 0.012761 0.000000 0.099182
vn 0.016999 0.000000 0.098545
vn 0.019766 0.000000 0.098027
vn 0.021105 0.000000 0.097748
vn 0.021472 0.000000 0.097668
vn 0.021856 0.000000 0.097582
vn 0.026670 0.000000 0.096378
vn 0.022220 0.000000 0.097500
vn 0.026670 0.000000 0.096378
vn 0.011942 0.000000 0.099284
vn 0.009401 0.000000 0.099557
vn 0.005693 0.000000 0.099838
vn 0.005693 0.000000 0.099838
vn 0.005693 0.000000 -0.099838
vn 0.009401 0.000000 -0.099557
vn 0.005693 0.000000 -0.099838
vn 0.012761 0.000000 -0.099182
vn 0.011942 0.000000 -0.099284
vn 0.014476 0.000000 -0.098947
vn 0.016999 0.000000 -0.098545
vn 0.019766 0.000000 -0.098027
vn 0.021105 0.000000 -0.097748
vn 0.021468 0.000000 -0.097668
vn 0.021852 0.000000 -0.097583
vn 0.022220 0.000000 -0.097500
vn 0.026670 0.000000 -0.096378
vn 0.026670 0.000000 -0.096378
vn 0.100000 0.000000 0.000000
vn 0.100000 0.000000 0.000000
vn 0.100000 0.000000 0.000000
vn 0.100000 0.000000 0.000000
vn 0.100000 0.000000 0.000000
vn 0.100000 0.000000 0.000000
vn 0.100000 0.000000 0.000000
vn 0.100000 0.000000 0.000000
vn 0.100000 0.000000 0.000000
vn 0.100000 0.000000 0.000000
vn 0.000000 -0.100000 0.000000
vn 0.000000 -0.100000 0.000000
vn 0.000000 -0.100000 0.000000
vn 0.000000 -0.100000 0.000000
vn 0.000000 -0.100000 0.000000
vn 0.000000 -0.100000 0.000000
vn 0.000000 -0.100000 0.000000
vn 0.000000 -0.100000 0.000000
vn 0.000000 -0.100000 0.000000
vn 0.000000 -0.100000 0.000000
vn 0.000000 -0.100000 0.000000
vn 0.000000 -0.100000 0.000000
vn 0.000000 -0.100000 0.000000
vn 0.000000 -0.100000 0.000000
vn 0.000000 -0.100000 0.000000
vn 0.000000 -0.100000 0.000000
vn 0.000000 -0.100000 0.000000
vn 0.000000 -0.100000 0.000000
vn 0.000000 -0.100000 0.000000
vn 0.000000 -0.100000 0.000000
vn 0.000000 -0.100000 0.000000
vn 0.000000 -0.100000 0.000000
vn 0.000000 -0.100000 0.000000
vn 0.000000 -0.100000 0.000000
vn 0.000000 -0.100000 0.000000
vn 0.000000 -0.100000 0.000000
vn 0.000000 -0.100000 0.000000
vn 0.000000 -0.100000 0.000000
vn 0.000000 -0.100000 0.000000
vn 0.000000 -0.100000 0.000000
vn 0.000000 -0.100000 0.000000
vn 0.000000 -0.100000 0.000000
vn 0.000000 -0.100000 0.000000
vn 0.000000 -0.100000 0.000000
vn 0.000000 -0.100000 0.000000
vn 0.000000 -0.100000 0.000000
vn 0.000000 -0.100000 0.000000
vn 0.000000 -0.100000 0.000000
vn 0.000000 -0.100000 0.000000
vn 0.000000 -0.100000 0.000000
vn 0.000000 -0.100000 0.000000
vn 0.000000 -0.100000 0.000000
vn 0.000000 -0.100000 0.000000
vn 0.000000 -0.100000 0.000000
vn 0.000000 -0.100000 0.000000
vn 0.000000 -0.100000 0.000000
vn 0.000000 -0.100000 0.000000
vn 0.000000 -0.100000 0.000000
vn 0.000000 -0.100000 0.000000
vn 0.000000 -0.100000 0.000000
vn 0.000000 -0.100000 0.000000
vn 0.000000 -0.100000 0.000000
vn 0.000000 -0.100000 0.000000
vn 0.000000 -0.100000 0.000000
vn 0.000000 -0.100000 0.000000
vn 0.000000 -0.100000 0.000000
vn 0.000000 -0.100000 0.000000
vn 0.000000 -0.100000 0.000000
vn 0.000000 -0.100000 0.000000
vn 0.000000 -0.100000 0.000000
vn 0.000000 -0.100000 0.000000
vn 0.000000 -0.100000 0.000000
vn 0.000000 -0.100000 0.000000
vn 0.000000 -0.100000 0.000000
vn -0.000000 0.100000 -0.000000
vn -0.000000 0.100000 -0.000000
vn -0.000000 0.100000 -0.000000
vn -0.000000 0.100000 -0.000000
vn -0.000000 0.100000 -0.000000
vn -0.000000 0.100000 -0.000000
vn -0.056731 0.082351 -0.000000
vn -0.056731 0.082351 -0.000000
vn -0.056731 0.082351 -0.000000
vn -0.056731 0.082351 -0.000000
vn -0.056731 0.082351 -0.000000
vn -0.056731 0.082351 -0.000000
vn -0.056731 0.082351 -0.000000
vn -0.056731 0.082351 -0.000000
vn -0.056731 0.082351 -0.000000
vn -0.056731 0.082351 -0.000000
vn -0.056731 0.082351 -0.000000
vn -0.056731 0.082351 -0.000000
vn -0.056731 0.082351 -0.000000
vn -0.056731 0.082351 -0.000000
vn -0.056731 0.082351 -0.000000
vn -0.056731 0.082351 -0.000000
vn -0.056731 0.082351 -0.000000
vn -0.056731 0.082351 -0.000000
vn -0.056731 0.082351 -0.000000
vn -0.056731 0.082351 -0.000000
vn -0.056731 0.082351 -0.000000
vn 0.032092 0.000000 0.094711
vn 0.048631 0.000000 0.087378
vn 0.051901 0.000000 0.085477
vn 0.067853 0.000000 0.073457
vn 0.069230 0.000000 0.072161
vn 0.083253 0.000000 0.055398
vn 0.083253 0.000000 0.055398
vn 0.051901 0.000000 -0.085477
vn 0.048631 0.000000 -0.087378
vn 0.032092 0.000000 -0.094711
vn 0.067853 0.000000 -0.073457
vn 0.069230 0.000000 -0.072161
vn 0.083253 0.000000 -0.055398
vn 0.083253 0.000000 -0.055398
vn -0.034288 0.000000 0.093938
vn -0.034288 0.000000 0.093938
vn -0.068668 0.000000 0.072696
vn -0.068668 0.000000 0.072696
vn -0.091834 0.000000 0.039580
vn -0.091834 0.000000 0.039580
vn -0.100000 0.000000 0.000000
vn -0.100000 0.000000 0.000000
vn -0.100000 0.000000 0.000000
vn -0.100000 0.000000 0.000000
vn -0.091834 0.000000 -0.039580
vn -0.091834 0.000000 -0.039580
vn -0.068668 0.000000 -0.072696
vn -0.068668 0.000000 -0.072696
vn -0.034288 0.000000 -0.093938
vn -0.034288 0.000000 -0.093938
vn 0.051450 0.085749 0.000000
vn 0.051450 0.085749 0.000000
vn 0.051450 0.085749 0.000000
vn 0.051450 0.085749 0.000000
vn 0.051450 0.085749 0.000000
vn 0.051450 0.085749 0.000000
vn 0.051450 0.085749 0.000000
vn 0.051450 0.085749 0.000000
vn 0.051450 0.085749 0.000000
vn 0.051450 0.085749 0.000000
vn 0.051450 0.085749 0.000000
vn 0.051450 0.085749 0.000000
vn 0.051450 0.085749 0.000000
vn -0.051450 0.085749 -0.000000
vn -0.051450 0.085749 -0.000000
vn -0.051450 0.085749 -0.000000
vn -0.051450 0.085749 -0.000000
vn -0.051450 0.085749 -0.000000
vn -0.051450 0.085749 -0.000000
vn -0.051450 0.085749 -0.000000
vn -0.051450 0.085749 -0.000000
vn -0.051450 0.085749 -0.000000
vn -0.051450 0.085749 -0.000000
vn -0.051450 0.085749 -0.000000
vn -0.051450 0.085749 -0.000000
vn -0.051450 0.085749 -0.000000
vn -0.051450 0.085749 -0.000000
vn 0.000000 0.070711 0.070711
vn 0.000000 0.070711 0.070711
vn -0.000000 0.070711 -0.070711
vn -0.000000 0.070711 -0.070711
vn -0.000000 0.070711 -0.070711
vn -0.000000 0.070711 -0.070711
vn -0.000000 0.070711 -0.070711
vn -0.000000 0.070711 -0.070711
vn 0.000000 0.070711 0.070711
vn 0.000000 0.070711 0.070711
vn 0.000000 0.070711 0.070711
vn 0.000000 0.070711 0.070711
vn -0.041271 0.086973 -0.027064
vn -0.041271 0.086973 -0.027064
vn -0.021713 0.082960 -0.051441
vn -0.021713 0.082960 -0.051441
vn 0.000000 0.096593 -0.025882
vn -0.019972 0.097985 -0.000000
vn -0.017213 0.092830 -0.032960
vn -0.039140 0.092022 -0.000000
vn -0.000000 0.086603 -0.050000
vn -0.056889 0.082241 -0.000140
vn -0.041271 0.086973 0.027064
vn -0.029823 0.094163 0.015619
vn -0.021713 0.082960 0.051441
vn 0.000663 0.092103 0.038943
vn -0.056889 0.082241 -0.000069
vn -0.029581 0.095486 0.002708
vn 0.000392 0.097948 0.020150
vn 0.000134 0.099478 0.010204
vn -0.029716 0.094872 -0.010782
vn 0.000134 0.099478 -0.010204
vn 0.000392 0.097948 -0.020150
vn -0.030177 0.091879 -0.025450
vn 0.000663 0.092103 -0.038943
vn -0.021713 0.082960 -0.051441
vn -0.056731 0.082351 -0.000000
vn -0.056889 0.082241 0.000069
vn -0.056889 0.082241 0.000140
vn -0.041271 0.086973 -0.027064
vn -0.000000 0.100000 0.000000
vn -0.057778 0.081617 0.000669
vn -0.073848 0.066925 0.008213
vn -0.079907 0.060123 0.000000
vn -0.086576 0.047421 0.015996
vn -0.094844 0.031696 0.000000
vn -0.094117 0.024955 0.022787
vn -0.100000 0.000000 -0.000000
vn -0.092062 0.002649 0.038957
vn -0.086494 0.025438 0.043262
vn -0.068668 0.000000 0.072696
vn -0.075193 0.025520 0.060784
vn -0.057382 0.027176 0.077257
vn -0.075209 0.049964 0.042980
vn -0.064171 0.052660 0.055758
vn -0.068596 0.069374 0.021949
vn -0.063660 0.071605 0.028637
vn -0.057007 0.082152 0.001133
vn -0.057542 0.074387 0.033994
vn -0.050728 0.076863 0.038970
vn -0.050713 0.055955 0.065554
vn -0.036686 0.059195 0.071764
vn -0.016830 0.032144 0.093185
vn -0.036421 0.029096 0.088470
vn -0.034487 0.000344 0.093864
vn -0.071846 0.067743 0.015777
vn -0.082060 0.048302 0.030545
vn -0.050620 0.077612 0.037604
vn -0.050728 0.076863 0.038970
vn -0.035547 0.059519 0.072069
vn -0.036686 0.059195 0.071764
vn -0.016830 0.032144 0.093185
vn -0.014281 0.031056 0.093977
vn 0.005693 0.000000 0.099838
vn -0.013604 0.032573 0.093563
vn -0.034397 0.059849 0.072353
vn -0.049596 0.077392 0.039378
vn -0.029706 0.095486 -0.000000
vn -0.029706 0.095486 -0.000000
vn -0.029706 0.095486 -0.000000
vn -0.039140 0.092022 -0.000000
vn -0.019972 0.097985 -0.000000
vn -0.000000 0.092388 -0.038268
vn -0.000000 0.086603 -0.050000
vn -0.000000 0.096593 -0.025882
vn 0.037218 0.088855 -0.026825
vn 0.037218 0.088855 -0.026825
vn 0.019518 0.083682 -0.051151
vn -0.000000 0.070711 -0.070711
vn -0.000000 0.070711 -0.070711
vn 0.019518 0.083682 -0.051151
vn 0.000000 0.092388 0.038268
vn 0.000000 0.096593 0.025882
vn 0.000000 0.092388 0.038268
vn 0.000000 0.098079 0.019509
vn 0.000000 0.099518 0.009802
vn 0.000000 0.096593 -0.025882
vn 0.000000 0.099518 -0.009802
vn 0.000000 0.098079 -0.019509
vn 0.000000 0.092388 -0.038268
vn 0.000000 0.092388 -0.038268
vn 0.000000 0.098079 -0.019509
vn 0.000000 0.099518 -0.009802
vn 0.000000 0.100000 0.000000
vn 0.000000 0.099518 0.009802
vn 0.000000 0.098079 0.019509
vn -0.056731 0.082351 -0.000000
vn -0.056731 0.082351 -0.000000
vn -0.041271 0.086973 0.027064
vn -0.041271 0.086973 0.027064
vn -0.021713 0.082960 0.051441
vn -0.000000 0.070711 0.070711
vn -0.000000 0.070711 0.070711
vn -0.021713 0.082960 0.051441
vn -0.094844 0.031696 -0.000000
vn -0.088524 0.046513 -0.000000
vn -0.088524 0.046513 -0.000000
vn -0.094844 0.031696 -0.000000
vn -0.079907 0.060123 -0.000000
vn -0.079907 0.060123 -0.000000
vn 0.004701 0.086603 0.049779
vn -0.024415 0.089638 0.037001
vn -0.049596 0.077392 0.039378
vn -0.034397 0.059849 0.072353
vn -0.014923 0.069318 0.070515
vn 0.008142 0.050000 0.086219
vn -0.003006 0.037726 0.092562
vn -0.013604 0.032573 0.093563
vn 0.037218 0.088855 -0.026825
vn 0.035254 0.093580 0.000000
vn 0.015289 0.092820 -0.033921
vn 0.017917 0.098382 0.000000
vn 0.019518 0.083682 -0.051151
vn -0.000672 0.092056 -0.039054
vn 0.027035 0.093039 -0.024754
vn 0.019518 0.083682 -0.051151
vn 0.037218 0.088855 -0.026825
vn 0.051623 0.085645 0.000163
vn 0.051626 0.085643 0.000081
vn 0.051450 0.085749 0.000000
vn 0.026643 0.095911 -0.009553
vn 0.026548 0.096344 0.003614
vn 0.051626 0.085643 -0.000081
vn 0.051623 0.085645 -0.000163
vn 0.051450 0.085749 0.000000
vn 0.037218 0.088855 0.026825
vn 0.026765 0.095002 0.016067
vn -0.000425 0.097937 0.020205
vn -0.000149 0.099477 0.010216
vn 0.019518 0.083682 0.051151
vn -0.000672 0.092056 0.039054
vn -0.000000 0.100000 0.000000
vn -0.000149 0.099477 -0.010216
vn -0.000425 0.097937 -0.020205
vn -0.019972 0.097985 -0.000000
vn -0.000000 0.096593 0.025882
vn -0.017213 0.092830 0.032960
vn -0.000000 0.086603 0.050000
vn -0.039140 0.092022 -0.000000
vn -0.041271 0.086973 0.027064
vn -0.021713 0.082960 0.051441
vn -0.092062 0.002649 -0.038957
vn -0.100000 0.000000 -0.000000
vn -0.095449 0.024571 -0.016901
vn -0.094844 0.031696 -0.000000
vn -0.087342 0.047237 -0.011833
vn -0.079907 0.060123 -0.000000
vn -0.074120 0.066856 -0.006039
vn -0.057778 0.081617 -0.000669
vn -0.072396 0.067471 -0.014368
vn -0.056731 0.082351 -0.000000
vn -0.068607 0.069355 -0.021974
vn -0.064965 0.071023 -0.027116
vn -0.075217 0.049914 -0.043024
vn -0.067081 0.051926 -0.052951
vn -0.075189 0.025492 -0.060801
vn -0.062013 0.026676 -0.073776
vn -0.068668 0.000000 -0.072696
vn -0.034487 0.000344 -0.093864
vn -0.041306 0.028642 -0.086449
vn -0.016830 0.032144 -0.093185
vn -0.053877 0.055081 -0.063744
vn -0.036686 0.059195 -0.071764
vn -0.050728 0.076863 -0.038970
vn -0.059002 0.073677 -0.033021
vn -0.057007 0.082152 -0.001133
vn -0.088360 0.025430 -0.039317
vn -0.083201 0.048020 -0.027778
vn 0.000000 0.100000 0.000000
vn 0.004701 0.086603 0.049779
vn 0.006605 0.086603 0.049562
vn 0.008500 0.086603 0.049272
vn 0.000000 0.100000 0.000000
vn 0.011440 0.050000 0.085844
vn 0.014722 0.050000 0.085342
vn 0.035254 0.093580 0.000000
vn 0.017917 0.098382 0.000000
vn 0.019518 0.083682 0.051151
vn 0.019518 0.083682 0.051151
vn 0.037218 0.088855 0.026825
vn 0.037218 0.088855 0.026825
vn 0.000000 0.092388 0.038268
vn 0.000000 0.096593 0.025882
vn 0.000000 0.086603 0.050000
vn -0.029706 0.095486 -0.000000
vn -0.029706 0.095486 -0.000000
vn -0.029706 0.095486 -0.000000
vn -0.019972 0.097985 -0.000000
vn -0.039140 0.092022 -0.000000
vn -0.014281 0.031056 -0.093977
vn -0.016830 0.032144 -0.093185
vn -0.035547 0.059519 -0.072069
vn -0.036686 0.059195 -0.071764
vn -0.050728 0.076863 -0.038970
vn -0.050620 0.077612 -0.037604
vn -0.049596 0.077392 -0.039378
vn -0.034397 0.059849 -0.072353
vn -0.013604 0.032573 -0.093563
vn -0.038481 0.083878 0.038519
vn -0.038627 0.082967 0.040305
vn -0.016927 0.065815 0.073361
vn -0.018864 0.065278 0.073369
vn 0.004288 0.035860 0.093250
vn 0.008019 0.034557 0.093496
vn 0.032092 0.000000 0.094711
vn 0.009431 0.036573 0.092593
vn -0.014980 0.066359 0.073294
vn -0.036612 0.083832 0.040395
vn 0.051242 0.071908 0.046940
vn 0.008500 0.086603 0.049272
vn 0.038763 0.040845 0.082638
vn 0.017917 0.098382 0.000000
vn 0.015289 0.092820 0.033921
vn 0.035254 0.093580 0.000000
vn 0.037218 0.088855 0.026825
vn 0.019518 0.083682 0.051151
vn -0.013604 0.032573 -0.093563
vn -0.003006 0.037726 -0.092562
vn -0.034397 0.059849 -0.072353
vn -0.014923 0.069318 -0.070515
vn -0.049596 0.077392 -0.039378
vn -0.024415 0.089638 -0.037001
vn 0.004701 0.086603 -0.049779
vn 0.008142 0.050000 -0.086219
vn 0.016046 0.086603 0.047355
vn -0.014980 0.066359 0.073294
vn 0.027793 0.050000 0.082022
vn 0.009431 0.036573 0.092593
vn -0.036612 0.083832 0.040395
vn -0.035254 0.093580 0.000000
vn -0.017917 0.098382 0.000000
vn -0.035254 0.093580 -0.000000
vn -0.017917 0.098382 -0.000000
vn 0.003301 0.033998 0.093985
vn 0.004288 0.035860 0.093250
vn -0.020418 0.064850 0.073332
vn -0.018864 0.065278 0.073369
vn -0.038627 0.082967 0.040305
vn -0.040174 0.083115 0.038445
vn -0.040224 0.082285 0.040139
vn -0.021962 0.064428 0.073257
vn 0.000141 0.035302 0.093562
vn 0.051450 0.085749 0.000000
vn 0.053135 0.077457 0.034309
vn 0.051242 0.071908 0.046940
vn 0.047579 0.057863 0.066243
vn 0.038763 0.040845 0.082638
vn 0.035198 0.029969 0.088673
vn 0.041804 0.040393 0.081369
vn 0.052770 0.071381 0.046045
vn 0.017917 0.098382 0.000000
vn 0.035254 0.093580 0.000000
vn 0.011440 0.050000 -0.085844
vn 0.014722 0.050000 -0.085342
vn 0.004701 0.086603 -0.049779
vn 0.006605 0.086603 -0.049562
vn 0.008500 0.086603 -0.049272
vn -0.000000 0.100000 0.000000
vn -0.000000 0.100000 0.000000
vn 0.027793 0.050000 0.082022
vn 0.054853 0.050000 0.067016
vn 0.031669 0.086603 0.038692
vn 0.073275 0.053141 0.042507
vn 0.041772 0.087489 0.024511
vn 0.000545 0.099998 0.000325
vn 0.016046 0.086603 0.047355
vn -0.019518 0.083682 -0.051151
vn -0.015289 0.092820 -0.033921
vn -0.037218 0.088855 -0.026825
vn 0.000000 0.096593 -0.025882
vn 0.000000 0.086603 -0.050000
vn 0.041804 0.040393 0.081369
vn 0.027689 0.034951 0.089508
vn 0.021496 -0.000024 0.097662
vn 0.021831 -0.000023 0.097588
vn 0.017602 0.037058 0.091197
vn 0.000141 0.035302 0.093562
vn 0.010309 0.071183 0.069474
vn -0.021962 0.064428 0.073257
vn -0.040224 0.082285 0.040139
vn 0.001219 0.093283 0.036012
vn -0.051450 0.085749 0.000000
vn -0.000082 0.100000 -0.000222
vn 0.028220 0.089312 0.035028
vn 0.051450 0.085749 0.000000
vn 0.052770 0.071381 0.046045
vn 0.030282 0.067326 0.067456
vn 0.008500 0.086603 -0.049272
vn 0.051242 0.071908 -0.046940
vn 0.038763 0.040845 -0.082638
vn 0.000635 0.099998 0.000000
vn 0.048432 0.087489 0.000000
vn 0.050000 0.086603 0.000000
vn 0.084711 0.053141 0.000000
vn 0.086603 0.050000 0.000000
vn -0.000000 0.092388 -0.038268
vn -0.000000 0.086603 -0.050000
vn -0.000000 0.096593 -0.025882
vn -0.037218 0.088855 -0.026825
vn -0.037218 0.088855 -0.026825
vn -0.019518 0.083682 -0.051151
vn 0.000008 0.100000 0.000000
vn -0.000015 0.100000 0.000000
vn -0.000038 0.100000 0.000000
vn -0.000061 0.100000 0.000000
vn -0.000084 0.100000 0.000000
vn 0.035198 0.029969 -0.088673
vn 0.038763 0.040845 -0.082638
vn 0.047580 0.057863 -0.066242
vn 0.051242 0.071908 -0.046940
vn 0.053135 0.077457 -0.034309
vn 0.052770 0.071381 -0.046045
vn 0.041804 0.040393 -0.081369
vn 0.050000 0.061237 -0.061237
vn 0.050000 0.080010 -0.033141
vn 0.086603 0.046194 -0.019134
vn 0.086603 0.035355 -0.035355
vn 0.021493 -0.000024 -0.097663
vn 0.021105 0.000000 -0.097748
vn 0.023060 0.036324 -0.090271
vn 0.041804 0.040393 -0.081369
vn 0.021087 0.069868 -0.068365
vn 0.052770 0.071381 -0.046045
vn 0.015718 0.092164 -0.035479
vn 0.051450 0.085749 -0.000000
vn -0.000184 0.100000 0.000197
vn -0.012239 0.092241 -0.036632
vn -0.051450 0.085749 -0.000000
vn -0.040224 0.082285 -0.040139
vn 0.000163 0.070840 -0.070581
vn -0.021962 0.064428 -0.073257
vn 0.000141 0.035302 -0.093562
vn 0.012435 0.036938 -0.092092
vn 0.021827 -0.000023 -0.097589
vn 0.050000 0.061237 -0.061237
vn 0.086603 0.035355 -0.035355
vn -0.051450 0.085749 0.000000
vn -0.037218 0.088855 0.026825
vn -0.037218 0.088855 0.026825
vn -0.019518 0.083682 0.051151
vn 0.000000 0.070711 0.070711
vn 0.000000 0.070711 0.070711
vn -0.019518 0.083682 0.051151
vn 0.003300 0.033998 -0.093985
vn 0.000141 0.035302 -0.093562
vn -0.020419 0.064850 -0.073332
vn -0.021962 0.064428 -0.073257
vn -0.040224 0.082285 -0.040139
vn -0.040174 0.083114 -0.038445
vn -0.038627 0.082967 -0.040305
vn -0.018864 0.065278 -0.073369
vn 0.004288 0.035860 -0.093250
vn 0.050000 0.083652 -0.022414
vn 0.050000 0.083652 0.022414
vn 0.050000 0.061237 0.061237
vn 0.086603 0.048296 0.012941
vn 0.086603 0.035355 0.035355
vn 0.086603 0.048296 -0.012941
vn 0.000000 0.086603 0.050000
vn -0.015289 0.092820 0.033921
vn 0.000000 0.096593 0.025882
vn -0.017917 0.098382 0.000000
vn -0.035254 0.093580 0.000000
vn -0.037218 0.088855 0.026825
vn -0.019518 0.083682 0.051151
vn -0.035254 0.093580 -0.000000
vn -0.017917 0.098382 -0.000000
vn 0.032092 0.000000 -0.094711
vn 0.026670 0.000000 -0.096378
vn 0.008018 0.034556 -0.093496
vn 0.004288 0.035860 -0.093250
vn -0.016929 0.065814 -0.073361
vn -0.018864 0.065278 -0.073369
vn -0.038627 0.082967 -0.040305
vn -0.038481 0.083878 -0.038519
vn -0.036612 0.083832 -0.040395
vn -0.014980 0.066359 -0.073294
vn 0.009431 0.036573 -0.092593
vn 0.050000 0.061237 0.061237
vn 0.086603 0.035355 0.035355
vn 0.000000 0.092388 0.038268
vn 0.000000 0.096593 0.025882
vn 0.000000 0.086603 0.050000
vn 0.009431 0.036573 -0.092593
vn 0.027793 0.050000 -0.082022
vn -0.014980 0.066359 -0.073294
vn 0.016046 0.086603 -0.047355
vn -0.036612 0.083832 -0.040395
vn 0.050000 0.086603 0.000000
vn 0.050000 0.080010 0.033141
vn 0.086603 0.046194 0.019134
vn 0.086603 0.050000 0.000000
vn 0.000545 0.099998 -0.000325
vn 0.041772 0.087489 -0.024511
vn 0.031669 0.086603 -0.038692
vn 0.073275 0.053141 -0.042507
vn 0.054853 0.050000 -0.067016
vn 0.084711 0.053141 0.000000
vn 0.048432 0.087489 0.000000
vn 0.000635 0.099998 0.000000
vn 0.098091 0.000000 -0.019446
vn 0.096178 0.000000 -0.027383
vn 0.092437 0.000000 -0.038150
vn 0.092437 0.000000 0.038150
vn 0.096178 0.000000 0.027383
vn 0.098091 0.000000 0.019446
vn 0.066943 0.000000 -0.074288
vn 0.045245 0.000000 -0.089179
vn 0.050000 0.000000 -0.086603
vn 0.016016 0.000000 -0.098709
vn 0.000000 0.000000 -0.100000
vn -0.014726 0.000000 -0.098910
vn -0.050000 0.000000 -0.086603
vn -0.044077 0.000000 -0.089762
vn -0.069262 0.000000 -0.072130
vn -0.086603 0.000000 -0.050000
vn -0.081891 0.000000 -0.057392
vn -0.091755 0.000000 -0.039761
vn -0.100000 0.000000 -0.000000
vn -0.100000 0.000000 -0.000002
vn -0.091757 0.000000 0.039757
vn -0.086603 0.000000 0.050000
vn -0.081892 0.000000 0.057390
vn -0.069262 0.000000 0.072130
vn -0.050000 0.000000 0.086603
vn -0.044077 0.000000 0.089762
vn -0.014726 0.000000 0.098910
vn -0.000000 0.000000 0.100000
vn 0.016016 -0.000000 0.098709
vn 0.050000 -0.000000 0.086603
vn 0.045245 -0.000000 0.089179
vn 0.066943 -0.000000 0.074288
vn 0.086603 -0.000000 0.050000
vn 0.084384 -0.000000 0.053659
vn 0.096004 -0.000000 0.027986
vn 0.100000 -0.000000 0.000000
vn 0.100000 -0.000000 0.000000
vn 0.096004 0.000000 -0.027986
vn 0.086603 0.000000 -0.050000
vn 0.084384 0.000000 -0.053659
vn 0.000000 -0.100000 0.000000
vn 0.000000 -0.100000 0.000000
vn 0.000000 -0.100000 0.000000
vn 0.000000 -0.100000 0.000000
vn 0.000000 -0.100000 0.000000
vn 0.000000 -0.100000 0.000000
vn 0.000000 -0.100000 0.000000
vn 0.000000 -0.100000 0.000000
vn 0.000000 -0.100000 0.000000
vn 0.000000 -0.100000 0.000000
vn 0.000000 -0.100000 0.000000
vn 0.000000 -0.098002 -0.019892
vn 0.000000 -0.098002 -0.019892
vn 0.000000 -0.096352 -0.026764
vn 0.000000 -0.100000 0.000000
vn 0.000000 -0.100000 0.000000
vn 0.000000 -0.100000 0.000000
vn 0.000000 -0.100000 0.000000
vn 0.000000 -0.100000 0.000000
vn 0.000000 -0.100000 0.000000
vn 0.000000 -0.100000 0.000000
vn 0.000000 -0.100000 0.000000
vn 0.000000 -0.100000 0.000000
vn 0.000000 -0.100000 0.000000
vn 0.000000 -0.100000 0.000000
vn 0.000000 -0.098002 0.019892
vn 0.000000 -0.098002 0.019892
vn 0.000000 -0.096352 0.026764
vn 0.051450 -0.085749 0.000000
vn 0.051450 -0.085749 0.000000
vn 0.051450 -0.085749 0.000000
vn 0.051450 -0.085749 0.000000
vn 0.051450 -0.085749 0.000000
vn 0.051450 -0.085749 0.000000
vn 0.051450 -0.085749 0.000000
vn 0.051450 -0.085749 0.000000
vn 0.051450 -0.085749 0.000000
vn 0.051450 -0.085749 0.000000
vn 0.051450 -0.085749 0.000000
vn 0.042556 -0.090493 0.000000
vn 0.042556 -0.090493 0.000000
vn 0.035403 -0.093523 0.000000
vn 0.035403 -0.093523 0.000000
vn 0.030639 -0.095191 0.000000
vn 0.030639 -0.095191 0.000000
vn 0.029000 -0.095703 0.000000
vn 0.035572 -0.093238 -0.006424
vn 0.051450 -0.085749 0.000000
vn 0.029662 -0.095499 -0.000384
vn 0.035574 -0.093238 0.006424
vn 0.021129 -0.097342 0.008834
vn 0.006715 -0.099774 0.000001
vn 0.021127 -0.097343 -0.008834
vn 0.051450 -0.085749 0.000000
usemtl Opaque(223,114,81)
f 2/1/1 17/2/2 1/3/3
f 1/3/3 17/2/2 18/4/4
f 1/3/3 18/4/4 19/5/5
f 17/2/2 2/1/1 16/6/6
f 16/6/6 2/1/1 3/7/7
f 16/6/6 3/7/7 15/8/8
f 15/8/8 3/7/7 4/9/9
f 15/8/8 4/9/9 14/10/10
f 14/10/10 4/9/9 5/11/11
f 14/10/10 5/11/11 13/12/12
f 13/12/12 5/11/11 6/13/13
f 13/12/12 6/13/13 26/14/14
f 26/14/14 6/13/13 7/15/15
f 26/14/14 7/15/15 25/16/16
f 25/17/16 7/18/15 24/19/17
f 24/19/17 7/18/15 8/20/18
f 24/19/17 8/20/18 23/21/19
f 23/21/19 8/20/18 9/22/20
f 23/21/19 9/22/20 22/23/21
f 22/23/21 9/22/20 10/24/22
f 22/23/21 10/24/22 21/25/23
f 21/25/23 10/24/22 11/26/24
f 21/25/23 11/26/24 20/27/25
f 20/27/25 11/26/24 12/28/26
f 20/27/25 12/28/26 19/5/5
f 19/5/5 12/28/26 1/3/3
f 28/29/27 50/30/28 27/31/29
f 27/31/29 50/30/28 51/32/30
f 27/31/29 51/32/30 52/33/31
f 50/30/28 28/29/27 49/34/32
f 49/34/32 28/29/27 29/35/33
f 49/34/32 29/35/33 48/36/34
f 48/36/34 29/35/33 30/37/35
f 48/36/34 30/37/35 47/38/36
f 47/38/36 30/37/35 31/39/37
f 47/38/36 31/39/37 46/40/38
f 46/40/38 31/39/37 32/41/39
f 46/40/38 32/41/39 45/42/40
f 45/42/40 32/41/39 33/43/41
f 45/42/40 33/43/41 44/44/42
f 44/45/42 33/46/41 43/47/43
f 43/47/43 33/46/41 34/48/44
f 43/47/43 34/48/44 42/49/45
f 42/49/45 34/48/44 35/50/46
f 42/49/45 35/50/46 41/51/47
f 41/51/47 35/50/46 36/52/48
f 41/51/47 36/52/48 40/53/49
f 40/53/49 36/52/48 37/54/50
f 40/53/49 37/54/50 39/55/51
f 39/55/51 37/54/50 38/56/52
f 39/55/51 38/56/52 52/33/31
f 52/33/31 38/56/52 27/31/29
f 53/57/53 54/58/54 72/59/55
f 72/59/55 54/58/54 73/60/56
f 72/59/55 73/60/56 71/61/57
f 71/61/57 73/60/56 74/62/58
f 71/61/57 74/62/58 70/63/59
f 70/63/59 74/62/58 75/64/60
f 70/63/59 75/64/60 68/65/61
f 68/65/61 75/64/60 67/66/62
f 67/66/62 75/64/60 76/67/63
f 67/66/62 76/67/63 66/68/64
f 66/68/64 76/67/63 64/69/65
f 66/68/64 64/69/65 65/70/66
f 54/58/54 55/71/67 73/60/56
f 73/60/56 55/71/67 57/72/68
f 73/60/56 57/72/68 58/73/69
f 55/71/67 56/74/70 57/72/68
f 73/60/56 58/73/69 74/62/58
f 74/62/58 58/73/69 59/75/71
f 74/62/58 59/75/71 75/64/60
f 75/64/60 59/75/71 60/76/72
f 75/64/60 60/76/72 61/77/73
f 62/78/74 63/79/75 61/77/73
f 61/77/73 63/79/75 76/67/63
f 61/77/73 76/67/63 75/64/60
f 63/79/75 64/69/65 76/67/63
f 68/65/61 69/80/76 70/63/59
f 80/81/77 53/82/53 81/83/78
f 81/83/78 53/82/53 72/84/79
f 81/83/78 72/84/79 71/85/80
f 71/85/80 70/86/81 81/83/78
f 81/83/78 70/86/81 69/87/76
f 81/83/78 69/87/76 82/88/82
f 82/88/82 69/87/76 68/89/83
f 82/88/82 68/89/83 67/90/84
f 67/90/84 66/91/85 82/88/82
f 82/88/82 66/91/85 77/92/86
f 82/88/82 77/92/86 78/93/87
f 66/91/85 65/94/66 77/92/86
f 82/88/82 78/93/87 81/83/78
f 81/83/78 78/93/87 79/95/88
f 81/83/78 79/95/88 80/81/77
f 84/96/89 85/97/90 83/98/91
f 83/98/91 85/97/90 86/99/92
f 83/98/91 86/99/92 87/100/93
f 87/100/93 88/101/94 83/98/91
f 90/102/95 91/103/96 89/104/97
f 89/104/97 91/103/96 94/105/98
f 94/105/98 91/103/96 92/106/99
f 94/105/98 92/106/99 93/107/100
f 96/108/101 97/109/102 95/110/103
f 95/110/103 97/109/102 98/111/104
f 95/110/103 98/111/104 100/112/105
f 100/112/105 98/111/104 99/113/106
f 102/114/107 107/115/108 101/116/109
f 101/116/109 107/115/108 108/117/110
f 101/116/109 108/117/110 114/118/111
f 114/118/111 108/117/110 113/119/112
f 113/119/112 108/117/110 112/120/113
f 112/120/113 108/117/110 109/121/114
f 112/120/113 109/121/114 111/122/115
f 111/122/115 109/121/114 110/123/116
f 102/114/107 103/124/117 107/115/108
f 107/115/108 103/124/117 104/125/118
f 107/115/108 104/125/118 106/126/119
f 106/126/119 104/125/118 105/127/120
f 116/128/121 117/129/122 115/130/123
f 115/130/123 117/129/122 128/131/124
f 128/131/124 117/129/122 118/132/125
f 128/131/124 118/132/125 119/133/126
f 119/133/126 120/134/127 128/131/124
f 128/131/124 120/134/127 127/135/128
f 127/135/128 120/134/127 121/136/129
f 127/135/128 121/136/129 122/137/130
f 122/137/130 123/138/131 127/135/128
f 127/135/128 123/138/131 124/139/132
f 127/135/128 124/139/132 126/140/133
f 126/140/133 124/139/132 125/141/134
f 130/142/135 135/143/136 129/144/137
f 129/144/137 135/143/136 136/145/138
f 129/144/137 136/145/138 138/146/139
f 138/146/139 136/145/138 137/147/140
f 131/148/141 133/149/142 130/142/135
f 130/142/135 133/149/142 134/150/143
f 130/142/135 134/150/143 135/143/136
f 131/148/141 132/151/144 133/149/142
f 127/152/145 126/153/146 163/154/147
f 163/154/147 126/153/146 139/155/148
f 163/154/147 139/155/148 162/156/149
f 162/156/149 139/155/148 140/157/150
f 162/156/149 140/157/150 141/158/151
f 142/159/152 143/160/153 141/158/151
f 141/158/151 143/160/153 130/161/154
f 141/158/151 130/161/154 162/156/149
f 162/156/149 130/161/154 161/162/155
f 161/162/155 130/161/154 160/163/156
f 160/163/156 130/161/154 129/164/157
f 160/163/156 129/164/157 159/165/158
f 159/165/158 129/164/157 158/166/159
f 158/166/159 129/164/157 146/167/160
f 158/166/159 146/167/160 147/168/161
f 129/164/157 144/169/162 146/167/160
f 146/167/160 144/169/162 145/170/163
f 147/168/161 148/171/164 158/166/159
f 158/166/159 148/171/164 157/172/165
f 157/172/165 148/171/164 109/173/166
f 157/172/165 109/173/166 108/174/167
f 107/175/168 12/176/169 108/174/167
f 108/174/167 12/176/169 11/177/170
f 108/174/167 11/177/170 168/178/171
f 168/178/171 11/177/170 10/179/172
f 168/178/171 10/179/172 167/180/173
f 167/180/173 10/179/172 9/181/174
f 167/180/173 9/181/174 166/182/175
f 166/182/175 9/181/174 8/183/176
f 166/182/175 8/183/176 38/184/177
f 38/184/177 8/183/176 27/185/178
f 27/185/178 8/183/176 7/186/179
f 27/185/178 7/186/179 28/187/180
f 28/187/180 7/186/179 6/188/181
f 28/187/180 6/188/181 5/189/182
f 106/190/183 2/191/184 107/175/168
f 107/175/168 2/191/184 1/192/185
f 107/175/168 1/192/185 12/176/169
f 149/193/186 150/194/187 106/190/183
f 106/190/183 150/194/187 151/195/188
f 106/190/183 151/195/188 152/196/189
f 153/197/190 5/189/182 152/196/189
f 152/196/189 5/189/182 4/198/191
f 152/196/189 4/198/191 3/199/192
f 154/200/193 115/201/194 153/197/190
f 153/197/190 115/201/194 32/202/195
f 153/197/190 32/202/195 31/203/196
f 154/200/193 155/204/197 115/201/194
f 115/201/194 155/204/197 156/205/198
f 115/201/194 128/206/199 32/202/195
f 32/202/195 128/206/199 33/207/200
f 33/207/200 128/206/199 34/208/201
f 34/208/201 128/206/199 127/152/145
f 34/208/201 127/152/145 35/209/202
f 35/209/202 127/152/145 164/210/203
f 35/209/202 164/210/203 36/211/204
f 36/211/204 164/210/203 165/212/205
f 36/211/204 165/212/205 37/213/206
f 37/213/206 165/212/205 166/182/175
f 37/213/206 166/182/175 38/184/177
f 164/210/203 127/152/145 163/154/147
f 168/178/171 157/172/165 108/174/167
f 3/199/192 2/191/184 152/196/189
f 152/196/189 2/191/184 106/190/183
f 31/203/196 30/214/207 153/197/190
f 153/197/190 30/214/207 29/215/208
f 153/197/190 29/215/208 5/189/182
f 5/189/182 29/215/208 28/187/180
f 169/216/209 170/217/210 174/218/211
f 174/218/211 170/217/210 171/219/212
f 174/218/211 171/219/212 172/220/213
f 172/220/213 173/221/214 174/218/211
f 175/222/215 176/223/216 195/224/217
f 195/224/217 176/223/216 194/225/218
f 194/225/218 176/223/216 177/226/219
f 194/225/218 177/226/219 178/227/220
f 194/225/218 178/227/220 193/228/221
f 193/228/221 178/227/220 179/229/222
f 193/228/221 179/229/222 192/230/223
f 192/230/223 179/229/222 190/231/224
f 192/230/223 190/231/224 191/232/225
f 180/233/226 186/234/227 179/229/222
f 179/229/222 186/234/227 187/235/228
f 179/229/222 187/235/228 189/236/229
f 189/236/229 187/235/228 188/237/230
f 186/234/227 180/233/226 185/238/231
f 185/238/231 180/233/226 181/239/232
f 185/238/231 181/239/232 182/240/233
f 183/241/234 184/242/235 182/240/233
f 182/240/233 184/242/235 185/238/231
f 189/236/229 190/231/224 179/229/222
f 110/243/116 109/244/114 199/245/236
f 199/245/236 109/244/114 148/246/237
f 199/245/236 148/246/237 198/247/238
f 198/247/238 148/246/237 147/248/239
f 198/247/238 147/248/239 197/249/240
f 197/249/240 147/248/239 146/250/241
f 197/249/240 146/250/241 196/251/242
f 201/252/243 139/253/244 200/254/245
f 200/254/245 139/253/244 126/255/133
f 200/254/245 126/255/133 125/256/134
f 139/253/244 201/252/243 140/257/246
f 140/257/246 201/252/243 202/258/247
f 140/257/246 202/258/247 141/259/248
f 141/259/248 202/258/247 203/260/249
f 105/261/120 204/262/250 106/263/119
f 106/263/119 204/262/250 149/264/251
f 149/264/251 204/262/250 205/265/252
f 149/264/251 205/265/252 150/266/253
f 150/266/253 205/265/252 206/267/254
f 150/266/253 206/267/254 151/268/255
f 151/268/255 206/267/254 207/269/256
f 151/268/255 207/269/256 152/270/257
f 207/271/256 208/272/258 152/273/257
f 152/273/257 208/272/258 153/274/259
f 153/275/259 208/276/258 154/277/260
f 154/277/260 208/276/258 209/278/261
f 154/277/260 209/278/261 155/279/262
f 155/279/262 209/278/261 210/280/263
f 155/279/262 210/280/263 156/281/264
f 156/281/264 210/280/263 211/282/265
f 156/281/264 211/282/265 115/283/123
f 115/283/123 211/282/265 116/284/121
f 212/285/266 213/286/267 224/287/268
f 224/287/268 213/286/267 223/288/269
f 223/288/269 213/286/267 214/289/270
f 223/288/269 214/289/270 215/290/271
f 215/290/271 216/291/272 223/288/269
f 223/288/269 216/291/272 222/292/273
f 222/292/273 216/291/272 217/293/274
f 222/292/273 217/293/274 218/294/275
f 218/294/275 219/295/276 222/292/273
f 222/292/273 219/295/276 221/296/277
f 221/296/277 219/295/276 220/297/278
f 61/298/279 229/299/280 62/300/281
f 62/300/281 229/299/280 230/301/282
f 62/300/281 230/301/282 232/302/283
f 232/302/283 230/301/282 231/303/284
f 61/298/279 60/304/285 229/299/280
f 229/299/280 60/304/285 59/305/71
f 229/299/280 59/305/71 228/306/286
f 228/306/286 59/305/71 58/307/287
f 228/306/286 58/307/287 57/308/288
f 57/308/288 56/309/289 228/306/286
f 228/306/286 56/309/289 227/310/290
f 227/310/290 56/309/289 225/311/291
f 227/310/290 225/311/291 226/312/292
f 53/313/53 80/314/77 234/315/293
f 234/315/293 80/314/77 233/316/294
f 65/317/66 235/318/295 77/319/86
f 77/319/86 235/318/295 236/320/296
f 238/321/297 239/322/298 237/323/299
f 237/323/299 239/322/298 240/324/300
f 242/325/301 243/326/302 241/327/303
f 241/327/303 243/326/302 244/328/304
f 176/329/216 175/330/215 248/331/305
f 248/331/305 175/330/215 245/332/306
f 248/331/305 245/332/306 246/333/307
f 238/334/297 237/335/299 246/333/307
f 246/333/307 237/335/299 247/336/308
f 246/333/307 247/336/308 248/331/305
f 95/337/103 249/338/309 252/339/310
f 252/339/310 249/338/309 253/340/311
f 252/339/310 253/340/311 251/341/312
f 251/341/312 253/340/311 245/342/306
f 251/341/312 245/342/306 175/343/215
f 249/338/309 250/344/313 253/340/311
f 253/340/311 250/344/313 238/345/297
f 238/346/297 246/347/307 253/340/311
f 253/340/311 246/347/307 245/342/306
f 182/348/233 181/349/314 262/350/315
f 262/350/315 181/349/314 266/351/316
f 262/350/315 266/351/316 261/352/317
f 261/352/317 266/351/316 260/353/318
f 261/352/317 260/353/318 243/354/302
f 181/349/314 180/355/319 266/351/316
f 266/351/316 180/355/319 265/356/320
f 266/351/316 265/356/320 259/357/321
f 259/357/321 265/356/320 258/358/322
f 258/358/322 265/356/320 264/359/323
f 258/358/322 264/359/323 256/360/324
f 256/360/324 264/359/323 255/361/325
f 255/361/325 264/359/323 263/362/326
f 255/361/325 263/362/326 254/363/327
f 254/363/327 263/362/326 247/364/328
f 254/363/327 247/364/328 237/365/299
f 180/355/319 179/366/329 265/356/320
f 265/356/320 179/366/329 264/359/323
f 179/366/329 178/367/330 264/359/323
f 264/359/323 178/367/330 177/368/331
f 264/359/323 177/368/331 263/362/326
f 263/362/326 177/368/331 248/369/332
f 263/362/326 248/369/332 247/364/328
f 177/368/331 176/370/216 248/369/332
f 256/360/324 257/371/333 258/358/322
f 259/357/321 260/353/318 266/351/316
f 191/372/334 190/373/224 272/374/335
f 272/374/335 190/373/224 267/375/336
f 272/374/335 267/375/336 277/376/337
f 277/376/337 267/375/336 268/377/338
f 277/376/337 268/377/338 282/378/339
f 282/378/339 268/377/338 207/379/340
f 282/378/339 207/379/340 206/380/341
f 282/378/339 206/380/341 283/381/342
f 283/381/342 206/380/341 205/382/343
f 283/381/342 205/382/343 284/383/344
f 284/383/344 205/382/343 285/384/345
f 284/383/344 285/384/345 279/385/346
f 279/385/346 285/384/345 280/386/347
f 279/385/346 280/386/347 274/387/348
f 274/387/348 280/386/347 275/388/349
f 274/387/348 275/388/349 192/389/223
f 192/389/223 275/388/349 193/390/350
f 193/390/350 275/388/349 276/391/351
f 193/390/350 276/391/351 194/392/218
f 194/392/218 276/391/351 271/393/352
f 271/393/352 276/391/351 281/394/353
f 271/393/352 281/394/353 270/395/354
f 270/395/354 281/394/353 269/396/355
f 269/396/355 281/394/353 286/397/356
f 269/396/355 286/397/356 105/398/120
f 105/398/120 286/397/356 204/399/357
f 204/399/357 286/397/356 285/384/345
f 204/399/357 285/384/345 205/382/343
f 274/387/348 192/389/223 273/400/358
f 273/400/358 192/389/223 191/372/334
f 273/400/358 191/372/334 272/374/335
f 279/385/346 274/387/348 273/400/358
f 273/400/358 272/374/335 278/401/359
f 278/401/359 272/374/335 277/376/337
f 278/401/359 277/376/337 283/381/342
f 283/381/342 277/376/337 282/378/339
f 281/394/353 276/391/351 275/388/349
f 281/394/353 275/388/349 280/386/347
f 284/383/344 279/385/346 278/401/359
f 278/401/359 279/385/346 273/400/358
f 284/383/344 278/401/359 283/381/342
f 286/397/356 281/394/353 280/386/347
f 286/397/356 280/386/347 285/384/345
f 195/402/217 194/403/218 291/404/360
f 291/404/360 194/403/218 271/405/361
f 291/404/360 271/405/361 290/406/362
f 290/406/362 271/405/361 270/407/363
f 290/406/362 270/407/363 269/408/364
f 290/406/362 269/408/364 292/409/365
f 292/409/365 269/408/364 105/410/366
f 292/409/365 105/410/366 104/411/118
f 104/411/118 287/412/367 292/409/365
f 292/409/365 287/412/367 290/406/362
f 287/412/367 288/413/368 290/406/362
f 290/406/362 288/413/368 289/414/369
f 290/406/362 289/414/369 291/404/360
f 291/404/360 289/414/369 195/402/217
f 252/415/310 295/416/370 95/417/103
f 95/417/103 295/416/370 296/418/371
f 95/417/103 296/418/371 297/419/372
f 297/419/372 296/418/371 195/420/217
f 297/419/372 195/420/217 293/421/373
f 252/415/310 251/422/312 295/416/370
f 295/416/370 251/422/312 195/420/217
f 295/416/370 195/420/217 296/418/371
f 251/422/312 175/423/215 195/420/217
f 293/421/373 294/424/374 297/419/372
f 297/419/372 294/424/374 95/417/103
f 294/424/374 96/425/101 95/417/103
f 250/426/313 300/427/375 238/428/297
f 238/428/297 300/427/375 299/429/376
f 238/428/297 299/429/376 239/430/298
f 250/426/313 249/431/309 300/427/375
f 300/427/375 249/431/309 100/432/105
f 300/427/375 100/432/105 298/433/377
f 249/431/309 95/434/103 100/432/105
f 298/433/377 299/429/376 300/427/375
f 220/435/278 219/436/276 304/437/378
f 304/437/378 219/436/276 301/438/379
f 304/437/378 301/438/379 302/439/380
f 240/440/381 239/441/382 302/439/380
f 302/439/380 239/441/382 303/442/383
f 302/439/380 303/442/383 304/437/378
f 260/443/384 313/444/385 243/445/302
f 243/445/302 313/444/385 311/446/386
f 243/445/302 311/446/386 244/447/304
f 260/443/384 259/448/387 313/444/385
f 313/444/385 259/448/387 258/449/388
f 313/444/385 258/449/388 257/450/333
f 313/444/385 257/450/333 312/451/389
f 312/451/389 257/450/333 256/452/390
f 312/451/389 256/452/390 255/453/391
f 255/453/391 254/454/392 312/451/389
f 312/451/389 254/454/392 240/455/300
f 312/451/389 240/455/300 305/456/393
f 254/454/392 237/457/299 240/455/300
f 305/456/393 306/458/394 312/451/389
f 312/451/389 306/458/394 307/459/395
f 312/451/389 307/459/395 308/460/396
f 312/451/389 308/460/396 313/444/385
f 313/444/385 308/460/396 309/461/397
f 313/444/385 309/461/397 310/462/398
f 310/462/398 311/446/386 313/444/385
f 183/463/399 182/464/400 315/465/401
f 315/465/401 182/464/400 262/466/402
f 315/465/401 262/466/402 261/467/403
f 243/468/404 242/469/405 261/467/403
f 261/467/403 242/469/405 314/470/406
f 261/467/403 314/470/406 315/465/401
f 268/471/407 318/472/408 207/473/256
f 207/473/256 318/472/408 319/474/409
f 207/473/256 319/474/409 317/475/410
f 317/475/410 319/474/409 316/476/411
f 316/476/411 319/474/409 189/477/229
f 189/477/229 319/474/409 318/472/408
f 189/477/229 318/472/408 267/478/412
f 267/478/412 318/472/408 268/471/407
f 267/478/412 190/479/224 189/477/229
f 317/475/410 208/480/258 207/473/256
f 321/481/413 96/482/101 322/483/414
f 322/483/414 96/482/101 294/484/374
f 322/483/414 294/484/374 293/485/373
f 195/486/217 289/487/415 293/485/373
f 293/485/373 289/487/415 322/483/414
f 289/487/415 288/488/416 322/483/414
f 322/483/414 288/488/416 323/489/417
f 322/483/414 323/489/417 321/481/413
f 321/481/413 323/489/417 320/490/418
f 320/490/418 323/489/417 324/491/419
f 320/490/418 324/491/419 104/492/118
f 288/488/416 287/493/420 323/489/417
f 323/489/417 287/493/420 324/491/419
f 287/493/420 104/494/118 324/491/419
f 220/495/278 304/496/421 326/497/422
f 326/497/422 304/496/421 327/498/423
f 326/497/422 327/498/423 325/499/424
f 325/499/424 327/498/423 298/500/377
f 325/499/424 298/500/377 100/501/105
f 304/496/421 303/502/425 327/498/423
f 327/498/423 303/502/425 239/503/298
f 239/504/298 299/505/376 327/498/423
f 327/498/423 299/505/376 298/500/377
f 305/506/426 240/507/300 330/508/427
f 330/508/427 240/507/300 302/509/428
f 330/508/427 302/509/428 301/510/429
f 219/511/276 218/512/430 301/510/429
f 301/510/429 218/512/430 330/508/427
f 217/513/431 216/514/432 218/512/430
f 218/512/430 216/514/432 331/515/433
f 218/512/430 331/515/433 330/508/427
f 330/508/427 331/515/433 305/506/426
f 331/515/433 216/514/432 332/516/434
f 332/516/434 216/514/432 215/517/435
f 332/516/434 215/517/435 214/518/436
f 213/519/437 328/520/438 214/518/436
f 214/518/436 328/520/438 333/521/439
f 214/518/436 333/521/439 332/516/434
f 332/516/434 333/521/439 310/522/440
f 332/516/434 310/522/440 309/523/441
f 328/520/438 329/524/442 333/521/439
f 333/521/439 329/524/442 311/525/443
f 333/521/439 311/525/443 310/522/440
f 329/524/442 244/526/304 311/525/443
f 309/523/441 308/527/444 332/516/434
f 332/516/434 308/527/444 307/528/445
f 332/516/434 307/528/445 306/529/446
f 332/516/434 306/529/446 331/515/433
f 331/515/433 306/529/446 305/506/426
f 94/530/98 334/531/447 337/532/448
f 337/532/448 334/531/447 338/533/449
f 337/532/448 338/533/449 336/534/450
f 336/534/450 338/533/449 242/535/301
f 334/531/447 335/536/451 338/533/449
f 338/533/449 335/536/451 315/537/452
f 338/533/449 315/537/452 314/538/453
f 335/536/451 183/539/234 315/537/452
f 314/538/453 242/540/301 338/533/449
f 209/541/454 208/542/455 342/543/456
f 342/543/456 208/542/455 317/544/457
f 342/543/456 317/544/457 347/545/458
f 347/545/458 317/544/457 316/546/459
f 347/545/458 316/546/459 352/547/460
f 352/547/460 316/546/459 189/548/229
f 352/547/460 189/548/229 188/549/461
f 352/547/460 188/549/461 353/550/462
f 353/550/462 188/549/461 187/551/463
f 353/550/462 187/551/463 354/552/464
f 354/552/464 187/551/463 355/553/465
f 354/552/464 355/553/465 349/554/466
f 349/554/466 355/553/465 350/555/467
f 349/554/466 350/555/467 344/556/468
f 344/556/468 350/555/467 345/557/469
f 344/556/468 345/557/469 210/558/470
f 210/558/470 345/557/469 211/559/471
f 211/559/471 345/557/469 346/560/472
f 211/559/471 346/560/472 116/561/121
f 116/561/121 346/560/472 341/562/473
f 341/562/473 346/560/472 351/563/474
f 341/562/473 351/563/474 340/564/475
f 340/564/475 351/563/474 339/565/476
f 339/565/476 351/563/474 356/566/477
f 339/565/476 356/566/477 185/567/231
f 185/567/231 356/566/477 186/568/478
f 186/568/478 356/566/477 355/553/465
f 186/568/478 355/553/465 187/551/463
f 344/556/468 210/558/470 343/569/479
f 343/569/479 210/558/470 209/541/454
f 343/569/479 209/541/454 342/543/456
f 349/554/466 344/556/468 343/569/479
f 343/569/479 342/543/456 348/570/480
f 348/570/480 342/543/456 347/545/458
f 348/570/480 347/545/458 353/550/462
f 353/550/462 347/545/458 352/547/460
f 351/563/474 346/560/472 345/557/469
f 351/563/474 345/557/469 350/555/467
f 354/552/464 349/554/466 348/570/480
f 348/570/480 349/554/466 343/569/479
f 354/552/464 348/570/480 353/550/462
f 356/566/477 351/563/474 350/555/467
f 356/566/477 350/555/467 355/553/465
f 96/571/481 321/572/482 97/573/102
f 97/573/102 321/572/482 360/574/483
f 97/573/102 360/574/483 98/575/104
f 98/575/104 360/574/483 358/576/484
f 98/575/104 358/576/484 99/577/485
f 321/572/482 320/578/418 360/574/483
f 360/574/483 320/578/418 359/579/486
f 360/574/483 359/579/486 358/576/484
f 358/576/484 359/579/486 357/580/487
f 357/580/487 359/579/486 102/581/107
f 357/580/487 102/581/107 101/582/109
f 104/583/118 103/584/117 320/578/418
f 320/578/418 103/584/117 359/579/486
f 103/584/117 102/581/107 359/579/486
f 221/585/277 220/586/278 362/587/488
f 362/587/488 220/586/278 326/588/422
f 362/587/488 326/588/422 361/589/489
f 361/589/489 326/588/422 325/590/424
f 361/589/489 325/590/424 99/591/106
f 99/591/106 325/590/424 100/592/105
f 241/593/303 244/594/304 364/595/490
f 364/595/490 244/594/304 329/596/491
f 364/595/490 329/596/491 328/597/492
f 213/598/267 212/599/266 328/597/492
f 328/597/492 212/599/266 363/600/493
f 328/597/492 363/600/493 364/595/490
f 337/601/448 367/602/494 94/603/98
f 94/603/98 367/602/494 366/604/495
f 94/603/98 366/604/495 89/605/97
f 337/601/448 336/606/450 367/602/494
f 367/602/494 336/606/450 241/607/303
f 367/602/494 241/607/303 365/608/496
f 336/606/450 242/609/301 241/607/303
f 365/608/496 366/604/495 367/602/494
f 335/610/451 370/611/497 183/612/234
f 183/612/234 370/611/497 371/613/498
f 183/612/234 371/613/498 372/614/499
f 372/614/499 371/613/498 93/615/100
f 372/614/499 93/615/100 368/616/500
f 335/610/451 334/617/447 370/611/497
f 370/611/497 334/617/447 93/615/100
f 370/611/497 93/615/100 371/613/498
f 334/617/447 94/618/98 93/615/100
f 368/616/500 369/619/501 372/614/499
f 372/614/499 369/619/501 183/612/234
f 369/619/501 184/620/235 183/612/234
f 117/621/122 116/622/121 377/623/502
f 377/623/502 116/622/121 341/624/503
f 377/623/502 341/624/503 376/625/504
f 376/625/504 341/624/503 340/626/505
f 376/625/504 340/626/505 339/627/506
f 376/625/504 339/627/506 378/628/507
f 378/628/507 339/627/506 185/629/231
f 378/628/507 185/629/231 184/630/235
f 184/630/235 373/631/508 378/628/507
f 378/628/507 373/631/508 376/625/504
f 373/631/508 374/632/509 376/625/504
f 376/625/504 374/632/509 375/633/510
f 376/625/504 375/633/510 377/623/502
f 377/623/502 375/633/510 117/621/122
f 231/634/284 230/635/282 386/636/511
f 386/636/511 230/635/282 379/637/512
f 386/636/511 379/637/512 385/638/513
f 385/638/513 379/637/512 380/639/514
f 385/638/513 380/639/514 381/640/515
f 385/638/513 381/640/515 387/641/516
f 387/641/516 381/640/515 110/642/116
f 387/641/516 110/642/116 199/643/517
f 199/643/517 382/644/518 387/641/516
f 387/641/516 382/644/518 385/638/513
f 382/644/518 383/645/519 385/638/513
f 385/638/513 383/645/519 384/646/520
f 385/638/513 384/646/520 386/636/511
f 386/636/511 384/646/520 231/634/284
f 221/647/277 362/648/488 389/649/521
f 389/649/521 362/648/488 358/650/522
f 389/649/521 358/650/522 357/651/487
f 362/648/488 361/652/489 358/650/522
f 358/650/522 361/652/489 99/653/106
f 389/649/521 357/651/487 388/654/523
f 388/654/523 357/651/487 101/655/109
f 89/656/97 366/657/495 391/658/524
f 391/658/524 366/657/495 392/659/525
f 391/658/524 392/659/525 390/660/526
f 390/660/526 392/659/525 363/661/527
f 390/660/526 363/661/527 212/662/266
f 366/657/495 365/663/496 392/659/525
f 392/659/525 365/663/496 241/664/303
f 241/665/303 364/666/528 392/659/525
f 392/659/525 364/666/528 363/661/527
f 117/667/122 375/668/529 397/669/530
f 397/669/530 375/668/529 374/670/531
f 397/669/530 374/670/531 396/671/532
f 396/671/532 374/670/531 373/672/533
f 396/671/532 373/672/533 395/673/534
f 395/673/534 373/672/533 369/674/501
f 395/673/534 369/674/501 368/675/500
f 373/672/533 184/676/235 369/674/501
f 368/675/500 93/677/100 395/673/534
f 395/673/534 93/677/100 393/678/535
f 395/673/534 393/678/535 396/671/532
f 396/671/532 393/678/535 394/679/536
f 396/671/532 394/679/536 397/669/530
f 397/669/530 394/679/536 117/680/122
f 399/681/537 383/682/538 398/683/539
f 398/683/539 383/682/538 382/684/540
f 398/683/539 382/684/540 199/685/236
f 383/682/538 399/681/537 384/686/541
f 384/686/541 399/681/537 169/687/209
f 384/686/541 169/687/209 401/688/542
f 401/688/542 169/687/209 400/689/543
f 401/688/542 231/690/284 384/686/541
f 232/691/283 231/692/284 403/693/544
f 403/693/544 231/692/284 401/694/542
f 403/693/544 401/694/542 402/695/545
f 402/695/545 401/694/542 400/696/543
f 402/695/545 400/696/543 174/697/211
f 174/697/211 400/696/543 169/698/209
f 111/699/115 110/700/116 408/701/546
f 408/701/546 110/700/116 381/702/547
f 408/701/546 381/702/547 407/703/548
f 407/703/548 381/702/547 380/704/549
f 407/703/548 380/704/549 379/705/550
f 407/703/548 379/705/550 409/706/551
f 409/706/551 379/705/550 230/707/282
f 409/706/551 230/707/282 229/708/280
f 229/708/280 404/709/552 409/706/551
f 409/706/551 404/709/552 407/703/548
f 404/709/552 405/710/553 407/703/548
f 407/703/548 405/710/553 406/711/554
f 407/703/548 406/711/554 408/701/546
f 408/701/546 406/711/554 111/699/115
f 222/712/555 221/713/277 412/714/556
f 412/714/556 221/713/277 389/715/557
f 412/714/556 389/715/557 413/716/558
f 413/716/558 389/715/557 388/717/559
f 413/716/558 388/717/559 414/718/560
f 414/718/560 388/717/559 101/719/109
f 414/718/560 101/719/109 114/720/111
f 114/720/111 410/721/561 414/718/560
f 414/718/560 410/721/561 413/716/558
f 410/721/561 411/722/562 413/716/558
f 413/716/558 411/722/562 412/714/556
f 411/722/562 222/712/555 412/714/556
f 90/723/95 89/724/97 416/725/563
f 416/725/563 89/724/97 391/726/524
f 416/725/563 391/726/524 415/727/564
f 415/727/564 391/726/524 390/728/526
f 415/727/564 390/728/526 224/729/268
f 224/729/268 390/728/526 212/730/266
f 117/731/122 394/732/536 118/733/125
f 118/733/125 394/732/536 420/734/565
f 118/733/125 420/734/565 119/735/126
f 119/735/126 420/734/565 418/736/566
f 119/735/126 418/736/566 120/737/127
f 394/732/536 393/738/567 420/734/565
f 420/734/565 393/738/567 419/739/568
f 420/734/565 419/739/568 418/736/566
f 418/736/566 419/739/568 417/740/569
f 417/740/569 419/739/568 91/741/96
f 417/740/569 91/741/96 90/742/570
f 93/743/571 92/744/99 393/738/567
f 393/738/567 92/744/99 419/739/568
f 92/744/99 91/741/96 419/739/568
f 199/745/236 198/746/238 398/747/572
f 398/747/572 198/746/238 424/748/573
f 398/747/572 424/748/573 425/749/574
f 425/749/574 424/748/573 421/750/575
f 425/749/574 421/750/575 422/751/576
f 198/746/238 197/752/240 424/748/573
f 424/748/573 197/752/240 421/750/575
f 197/752/240 196/753/242 421/750/575
f 425/749/574 422/751/576 171/754/212
f 171/754/212 422/751/576 423/755/577
f 171/754/212 423/755/577 172/756/213
f 171/754/212 170/757/210 425/749/574
f 425/749/574 170/757/210 399/758/578
f 425/749/574 399/758/578 398/747/572
f 170/757/210 169/759/209 399/758/578
f 235/760/295 426/761/579 430/762/580
f 430/762/580 426/761/579 427/763/581
f 430/762/580 427/763/581 403/764/544
f 403/764/544 427/763/581 232/765/283
f 403/764/544 402/766/545 430/762/580
f 430/762/580 402/766/545 428/767/582
f 430/762/580 428/767/582 429/768/583
f 402/766/545 174/769/211 428/767/582
f 429/768/583 235/770/295 430/762/580
f 410/771/584 114/772/111 434/773/585
f 434/773/585 114/772/111 113/774/586
f 434/773/585 113/774/586 112/775/587
f 434/773/585 112/775/587 433/776/588
f 433/776/588 112/775/587 111/777/115
f 433/776/588 111/777/115 406/778/589
f 433/776/588 406/778/589 435/779/590
f 435/779/590 406/778/589 405/780/591
f 435/779/590 405/780/591 404/781/592
f 435/779/590 404/781/592 436/782/593
f 436/782/593 404/781/592 229/783/594
f 436/782/593 229/783/594 431/784/595
f 436/782/593 431/784/595 437/785/596
f 437/785/596 431/784/595 222/786/597
f 437/785/596 222/786/597 411/787/598
f 437/785/596 411/787/598 432/788/599
f 432/788/599 411/787/598 410/771/584
f 432/788/599 410/771/584 434/773/585
f 432/788/599 434/773/585 433/776/588
f 433/776/588 435/779/590 432/788/599
f 432/788/599 435/779/590 436/782/593
f 432/788/599 436/782/593 437/785/596
f 417/789/600 438/790/601 418/791/566
f 418/791/566 438/790/601 439/792/602
f 418/791/566 439/792/602 120/793/127
f 90/794/95 416/795/563 417/789/600
f 417/789/600 416/795/563 415/796/564
f 417/789/600 415/796/564 438/790/601
f 438/790/601 415/796/564 224/797/268
f 172/798/213 423/799/603 173/800/214
f 173/800/214 423/799/603 422/801/604
f 173/800/214 422/801/604 441/802/605
f 441/802/605 422/801/604 421/803/606
f 441/802/605 421/803/606 440/804/607
f 440/804/607 421/803/606 138/805/139
f 440/804/607 138/805/139 137/806/140
f 429/807/583 444/808/608 235/809/295
f 235/809/295 444/808/608 443/810/609
f 235/809/295 443/810/609 236/811/296
f 429/807/583 428/812/582 444/808/608
f 444/808/608 428/812/582 173/813/214
f 444/808/608 173/813/214 442/814/610
f 428/812/582 174/815/211 173/813/214
f 442/814/610 443/810/609 444/808/608
f 62/816/281 232/817/283 63/818/611
f 63/818/611 232/817/283 427/819/612
f 63/818/611 427/819/612 426/820/579
f 235/821/295 65/822/66 426/820/579
f 426/820/579 65/822/66 64/823/613
f 426/820/579 64/823/613 63/818/611
f 431/824/614 446/825/615 222/826/273
f 222/826/273 446/825/615 447/827/616
f 222/826/273 447/827/616 223/828/269
f 223/828/269 447/827/616 448/829/617
f 223/828/269 448/829/617 445/830/618
f 445/830/618 448/829/617 228/831/286
f 228/831/286 448/829/617 447/827/616
f 228/831/286 447/827/616 229/832/280
f 229/832/280 447/827/616 446/825/615
f 229/832/280 446/825/615 431/824/614
f 121/833/129 120/834/127 452/835/619
f 452/835/619 120/834/127 439/836/620
f 452/835/619 439/836/620 451/837/621
f 451/837/621 439/836/620 438/838/622
f 451/837/621 438/838/622 453/839/623
f 453/839/623 438/838/622 224/840/268
f 453/839/623 224/840/268 223/841/269
f 223/841/269 449/842/624 453/839/623
f 453/839/623 449/842/624 451/837/621
f 449/842/624 450/843/625 451/837/621
f 451/837/621 450/843/625 452/835/619
f 450/843/625 121/833/129 452/835/619
f 236/844/296 443/845/609 455/846/626
f 455/846/626 443/845/609 456/847/627
f 455/846/626 456/847/627 457/848/628
f 457/848/628 456/847/627 440/849/607
f 457/848/628 440/849/607 137/850/140
f 443/845/609 442/851/610 456/847/627
f 456/847/627 442/851/610 441/852/605
f 456/847/627 441/852/605 440/849/607
f 442/851/610 173/853/214 441/852/605
f 137/854/140 454/855/629 457/848/628
f 457/848/628 454/855/629 455/846/626
f 122/856/630 121/857/631 461/858/632
f 461/858/632 121/857/631 450/859/633
f 461/858/632 450/859/633 463/860/634
f 463/860/634 450/859/633 449/861/635
f 463/860/634 449/861/635 465/862/636
f 465/862/636 449/861/635 223/863/637
f 465/862/636 223/863/637 445/864/638
f 465/862/636 445/864/638 466/865/639
f 466/865/639 445/864/638 228/866/640
f 466/865/639 228/866/640 458/867/641
f 466/865/639 458/867/641 464/868/642
f 464/868/642 458/867/641 459/869/643
f 464/868/642 459/869/643 460/870/644
f 464/868/642 460/870/644 462/871/645
f 462/871/645 460/870/644 124/872/132
f 462/871/645 124/872/132 123/873/646
f 462/871/645 123/873/646 461/858/632
f 461/858/632 123/873/646 122/856/630
f 464/868/642 462/871/645 461/858/632
f 466/865/639 464/868/642 463/860/634
f 463/860/634 464/868/642 461/858/632
f 465/862/636 466/865/639 463/860/634
f 77/874/86 236/875/296 468/876/647
f 468/876/647 236/875/296 455/877/626
f 468/876/647 455/877/626 467/878/648
f 467/878/648 455/877/626 454/879/629
f 467/878/648 454/879/629 136/880/138
f 136/880/138 454/879/629 137/881/140
f 225/882/649 56/883/70 470/884/650
f 470/884/650 56/883/70 55/885/651
f 470/884/650 55/885/651 54/886/652
f 53/887/653 234/888/654 54/886/652
f 54/886/652 234/888/654 469/889/655
f 54/886/652 469/889/655 470/884/650
f 125/890/134 124/891/132 475/892/656
f 475/892/656 124/891/132 460/893/657
f 475/892/656 460/893/657 474/894/658
f 474/894/658 460/893/657 459/895/659
f 474/894/658 459/895/659 458/896/660
f 474/894/658 458/896/660 476/897/661
f 476/897/661 458/896/660 228/898/286
f 476/897/661 228/898/286 227/899/290
f 227/899/290 471/900/662 476/897/661
f 476/897/661 471/900/662 474/894/658
f 471/900/662 472/901/663 474/894/658
f 474/894/658 472/901/663 473/902/664
f 474/894/658 473/902/664 475/892/656
f 475/892/656 473/902/664 125/890/134
f 77/903/86 468/904/647 78/905/87
f 78/905/87 468/904/647 480/906/665
f 78/905/87 480/906/665 79/907/88
f 79/907/88 480/906/665 482/908/666
f 79/907/88 482/908/666 80/909/77
f 80/909/77 482/908/666 478/910/667
f 478/910/667 482/908/666 481/911/668
f 478/910/667 481/911/668 477/912/669
f 477/912/669 481/911/668 134/913/143
f 477/912/669 134/913/143 133/914/142
f 468/904/647 467/915/648 480/906/665
f 480/906/665 467/915/648 479/916/670
f 480/906/665 479/916/670 482/908/666
f 482/908/666 479/916/670 481/911/668
f 467/915/648 136/917/138 479/916/670
f 479/916/670 136/917/138 135/918/136
f 479/916/670 135/918/136 481/911/668
f 481/911/668 135/918/136 134/913/143
f 234/919/293 483/920/671 487/921/672
f 487/921/672 483/920/671 484/922/673
f 487/921/672 484/922/673 485/923/674
f 485/923/674 484/922/673 83/924/91
f 485/923/674 486/925/675 487/921/672
f 487/921/672 486/925/675 470/926/676
f 487/921/672 470/926/676 469/927/677
f 486/925/675 225/928/291 470/926/676
f 469/927/677 234/929/293 487/921/672
f 226/930/292 225/931/291 489/932/678
f 489/932/678 225/931/291 486/933/675
f 489/932/678 486/933/675 488/934/679
f 488/934/679 486/933/675 485/935/674
f 488/934/679 485/935/674 88/936/94
f 88/936/94 485/935/674 83/937/91
f 200/938/680 125/939/681 494/940/682
f 494/940/682 125/939/681 473/941/683
f 494/940/682 473/941/683 493/942/684
f 493/942/684 473/941/683 472/943/685
f 493/942/684 472/943/685 471/944/686
f 493/942/684 471/944/686 495/945/687
f 495/945/687 471/944/686 227/946/290
f 495/945/687 227/946/290 226/947/292
f 226/947/292 490/948/688 495/945/687
f 495/945/687 490/948/688 493/942/684
f 490/948/688 491/949/689 493/942/684
f 493/942/684 491/949/689 492/950/690
f 493/942/684 492/950/690 494/940/682
f 494/940/682 492/950/690 200/938/680
f 233/951/294 80/952/77 497/953/691
f 497/953/691 80/952/77 478/954/667
f 497/953/691 478/954/667 496/955/692
f 496/955/692 478/954/667 477/956/669
f 496/955/692 477/956/669 132/957/144
f 132/957/144 477/956/669 133/958/142
f 484/959/673 500/960/693 83/961/91
f 83/961/91 500/960/693 499/962/694
f 83/961/91 499/962/694 84/963/89
f 484/959/673 483/964/671 500/960/693
f 500/960/693 483/964/671 233/965/294
f 500/960/693 233/965/294 498/966/695
f 483/964/671 234/967/293 233/965/294
f 498/966/695 499/962/694 500/960/693
f 200/968/245 492/969/696 502/970/697
f 502/970/697 492/969/696 491/971/698
f 502/970/697 491/971/698 501/972/699
f 501/972/699 491/971/698 490/973/700
f 501/972/699 490/973/700 88/974/94
f 88/974/94 490/973/700 488/975/679
f 488/975/679 490/973/700 489/976/678
f 489/976/678 490/973/700 226/977/292
f 84/978/89 499/979/694 504/980/701
f 504/980/701 499/979/694 505/981/702
f 504/980/701 505/981/702 506/982/703
f 506/982/703 505/981/702 496/983/692
f 506/982/703 496/983/692 132/984/144
f 499/979/694 498/985/695 505/981/702
f 505/981/702 498/985/695 497/986/691
f 505/981/702 497/986/691 496/983/692
f 498/985/695 233/987/294 497/986/691
f 132/988/144 503/989/704 506/982/703
f 506/982/703 503/989/704 504/980/701
f 85/990/90 507/991/705 86/992/92
f 86/992/92 507/991/705 508/993/706
f 86/992/92 508/993/706 511/994/707
f 511/994/707 508/993/706 509/995/708
f 511/994/707 509/995/708 510/996/709
f 510/996/709 509/995/708 202/997/247
f 510/996/709 202/997/247 201/998/243
f 509/995/708 203/999/249 202/997/247
f 200/1000/245 502/1001/697 201/998/243
f 201/998/243 502/1001/697 510/996/709
f 502/1001/697 501/1002/699 510/996/709
f 510/996/709 501/1002/699 511/994/707
f 88/1003/94 87/1004/93 501/1002/699
f 501/1002/699 87/1004/93 511/994/707
f 87/1004/93 86/992/92 511/994/707
f 132/1005/144 131/1006/141 503/1007/704
f 503/1007/704 131/1006/141 509/1008/710
f 503/1007/704 509/1008/710 504/1009/701
f 504/1009/701 509/1008/710 508/1010/711
f 504/1009/701 508/1010/711 84/1011/89
f 84/1011/89 508/1010/711 507/1012/712
f 84/1011/89 507/1012/712 85/1013/90
f 131/1014/141 143/1015/713 509/1016/714
f 509/1016/714 143/1015/713 142/1017/715
f 509/1016/714 142/1017/715 203/1018/249
f 203/1018/249 142/1017/715 141/1019/248
f 131/1014/141 130/1020/135 143/1015/713
f 196/1021/242 145/1022/716 421/1023/717
f 421/1023/717 145/1022/716 144/1024/718
f 421/1023/717 144/1024/718 138/1025/139
f 138/1025/139 144/1024/718 129/1026/137
f 196/1021/242 146/1027/241 145/1022/716
f 533/1028/719 512/1029/720 168/1030/721
f 168/1030/721 512/1029/720 513/1031/722
f 168/1030/721 513/1031/722 157/1032/723
f 157/1032/723 513/1031/722 514/1033/724
f 157/1032/723 514/1033/724 158/1034/725
f 158/1034/725 514/1033/724 515/1035/726
f 158/1034/725 515/1035/726 516/1036/727
f 158/1034/725 516/1036/727 159/1037/728
f 159/1037/728 516/1036/727 517/1038/729
f 159/1037/728 517/1038/729 518/1039/730
f 159/1037/728 518/1039/730 160/1040/731
f 160/1040/731 518/1039/730 519/1041/732
f 160/1040/731 519/1041/732 520/1042/733
f 160/1040/731 520/1042/733 161/1043/734
f 161/1043/734 520/1042/733 521/1044/735
f 161/1043/734 521/1044/735 522/1045/736
f 161/1043/734 522/1045/736 162/1046/737
f 162/1046/737 522/1045/736 523/1047/738
f 162/1046/737 523/1047/738 524/1048/739
f 162/1046/737 524/1048/739 163/1049/740
f 163/1050/740 524/1051/739 525/1052/741
f 163/1050/740 525/1052/741 164/1053/742
f 164/1053/742 525/1052/741 526/1054/743
f 164/1053/742 526/1054/743 527/1055/744
f 164/1053/742 527/1055/744 165/1056/745
f 165/1056/745 527/1055/744 528/1057/746
f 165/1056/745 528/1057/746 529/1058/747
f 165/1056/745 529/1058/747 166/1059/748
f 166/1059/748 529/1058/747 530/1060/749
f 166/1059/748 530/1060/749 531/1061/750
f 166/1059/748 531/1061/750 167/1062/751
f 167/1062/751 531/1061/750 532/1063/752
f 167/1062/751 532/1063/752 533/1028/719
f 167/1062/751 533/1028/719 168/1030/721
f 39/1064/753 49/1065/754 40/1066/755
f 40/1066/755 49/1065/754 48/1067/756
f 40/1066/755 48/1067/756 41/1068/757
f 41/1068/757 48/1067/756 47/1069/758
f 41/1068/757 47/1069/758 42/1070/759
f 42/1070/759 47/1069/758 46/1071/760
f 42/1070/759 46/1071/760 43/1072/761
f 43/1072/761 46/1071/760 45/1073/762
f 43/1072/761 45/1073/762 44/1074/763
f 49/1075/754 39/1076/753 50/1077/764
f 50/1077/764 39/1076/753 52/1078/765
f 50/1077/764 52/1078/765 51/1079/766
f 23/1080/767 22/1081/768 13/1082/769
f 13/1082/769 22/1081/768 14/1083/770
f 14/1083/770 22/1081/768 21/1084/771
f 14/1083/770 21/1084/771 15/1085/772
f 15/1085/772 21/1084/771 20/1086/773
f 15/1085/772 20/1086/773 16/1087/774
f 16/1087/774 20/1086/773 19/1088/775
f 16/1087/774 19/1088/775 17/1089/776
f 17/1089/776 19/1088/775 18/1090/777
f 23/1091/767 13/1092/769 24/1093/778
f 24/1093/778 13/1092/769 26/1094/779
f 24/1093/778 26/1094/779 25/1095/780
f 522/1096/781 534/1097/782 523/1098/783
f 523/1098/783 534/1097/782 524/1099/784
f 524/1099/784 534/1097/782 514/1100/785
f 524/1099/784 514/1100/785 525/1101/786
f 525/1101/786 514/1100/785 513/1102/787
f 525/1101/786 513/1102/787 526/1103/788
f 526/1103/788 513/1102/787 512/1104/789
f 516/1105/790 515/1106/791 534/1097/782
f 534/1097/782 515/1106/791 514/1100/785
f 526/1107/788 512/1108/789 527/1109/792
f 527/1109/792 512/1108/789 533/1110/793
f 527/1109/792 533/1110/793 528/1111/794
f 528/1111/794 533/1110/793 532/1112/795
f 528/1111/794 532/1112/795 529/1113/796
f 529/1113/796 532/1112/795 531/1114/797
f 529/1113/796 531/1114/797 530/1115/798
f 522/1116/781 521/1117/799 534/1118/800
f 534/1118/800 521/1117/799 535/1119/801
f 534/1118/800 535/1119/801 517/1120/802
f 517/1120/802 535/1119/801 518/1121/803
f 518/1121/803 535/1119/801 519/1122/804
f 519/1122/804 535/1119/801 520/1123/805
f 520/1123/805 535/1119/801 521/1117/799
f 517/1120/802 516/1124/806 534/1118/800
# 535 vertices
# 1124 texture params
# 806 normals
# 1066 facets

# 1 groups
