# WaveFront *.obj file (generated by Autodesk ATF)

mtllib Top_Plate_1.mtl

g Body1

v -49.546402 -10.250000 0.000000
v -49.211465 -9.000000 0.000000
v -48.296402 -8.084936 0.000000
v -47.046402 -7.750000 0.000000
v -45.796402 -8.084936 0.000000
v -44.881338 -9.000000 0.000000
v -44.546402 -10.250000 0.000000
v -44.881338 -11.500000 0.000000
v -45.796402 -12.415064 0.000000
v -47.046402 -12.750000 0.000000
v -48.296402 -12.415064 0.000000
v -49.211465 -11.500000 0.000000
v -44.546402 -10.250000 5.200000
v -44.881338 -9.000000 5.200000
v -45.796402 -8.084936 5.200000
v -47.046402 -7.750000 5.200000
v -48.296402 -8.084936 5.200000
v -49.211465 -9.000000 5.200000
v -49.546402 -10.250000 5.200000
v -49.211465 -11.500000 5.200000
v -48.296402 -12.415064 5.200000
v -47.046402 -12.750000 5.200000
v -45.796402 -12.415064 5.200000
v -44.881338 -11.500000 5.200000
v -49.431250 -11.000000 1.750000
v -49.230313 -11.466748 1.840424
v -48.967732 -11.849490 2.083056
v -48.709124 -12.116826 2.438689
v -48.551769 -12.245988 2.900070
v -48.558184 -12.241131 3.148512
v -48.624992 -12.188569 3.387023
v -48.863151 -11.967240 3.791665
v -49.129383 -11.632236 4.078162
v -49.362688 -11.189982 4.235214
v -49.504846 -10.702563 4.213773
v -49.546270 -10.235113 3.988295
v -49.522258 -9.903627 3.599985
v -49.496803 -9.754219 3.100780
v -49.508902 -9.818433 2.592344
v -49.540997 -10.085826 2.147536
v -49.533295 -10.505626 1.851930
v -49.546402 10.250000 0.000000
v -49.211465 11.500000 0.000000
v -48.296402 12.415064 0.000000
v -47.046402 12.750000 0.000000
v -45.796402 12.415064 0.000000
v -44.881338 11.500000 0.000000
v -44.546402 10.250000 0.000000
v -44.881338 9.000000 0.000000
v -45.796402 8.084936 0.000000
v -47.046402 7.750000 0.000000
v -48.296402 8.084936 0.000000
v -49.211465 9.000000 0.000000
v -44.546402 10.250000 5.200000
v -44.881338 11.500000 5.200000
v -45.796402 12.415064 5.200000
v -47.046402 12.750000 5.200000
v -48.296402 12.415064 5.200000
v -49.211465 11.500000 5.200000
v -49.546402 10.250000 5.200000
v -49.211465 9.000000 5.200000
v -48.296402 8.084936 5.200000
v -47.046402 7.750000 5.200000
v -45.796402 8.084936 5.200000
v -44.881338 9.000000 5.200000
v -49.431250 11.000000 1.750000
v -49.533295 10.505626 1.851930
v -49.540997 10.085826 2.147536
v -49.508902 9.818433 2.592344
v -49.496803 9.754219 3.100780
v -49.522258 9.903627 3.599985
v -49.546270 10.235113 3.988295
v -49.504846 10.702563 4.213773
v -49.362688 11.189982 4.235214
v -49.129383 11.632236 4.078162
v -48.863151 11.967240 3.791665
v -48.624992 12.188569 3.387023
v -48.558184 12.241131 3.148512
v -48.551769 12.245988 2.900070
v -48.709124 12.116826 2.438689
v -48.967732 11.849490 2.083056
v -49.230313 11.466748 1.840424
v 3.119965 15.938398 12.500000
v 2.347855 16.271559 15.750275
v 0.259999 17.175777 18.221369
v 0.209536 17.013585 18.245206
v -1.035712 6.818300 18.582482
v -1.201502 -3.461268 18.619268
v -0.328540 -13.721015 18.405984
v 0.512091 -18.530888 18.142836
v 1.459396 -22.252572 17.741424
v 3.231797 -22.061292 15.285594
v 3.806841 -22.000000 12.500000
v 2.625920 -9.383050 12.500000
v 2.396529 3.286969 12.500000
v 1.417315 -2.592718 16.050034
v 3.806841 -22.000000 11.500000
v 2.625920 -9.383050 11.500000
v 2.396529 3.286969 11.500000
v 3.119965 15.938398 11.500000
v 1.261704 18.360323 11.500000
v 2.128933 17.859628 11.500000
v 2.700846 17.364141 11.500000
v 3.047743 16.691641 11.500000
v 3.882728 -23.622176 11.500000
v 3.944048 -26.583795 11.500000
v 4.000000 -32.500000 11.500000
v 4.000000 -32.788156 11.500000
v 3.993942 -32.597605 11.500000
v 3.975793 -32.407822 11.500000
v 3.945627 -32.219576 11.500000
v 1.598446 -15.780194 11.500000
v 0.866395 0.809762 11.500000
v 1.756457 17.391991 11.500000
v 1.722554 17.771366 11.500000
v 1.549256 18.110546 11.500000
v -53.492402 12.410000 7.200000
v -53.492402 7.000000 7.200000
v -41.492402 7.000000 7.200000
v -41.492402 12.410000 7.200000
v -45.896402 10.250000 7.200000
v -46.050473 9.675000 7.200000
v -46.471402 9.254071 7.200000
v -47.046402 9.100000 7.200000
v -47.621402 9.254071 7.200000
v -48.042331 9.675000 7.200000
v -48.196402 10.250000 7.200000
v -48.042331 10.825000 7.200000
v -47.621402 11.245929 7.200000
v -47.046402 11.400000 7.200000
v -46.471402 11.245929 7.200000
v -46.050473 10.825000 7.200000
v -41.492402 7.000000 6.100000
v -41.492402 -7.000000 6.100000
v -41.492402 -7.000000 7.200000
v -41.492402 -12.410000 7.200000
v -41.492402 -12.410000 9.000000
v -41.492402 -25.171573 9.000000
v -41.492402 -25.171573 0.000000
v -41.492402 25.171573 0.000000
v -41.492402 25.171573 9.000000
v -41.492402 12.410000 9.000000
v -53.492402 -7.000000 7.200000
v -53.492402 -12.410000 7.200000
v -45.896402 -10.250000 7.200000
v -46.050473 -10.825000 7.200000
v -46.471402 -11.245929 7.200000
v -47.046402 -11.400000 7.200000
v -47.621402 -11.245929 7.200000
v -48.042331 -10.825000 7.200000
v -48.196402 -10.250000 7.200000
v -48.042331 -9.675000 7.200000
v -47.621402 -9.254071 7.200000
v -47.046402 -9.100000 7.200000
v -46.471402 -9.254071 7.200000
v -46.050473 -9.675000 7.200000
v 2.635870 24.477326 9.000000
v 3.032698 27.064697 9.000000
v 3.469319 29.645651 9.000000
v 3.945627 32.219576 9.000000
v 3.945627 32.219576 11.500000
v 3.450658 29.540093 11.500000
v 2.998700 26.853020 11.500000
v 2.589868 24.159049 11.500000
v 2.589868 24.159049 2.500000
v 2.281913 21.907145 2.500000
v 2.004093 19.651325 2.500000
v 1.756457 17.391991 2.500000
v 3.945627 -32.219576 9.000000
v 3.469319 -29.645651 9.000000
v 3.032698 -27.064697 9.000000
v 2.635870 -24.477326 9.000000
v 2.635870 -24.477326 0.000000
v 2.268040 -21.800117 0.000000
v 1.942812 -19.117400 0.000000
v 1.660270 -16.429851 0.000000
v 1.660270 -16.429851 9.000000
v 0.952950 -5.484227 9.000000
v 0.952950 5.484227 9.000000
v 1.660270 16.429851 9.000000
v 1.660270 16.429851 0.000000
v 1.942812 19.117400 0.000000
v 2.268040 21.800117 0.000000
v 2.635870 24.477326 0.000000
v 1.056060 24.245748 12.500000
v 0.287878 24.478011 15.959253
v -0.450988 24.466291 16.454763
v -1.232972 24.198315 16.777582
v -1.910870 23.660987 16.972839
v -2.371935 22.907206 17.076080
v -2.538905 22.034955 17.110053
v -2.396988 21.159725 17.081158
v -1.958362 20.396736 16.985394
v -1.292402 19.834936 16.796975
v -1.292402 19.834936 2.500000
v -2.193014 20.725298 2.500000
v -2.541747 21.942767 2.500000
v -2.249108 23.174924 2.500000
v -1.390195 24.105576 2.500000
v -0.185418 24.495906 2.500000
v 1.056060 24.245748 2.500000
v 4.000000 41.160254 9.000000
v 4.000000 32.788156 9.000000
v 3.993942 32.597605 9.000000
v 3.975793 32.407822 9.000000
v 2.614521 24.871370 9.000000
v 2.442392 25.226473 9.000000
v 2.146290 25.487336 9.000000
v 0.500000 26.437822 9.000000
v 0.173648 26.556605 9.000000
v -0.173648 26.556605 9.000000
v -0.500000 26.437822 9.000000
v -3.435517 24.743001 9.000000
v -3.718734 24.498724 9.000000
v -3.892392 24.167475 9.000000
v -3.932200 23.795590 9.000000
v -3.749444 21.557473 9.000000
v -3.725962 21.408899 9.000000
v -3.680460 21.265528 9.000000
v -3.613969 21.130605 9.000000
v -2.733924 19.530007 9.000000
v -1.952918 17.878818 9.000000
v -1.273848 16.183159 9.000000
v -1.061368 15.839576 9.000000
v -0.730287 15.608096 9.000000
v -0.334637 15.526497 9.000000
v 0.664951 15.526497 9.000000
v 1.136753 15.644793 9.000000
v 1.496930 15.971691 9.000000
v 1.496930 -15.971691 9.000000
v 1.136753 -15.644793 9.000000
v 0.664951 -15.526497 9.000000
v -0.334637 -15.526497 9.000000
v -0.730287 -15.608096 9.000000
v -1.061368 -15.839576 9.000000
v -1.273848 -16.183159 9.000000
v -1.952918 -17.878818 9.000000
v -2.733924 -19.530007 9.000000
v -3.613969 -21.130605 9.000000
v -3.680460 -21.265528 9.000000
v -3.725962 -21.408899 9.000000
v -3.749444 -21.557473 9.000000
v -3.932200 -23.795590 9.000000
v -3.892392 -24.167475 9.000000
v -3.718734 -24.498724 9.000000
v -3.435517 -24.743001 9.000000
v -0.500000 -26.437822 9.000000
v -0.173648 -26.556605 9.000000
v 0.173648 -26.556605 9.000000
v 0.500000 -26.437822 9.000000
v 2.146290 -25.487336 9.000000
v 2.442392 -25.226473 9.000000
v 2.614521 -24.871370 9.000000
v 3.975793 -32.407822 9.000000
v 3.993942 -32.597605 9.000000
v 4.000000 -32.788156 9.000000
v 4.000000 -41.160254 9.000000
v 3.939693 -40.818234 9.000000
v 3.766044 -40.517466 9.000000
v 3.500000 -40.294229 9.000000
v -0.118430 -38.205127 9.000000
v -1.118430 -37.937178 9.000000
v -2.118430 -38.205127 9.000000
v -2.850481 -38.937178 9.000000
v -4.173727 -41.229107 9.000000
v -4.665307 -41.797939 9.000000
v -5.332171 -42.145086 9.000000
v -6.080089 -42.221497 9.000000
v -9.283382 -41.941245 9.000000
v -9.538269 -41.986189 9.000000
v -9.736536 -42.152554 9.000000
v -9.825057 -42.395765 9.000000
v -9.912213 -43.391959 9.000000
v -9.867270 -43.646846 9.000000
v -9.700904 -43.845113 9.000000
v -9.457694 -43.933634 9.000000
v -27.883912 -42.321549 9.000000
v -27.629025 -42.276606 9.000000
v -27.430758 -42.110240 9.000000
v -27.342237 -41.867030 9.000000
v -27.298659 -41.368932 9.000000
v -27.343603 -41.114045 9.000000
v -27.509968 -40.915778 9.000000
v -27.753179 -40.827257 9.000000
v -38.213223 -39.912122 9.000000
v -39.437355 -39.714228 9.000000
v -40.619667 -39.340333 9.000000
v -41.734998 -38.798395 9.000000
v -42.396398 -38.177063 9.000000
v -42.715146 -37.327413 9.000000
v -42.625618 -36.424369 9.000000
v -42.146247 -35.653845 9.000000
v -39.492402 -33.000000 9.000000
v -38.577338 -31.415064 9.000000
v -38.577338 -29.584936 9.000000
v -39.492402 -28.000000 9.000000
v -40.906615 -26.585786 9.000000
v -41.224453 -26.171573 9.000000
v -41.424253 -25.689211 9.000000
v -29.644208 -12.410000 9.000000
v -29.196139 -12.460837 9.000000
v -28.770849 -12.610766 9.000000
v -28.389958 -12.852162 9.000000
v -22.427730 -15.906568 9.000000
v -15.742626 -16.338942 9.000000
v -9.436616 -14.078013 9.000000
v -4.549180 -9.496471 9.000000
v -1.885960 -3.349536 9.000000
v -1.885960 3.349536 9.000000
v -4.549180 9.496471 9.000000
v -9.436616 14.078013 9.000000
v -15.742626 16.338942 9.000000
v -22.427730 15.906568 9.000000
v -28.389958 12.852162 9.000000
v -28.770849 12.610766 9.000000
v -29.196139 12.460837 9.000000
v -29.644208 12.410000 9.000000
v -41.424253 25.689211 9.000000
v -41.224453 26.171573 9.000000
v -40.906615 26.585786 9.000000
v -39.492402 28.000000 9.000000
v -38.577338 29.584936 9.000000
v -38.577338 31.415064 9.000000
v -39.492402 33.000000 9.000000
v -42.146247 35.653845 9.000000
v -42.625618 36.424369 9.000000
v -42.715146 37.327413 9.000000
v -42.396398 38.177063 9.000000
v -41.734998 38.798395 9.000000
v -40.619667 39.340333 9.000000
v -39.437355 39.714228 9.000000
v -38.213223 39.912122 9.000000
v -27.753179 40.827257 9.000000
v -27.509968 40.915778 9.000000
v -27.343603 41.114045 9.000000
v -27.298659 41.368932 9.000000
v -27.342237 41.867030 9.000000
v -27.430758 42.110240 9.000000
v -27.629025 42.276606 9.000000
v -27.883912 42.321549 9.000000
v -9.457694 43.933634 9.000000
v -9.700904 43.845113 9.000000
v -9.867270 43.646846 9.000000
v -9.912213 43.391959 9.000000
v -9.825057 42.395765 9.000000
v -9.736536 42.152554 9.000000
v -9.538269 41.986189 9.000000
v -9.283382 41.941245 9.000000
v -6.080089 42.221497 9.000000
v -5.332171 42.145086 9.000000
v -4.665307 41.797939 9.000000
v -4.173727 41.229107 9.000000
v -2.850481 38.937178 9.000000
v -2.118430 38.205127 9.000000
v -1.118430 37.937178 9.000000
v -0.118430 38.205127 9.000000
v 3.500000 40.294229 9.000000
v 3.766044 40.517466 9.000000
v 3.939693 40.818234 9.000000
v 2.100000 32.500000 9.000000
v 1.940147 33.303635 9.000000
v 1.484924 33.984924 9.000000
v 0.803635 34.440147 9.000000
v -0.000000 34.600000 9.000000
v -0.803635 34.440147 9.000000
v -1.484924 33.984924 9.000000
v -1.940147 33.303635 9.000000
v -2.100000 32.500000 9.000000
v -1.940147 31.696365 9.000000
v -1.484924 31.015076 9.000000
v -0.803635 30.559853 9.000000
v -0.000000 30.400000 9.000000
v 0.803635 30.559853 9.000000
v 1.484924 31.015076 9.000000
v 1.940147 31.696365 9.000000
v 2.100000 -32.500000 9.000000
v 1.940147 -31.696365 9.000000
v 1.484924 -31.015076 9.000000
v 0.803635 -30.559853 9.000000
v -0.000000 -30.400000 9.000000
v -0.803635 -30.559853 9.000000
v -1.484924 -31.015076 9.000000
v -1.940147 -31.696365 9.000000
v -2.100000 -32.500000 9.000000
v -1.940147 -33.303635 9.000000
v -1.484924 -33.984924 9.000000
v -0.803635 -34.440147 9.000000
v -0.000000 -34.600000 9.000000
v 0.803635 -34.440147 9.000000
v 1.484924 -33.984924 9.000000
v 1.940147 -33.303635 9.000000
v -29.644208 12.410000 11.500000
v -10.832402 12.410000 11.500000
v -10.832402 12.410000 19.460629
v -14.746201 12.410000 19.500000
v -44.746201 12.410000 19.500000
v -47.832222 12.410000 19.236993
v -50.234884 12.410000 18.415558
v -51.335918 12.410000 17.553746
v -52.243706 12.410000 16.490301
v -52.922029 12.410000 15.267650
v -53.492402 12.410000 11.500000
v -45.663920 37.180231 0.000000
v -53.221130 26.387416 0.000000
v -53.221130 26.387416 11.500000
v -53.186691 26.436600 12.500000
v -45.663920 37.180231 12.500000
v -53.492402 25.527052 0.000000
v -53.492402 -25.527052 0.000000
v -53.492402 -25.527052 11.500000
v -53.492402 -12.410000 11.500000
v -53.492402 -7.000000 6.100000
v -53.492402 7.000000 6.100000
v -53.492402 25.527052 11.500000
v -53.492402 -22.000000 4.350000
v -53.492402 -21.375000 4.517468
v -53.492402 -20.917468 4.975000
v -53.492402 -20.750000 5.600000
v -53.492402 -20.917468 6.225000
v -53.492402 -21.375000 6.682532
v -53.492402 -22.000000 6.850000
v -53.492402 -22.625000 6.682532
v -53.492402 -23.082532 6.225000
v -53.492402 -23.250000 5.600000
v -53.492402 -23.082532 4.975000
v -53.492402 -22.625000 4.517468
v -53.492402 22.000000 4.350000
v -53.492402 22.625000 4.517468
v -53.492402 23.082532 4.975000
v -53.492402 23.250000 5.600000
v -53.492402 23.082532 6.225000
v -53.492402 22.625000 6.682532
v -53.492402 22.000000 6.850000
v -53.492402 21.375000 6.682532
v -53.492402 20.917468 6.225000
v -53.492402 20.750000 5.600000
v -53.492402 20.917468 4.975000
v -53.492402 21.375000 4.517468
v -53.492402 11.000000 1.750000
v -53.492402 11.625000 1.917468
v -53.492402 12.082532 2.375000
v -53.492402 12.250000 3.000000
v -53.492402 12.082532 3.625000
v -53.492402 11.625000 4.082532
v -53.492402 11.000000 4.250000
v -53.492402 10.375000 4.082532
v -53.492402 9.917468 3.625000
v -53.492402 9.750000 3.000000
v -53.492402 9.917468 2.375000
v -53.492402 10.375000 1.917468
v -53.492402 -11.000000 1.750000
v -53.492402 -10.375000 1.917468
v -53.492402 -9.917468 2.375000
v -53.492402 -9.750000 3.000000
v -53.492402 -9.917468 3.625000
v -53.492402 -10.375000 4.082532
v -53.492402 -11.000000 4.250000
v -53.492402 -11.625000 4.082532
v -53.492402 -12.082532 3.625000
v -53.492402 -12.250000 3.000000
v -53.492402 -12.082532 2.375000
v -53.492402 -11.625000 1.917468
v -45.663920 -37.180231 0.000000
v -45.663920 -37.180231 12.500000
v -53.186691 -26.436600 12.500000
v -53.221130 -26.387416 11.500000
v -53.221130 -26.387416 0.000000
v -9.457694 -43.933634 4.500000
v -5.949205 -44.240587 4.500000
v -5.949205 -44.240587 12.500000
v -38.343957 -41.406414 12.500000
v -38.343957 -41.406414 0.000000
v -27.883912 -42.321549 0.000000
v 0.723083 -47.934101 12.500000
v 0.000000 -48.000000 11.500000
v -0.799374 -47.918527 12.555041
v -1.905289 -47.517083 12.500000
v -2.852360 -46.804289 12.500000
v -3.548956 -45.845241 12.500000
v -3.548956 -45.845241 4.500000
v -2.413218 -47.190044 4.500000
v -0.810161 -47.917096 4.500000
v 0.949784 -47.885603 4.500000
v 2.525803 -47.101664 4.500000
v 3.612701 -45.717089 4.500000
v 4.000000 -44.000000 4.500000
v 4.000000 -44.000000 12.500000
v 3.578851 -45.786568 12.500000
v 2.404087 -47.196931 12.500000
v 4.000000 -32.500000 12.500000
v 4.000000 -41.160254 4.500000
v 4.000000 44.000000 4.500000
v 4.000000 44.000000 12.500000
v 4.000000 32.500000 12.500000
v 4.000000 32.500000 11.500000
v 4.000000 32.788156 11.500000
v 4.000000 41.160254 4.500000
v 3.612701 45.717089 4.500000
v 2.525803 47.101664 4.500000
v 0.949784 47.885603 4.500000
v -0.810161 47.917096 4.500000
v -2.413218 47.190044 4.500000
v -3.548956 45.845241 4.500000
v -3.548956 45.845241 12.500000
v -2.852360 46.804289 12.500000
v -1.905289 47.517083 12.500000
v -0.799374 47.918527 12.555041
v 0.000000 48.000000 11.500000
v 0.723083 47.934101 12.500000
v 2.404087 47.196931 12.500000
v 3.578851 45.786568 12.500000
v 1.500000 -32.500000 12.500000
v 1.299038 -31.750000 12.500000
v 0.750000 -31.200962 12.500000
v -0.000000 -31.000000 12.500000
v -0.750000 -31.200962 12.500000
v -1.299038 -31.750000 12.500000
v -1.500000 -32.500000 12.500000
v -1.299038 -33.250000 12.500000
v -0.750000 -33.799038 12.500000
v -0.000000 -34.000000 12.500000
v 0.750000 -33.799038 12.500000
v 1.299038 -33.250000 12.500000
v 1.500000 -32.500000 8.800000
v 1.299038 -33.250000 8.800000
v 0.750000 -33.799038 8.800000
v -0.000000 -34.000000 8.800000
v -0.750000 -33.799038 8.800000
v -1.299038 -33.250000 8.800000
v -1.500000 -32.500000 8.800000
v -1.299038 -31.750000 8.800000
v -0.750000 -31.200962 8.800000
v -0.000000 -31.000000 8.800000
v 0.750000 -31.200962 8.800000
v 1.299038 -31.750000 8.800000
v -14.746201 -12.410000 19.500000
v -10.832402 -12.410000 19.460629
v -10.832402 -12.410000 11.500000
v -29.644208 -12.410000 11.500000
v -52.922029 -12.410000 15.267650
v -52.243706 -12.410000 16.490301
v -51.335918 -12.410000 17.553746
v -50.234884 -12.410000 18.415558
v -47.832222 -12.410000 19.236993
v -44.746201 -12.410000 19.500000
v -38.343957 41.406414 0.000000
v -38.343957 41.406414 12.500000
v -5.949205 44.240587 12.500000
v -5.949205 44.240587 4.500000
v -9.457694 43.933634 4.500000
v -27.883912 42.321549 0.000000
v 1.500000 32.500000 12.500000
v 1.299038 33.250000 12.500000
v 0.750000 33.799038 12.500000
v -0.000000 34.000000 12.500000
v -0.750000 33.799038 12.500000
v -1.299038 33.250000 12.500000
v -1.500000 32.500000 12.500000
v -1.299038 31.750000 12.500000
v -0.750000 31.200962 12.500000
v -0.000000 31.000000 12.500000
v 0.750000 31.200962 12.500000
v 1.299038 31.750000 12.500000
v 1.500000 32.500000 8.800000
v 1.299038 31.750000 8.800000
v 0.750000 31.200962 8.800000
v -0.000000 31.000000 8.800000
v -0.750000 31.200962 8.800000
v -1.299038 31.750000 8.800000
v -1.500000 32.500000 8.800000
v -1.299038 33.250000 8.800000
v -0.750000 33.799038 8.800000
v -0.000000 34.000000 8.800000
v 0.750000 33.799038 8.800000
v 1.299038 33.250000 8.800000
v -28.389958 -12.852162 11.500000
v -22.427730 -15.906568 11.500000
v -15.742626 -16.338942 11.500000
v -9.436616 -14.078013 11.500000
v -4.549180 -9.496471 11.500000
v -1.885960 -3.349536 11.500000
v -1.885960 3.349536 11.500000
v -4.549180 9.496471 11.500000
v -9.436616 14.078013 11.500000
v -15.742626 16.338942 11.500000
v -22.427730 15.906568 11.500000
v -28.389958 12.852162 11.500000
v -28.770849 12.610766 11.500000
v -29.196139 12.460837 11.500000
v -29.196139 -12.460837 11.500000
v -28.770849 -12.610766 11.500000
v -41.164461 40.737942 0.000000
v -43.674754 39.288624 0.000000
v -43.674754 39.288624 12.500000
v -41.164461 40.737942 12.500000
v -43.674754 -39.288624 0.000000
v -41.164461 -40.737942 0.000000
v -41.164461 -40.737942 12.500000
v -43.674754 -39.288624 12.500000
v -0.118430 -38.205127 4.500000
v 3.500000 -40.294229 4.500000
v 3.766044 -40.517466 4.500000
v 3.939693 -40.818234 4.500000
v -4.151229 -45.047729 4.500000
v -4.982045 -44.492299 4.500000
v -9.700904 -43.845113 4.500000
v -9.867270 -43.646846 4.500000
v -9.912213 -43.391959 4.500000
v -9.825057 -42.395765 4.500000
v -9.736536 -42.152554 4.500000
v -9.538269 -41.986189 4.500000
v -9.283382 -41.941245 4.500000
v -6.080089 -42.221497 4.500000
v -5.332171 -42.145086 4.500000
v -4.665307 -41.797939 4.500000
v -4.173727 -41.229107 4.500000
v -2.850481 -38.937178 4.500000
v -2.118430 -38.205127 4.500000
v -1.118430 -37.937178 4.500000
v 2.100000 -44.000000 4.500000
v 1.940147 -43.196365 4.500000
v 1.484924 -42.515076 4.500000
v 0.803635 -42.059853 4.500000
v 0.000000 -41.900000 4.500000
v -0.803635 -42.059853 4.500000
v -1.484924 -42.515076 4.500000
v -1.940147 -43.196365 4.500000
v -2.100000 -44.000000 4.500000
v -1.940147 -44.803635 4.500000
v -1.484924 -45.484924 4.500000
v -0.803635 -45.940147 4.500000
v 0.000000 -46.100000 4.500000
v 0.803635 -45.940147 4.500000
v 1.484924 -45.484924 4.500000
v 1.940147 -44.803635 4.500000
v 3.939693 40.818234 4.500000
v 3.766044 40.517466 4.500000
v 3.500000 40.294229 4.500000
v -0.118430 38.205127 4.500000
v -1.118430 37.937178 4.500000
v -2.118430 38.205127 4.500000
v -2.850481 38.937178 4.500000
v -4.173727 41.229107 4.500000
v -4.665307 41.797939 4.500000
v -5.332171 42.145086 4.500000
v -6.080089 42.221497 4.500000
v -9.283382 41.941245 4.500000
v -9.538269 41.986189 4.500000
v -9.736536 42.152554 4.500000
v -9.825057 42.395765 4.500000
v -9.912213 43.391959 4.500000
v -9.867270 43.646846 4.500000
v -9.700904 43.845113 4.500000
v -4.982045 44.492299 4.500000
v -4.151229 45.047729 4.500000
v -2.100000 44.000000 4.500000
v -1.818653 42.950000 4.500000
v -1.050000 42.181347 4.500000
v 0.000000 41.900000 4.500000
v 1.050000 42.181347 4.500000
v 1.818653 42.950000 4.500000
v 2.100000 44.000000 4.500000
v 1.818653 45.050000 4.500000
v 1.050000 45.818653 4.500000
v 0.000000 46.100000 4.500000
v -1.050000 45.818653 4.500000
v -1.818653 45.050000 4.500000
v 0.500000 -26.437822 0.000000
v 2.146290 -25.487336 0.000000
v -3.435517 -24.743001 0.000000
v -0.500000 -26.437822 0.000000
v -3.749444 -21.557473 0.000000
v -3.932200 -23.795590 0.000000
v -1.273848 -16.183159 0.000000
v -1.952918 -17.878818 0.000000
v -2.733924 -19.530007 0.000000
v -3.613969 -21.130605 0.000000
v 0.664951 -15.526497 0.000000
v -0.334637 -15.526497 0.000000
v -3.725962 -21.408899 0.000000
v -3.680460 -21.265528 0.000000
v -1.061368 -15.839576 0.000000
v -0.730287 -15.608096 0.000000
v 1.136753 -15.644793 0.000000
v 1.496930 -15.971691 0.000000
v 2.614521 -24.871370 0.000000
v 2.442392 -25.226473 0.000000
v 0.173648 -26.556605 0.000000
v -0.173648 -26.556605 0.000000
v -3.718734 -24.498724 0.000000
v -3.892392 -24.167475 0.000000
v 0.982598 -22.000000 0.000000
v 0.845274 -21.487500 0.000000
v 0.470098 -21.112324 0.000000
v -0.042402 -20.975000 0.000000
v -0.554902 -21.112324 0.000000
v -0.930078 -21.487500 0.000000
v -1.067402 -22.000000 0.000000
v -0.930078 -22.512500 0.000000
v -0.554902 -22.887676 0.000000
v -0.042402 -23.025000 0.000000
v 0.470098 -22.887676 0.000000
v 0.845274 -22.512500 0.000000
v -39.492402 -28.000000 0.000000
v -40.906615 -26.585786 0.000000
v -39.492402 -33.000000 0.000000
v -38.577338 -31.415064 0.000000
v -38.577338 -29.584936 0.000000
v -42.146247 -35.653845 0.000000
v -38.213223 -39.912122 0.000000
v -39.437355 -39.714228 0.000000
v -40.619667 -39.340333 0.000000
v -41.734998 -38.798395 0.000000
v -27.753179 -40.827257 0.000000
v -27.342237 -41.867030 0.000000
v -27.298659 -41.368932 0.000000
v -27.298659 41.368932 0.000000
v -27.342237 41.867030 0.000000
v -38.213223 39.912122 0.000000
v -27.753179 40.827257 0.000000
v -41.734998 38.798395 0.000000
v -40.619667 39.340333 0.000000
v -39.437355 39.714228 0.000000
v -39.492402 33.000000 0.000000
v -42.146247 35.653845 0.000000
v -40.906615 26.585786 0.000000
v -39.492402 28.000000 0.000000
v -38.577338 29.584936 0.000000
v -38.577338 31.415064 0.000000
v -53.369726 -26.121171 0.000000
v -53.461413 -25.830378 0.000000
v -53.461413 25.830378 0.000000
v -53.369726 26.121171 0.000000
v -27.629025 42.276606 0.000000
v -27.430758 42.110240 0.000000
v -27.343603 41.114045 0.000000
v -27.509968 40.915778 0.000000
v -42.396398 38.177063 0.000000
v -42.715146 37.327413 0.000000
v -42.625618 36.424369 0.000000
v -41.224453 26.171573 0.000000
v -41.424253 25.689211 0.000000
v -41.424253 -25.689211 0.000000
v -41.224453 -26.171573 0.000000
v -42.625618 -36.424369 0.000000
v -42.715146 -37.327413 0.000000
v -42.396398 -38.177063 0.000000
v -27.509968 -40.915778 0.000000
v -27.343603 -41.114045 0.000000
v -27.430758 -42.110240 0.000000
v -27.629025 -42.276606 0.000000
v -46.892402 -30.000000 0.000000
v -46.704837 -30.700000 0.000000
v -46.192402 -31.212436 0.000000
v -45.492402 -31.400000 0.000000
v -44.792402 -31.212436 0.000000
v -44.279966 -30.700000 0.000000
v -44.092402 -30.000000 0.000000
v -44.279966 -29.300000 0.000000
v -44.792402 -28.787564 0.000000
v -45.492402 -28.600000 0.000000
v -46.192402 -28.787564 0.000000
v -46.704837 -29.300000 0.000000
v -44.467402 30.000000 0.000000
v -44.604726 30.512500 0.000000
v -44.979902 30.887676 0.000000
v -45.492402 31.025000 0.000000
v -46.004902 30.887676 0.000000
v -46.380078 30.512500 0.000000
v -46.517402 30.000000 0.000000
v -46.380078 29.487500 0.000000
v -46.004902 29.112324 0.000000
v -45.492402 28.975000 0.000000
v -44.979902 29.112324 0.000000
v -44.604726 29.487500 0.000000
v -0.500000 26.437822 0.000000
v -3.435517 24.743001 0.000000
v 2.146290 25.487336 0.000000
v 0.500000 26.437822 0.000000
v -0.334637 15.526497 0.000000
v 0.664951 15.526497 0.000000
v -3.613969 21.130605 0.000000
v -2.733924 19.530007 0.000000
v -1.952918 17.878818 0.000000
v -1.273848 16.183159 0.000000
v -3.932200 23.795590 0.000000
v -3.749444 21.557473 0.000000
v 2.442392 25.226473 0.000000
v 2.614521 24.871370 0.000000
v 1.496930 15.971691 0.000000
v 1.136753 15.644793 0.000000
v -0.730287 15.608096 0.000000
v -1.061368 15.839576 0.000000
v -3.680460 21.265528 0.000000
v -3.725962 21.408899 0.000000
v -3.892392 24.167475 0.000000
v -3.718734 24.498724 0.000000
v -0.173648 26.556605 0.000000
v 0.173648 26.556605 0.000000
v -1.442402 22.000000 0.000000
v -1.254837 21.300000 0.000000
v -0.742402 20.787564 0.000000
v -0.042402 20.600000 0.000000
v 0.657598 20.787564 0.000000
v 1.170034 21.300000 0.000000
v 1.357598 22.000000 0.000000
v 1.170034 22.700000 0.000000
v 0.657598 23.212436 0.000000
v -0.042402 23.400000 0.000000
v -0.742402 23.212436 0.000000
v -1.254837 22.700000 0.000000
v -27.509968 40.915778 4.500000
v -27.343603 41.114045 4.500000
v -27.430758 42.110240 4.500000
v -27.629025 42.276606 4.500000
v -27.629025 -42.276606 4.500000
v -27.430758 -42.110240 4.500000
v -27.343603 -41.114045 4.500000
v -27.509968 -40.915778 4.500000
v -44.467402 30.000000 10.000000
v -44.604726 29.487500 10.000000
v -44.979902 29.112324 10.000000
v -45.492402 28.975000 10.000000
v -46.004902 29.112324 10.000000
v -46.380078 29.487500 10.000000
v -46.517402 30.000000 10.000000
v -46.380078 30.512500 10.000000
v -46.004902 30.887676 10.000000
v -45.492402 31.025000 10.000000
v -44.979902 30.887676 10.000000
v -44.604726 30.512500 10.000000
v -45.492402 30.000000 10.615882
v 0.982598 -22.000000 10.000000
v 0.845274 -22.512500 10.000000
v 0.470098 -22.887676 10.000000
v -0.042402 -23.025000 10.000000
v -0.554902 -22.887676 10.000000
v -0.930078 -22.512500 10.000000
v -1.067402 -22.000000 10.000000
v -0.930078 -21.487500 10.000000
v -0.554902 -21.112324 10.000000
v -0.042402 -20.975000 10.000000
v 0.470098 -21.112324 10.000000
v 0.845274 -21.487500 10.000000
v -0.042402 -22.000000 10.615882
v 2.589540 24.156800 2.500000
v 2.589201 24.154552 2.500000
v 2.588853 24.152305 2.500000
v 2.075623 24.047307 2.500000
v 1.552734 24.079184 2.500000
v 1.261704 18.360323 2.500000
v 1.549256 18.110546 2.500000
v 1.722554 17.771366 2.500000
v -1.442402 22.000000 2.500000
v -1.254837 22.700000 2.500000
v -0.742402 23.212436 2.500000
v -0.042402 23.400000 2.500000
v 0.657598 23.212436 2.500000
v 1.170034 22.700000 2.500000
v 1.357598 22.000000 2.500000
v 1.170034 21.300000 2.500000
v 0.657598 20.787564 2.500000
v -0.042402 20.600000 2.500000
v -0.742402 20.787564 2.500000
v -1.254837 21.300000 2.500000
v -46.892402 -30.000000 2.500000
v -46.704837 -30.700000 2.500000
v -46.192402 -31.212436 2.500000
v -45.492402 -31.400000 2.500000
v -44.792402 -31.212436 2.500000
v -44.279966 -30.700000 2.500000
v -44.092402 -30.000000 2.500000
v -44.279966 -29.300000 2.500000
v -44.792402 -28.787564 2.500000
v -45.492402 -28.600000 2.500000
v -46.192402 -28.787564 2.500000
v -46.704837 -29.300000 2.500000
v -47.992402 -30.000000 2.500000
v -47.657465 -31.250000 2.500000
v -46.742402 -32.165064 2.500000
v -45.492402 -32.500000 2.500000
v -44.242402 -32.165064 2.500000
v -43.327338 -31.250000 2.500000
v -42.992402 -30.000000 2.500000
v -43.327338 -28.750000 2.500000
v -44.242402 -27.834936 2.500000
v -45.492402 -27.500000 2.500000
v -46.742402 -27.834936 2.500000
v -47.657465 -28.750000 2.500000
v -47.992402 -30.000000 17.605465
v -47.806506 -30.945983 17.209035
v -47.570535 -31.389724 17.140809
v -47.250472 -31.777406 17.185382
v -46.439780 -32.313043 17.553024
v -45.569687 -32.498371 18.071390
v -44.664718 -32.358493 18.609533
v -43.858785 -31.891837 19.042606
v -43.244042 -31.091807 19.331594
v -42.995191 -30.105603 19.458981
v -43.172856 -29.069122 19.493417
v -43.742372 -28.215621 19.494400
v -44.632351 -27.653314 19.465775
v -45.639056 -27.505057 19.352158
v -46.619379 -27.769134 19.080849
v -47.360808 -28.339836 18.662411
v -47.834664 -29.127271 18.130022
v 0.316137 18.906246 16.427937
v 1.732742 18.088369 14.496390
v 2.128933 17.859628 12.500000
v -45.896402 10.250000 5.200000
v -46.050473 9.675000 5.200000
v -46.471402 9.254071 5.200000
v -47.046402 9.100000 5.200000
v -47.621402 9.254071 5.200000
v -48.042331 9.675000 5.200000
v -48.196402 10.250000 5.200000
v -48.042331 10.825000 5.200000
v -47.621402 11.245929 5.200000
v -47.046402 11.400000 5.200000
v -46.471402 11.245929 5.200000
v -46.050473 10.825000 5.200000
v -45.896402 -10.250000 5.200000
v -46.050473 -10.825000 5.200000
v -46.471402 -11.245929 5.200000
v -47.046402 -11.400000 5.200000
v -47.621402 -11.245929 5.200000
v -48.042331 -10.825000 5.200000
v -48.196402 -10.250000 5.200000
v -48.042331 -9.675000 5.200000
v -47.621402 -9.254071 5.200000
v -47.046402 -9.100000 5.200000
v -46.471402 -9.254071 5.200000
v -46.050473 -9.675000 5.200000
v -3.718734 24.498724 4.500000
v -3.892392 24.167475 4.500000
v -3.892392 -24.167475 4.500000
v -3.718734 -24.498724 4.500000
v 2.589540 24.156800 11.500000
v 2.589201 24.154552 11.500000
v 2.588853 24.152305 11.500000
v -2.100000 -44.000000 4.200000
v -1.940147 -44.803635 4.200000
v -1.484924 -45.484924 4.200000
v -0.803635 -45.940147 4.200000
v 0.000000 -46.100000 4.200000
v 0.803635 -45.940147 4.200000
v 1.484924 -45.484924 4.200000
v 1.940147 -44.803635 4.200000
v 2.100000 -44.000000 4.200000
v 1.940147 -43.196365 4.200000
v 1.484924 -42.515076 4.200000
v 0.803635 -42.059853 4.200000
v 0.000000 -41.900000 4.200000
v -0.803635 -42.059853 4.200000
v -1.484924 -42.515076 4.200000
v -1.940147 -43.196365 4.200000
v 1.500000 -44.000000 4.200000
v 1.299038 -43.250000 4.200000
v 0.750000 -42.700962 4.200000
v 0.000000 -42.500000 4.200000
v -0.750000 -42.700962 4.200000
v -1.299038 -43.250000 4.200000
v -1.500000 -44.000000 4.200000
v -1.299038 -44.750000 4.200000
v -0.750000 -45.299038 4.200000
v 0.000000 -45.500000 4.200000
v 0.750000 -45.299038 4.200000
v 1.299038 -44.750000 4.200000
v 1.500000 -44.000000 8.500000
v 1.299038 -44.750000 8.500000
v 0.750000 -45.299038 8.500000
v 0.000000 -45.500000 8.500000
v -0.750000 -45.299038 8.500000
v -1.299038 -44.750000 8.500000
v -1.500000 -44.000000 8.500000
v -1.299038 -43.250000 8.500000
v -0.750000 -42.700962 8.500000
v 0.000000 -42.500000 8.500000
v 0.750000 -42.700962 8.500000
v 1.299038 -43.250000 8.500000
v 0.000000 -44.000000 9.401291
v -2.100000 44.000000 4.200000
v -1.818653 42.950000 4.200000
v -1.050000 42.181347 4.200000
v 0.000000 41.900000 4.200000
v 1.050000 42.181347 4.200000
v 1.818653 42.950000 4.200000
v 2.100000 44.000000 4.200000
v 1.818653 45.050000 4.200000
v 1.050000 45.818653 4.200000
v 0.000000 46.100000 4.200000
v -1.050000 45.818653 4.200000
v -1.818653 45.050000 4.200000
v -1.500000 44.000000 4.200000
v -1.299038 43.250000 4.200000
v -0.750000 42.700962 4.200000
v 0.000000 42.500000 4.200000
v 0.750000 42.700962 4.200000
v 1.299038 43.250000 4.200000
v 1.500000 44.000000 4.200000
v 1.299038 44.750000 4.200000
v 0.750000 45.299038 4.200000
v 0.000000 45.500000 4.200000
v -0.750000 45.299038 4.200000
v -1.299038 44.750000 4.200000
v 1.500000 44.000000 8.500000
v 1.299038 43.250000 8.500000
v 0.750000 42.700962 8.500000
v 0.000000 42.500000 8.500000
v -0.750000 42.700962 8.500000
v -1.299038 43.250000 8.500000
v -1.500000 44.000000 8.500000
v -1.299038 44.750000 8.500000
v -0.750000 45.299038 8.500000
v 0.000000 45.500000 8.500000
v 0.750000 45.299038 8.500000
v 1.299038 44.750000 8.500000
v 0.000000 44.000000 9.401291
v -2.100000 -32.500000 8.800000
v -1.940147 -33.303635 8.800000
v -1.484924 -33.984924 8.800000
v -0.803635 -34.440147 8.800000
v -0.000000 -34.600000 8.800000
v 0.803635 -34.440147 8.800000
v 1.484924 -33.984924 8.800000
v 1.940147 -33.303635 8.800000
v 2.100000 -32.500000 8.800000
v 1.940147 -31.696365 8.800000
v 1.484924 -31.015076 8.800000
v 0.803635 -30.559853 8.800000
v -0.000000 -30.400000 8.800000
v -0.803635 -30.559853 8.800000
v -1.484924 -31.015076 8.800000
v -1.940147 -31.696365 8.800000
v -2.100000 32.500000 8.800000
v -1.940147 31.696365 8.800000
v -1.484924 31.015076 8.800000
v -0.803635 30.559853 8.800000
v -0.000000 30.400000 8.800000
v 0.803635 30.559853 8.800000
v 1.484924 31.015076 8.800000
v 1.940147 31.696365 8.800000
v 2.100000 32.500000 8.800000
v 1.940147 33.303635 8.800000
v 1.484924 33.984924 8.800000
v 0.803635 34.440147 8.800000
v -0.000000 34.600000 8.800000
v -0.803635 34.440147 8.800000
v -1.484924 33.984924 8.800000
v -1.940147 33.303635 8.800000
v -4.982045 44.492299 12.500000
v -4.151229 45.047729 12.500000
v 3.993942 32.597605 11.500000
v 3.975793 32.407822 11.500000
v -4.151229 -45.047729 12.500000
v -4.982045 -44.492299 12.500000
v -53.369726 -26.121171 11.500000
v -53.461413 -25.830378 11.500000
v -53.422977 -25.978111 5.750000
v -53.461413 25.830378 11.500000
v -53.369726 26.121171 11.500000
v -53.422977 25.978111 5.750000
v -42.292402 18.910000 13.500000
v -42.155078 19.422500 13.500000
v -41.779902 19.797676 13.500000
v -41.267402 19.935000 13.500000
v -40.754902 19.797676 13.500000
v -40.379726 19.422500 13.500000
v -40.242402 18.910000 13.500000
v -40.379726 18.397500 13.500000
v -40.754902 18.022324 13.500000
v -41.267402 17.885000 13.500000
v -41.779902 18.022324 13.500000
v -42.155078 18.397500 13.500000
v -42.292402 18.910000 19.500000
v -42.155078 18.397500 19.500000
v -41.779902 18.022324 19.500000
v -41.267402 17.885000 19.500000
v -40.754902 18.022324 19.500000
v -40.379726 18.397500 19.500000
v -40.242402 18.910000 19.500000
v -40.379726 19.422500 19.500000
v -40.754902 19.797676 19.500000
v -41.267402 19.935000 19.500000
v -41.779902 19.797676 19.500000
v -42.155078 19.422500 19.500000
v -41.267402 18.910000 12.884118
v -27.292402 18.910000 13.500000
v -27.155078 19.422500 13.500000
v -26.779902 19.797676 13.500000
v -26.267402 19.935000 13.500000
v -25.754902 19.797676 13.500000
v -25.379726 19.422500 13.500000
v -25.242402 18.910000 13.500000
v -25.379726 18.397500 13.500000
v -25.754902 18.022324 13.500000
v -26.267402 17.885000 13.500000
v -26.779902 18.022324 13.500000
v -27.155078 18.397500 13.500000
v -27.292402 18.910000 19.500000
v -27.155078 18.397500 19.500000
v -26.779902 18.022324 19.500000
v -26.267402 17.885000 19.500000
v -25.754902 18.022324 19.500000
v -25.379726 18.397500 19.500000
v -25.242402 18.910000 19.500000
v -25.379726 19.422500 19.500000
v -25.754902 19.797676 19.500000
v -26.267402 19.935000 19.500000
v -26.779902 19.797676 19.500000
v -27.155078 19.422500 19.500000
v -26.267402 18.910000 12.884118
v -42.292402 -18.910000 13.500000
v -42.155078 -18.397500 13.500000
v -41.779902 -18.022324 13.500000
v -41.267402 -17.885000 13.500000
v -40.754902 -18.022324 13.500000
v -40.379726 -18.397500 13.500000
v -40.242402 -18.910000 13.500000
v -40.379726 -19.422500 13.500000
v -40.754902 -19.797676 13.500000
v -41.267402 -19.935000 13.500000
v -41.779902 -19.797676 13.500000
v -42.155078 -19.422500 13.500000
v -42.292402 -18.910000 19.500000
v -42.155078 -19.422500 19.500000
v -41.779902 -19.797676 19.500000
v -41.267402 -19.935000 19.500000
v -40.754902 -19.797676 19.500000
v -40.379726 -19.422500 19.500000
v -40.242402 -18.910000 19.500000
v -40.379726 -18.397500 19.500000
v -40.754902 -18.022324 19.500000
v -41.267402 -17.885000 19.500000
v -41.779902 -18.022324 19.500000
v -42.155078 -18.397500 19.500000
v -41.267402 -18.910000 12.884118
v -27.292402 -18.910000 13.500000
v -27.155078 -18.397500 13.500000
v -26.779902 -18.022324 13.500000
v -26.267402 -17.885000 13.500000
v -25.754902 -18.022324 13.500000
v -25.379726 -18.397500 13.500000
v -25.242402 -18.910000 13.500000
v -25.379726 -19.422500 13.500000
v -25.754902 -19.797676 13.500000
v -26.267402 -19.935000 13.500000
v -26.779902 -19.797676 13.500000
v -27.155078 -19.422500 13.500000
v -27.292402 -18.910000 19.500000
v -27.155078 -19.422500 19.500000
v -26.779902 -19.797676 19.500000
v -26.267402 -19.935000 19.500000
v -25.754902 -19.797676 19.500000
v -25.379726 -19.422500 19.500000
v -25.242402 -18.910000 19.500000
v -25.379726 -18.397500 19.500000
v -25.754902 -18.022324 19.500000
v -26.267402 -17.885000 19.500000
v -26.779902 -18.022324 19.500000
v -27.155078 -18.397500 19.500000
v -26.267402 -18.910000 12.884118
v -7.832402 -9.410000 19.357316
v -7.832402 9.410000 19.357316
v -7.832402 9.410000 11.500000
v -7.832402 -9.410000 11.500000
v -53.454060 25.576235 12.608144
v -53.425030 25.879772 12.574711
v -53.334647 26.170614 12.538153
v -53.413334 25.991516 12.061835
v -50.235156 24.733810 18.416058
v -48.881527 24.843778 18.976014
v -47.475242 25.164596 19.300867
v -46.088332 25.661392 19.458206
v -44.746201 26.286742 19.500000
v -47.790097 25.333316 19.223908
v -49.310288 25.167393 18.777799
v -50.709443 25.288870 18.013874
v -51.811196 25.662727 16.918346
v -52.552568 26.098687 15.578462
v -52.922280 25.370891 15.267743
v -52.919428 25.403942 15.274321
v -52.911862 25.432004 15.291736
v -52.888323 25.474700 15.345099
v -52.833379 25.521113 15.465352
v -52.710602 25.561911 15.714660
v -52.435929 25.564683 16.197997
v -51.789331 25.432492 17.076616
v -51.018215 25.195879 17.837882
v -50.600118 25.037622 18.167131
v -50.390146 24.929128 18.314618
v -50.284986 24.850580 18.384033
v -50.249105 24.798329 18.407413
v -46.068360 25.729481 19.457393
v -48.552488 25.060118 19.062393
v -52.823469 25.772986 15.362032
v -50.235154 -24.733810 18.416055
v -50.248883 -24.797577 18.407562
v -50.284226 -24.849440 18.384542
v -50.388131 -24.927834 18.315979
v -50.597464 -25.036455 18.169066
v -51.016039 -25.195136 17.839727
v -51.788048 -25.432144 17.078097
v -52.437957 -25.564880 16.194734
v -52.711715 -25.561721 15.712507
v -52.833228 -25.521201 15.465674
v -52.888117 -25.474962 15.345561
v -52.911783 -25.432220 15.291915
v -52.919405 -25.404075 15.274374
v -52.922280 -25.370891 15.267743
v -53.454060 -25.576235 12.608144
v -53.425030 -25.879772 12.574711
v -53.334647 -26.170614 12.538153
v -52.552568 -26.098687 15.578462
v -51.811196 -25.662727 16.918346
v -50.709443 -25.288870 18.013874
v -49.310288 -25.167393 18.777799
v -47.790097 -25.333316 19.223908
v -44.746201 -26.286742 19.500000
v -46.088340 -25.661390 19.458205
v -47.475268 -25.164588 19.300863
v -48.881546 -24.843774 18.976010
v -48.552488 -25.060118 19.062393
v -46.068360 -25.729481 19.457393
v -52.823469 -25.772987 15.362032
v -53.413334 -25.991516 12.061835
v 1.905155 -41.492846 17.492996
v 0.049697 -40.792640 18.295622
v -1.122812 -40.152517 18.601984
v -3.196830 -38.964600 18.962530
v -7.085677 -36.821463 19.317391
v -10.913053 -34.891438 19.462374
v -14.746201 -33.118292 19.500000
v -11.019786 -35.104822 19.458958
v -7.375679 -37.333933 19.299476
v -3.866781 -39.953737 18.908801
v -0.717784 -43.570539 17.784095
v -0.499323 -43.706106 17.721051
v 0.884157 -44.487498 17.313108
v -1.955549 -41.244245 18.594167
v 0.728158 -41.827352 18.024069
v -2.085366 -40.039677 18.778863
v -5.674866 -38.300481 19.183008
v -5.451887 -37.931688 19.200489
v -9.509225 -35.891429 19.419269
v -9.421906 -35.722795 19.423267
v -13.426549 -33.776235 19.496354
v -13.410121 -33.740625 19.496502
v 1.158445 -42.005327 17.842607
v 0.549761 -42.545808 17.957399
v 0.434553 -42.641525 17.964530
v -0.391151 -42.879162 18.039121
v -0.169519 -43.113007 17.934514
v -0.046174 -43.203020 17.886238
v 0.645632 -42.725286 17.887335
v 0.777030 -42.627459 17.872092
v 1.465522 -42.072149 17.698992
v -0.627466 -41.004836 18.460790
v -0.961014 -41.406645 18.469247
v -1.022619 -41.478941 18.465024
v -1.341639 -41.844218 18.415646
v -0.878024 -42.333392 18.250503
v -2.566417 -40.691761 18.737458
v -0.491037 -41.929106 18.304766
v -0.416514 -41.848643 18.308209
v -0.015176 -41.399880 18.285288
v -1.700410 -40.921140 18.636104
v -1.651051 -40.857525 18.640376
v -1.382707 -40.505195 18.641062
v -2.311350 -40.349971 18.775461
v -2.352770 -40.406076 18.771720
v -3.180764 -40.171382 18.856251
v -2.999439 -39.916571 18.884234
v -2.964254 -39.866624 18.887414
v -2.771969 -39.590712 18.891626
v -4.121875 -38.736855 19.070543
v -4.262704 -38.956044 19.065936
v -4.288399 -38.995796 19.063663
v -4.420619 -39.199180 19.045054
v -8.097319 -36.430351 19.369289
v -8.155538 -36.537260 19.367553
v -8.166130 -36.556687 19.366926
v -8.220547 -36.656386 19.362194
v -6.942025 -37.457674 19.284764
v -6.867875 -37.328903 19.292608
v -6.853449 -37.303794 19.293622
v -6.774213 -37.165544 19.296201
v -12.077750 -34.380465 19.484278
v -12.094513 -34.415772 19.484027
v -12.097558 -34.422193 19.483963
v -12.113192 -34.455185 19.483549
v -10.807095 -35.158973 19.458787
v -10.781258 -35.106602 19.459976
v -10.776225 -35.096407 19.460147
v -10.748531 -35.040344 19.460731
v -13.419302 -33.760513 19.496429
v -13.417890 -33.757453 19.496442
v 0.818493 -43.762621 17.569475
v -9.470686 -35.817009 19.421840
v -9.463182 -35.802517 19.422192
v -5.576294 -38.138023 19.195212
v -5.557123 -38.106321 19.196764
v 0.114659 -42.427799 18.088581
v 0.211563 -42.337016 18.087928
v 0.985276 -41.943787 17.918604
v -0.251888 -43.031587 17.972662
v 0.309239 -42.566887 18.013034
v 0.416470 -42.472935 18.009105
v 0.884157 44.487498 17.313108
v -0.499323 43.706106 17.721051
v -0.717791 43.570541 17.784093
v -3.866772 39.953745 18.908799
v -7.375677 37.333935 19.299476
v -11.019787 35.104822 19.458958
v -14.746201 33.118292 19.500000
v -10.913053 34.891438 19.462374
v -7.085675 36.821465 19.317391
v -3.196819 38.964606 18.962528
v -1.122821 40.152512 18.601986
v 0.049701 40.792642 18.295621
v 1.905155 41.492846 17.492996
v 0.985285 41.943786 17.918600
v -0.627459 41.004837 18.460789
v -0.840148 42.294808 18.258433
v -2.085359 40.039679 18.778862
v -2.545570 40.664165 18.741891
v -5.451888 37.931687 19.200489
v -5.665266 38.284694 19.184507
v 0.777039 42.627462 17.872088
v 0.021961 43.158599 17.892058
v 1.465539 42.072148 17.698985
v 0.952477 43.717408 17.559890
v -0.110137 43.068816 17.942233
v 0.549767 42.545810 17.957397
v 1.158456 42.005326 17.842602
v -2.771958 39.590717 18.891624
v -2.964245 39.866631 18.887413
v -3.163072 40.146730 18.859825
v -5.557125 38.106320 19.196764
v -9.505460 35.884193 19.419574
v -9.463169 35.802526 19.422191
v -9.421892 35.722803 19.423266
v -6.774212 37.165543 19.296201
v -6.853449 37.303794 19.293622
v -6.934803 37.445153 19.285722
v -1.930629 41.213103 18.599708
v -1.651053 40.857523 18.640377
v -1.382710 40.505189 18.641063
v -0.961010 41.406649 18.469246
v -0.341530 42.836495 18.047744
v -1.310455 41.809179 18.422463
v -0.015168 41.399881 18.285286
v -0.416509 41.848647 18.308208
v -2.311345 40.349975 18.775460
v 0.728166 41.827352 18.024067
v 0.211568 42.337019 18.087926
v 0.416475 42.472938 18.009103
v -0.196778 42.987867 17.980954
v 1.210341 -47.635399 13.750664
v 1.315128 -46.996809 15.039159
v -39.962698 -33.118292 19.500000
v -39.947897 -33.177830 19.499965
v -39.659502 -33.911010 19.493715
v -39.185149 -34.538424 19.479418
v -38.551807 -35.000072 19.463303
v -37.804476 -35.240122 19.452960
v -21.717874 -37.629749 19.267624
v -13.651380 -38.880290 19.100437
v -5.593301 -40.172584 18.863512
v -3.839865 -40.935002 18.687088
v -2.642381 -42.381045 18.258244
v -1.560020 -45.274433 16.805086
v -1.423610 -46.667562 15.491762
v -1.285187 -47.515649 14.062753
v -39.962698 33.118292 19.500000
v 1.315128 46.996809 15.039159
v 1.210341 47.635399 13.750664
v -1.285187 47.515649 14.062753
v -1.423610 46.667562 15.491762
v -1.560020 45.274433 16.805086
v -2.642381 42.381045 18.258244
v -3.839865 40.935002 18.687088
v -5.593301 40.172584 18.863512
v -13.651380 38.880290 19.100437
v -21.717874 37.629749 19.267624
v -37.804476 35.240122 19.452960
v -38.551807 35.000072 19.463303
v -39.185149 34.538424 19.479418
v -39.659502 33.911010 19.493715
v -39.947897 33.177830 19.499965
v -44.898705 -36.644422 15.993640
v -42.807298 -35.180003 18.554823
v -38.273617 -40.602427 15.763046
v -38.078817 -38.375856 18.273672
v -40.728753 -37.084638 18.554823
v -42.005322 -39.295719 15.993640
v -5.905605 -43.742231 15.098727
v -5.781035 -42.318393 17.326014
v -3.432084 -45.596426 14.251993
v -3.151544 -44.883111 15.852757
v -3.807810 -44.683966 15.098727
v -4.191817 -42.731999 17.326014
v -4.777167 -44.035916 15.098727
v -2.552083 -46.901690 13.687062
v -2.480183 -46.403309 14.882678
v -2.376523 -45.923601 15.640067
v 1.907742 32.500000 17.491400
v 3.042363 32.500000 16.034098
v 3.756350 32.500000 14.330773
v 3.831964 43.718404 14.024616
v 3.387351 43.062163 15.363871
v 1.907742 41.388016 17.491400
v 1.907742 -32.500000 17.491400
v 1.907742 -41.388016 17.491400
v 3.387351 -43.062163 15.363871
v 3.831964 -43.718404 14.024616
v 3.756350 -32.500000 14.330773
v 3.042363 -32.500000 16.034098
v 1.755746 26.457804 17.581875
v 2.682963 26.340150 16.501895
v 3.367812 26.185133 15.265992
v 3.790343 26.058991 13.917561
v 3.934531 26.007819 12.500000
v 3.995816 31.279639 12.500000
v 3.437933 28.452863 15.176181
v 3.446808 29.226938 15.176181
v 3.466682 31.698674 15.176181
v 1.495547 -22.429600 17.723032
v 3.996027 -31.279637 12.500000
v 3.946966 -26.770395 12.500000
v 3.905218 -24.516779 12.500000
v 3.829265 -22.262658 12.500000
v 3.295660 -22.300192 15.183922
v 3.391800 -27.900141 15.269347
v 3.348167 -25.187615 15.269347
v 3.316541 -23.808186 15.269347
v 3.294860 -23.092176 15.269347
v 3.801242 -22.088844 12.960852
v 3.808322 -22.176275 12.960650
v 1.771329 -22.284562 17.453493
v 1.777305 -22.347331 17.452650
v 1.766643 -22.240953 17.453547
v 2.077170 -22.208590 17.121007
v 2.365452 -22.178502 16.768804
v 2.631262 -22.150729 16.396933
v 2.985216 -22.113755 15.804848
v 3.277083 -22.083454 15.186228
v 3.437749 -22.066832 14.758927
v 3.570570 -22.053068 14.320987
v 3.675041 -22.042229 13.872953
v 3.750166 -22.034442 13.418507
v 3.795266 -22.029779 12.960894
v 3.809732 -22.195807 12.960596
v 3.764623 -22.199444 13.417940
v 3.689469 -22.205508 13.872152
v 3.584940 -22.213962 14.319990
v 3.452020 -22.224720 14.757775
v 3.291203 -22.237741 15.184956
v 2.999005 -22.261484 15.803465
v 2.644580 -22.290527 16.395531
v 2.378370 -22.312323 16.767444
v 2.089615 -22.335890 17.119727
v 1.778536 -22.361172 17.452377
v 2.082121 -22.254681 17.120931
v 2.370636 -22.226834 16.768708
v 2.636652 -22.201087 16.396821
v 2.990867 -22.166791 15.804724
v 3.282947 -22.138760 15.186103
v 3.443711 -22.123382 14.758806
v 3.576576 -22.110603 14.320874
v 3.681053 -22.100504 13.872854
v 3.756162 -22.093223 13.418432
v 3.804950 -22.132559 12.960764
v 1.772711 -22.298367 17.453375
v 2.083569 -22.269297 17.120801
v 2.372141 -22.242193 16.768569
v 2.638205 -22.217127 16.396678
v 2.992478 -22.183734 15.804582
v 3.284600 -22.156451 15.185972
v 3.445380 -22.141483 14.758685
v 3.578251 -22.129046 14.320768
v 3.682727 -22.119219 13.872767
v 3.757832 -22.112134 13.418369
v 3.802905 -22.107870 12.960818
v 1.774430 -22.316146 17.453163
v 2.085362 -22.288133 17.120570
v 2.373997 -22.262007 16.768325
v 2.640114 -22.237841 16.396427
v 2.994447 -22.205644 15.804336
v 3.286607 -22.179343 15.185746
v 3.447403 -22.164912 14.758481
v 3.580285 -22.152932 14.320591
v 3.684766 -22.143475 13.872625
v 3.759875 -22.136661 13.418268
v 2.088344 -22.321203 17.120019
v 2.377067 -22.296839 16.767748
v 2.643253 -22.274303 16.395840
v 2.997657 -22.244275 15.803764
v 3.289850 -22.219737 15.185226
v 3.450664 -22.206275 14.758015
v 3.583573 -22.195134 14.320193
v 3.688086 -22.186364 13.872310
v 3.763225 -22.180063 13.418048
v 3.934531 26.007819 11.500000
v -42.807298 35.180003 18.554823
v -44.898705 36.644422 15.993640
v -38.078817 38.375856 18.273672
v -38.273617 40.602427 15.763046
v -40.728753 37.084638 18.554823
v -42.005322 39.295719 15.993640
v -5.781035 42.318393 17.326014
v -5.905605 43.742231 15.098727
v -3.151544 44.883111 15.852757
v -3.432084 45.596426 14.251993
v -4.191817 42.731999 17.326014
v -4.777167 44.035916 15.098727
v -3.807810 44.683966 15.098727
v -2.376523 45.923601 15.640067
v -2.552083 46.901690 13.687062
v 2.159943 42.580093 17.156103
v 3.801595 45.015987 13.341695
v 1.729335 45.843751 16.040275
v 2.140727 47.139169 13.869399
v 3.427393 44.340177 15.009595
v 3.211088 46.152957 13.647038
v 2.755881 45.137438 15.618862
v 2.140727 -47.139169 13.869399
v 2.755881 -45.137438 15.618862
v 2.159943 -42.580093 17.156103
v 3.427393 -44.340177 15.009595
v 3.801595 -45.015987 13.341695
v 1.729335 -45.843751 16.040275
v 3.211088 -46.152957 13.647038
v -1.936242 18.102886 18.765007
v -3.258482 19.151404 18.972158
v -4.102013 20.610744 19.073432
v -4.316053 22.291953 19.097697
v -3.880066 23.922187 19.048178
v -2.985426 25.128998 18.933254
v -1.420437 26.131652 18.665965
v 0.187293 26.483605 18.252249
v 1.753766 26.428177 17.583166
v -9.683702 12.181370 19.430448
v -8.711223 11.531462 19.396225
v -8.061301 10.559347 19.368246
v -8.061302 -10.559351 19.368246
v -8.711226 -11.531465 19.396225
v -9.683706 -12.181371 19.430448
v 3.757680 25.219414 11.500000
v 3.283312 24.565324 11.500000
v -9.332402 -12.008076 11.500000
v -8.234326 -10.910000 11.500000
v -8.234326 10.910000 11.500000
v -9.332402 12.008076 11.500000
v 3.671088 25.049670 12.500000
v 2.979026 24.336575 12.500000
v 2.029190 24.044573 12.500000
v 2.700846 17.364141 12.500000
v 3.047743 16.691641 12.500000
v 1.575465 25.635307 17.490246
v 1.231351 24.983362 17.148009
v 0.775340 24.579302 16.606111
v 3.354488 24.706040 13.318319
v 2.511228 25.068323 15.964199
v 1.934008 24.062781 13.190269
v 2.756464 25.460980 16.037303
v 3.122335 25.342451 15.314879
v 3.655534 25.131509 13.329567
v 2.852541 24.938225 15.263423
v 2.938464 24.362288 13.289354
v 2.491268 24.601407 15.161796
v 2.187157 24.735425 15.834618
v 1.809139 24.493986 15.657425
v 2.068667 24.367375 15.017315
v 2.446835 24.142434 13.244883
v 1.624648 24.252544 14.844535
v 1.409514 24.360048 15.448598
v 0.500372 18.673386 17.026454
v 0.555239 18.279114 17.563834
v 0.471865 17.762346 17.976447
v 3.030999 16.525493 13.448046
v 2.363284 16.843042 15.644569
v 1.907301 17.059811 16.431792
v 2.848004 17.075164 13.379622
v 2.238257 17.395609 15.419491
v 1.821647 17.614432 16.151922
v 2.514737 17.546514 13.296869
v 1.958412 17.860158 15.141698
v 1.578938 18.074081 15.801756
v -1.517961 18.927231 18.446428
v -1.284770 19.554558 17.733631
v -2.731820 19.576480 18.776534
v -0.360907 24.619510 17.179337
v -1.479287 24.199224 17.547490
v -2.289446 23.356108 17.732185
v -2.650857 22.257110 17.800534
v -2.511270 21.111269 17.774502
v -2.025482 20.281785 17.679102
v -0.272594 25.062865 17.819783
v -1.635973 24.572307 18.190307
v -2.606935 23.586259 18.376532
v -3.037762 22.300794 18.445710
v -2.871424 20.960435 18.419358
v -2.291789 19.990103 18.322901
v -0.280157 25.714366 18.255647
v -1.936951 25.104748 18.640709
v -3.112983 23.912682 18.830844
v -3.634561 22.362508 18.900857
v -3.433269 20.746602 18.874230
v 0.106567 17.793915 18.158714
v -0.966067 18.358515 18.443658
v -1.189205 18.478449 18.492500
v 0.299406 18.348483 17.715618
v -0.736879 18.920561 17.996048
v -0.954147 19.041725 18.044460
v 0.353107 18.747843 17.099989
v -0.643121 19.316938 17.361035
v -0.853844 19.437610 17.406641
v -45.492402 22.000000 4.350000
v -45.492402 21.375000 4.517468
v -45.492402 20.917468 4.975000
v -45.492402 20.750000 5.600000
v -45.492402 20.917468 6.225000
v -45.492402 21.375000 6.682532
v -45.492402 22.000000 6.850000
v -45.492402 22.625000 6.682532
v -45.492402 23.082532 6.225000
v -45.492402 23.250000 5.600000
v -45.492402 23.082532 4.975000
v -45.492402 22.625000 4.517468
v -44.741326 22.000000 5.600000
v -45.492402 -22.000000 4.350000
v -45.492402 -22.625000 4.517468
v -45.492402 -23.082532 4.975000
v -45.492402 -23.250000 5.600000
v -45.492402 -23.082532 6.225000
v -45.492402 -22.625000 6.682532
v -45.492402 -22.000000 6.850000
v -45.492402 -21.375000 6.682532
v -45.492402 -20.917468 6.225000
v -45.492402 -20.750000 5.600000
v -45.492402 -20.917468 4.975000
v -45.492402 -21.375000 4.517468
v -44.741326 -22.000000 5.600000
vt 1.980000 0.654498 0.000000
vt 2.239234 0.742025 0.000000
vt 1.980000 0.785398 0.000000
vt 2.194754 0.768969 0.000000
vt 1.980000 -0.785398 0.000000
vt 2.194754 -0.801827 0.000000
vt 2.165193 -0.759791 0.000000
vt 1.980000 0.523599 0.000000
vt 2.500000 0.523599 0.000000
vt 2.500000 0.654498 0.000000
vt 2.290078 0.735490 0.000000
vt 2.339999 0.750649 0.000000
vt 2.500000 0.785398 0.000000
vt 2.378830 0.783909 0.000000
vt 2.401377 0.830910 0.000000
vt 2.401377 -0.739886 0.000000
vt 2.500000 -0.785398 0.000000
vt 2.500000 -0.654498 0.000000
vt 2.403521 -0.689021 0.000000
vt 2.387816 -0.638932 0.000000
vt 2.359166 -0.596086 0.000000
vt 2.500000 -0.523599 0.000000
vt 2.318702 -0.563550 0.000000
vt 2.294851 -0.555049 0.000000
vt 2.270007 -0.554244 0.000000
vt 1.980000 -0.523599 0.000000
vt 2.223869 -0.574608 0.000000
vt 1.980000 -0.654498 0.000000
vt 2.188306 -0.611838 0.000000
vt 2.164042 -0.658321 0.000000
vt 2.155000 -0.709225 0.000000
vt 2.500000 0.392699 0.000000
vt 1.980000 0.392699 0.000000
vt 2.500000 0.261799 0.000000
vt 1.980000 0.261799 0.000000
vt 2.500000 0.130900 0.000000
vt 1.980000 0.130900 0.000000
vt 2.500000 0.000000 0.000000
vt 1.980000 0.000000 0.000000
vt 2.500000 -0.130900 0.000000
vt 1.980000 -0.130900 0.000000
vt 2.500000 -0.261799 0.000000
vt 1.980000 -0.261799 0.000000
vt 2.500000 -0.392699 0.000000
vt 1.980000 -0.392699 0.000000
vt 1.980000 0.654498 0.000000
vt 2.155000 0.709225 0.000000
vt 1.980000 0.785398 0.000000
vt 2.165193 0.759791 0.000000
vt 1.980000 -0.785398 0.000000
vt 2.165193 -0.811006 0.000000
vt 2.194754 -0.768969 0.000000
vt 1.980000 0.523599 0.000000
vt 2.188306 0.611838 0.000000
vt 2.164042 0.658321 0.000000
vt 1.980000 0.392699 0.000000
vt 2.500000 0.392699 0.000000
vt 2.500000 0.523599 0.000000
vt 2.270007 0.554244 0.000000
vt 2.294851 0.555049 0.000000
vt 2.318702 0.563550 0.000000
vt 2.359166 0.596086 0.000000
vt 2.500000 0.654498 0.000000
vt 2.387816 0.638932 0.000000
vt 2.403521 0.689021 0.000000
vt 2.401377 0.739886 0.000000
vt 2.500000 0.785398 0.000000
vt 2.378830 0.786887 0.000000
vt 2.378830 -0.783909 0.000000
vt 2.500000 -0.785398 0.000000
vt 2.339999 -0.750649 0.000000
vt 2.290078 -0.735490 0.000000
vt 2.500000 -0.654498 0.000000
vt 1.980000 -0.654498 0.000000
vt 1.980000 -0.523599 0.000000
vt 2.500000 -0.523599 0.000000
vt 1.980000 -0.392699 0.000000
vt 2.500000 -0.392699 0.000000
vt 1.980000 -0.261799 0.000000
vt 2.500000 -0.261799 0.000000
vt 1.980000 -0.130900 0.000000
vt 2.500000 -0.130900 0.000000
vt 1.980000 0.000000 0.000000
vt 2.500000 0.000000 0.000000
vt 1.980000 0.130900 0.000000
vt 2.500000 0.130900 0.000000
vt 1.980000 0.261799 0.000000
vt 2.500000 0.261799 0.000000
vt 2.239234 -0.742025 0.000000
vt 2.223869 0.574608 0.000000
vt -2.199115 51.634237 0.000000
vt -1.861104 51.608348 0.000000
vt -2.199115 52.909020 0.000000
vt -1.826804 53.498906 0.000000
vt -2.199115 54.183802 0.000000
vt -1.912624 55.457150 0.000000
vt -2.199115 55.458584 0.000000
vt -1.529373 51.539227 0.000000
vt -1.462000 52.567797 0.000000
vt -1.454494 53.580476 0.000000
vt -1.525217 51.555673 0.000000
vt -1.496239 54.594994 0.000000
vt -1.542854 55.075861 0.000000
vt -1.606759 55.453022 0.000000
vt 0.700200 -2.206299 0.000000
vt 0.800200 -2.206299 0.000000
vt 0.700200 -0.938791 0.000000
vt 0.800200 -0.938791 0.000000
vt 0.800200 0.328718 0.000000
vt 0.800200 1.596226 0.000000
vt 0.700200 1.596226 0.000000
vt 0.700200 0.328718 0.000000
vt -2.600791 1.836032 0.000000
vt -2.687513 1.785963 0.000000
vt -2.629546 1.811055 0.000000
vt -2.646876 1.777137 0.000000
vt -2.650266 1.739199 0.000000
vt -2.714273 0.328697 0.000000
vt -2.561260 0.080976 0.000000
vt -2.634465 -1.578019 0.000000
vt -2.737212 -0.938305 0.000000
vt -2.855304 -2.200000 0.000000
vt -2.744705 1.736414 0.000000
vt -2.786617 1.593840 0.000000
vt -2.779394 1.669164 0.000000
vt -2.862893 -2.362218 0.000000
vt -2.869025 -2.658379 0.000000
vt -2.869183 -3.221958 0.000000
vt -2.872199 -3.240782 0.000000
vt -2.874620 -3.250000 0.000000
vt -2.874014 -3.259760 0.000000
vt -2.874620 -3.278816 0.000000
vt -0.034000 0.700000 0.000000
vt 0.495600 1.025000 0.000000
vt -0.034000 1.241000 0.000000
vt 0.511007 1.082500 0.000000
vt 0.553100 1.124593 0.000000
vt 1.166000 0.700000 0.000000
vt 0.610600 0.910000 0.000000
vt 0.553100 0.925407 0.000000
vt 0.511007 0.967500 0.000000
vt 1.166000 1.241000 0.000000
vt 0.725600 1.025000 0.000000
vt 0.710193 0.967500 0.000000
vt 0.668100 0.925407 0.000000
vt 0.610600 1.140000 0.000000
vt 0.668100 1.124593 0.000000
vt 0.710193 1.082500 0.000000
vt -0.720200 0.700000 0.000000
vt -0.610200 0.700000 0.000000
vt -0.720200 1.241000 0.000000
vt -0.000200 2.517157 0.000000
vt -0.900200 2.517157 0.000000
vt -0.000200 -2.517157 0.000000
vt -0.610200 -0.700000 0.000000
vt -0.720200 -1.241000 0.000000
vt -0.720200 -0.700000 0.000000
vt -0.900200 -1.241000 0.000000
vt -0.900200 -2.517157 0.000000
vt -0.900200 1.241000 0.000000
vt -0.034000 -0.700000 0.000000
vt 0.610600 -0.910000 0.000000
vt 1.166000 -0.700000 0.000000
vt 0.668100 -0.925407 0.000000
vt 0.710193 -0.967500 0.000000
vt -0.034000 -1.241000 0.000000
vt 0.495600 -1.025000 0.000000
vt 0.511007 -0.967500 0.000000
vt 0.553100 -0.925407 0.000000
vt 1.166000 -1.241000 0.000000
vt 0.610600 -1.140000 0.000000
vt 0.553100 -1.124593 0.000000
vt 0.511007 -1.082500 0.000000
vt 0.725600 -1.025000 0.000000
vt 0.710193 -1.082500 0.000000
vt 0.668100 -1.124593 0.000000
vt 0.000000 50.689040 0.000000
vt 0.250000 50.710479 0.000000
vt 0.000000 50.950805 0.000000
vt 0.250000 50.982963 0.000000
vt -0.650000 50.982963 0.000000
vt 0.250000 50.437994 0.000000
vt 0.000000 50.427275 0.000000
vt 0.250000 50.165510 0.000000
vt 0.000000 50.165510 0.000000
vt -0.650000 51.210252 0.000000
vt -0.900000 51.221044 0.000000
vt -0.900000 50.950805 0.000000
vt -0.650000 51.437540 0.000000
vt -0.900000 51.491283 0.000000
vt -0.650000 51.664828 0.000000
vt -0.900000 51.761521 0.000000
vt 0.000000 51.761521 0.000000
vt 0.250000 51.664828 0.000000
vt 0.000000 52.858557 0.000000
vt 0.250000 53.326099 0.000000
vt 0.000000 53.955593 0.000000
vt 0.250000 54.987369 0.000000
vt 0.000000 55.052629 0.000000
vt -0.900000 55.322868 0.000000
vt -0.900000 55.052629 0.000000
vt 0.000000 55.863345 0.000000
vt 0.250000 56.648640 0.000000
vt 0.000000 56.125110 0.000000
vt 0.000000 56.386875 0.000000
vt 0.000000 56.648640 0.000000
vt -0.900000 55.863345 0.000000
vt -0.900000 55.593106 0.000000
vt 0.900000 0.506427 0.000000
vt -0.100000 0.506427 0.000000
vt 0.900000 0.378390 0.000000
vt -0.445925 0.425825 0.000000
vt -0.495476 0.351655 0.000000
vt 0.900000 0.250352 0.000000
vt -0.527758 0.268610 0.000000
vt -0.547284 0.181670 0.000000
vt 0.900000 0.122314 0.000000
vt -0.557608 0.092842 0.000000
vt 0.900000 -0.005724 0.000000
vt -0.561005 0.003500 0.000000
vt -0.558116 -0.085695 0.000000
vt 0.900000 -0.133762 0.000000
vt -0.548539 -0.174194 0.000000
vt 0.900000 -0.261799 0.000000
vt -0.529697 -0.261799 0.000000
vt -2.874620 4.116025 0.000000
vt -2.874620 3.278816 0.000000
vt -2.868589 4.081823 0.000000
vt -2.851225 4.051747 0.000000
vt -2.824620 4.029423 0.000000
vt -2.668635 3.330364 0.000000
vt -2.623113 3.398492 0.000000
vt -2.684620 3.250000 0.000000
vt -2.874014 3.259760 0.000000
vt -2.872199 3.240782 0.000000
vt -2.869183 3.221958 0.000000
vt -2.668635 3.169636 0.000000
vt -2.821552 2.964565 0.000000
vt -2.623113 3.101508 0.000000
vt -2.777890 2.706470 0.000000
vt -2.689249 2.548734 0.000000
vt -2.718859 2.522647 0.000000
vt -2.736072 2.487137 0.000000
vt -2.738207 2.447733 0.000000
vt -2.554984 3.055985 0.000000
vt -2.524620 2.643782 0.000000
vt -2.491985 2.655660 0.000000
vt -2.474620 3.040000 0.000000
vt -2.457255 2.655660 0.000000
vt -2.394257 3.055985 0.000000
vt -2.424620 2.643782 0.000000
vt -2.326128 3.101508 0.000000
vt -2.131068 2.474300 0.000000
vt -2.280605 3.169636 0.000000
vt -2.102747 2.449872 0.000000
vt -2.264620 3.250000 0.000000
vt -1.866611 4.222150 0.000000
vt -2.057247 4.122911 0.000000
vt -1.941403 4.214509 0.000000
vt -2.008089 4.179794 0.000000
vt -1.546282 4.194125 0.000000
vt -2.085381 2.416748 0.000000
vt -1.520793 4.198619 0.000000
vt -1.530958 1.407801 0.000000
vt -0.900357 1.633894 0.000000
vt -2.081400 2.379559 0.000000
vt -2.099676 2.155747 0.000000
vt -2.102024 2.140890 0.000000
vt -2.106574 2.126553 0.000000
vt -2.113223 2.113060 0.000000
vt -2.019702 0.949647 0.000000
vt -2.201228 1.953001 0.000000
vt -2.279328 1.787882 0.000000
vt -2.347235 1.618316 0.000000
vt -2.368483 1.583958 0.000000
vt -2.401591 1.560810 0.000000
vt -2.441156 1.552650 0.000000
vt -2.569915 0.548423 0.000000
vt -2.286024 0.334954 0.000000
vt -2.541115 1.552650 0.000000
vt -2.588295 1.564479 0.000000
vt -2.624313 1.597169 0.000000
vt -2.640647 1.642985 0.000000
vt -2.569915 -0.548423 0.000000
vt -2.286024 -0.334954 0.000000
vt -2.401591 -1.560810 0.000000
vt -2.019702 -0.949647 0.000000
vt -2.368483 -1.583958 0.000000
vt -2.347235 -1.618316 0.000000
vt -2.640647 -1.642985 0.000000
vt -2.624313 -1.597169 0.000000
vt -2.588295 -1.564479 0.000000
vt -2.541115 -1.552650 0.000000
vt -2.441156 -1.552650 0.000000
vt -2.279328 -1.787882 0.000000
vt -2.201228 -1.953001 0.000000
vt -2.113223 -2.113060 0.000000
vt -1.530958 -1.407801 0.000000
vt -2.106574 -2.126553 0.000000
vt -2.102024 -2.140890 0.000000
vt -2.099676 -2.155747 0.000000
vt -2.081400 -2.379559 0.000000
vt -2.085381 -2.416748 0.000000
vt -2.102747 -2.449872 0.000000
vt -1.546282 -4.194125 0.000000
vt -1.520793 -4.198619 0.000000
vt -0.900357 -1.633894 0.000000
vt -1.500966 -4.215255 0.000000
vt -1.492114 -4.239576 0.000000
vt -2.131068 -2.474300 0.000000
vt -2.280605 -3.169636 0.000000
vt -2.264620 -3.250000 0.000000
vt -1.866611 -4.222150 0.000000
vt -2.057247 -4.122911 0.000000
vt -1.941403 -4.214509 0.000000
vt -2.008089 -4.179794 0.000000
vt -2.326128 -3.101508 0.000000
vt -2.424620 -2.643782 0.000000
vt -2.394257 -3.055985 0.000000
vt -2.457255 -2.655660 0.000000
vt -2.474620 -3.040000 0.000000
vt -2.491985 -2.655660 0.000000
vt -2.554984 -3.055985 0.000000
vt -2.524620 -2.643782 0.000000
vt -2.689249 -2.548734 0.000000
vt -2.718859 -2.522647 0.000000
vt -2.777890 -2.706470 0.000000
vt -2.623113 -3.101508 0.000000
vt -2.736072 -2.487137 0.000000
vt -2.738207 -2.447733 0.000000
vt -2.821552 -2.964565 0.000000
vt -2.668635 -3.169636 0.000000
vt -2.869183 -3.221958 0.000000
vt -2.684620 -3.250000 0.000000
vt -2.872199 -3.240782 0.000000
vt -2.874014 -3.259760 0.000000
vt -2.874620 -3.278816 0.000000
vt -2.668635 -3.330364 0.000000
vt -2.824620 -4.029423 0.000000
vt -2.623113 -3.398492 0.000000
vt -2.462777 -3.820513 0.000000
vt -2.554984 -3.444015 0.000000
vt -2.474620 -3.460000 0.000000
vt -2.362777 -3.793718 0.000000
vt -2.394257 -3.444015 0.000000
vt -2.326128 -3.398492 0.000000
vt -2.262777 -3.820513 0.000000
vt -2.280605 -3.330364 0.000000
vt -2.189572 -3.893718 0.000000
vt -2.874620 -4.116025 0.000000
vt -2.868589 -4.081823 0.000000
vt -2.851225 -4.051747 0.000000
vt -1.483399 -4.339196 0.000000
vt 0.255246 -4.136893 0.000000
vt 0.259740 -4.111405 0.000000
vt -0.231847 -1.590657 0.000000
vt 0.276377 -4.091578 0.000000
vt 0.300698 -4.082726 0.000000
vt 0.259604 -4.186703 0.000000
vt -1.487893 -4.364685 0.000000
vt 0.268456 -4.211024 0.000000
vt -1.504530 -4.384511 0.000000
vt 0.288282 -4.227661 0.000000
vt -1.528851 -4.393363 0.000000
vt 0.313771 -4.232155 0.000000
vt 1.346702 -3.991212 0.000000
vt 1.383114 -3.141506 0.000000
vt 1.383114 -2.958494 0.000000
vt 0.489801 -1.241000 0.000000
vt 1.474620 -2.800000 0.000000
vt 1.674620 -1.241000 0.000000
vt 1.674620 -2.517157 0.000000
vt 1.616041 -2.658579 0.000000
vt 1.647825 -2.617157 0.000000
vt 1.474620 -3.300000 0.000000
vt 1.469115 -3.971423 0.000000
vt 1.587347 -3.934033 0.000000
vt 1.740005 -3.565385 0.000000
vt 1.698880 -3.879839 0.000000
vt 1.765020 -3.817706 0.000000
vt 1.796894 -3.732741 0.000000
vt 1.787942 -3.642437 0.000000
vt 1.667805 -2.568921 0.000000
vt 0.364376 -1.285216 0.000000
vt 0.444994 -1.246084 0.000000
vt 0.402465 -1.261077 0.000000
vt -0.231847 1.590657 0.000000
vt 0.259740 4.111405 0.000000
vt -1.492114 4.239576 0.000000
vt -1.500966 4.215255 0.000000
vt 0.364376 1.285216 0.000000
vt 0.300698 4.082726 0.000000
vt 0.276377 4.091578 0.000000
vt 0.402465 1.261077 0.000000
vt 0.444994 1.246084 0.000000
vt 0.489801 1.241000 0.000000
vt 1.383114 2.958494 0.000000
vt 1.383114 3.141506 0.000000
vt 1.474620 2.800000 0.000000
vt 1.674620 1.241000 0.000000
vt 1.674620 2.517157 0.000000
vt 1.667805 2.568921 0.000000
vt 1.647825 2.617157 0.000000
vt 1.616041 2.658579 0.000000
vt 1.346702 3.991212 0.000000
vt 1.474620 3.300000 0.000000
vt 1.469115 3.971423 0.000000
vt 1.587347 3.934033 0.000000
vt 1.740005 3.565385 0.000000
vt 1.698880 3.879839 0.000000
vt 1.765020 3.817706 0.000000
vt 1.787942 3.642437 0.000000
vt 1.796894 3.732741 0.000000
vt 0.255246 4.136893 0.000000
vt -1.483399 4.339196 0.000000
vt 0.259604 4.186703 0.000000
vt -1.487893 4.364685 0.000000
vt 0.268456 4.211024 0.000000
vt -1.504530 4.384511 0.000000
vt 0.288282 4.227661 0.000000
vt -1.528851 4.393363 0.000000
vt 0.313771 4.232155 0.000000
vt -2.189572 3.893718 0.000000
vt -2.280605 3.330364 0.000000
vt -2.262777 3.820513 0.000000
vt -2.326128 3.398492 0.000000
vt -2.362777 3.793718 0.000000
vt -2.394257 3.444015 0.000000
vt -2.474620 3.460000 0.000000
vt -2.462777 3.820513 0.000000
vt -2.554984 3.444015 0.000000
vt 2.009000 0.250000 0.000000
vt 1.617620 1.050000 0.000000
vt 0.127819 0.250000 0.000000
vt -1.382380 1.050000 0.000000
vt -2.132130 0.749030 0.000000
vt -2.041352 0.855375 0.000000
vt -1.931248 0.941556 0.000000
vt -1.690982 1.023699 0.000000
vt 2.009000 1.046063 0.000000
vt -2.199963 0.626765 0.000000
vt -2.257000 0.250000 0.000000
vt -1.057000 0.000000 0.000000
vt -2.257000 -0.180000 0.000000
vt -1.057000 -0.180000 0.000000
vt 0.127819 0.000000 0.000000
vt 0.868286 -0.900000 0.000000
vt 0.868286 0.250000 0.000000
vt -0.449273 -0.900000 0.000000
vt -0.449273 0.350000 0.000000
vt 0.862282 0.350000 0.000000
vt -0.900000 -3.852705 0.000000
vt -0.725000 -0.200000 0.000000
vt -0.900000 1.252705 0.000000
vt -0.708253 -0.137500 0.000000
vt -0.662500 -0.091747 0.000000
vt 0.250000 -3.852705 0.000000
vt -0.340000 -3.625000 0.000000
vt -0.402500 -3.608253 0.000000
vt -0.448253 -3.562500 0.000000
vt 0.250000 -2.541000 0.000000
vt -0.180000 -2.541000 0.000000
vt -0.215000 -3.500000 0.000000
vt -0.231747 -3.562500 0.000000
vt -0.180000 -2.000000 0.000000
vt -0.290000 -2.000000 0.000000
vt -0.340000 -3.375000 0.000000
vt -0.277500 -3.391747 0.000000
vt -0.290000 -0.600000 0.000000
vt -0.491747 -2.337500 0.000000
vt -0.475000 -2.400000 0.000000
vt -0.402500 -3.391747 0.000000
vt -0.491747 -2.462500 0.000000
vt -0.448253 -3.437500 0.000000
vt -0.537500 -2.508253 0.000000
vt -0.465000 -3.500000 0.000000
vt -0.600000 -2.525000 0.000000
vt -0.662500 -2.508253 0.000000
vt -0.180000 -0.600000 0.000000
vt -0.180000 -0.059000 0.000000
vt -0.340000 0.775000 0.000000
vt -0.475000 -0.200000 0.000000
vt -0.402500 0.791747 0.000000
vt -0.491747 -0.137500 0.000000
vt -0.448253 0.837500 0.000000
vt -0.537500 -0.091747 0.000000
vt -0.465000 0.900000 0.000000
vt -0.600000 -0.075000 0.000000
vt 0.250000 -0.059000 0.000000
vt 0.250000 1.252705 0.000000
vt -0.215000 0.900000 0.000000
vt -0.231747 0.837500 0.000000
vt -0.340000 1.025000 0.000000
vt -0.277500 1.008253 0.000000
vt -0.231747 0.962500 0.000000
vt -0.231747 -3.437500 0.000000
vt -0.277500 -3.608253 0.000000
vt -0.708253 -2.462500 0.000000
vt -0.448253 0.962500 0.000000
vt -0.402500 1.008253 0.000000
vt -0.277500 0.791747 0.000000
vt -0.491747 -0.262500 0.000000
vt -0.537500 -2.291747 0.000000
vt -0.537500 -0.308253 0.000000
vt -0.600000 -2.275000 0.000000
vt -0.600000 -0.325000 0.000000
vt -0.662500 -2.291747 0.000000
vt -0.662500 -0.308253 0.000000
vt -0.708253 -2.337500 0.000000
vt -0.708253 -0.262500 0.000000
vt -0.725000 -2.400000 0.000000
vt -0.868286 -0.900000 0.000000
vt 0.449273 -0.900000 0.000000
vt -0.868286 0.250000 0.000000
vt 0.449273 0.350000 0.000000
vt -0.862282 0.350000 0.000000
vt 1.407984 -0.450000 0.000000
vt 1.760173 -0.450000 0.000000
vt 1.407984 0.000000 0.000000
vt 1.760173 0.350000 0.000000
vt -0.441676 0.000000 0.000000
vt -1.491676 0.350000 0.000000
vt -1.491676 -0.900000 0.000000
vt -0.441676 -0.900000 0.000000
vt -0.350000 -0.370407 0.000000
vt -0.350000 -0.555610 0.000000
vt 0.450000 -0.532424 0.000000
vt -0.250000 -0.628319 0.000000
vt 0.450000 -0.709899 0.000000
vt -0.355504 -0.708813 0.000000
vt -0.350000 -0.826905 0.000000
vt 0.450000 -0.887374 0.000000
vt -0.350000 -0.945877 0.000000
vt 0.450000 -1.064849 0.000000
vt -0.350000 -1.064849 0.000000
vt 0.450000 -0.354950 0.000000
vt -0.350000 -0.185203 0.000000
vt 0.450000 -0.177475 0.000000
vt -0.350000 0.000000 0.000000
vt 0.450000 0.000000 0.000000
vt 0.546184 0.000000 0.000000
vt 0.546184 0.250000 0.000000
vt -0.291025 0.000000 0.000000
vt -0.575000 0.350000 0.000000
vt -0.575000 -0.450000 0.000000
vt 0.575000 0.250000 0.000000
vt 0.575000 0.350000 0.000000
vt -0.291025 -0.450000 0.000000
vt 0.291025 -0.450000 0.000000
vt 0.575000 -0.450000 0.000000
vt 0.291025 0.000000 0.000000
vt 0.575000 0.350000 0.000000
vt -0.546184 0.250000 0.000000
vt -0.575000 0.350000 0.000000
vt -0.575000 0.250000 0.000000
vt -0.546184 0.000000 0.000000
vt 0.450000 0.000000 0.000000
vt 0.450000 0.177475 0.000000
vt -0.350000 0.000000 0.000000
vt -0.350000 0.185203 0.000000
vt 0.450000 0.354950 0.000000
vt -0.350000 0.370407 0.000000
vt 0.450000 0.532424 0.000000
vt -0.350000 0.555610 0.000000
vt -0.250000 0.628319 0.000000
vt 0.450000 0.709899 0.000000
vt -0.355504 0.708813 0.000000
vt -0.350000 0.826905 0.000000
vt 0.450000 0.887374 0.000000
vt -0.350000 0.945877 0.000000
vt 0.450000 1.064849 0.000000
vt -0.350000 1.064849 0.000000
vt 0.350000 0.078540 0.000000
vt -0.020000 0.078540 0.000000
vt 0.350000 0.000000 0.000000
vt -0.020000 0.000000 0.000000
vt 0.350000 -0.078540 0.000000
vt -0.020000 -0.078540 0.000000
vt 0.350000 -0.157080 0.000000
vt -0.020000 -0.157080 0.000000
vt 0.350000 -0.235619 0.000000
vt -0.020000 -0.235619 0.000000
vt 0.350000 -0.314159 0.000000
vt -0.020000 -0.314159 0.000000
vt 0.350000 -0.392699 0.000000
vt -0.020000 -0.392699 0.000000
vt 0.350000 -0.471239 0.000000
vt -0.020000 -0.471239 0.000000
vt 0.350000 0.471239 0.000000
vt -0.020000 0.471239 0.000000
vt 0.350000 0.392699 0.000000
vt -0.020000 0.392699 0.000000
vt 0.350000 0.314159 0.000000
vt -0.020000 0.314159 0.000000
vt 0.350000 0.235619 0.000000
vt -0.020000 0.235619 0.000000
vt 0.350000 0.157080 0.000000
vt -0.020000 0.157080 0.000000
vt 1.046063 0.721000 0.000000
vt 0.250000 0.721000 0.000000
vt 1.050000 0.329620 0.000000
vt 0.250000 -1.160181 0.000000
vt 1.050000 -2.670380 0.000000
vt 0.749030 -3.420130 0.000000
vt 0.855375 -3.329352 0.000000
vt -0.000000 -1.160181 0.000000
vt -0.000000 -2.345000 0.000000
vt 0.250000 -3.545000 0.000000
vt 0.626765 -3.487963 0.000000
vt -0.180000 -2.345000 0.000000
vt -0.180000 -3.545000 0.000000
vt 0.941556 -3.219248 0.000000
vt 1.023699 -2.978982 0.000000
vt 0.441676 -0.900000 0.000000
vt 1.491676 -0.900000 0.000000
vt 0.441676 0.000000 0.000000
vt 1.491676 0.350000 0.000000
vt -1.760173 0.350000 0.000000
vt -1.407984 0.000000 0.000000
vt -1.760173 -0.450000 0.000000
vt -1.407984 -0.450000 0.000000
vt 0.350000 0.078540 0.000000
vt -0.020000 0.078540 0.000000
vt 0.350000 0.000000 0.000000
vt -0.020000 0.000000 0.000000
vt 0.350000 -0.078540 0.000000
vt -0.020000 -0.078540 0.000000
vt 0.350000 -0.157080 0.000000
vt -0.020000 -0.157080 0.000000
vt 0.350000 -0.235619 0.000000
vt -0.020000 -0.235619 0.000000
vt 0.350000 -0.314159 0.000000
vt -0.020000 -0.314159 0.000000
vt 0.350000 -0.392699 0.000000
vt -0.020000 -0.392699 0.000000
vt 0.350000 -0.471239 0.000000
vt -0.020000 -0.471239 0.000000
vt 0.350000 0.471239 0.000000
vt -0.020000 0.471239 0.000000
vt 0.350000 0.392699 0.000000
vt -0.020000 0.392699 0.000000
vt 0.350000 0.314159 0.000000
vt -0.020000 0.314159 0.000000
vt 0.350000 0.235619 0.000000
vt -0.020000 0.235619 0.000000
vt 0.350000 0.157080 0.000000
vt -0.020000 0.157080 0.000000
vt 2.500000 -1.473351 0.000000
vt 2.250000 -1.473351 0.000000
vt 2.500000 -2.147947 0.000000
vt 2.250000 -2.147947 0.000000
vt 2.500000 -2.822543 0.000000
vt 2.250000 -2.822543 0.000000
vt 2.500000 -3.497138 0.000000
vt 2.250000 -3.497138 0.000000
vt 2.500000 -4.171734 0.000000
vt 2.250000 -4.171734 0.000000
vt 2.500000 -4.846330 0.000000
vt 2.250000 -4.846330 0.000000
vt 2.500000 -5.520926 0.000000
vt 2.250000 -5.520926 0.000000
vt 2.500000 -6.195522 0.000000
vt 2.250000 -6.195522 0.000000
vt 2.500000 -6.870117 0.000000
vt 2.250000 -6.870117 0.000000
vt 2.500000 -7.544713 0.000000
vt 2.250000 -7.544713 0.000000
vt 2.500000 -8.219309 0.000000
vt 2.250000 -8.219309 0.000000
vt 2.500000 -8.893905 0.000000
vt 2.250000 -8.893905 0.000000
vt -2.500000 -0.449731 0.000000
vt -2.250000 -0.449731 0.000000
vt -2.500000 -0.404540 0.000000
vt -2.250000 -0.404540 0.000000
vt -2.250000 -0.359350 0.000000
vt -2.250000 -0.314159 0.000000
vt -2.500000 -0.314159 0.000000
vt -2.500000 -0.359350 0.000000
vt -2.500000 0.314159 0.000000
vt -2.250000 0.314159 0.000000
vt -2.500000 0.359350 0.000000
vt -2.250000 0.359350 0.000000
vt -2.250000 0.404540 0.000000
vt -2.250000 0.449731 0.000000
vt -2.500000 0.449731 0.000000
vt -2.500000 0.404540 0.000000
vt -0.350000 1.658063 0.000000
vt 0.900000 1.658063 0.000000
vt -0.350000 1.948951 0.000000
vt 0.900000 1.948951 0.000000
vt 0.900000 2.239839 0.000000
vt 0.900000 2.530727 0.000000
vt -0.350000 2.530727 0.000000
vt -0.350000 2.239839 0.000000
vt -0.350000 -2.530727 0.000000
vt 0.900000 -2.530727 0.000000
vt -0.350000 -2.239839 0.000000
vt 0.900000 -2.239839 0.000000
vt 0.900000 -1.948951 0.000000
vt 0.900000 -1.658063 0.000000
vt -0.350000 -1.658063 0.000000
vt -0.350000 -1.948951 0.000000
vt 1.382051 -0.629423 0.000000
vt 1.732051 -0.790000 0.000000
vt 1.743894 -0.420513 0.000000
vt 2.017099 -0.493718 0.000000
vt 1.943894 -0.420513 0.000000
vt 1.651687 -0.805985 0.000000
vt 1.355446 -0.651747 0.000000
vt 1.338082 -0.681823 0.000000
vt 1.332051 -0.716025 0.000000
vt 1.583558 -0.851508 0.000000
vt 1.538036 -0.919636 0.000000
vt 1.332051 -1.000000 0.000000
vt 1.522051 -1.000000 0.000000
vt 1.538036 -1.080364 0.000000
vt 1.370781 -1.171709 0.000000
vt 1.583558 -1.148492 0.000000
vt 1.479471 -1.310166 0.000000
vt 1.651687 -1.194015 0.000000
vt 1.637072 -1.388560 0.000000
vt 1.732051 -1.210000 0.000000
vt 1.813067 -1.391710 0.000000
vt 1.812414 -1.194015 0.000000
vt 1.973373 -1.319004 0.000000
vt 1.880543 -1.148492 0.000000
vt 2.086946 -1.184524 0.000000
vt 1.926066 -1.080364 0.000000
vt 2.147174 -1.104773 0.000000
vt 1.942051 -1.000000 0.000000
vt 2.230255 -1.049230 0.000000
vt 1.926066 -0.919636 0.000000
vt 2.265268 -0.814509 0.000000
vt 2.198582 -0.779794 0.000000
vt 2.326971 -1.024059 0.000000
vt 2.340060 -0.822150 0.000000
vt 2.677820 -0.993363 0.000000
vt 2.660389 -0.794125 0.000000
vt 2.723272 -0.939196 0.000000
vt 2.714557 -0.839576 0.000000
vt 2.702141 -0.984511 0.000000
vt 2.718778 -0.964685 0.000000
vt 2.705704 -0.815255 0.000000
vt 2.685878 -0.798619 0.000000
vt 1.880543 -0.851508 0.000000
vt 2.149424 -0.722911 0.000000
vt 1.812414 -0.805985 0.000000
vt 1.843894 -0.393718 0.000000
vt 0.137778 36.908199 0.000000
vt -0.280043 36.908199 0.000000
vt 0.137778 36.458199 0.000000
vt -0.280043 36.458199 0.000000
vt -0.096032 36.458199 0.000000
vt 0.168618 36.458199 0.000000
vt -0.096032 36.908199 0.000000
vt 0.168618 36.908199 0.000000
vt -0.122069 36.458199 0.000000
vt 0.199483 36.458199 0.000000
vt -0.122069 36.908199 0.000000
vt 0.199483 36.908199 0.000000
vt 0.050000 36.908199 0.000000
vt -0.050000 36.908199 0.000000
vt 0.050000 36.458199 0.000000
vt -0.050000 36.458199 0.000000
vt 1.332051 7.516025 0.000000
vt 1.550185 7.695000 0.000000
vt 1.332051 7.800000 0.000000
vt 1.522051 7.800000 0.000000
vt 1.550185 7.905000 0.000000
vt 1.627051 7.618135 0.000000
vt 1.338082 7.481823 0.000000
vt 1.355446 7.451747 0.000000
vt 1.382051 7.429423 0.000000
vt 1.732051 7.590000 0.000000
vt 1.743894 7.220513 0.000000
vt 2.017099 7.293718 0.000000
vt 1.943894 7.220513 0.000000
vt 1.843894 7.193718 0.000000
vt 1.837051 7.618135 0.000000
vt 2.149424 7.522911 0.000000
vt 1.913916 7.695000 0.000000
vt 2.198582 7.579794 0.000000
vt 2.265268 7.614509 0.000000
vt 2.340060 7.622150 0.000000
vt 2.326971 7.824059 0.000000
vt 2.230255 7.849230 0.000000
vt 1.942051 7.800000 0.000000
vt 2.147174 7.904773 0.000000
vt 1.913916 7.905000 0.000000
vt 2.086946 7.984524 0.000000
vt 1.837051 7.981865 0.000000
vt 1.973373 8.119004 0.000000
vt 1.813067 8.191710 0.000000
vt 2.677820 7.793363 0.000000
vt 2.660389 7.594125 0.000000
vt 2.723272 7.739196 0.000000
vt 2.714557 7.639576 0.000000
vt 2.705704 7.615255 0.000000
vt 2.685878 7.598619 0.000000
vt 2.718778 7.764685 0.000000
vt 2.702141 7.784511 0.000000
vt 1.732051 8.010000 0.000000
vt 1.637072 8.188560 0.000000
vt 1.627051 7.981865 0.000000
vt 1.479471 8.110166 0.000000
vt 1.370781 7.971709 0.000000
vt 0.050000 36.908199 0.000000
vt -0.050000 36.908199 0.000000
vt 0.050000 36.458199 0.000000
vt -0.050000 36.458199 0.000000
vt 0.122069 36.908199 0.000000
vt -0.199483 36.908199 0.000000
vt 0.122069 36.458199 0.000000
vt -0.199483 36.458199 0.000000
vt 0.096032 36.908199 0.000000
vt -0.168618 36.908199 0.000000
vt 0.096032 36.458199 0.000000
vt -0.168618 36.458199 0.000000
vt -0.137778 36.458199 0.000000
vt 0.280043 36.458199 0.000000
vt -0.137778 36.908199 0.000000
vt 0.280043 36.908199 0.000000
vt -36.908199 -0.523599 0.000000
vt -36.458199 -0.523599 0.000000
vt -36.908199 -0.447968 0.000000
vt -36.458199 -0.447968 0.000000
vt -36.908199 -0.372337 0.000000
vt -36.458199 -0.372337 0.000000
vt -36.908199 -0.296706 0.000000
vt -36.458199 -0.296706 0.000000
vt -36.908199 0.296706 0.000000
vt -36.458199 0.296706 0.000000
vt -36.908199 0.372337 0.000000
vt -36.458199 0.372337 0.000000
vt -36.908199 0.447968 0.000000
vt -36.458199 0.447968 0.000000
vt -36.908199 0.523599 0.000000
vt -36.458199 0.523599 0.000000
vt -36.908199 -0.523599 0.000000
vt -36.458199 -0.523599 0.000000
vt -36.908199 -0.418879 0.000000
vt -36.458199 -0.418879 0.000000
vt -36.908199 -0.314159 0.000000
vt -36.458199 -0.314159 0.000000
vt -36.908199 -0.209440 0.000000
vt -36.458199 -0.209440 0.000000
vt -36.908199 0.209440 0.000000
vt -36.458199 0.209440 0.000000
vt -36.908199 0.314159 0.000000
vt -36.458199 0.314159 0.000000
vt -36.908199 0.418879 0.000000
vt -36.458199 0.418879 0.000000
vt -36.908199 0.523599 0.000000
vt -36.458199 0.523599 0.000000
vt -0.100156 0.000200 0.000000
vt 0.089941 0.000200 0.000000
vt -0.100156 0.900200 0.000000
vt 0.089941 0.900200 0.000000
vt 0.172265 0.900200 0.000000
vt -0.166699 0.900200 0.000000
vt 0.172265 0.000200 0.000000
vt -0.166699 0.000200 0.000000
vt 0.092215 0.900200 0.000000
vt -0.132341 0.900200 0.000000
vt 0.092215 0.000200 0.000000
vt -0.132341 0.000200 0.000000
vt 0.900200 -1.051406 0.000000
vt 0.000200 -1.051406 0.000000
vt 0.900200 -1.234092 0.000000
vt 0.000200 -1.234092 0.000000
vt 0.900200 -1.416778 0.000000
vt 0.000200 -1.416778 0.000000
vt 0.900200 -1.599465 0.000000
vt 0.000200 -1.599465 0.000000
vt 0.900200 0.039866 0.000000
vt 0.000200 0.039866 0.000000
vt 0.900200 -0.060093 0.000000
vt 0.000200 -0.060093 0.000000
vt 1.429296 2.155747 0.000000
vt 1.460688 2.474300 0.000000
vt 1.411020 2.379559 0.000000
vt 1.432367 2.449872 0.000000
vt 1.415001 2.416748 0.000000
vt 1.431644 2.140890 0.000000
vt 1.436194 2.126553 0.000000
vt 1.442843 2.113060 0.000000
vt 1.697500 2.200000 0.000000
vt 1.530848 1.953001 0.000000
vt 1.711232 2.148750 0.000000
vt 1.608948 1.787882 0.000000
vt 1.748750 2.111232 0.000000
vt 1.800000 2.097500 0.000000
vt 1.676855 1.618316 0.000000
vt 1.770777 1.552650 0.000000
vt 1.731211 1.560810 0.000000
vt 1.698103 1.583958 0.000000
vt 1.870735 1.552650 0.000000
vt 1.970267 1.642985 0.000000
vt 1.998521 1.911740 0.000000
vt 1.917915 1.564479 0.000000
vt 1.953933 1.597169 0.000000
vt 2.031044 2.180012 0.000000
vt 1.888768 2.148750 0.000000
vt 1.851250 2.111232 0.000000
vt 2.067827 2.447733 0.000000
vt 1.888768 2.251250 0.000000
vt 1.902500 2.200000 0.000000
vt 2.065692 2.487137 0.000000
vt 2.048479 2.522647 0.000000
vt 2.018869 2.548734 0.000000
vt 1.851250 2.288768 0.000000
vt 1.854240 2.643782 0.000000
vt 1.800000 2.302500 0.000000
vt 1.821605 2.655660 0.000000
vt 1.786875 2.655660 0.000000
vt 1.754240 2.643782 0.000000
vt 1.748750 2.288768 0.000000
vt 1.711232 2.251250 0.000000
vt -0.141421 0.000200 0.000000
vt 0.058579 0.000200 0.000000
vt -0.141421 0.900200 0.000000
vt 0.058579 0.900200 0.000000
vt -0.900200 -0.277680 0.000000
vt -0.000200 -0.277680 0.000000
vt -0.900200 -0.092560 0.000000
vt -0.000200 -0.092560 0.000000
vt -0.900200 0.092560 0.000000
vt -0.000200 0.092560 0.000000
vt -0.900200 0.277680 0.000000
vt -0.000200 0.277680 0.000000
vt 0.298268 0.900200 0.000000
vt -0.077042 0.900200 0.000000
vt 0.298268 0.000200 0.000000
vt -0.077042 0.000200 0.000000
vt 0.900200 -1.409353 0.000000
vt 0.000200 -1.409353 0.000000
vt 0.900200 -1.533466 0.000000
vt 0.000200 -1.533466 0.000000
vt 0.900200 -1.657579 0.000000
vt 0.000200 -1.657579 0.000000
vt 0.900200 -1.781691 0.000000
vt 0.000200 -1.781691 0.000000
vt 0.550000 0.900200 0.000000
vt -0.500000 0.900200 0.000000
vt 0.550000 0.000200 0.000000
vt -0.500000 0.000200 0.000000
vt 0.025000 0.900200 0.000000
vt -0.025000 0.900200 0.000000
vt 0.025000 0.000200 0.000000
vt -0.025000 0.000200 0.000000
vt 0.025000 0.900200 0.000000
vt -0.025000 0.900200 0.000000
vt 0.025000 0.000200 0.000000
vt -0.025000 0.000200 0.000000
vt -0.550000 0.000200 0.000000
vt 0.500000 0.000200 0.000000
vt -0.550000 0.900200 0.000000
vt 0.500000 0.900200 0.000000
vt 0.000200 1.409353 0.000000
vt 0.900200 1.409353 0.000000
vt 0.000200 1.533466 0.000000
vt 0.900200 1.533466 0.000000
vt 0.000200 1.657579 0.000000
vt 0.900200 1.657579 0.000000
vt 0.000200 1.781691 0.000000
vt 0.900200 1.781691 0.000000
vt -0.298268 0.000200 0.000000
vt 0.077042 0.000200 0.000000
vt -0.298268 0.900200 0.000000
vt 0.077042 0.900200 0.000000
vt 0.141421 0.900200 0.000000
vt -0.058579 0.900200 0.000000
vt 0.141421 0.000200 0.000000
vt -0.058579 0.000200 0.000000
vt -0.900200 -0.277680 0.000000
vt -0.000200 -0.277680 0.000000
vt -0.900200 -0.092560 0.000000
vt -0.000200 -0.092560 0.000000
vt -0.900200 0.092560 0.000000
vt -0.000200 0.092560 0.000000
vt -0.900200 0.277680 0.000000
vt -0.000200 0.277680 0.000000
vt -3.517873 2.638742 0.000000
vt -2.866244 3.070000 0.000000
vt -2.762152 3.718023 0.000000
vt -2.815000 3.121244 0.000000
vt -2.745000 3.140000 0.000000
vt -3.532732 2.612117 0.000000
vt -3.545000 2.552705 0.000000
vt -3.116906 1.150000 0.000000
vt -3.025400 1.241506 0.000000
vt -3.541901 2.583038 0.000000
vt -3.150400 1.025000 0.000000
vt -3.545000 -2.552705 0.000000
vt -3.150400 -1.025000 0.000000
vt -3.116906 -1.150000 0.000000
vt -3.517873 -2.638742 0.000000
vt -3.025400 -1.241506 0.000000
vt -2.847500 -3.000000 0.000000
vt -2.833768 -2.948750 0.000000
vt -3.541901 -2.583038 0.000000
vt -3.532732 -2.612117 0.000000
vt -2.762152 -3.718023 0.000000
vt -2.833768 -3.051250 0.000000
vt -2.796250 -3.088768 0.000000
vt -2.745000 -3.102500 0.000000
vt -2.693750 -3.088768 0.000000
vt -2.563235 -3.928862 0.000000
vt -2.656232 -3.051250 0.000000
vt -2.458322 -3.642437 0.000000
vt -2.642500 -3.000000 0.000000
vt -2.410385 -3.565385 0.000000
vt -2.338185 -2.568921 0.000000
vt -2.318205 -2.617157 0.000000
vt -2.286421 -2.658579 0.000000
vt -2.145000 -3.300000 0.000000
vt -2.145000 -2.800000 0.000000
vt -2.053494 -3.141506 0.000000
vt -2.053494 -2.958494 0.000000
vt -2.312206 -4.073794 0.000000
vt -2.435400 -3.817706 0.000000
vt -2.467274 -3.732741 0.000000
vt -2.030155 -4.140641 0.000000
vt -2.139495 -3.971423 0.000000
vt -2.257727 -3.934033 0.000000
vt -2.369260 -3.879839 0.000000
vt -2.017082 -3.991212 0.000000
vt -0.984151 -4.232155 0.000000
vt -0.971078 -4.082726 0.000000
vt -0.958662 -4.227661 0.000000
vt -0.946757 -4.091578 0.000000
vt -0.938836 -4.211024 0.000000
vt -0.929984 -4.186703 0.000000
vt -0.925626 -4.136893 0.000000
vt -0.930120 -4.111405 0.000000
vt -2.345000 -2.517157 0.000000
vt -2.656232 -2.948750 0.000000
vt -2.693750 -2.911232 0.000000
vt -2.683894 -1.150000 0.000000
vt -2.775400 -1.241506 0.000000
vt -2.345000 2.517157 0.000000
vt -2.650400 1.025000 0.000000
vt -2.650400 -1.025000 0.000000
vt -2.338185 2.568921 0.000000
vt -2.605000 3.000000 0.000000
vt -2.623756 2.930000 0.000000
vt -2.675000 2.878756 0.000000
vt -2.410385 3.565385 0.000000
vt -2.318205 2.617157 0.000000
vt -2.286421 2.658579 0.000000
vt -2.145000 3.300000 0.000000
vt -2.145000 2.800000 0.000000
vt -2.053494 3.141506 0.000000
vt -2.053494 2.958494 0.000000
vt -2.458322 3.642437 0.000000
vt -2.623756 3.070000 0.000000
vt -2.563235 3.928862 0.000000
vt -2.675000 3.121244 0.000000
vt -2.467274 3.732741 0.000000
vt -2.435400 3.817706 0.000000
vt -2.312206 4.073794 0.000000
vt -2.369260 3.879839 0.000000
vt -2.257727 3.934033 0.000000
vt -2.139495 3.971423 0.000000
vt -2.030155 4.140641 0.000000
vt -2.017082 3.991212 0.000000
vt -0.984151 4.232155 0.000000
vt -0.971078 4.082726 0.000000
vt -0.958662 4.227661 0.000000
vt -0.946757 4.091578 0.000000
vt -0.938836 4.211024 0.000000
vt -0.929984 4.186703 0.000000
vt -0.930120 4.111405 0.000000
vt -0.925626 4.136893 0.000000
vt -3.116906 0.900000 0.000000
vt -3.116906 -0.900000 0.000000
vt -3.025400 0.808494 0.000000
vt -3.025400 -0.808494 0.000000
vt -2.900400 0.775000 0.000000
vt -2.900400 -0.775000 0.000000
vt -2.775400 -0.808494 0.000000
vt -2.775400 0.808494 0.000000
vt -2.683894 -0.900000 0.000000
vt -2.683894 0.900000 0.000000
vt -2.900400 -1.275000 0.000000
vt -2.796250 -2.911232 0.000000
vt -2.745000 -2.897500 0.000000
vt -2.900400 1.275000 0.000000
vt -2.866244 2.930000 0.000000
vt -2.885000 3.000000 0.000000
vt -2.815000 2.878756 0.000000
vt -2.775400 1.241506 0.000000
vt -2.745000 2.860000 0.000000
vt -2.683894 1.150000 0.000000
vt -0.172265 0.000200 0.000000
vt 0.166699 0.000200 0.000000
vt -0.172265 0.900200 0.000000
vt 0.166699 0.900200 0.000000
vt 0.100156 0.900200 0.000000
vt -0.089941 0.900200 0.000000
vt 0.100156 0.000200 0.000000
vt -0.089941 0.000200 0.000000
vt -0.000200 0.039866 0.000000
vt -0.900200 0.039866 0.000000
vt -0.000200 -0.060093 0.000000
vt -0.900200 -0.060093 0.000000
vt 0.900200 1.599465 0.000000
vt 0.000200 1.599465 0.000000
vt 0.900200 1.416778 0.000000
vt 0.000200 1.416778 0.000000
vt 0.900200 1.234092 0.000000
vt 0.000200 1.234092 0.000000
vt 0.900200 1.051406 0.000000
vt 0.000200 1.051406 0.000000
vt -0.092215 0.000200 0.000000
vt 0.132341 0.000200 0.000000
vt -0.092215 0.900200 0.000000
vt 0.132341 0.900200 0.000000
vt 2.018869 -2.548734 0.000000
vt 1.870000 -2.321244 0.000000
vt 1.854240 -2.643782 0.000000
vt 1.800000 -2.340000 0.000000
vt 1.821605 -2.655660 0.000000
vt 1.786875 -2.655660 0.000000
vt 1.754240 -2.643782 0.000000
vt 1.730000 -2.321244 0.000000
vt 1.678756 -2.270000 0.000000
vt 2.048479 -2.522647 0.000000
vt 2.067827 -2.447733 0.000000
vt 1.921244 -2.270000 0.000000
vt 2.065692 -2.487137 0.000000
vt 2.031044 -2.180012 0.000000
vt 1.940000 -2.200000 0.000000
vt 1.921244 -2.130000 0.000000
vt 1.998521 -1.911740 0.000000
vt 1.870000 -2.078756 0.000000
vt 1.970267 -1.642985 0.000000
vt 1.800000 -2.060000 0.000000
vt 1.870735 -1.552650 0.000000
vt 1.770777 -1.552650 0.000000
vt 1.953933 -1.597169 0.000000
vt 1.917915 -1.564479 0.000000
vt 1.676855 -1.618316 0.000000
vt 1.731211 -1.560810 0.000000
vt 1.698103 -1.583958 0.000000
vt 1.608948 -1.787882 0.000000
vt 1.730000 -2.078756 0.000000
vt 1.678756 -2.130000 0.000000
vt 1.530848 -1.953001 0.000000
vt 1.660000 -2.200000 0.000000
vt 1.442843 -2.113060 0.000000
vt 1.429296 -2.155747 0.000000
vt 1.436194 -2.126553 0.000000
vt 1.431644 -2.140890 0.000000
vt 1.411020 -2.379559 0.000000
vt 1.460688 -2.474300 0.000000
vt 1.415001 -2.416748 0.000000
vt 1.432367 -2.449872 0.000000
vt -0.900200 -0.074176 0.000000
vt -0.000200 -0.074176 0.000000
vt -0.450200 -0.047997 0.000000
vt -0.000200 -0.047997 0.000000
vt -0.450200 -0.021817 0.000000
vt -0.000200 -0.021817 0.000000
vt -0.000200 0.004363 0.000000
vt -0.900200 0.004363 0.000000
vt -0.900200 -0.021817 0.000000
vt -0.900200 -0.047997 0.000000
vt -0.900200 0.004363 0.000000
vt -0.000200 0.004363 0.000000
vt -0.450200 0.030543 0.000000
vt -0.000200 0.030543 0.000000
vt -0.450200 0.056723 0.000000
vt -0.000200 0.056723 0.000000
vt -0.000200 0.082903 0.000000
vt -0.900200 0.082903 0.000000
vt -0.900200 0.056723 0.000000
vt -0.900200 0.030543 0.000000
vt -0.000000 0.082903 0.000000
vt 0.450000 0.082903 0.000000
vt -0.000000 0.109083 0.000000
vt 0.450000 0.109083 0.000000
vt -0.000000 0.135263 0.000000
vt 0.450000 0.135263 0.000000
vt -0.000000 0.161443 0.000000
vt 0.450000 0.161443 0.000000
vt -36.908199 -0.152716 0.000000
vt -36.458199 -0.152716 0.000000
vt -36.908199 -0.126536 0.000000
vt -36.458199 -0.126536 0.000000
vt -36.908199 -0.100356 0.000000
vt -36.458199 -0.100356 0.000000
vt -36.908199 -0.074176 0.000000
vt -36.458199 -0.074176 0.000000
vt -36.908199 0.074176 0.000000
vt -36.458199 0.074176 0.000000
vt -36.908199 0.100356 0.000000
vt -36.458199 0.100356 0.000000
vt -36.908199 0.126536 0.000000
vt -36.458199 0.126536 0.000000
vt -36.908199 0.152716 0.000000
vt -36.458199 0.152716 0.000000
vt -36.908199 0.152716 0.000000
vt -36.458199 0.152716 0.000000
vt -36.908199 0.178896 0.000000
vt -36.458199 0.178896 0.000000
vt -36.908199 0.205076 0.000000
vt -36.458199 0.205076 0.000000
vt -36.908199 0.231256 0.000000
vt -36.458199 0.231256 0.000000
vt -0.000000 -0.082903 0.000000
vt 0.900000 -0.082903 0.000000
vt 0.450000 -0.056723 0.000000
vt 0.900000 -0.056723 0.000000
vt 0.450000 -0.030543 0.000000
vt 0.900000 -0.030543 0.000000
vt 0.900000 -0.004363 0.000000
vt -0.000000 -0.004363 0.000000
vt -0.000000 -0.030543 0.000000
vt -0.000000 -0.056723 0.000000
vt -0.900200 -0.004363 0.000000
vt -0.000200 -0.004363 0.000000
vt -0.450200 0.021817 0.000000
vt -0.000200 0.021817 0.000000
vt -0.450200 0.047997 0.000000
vt -0.000200 0.047997 0.000000
vt -0.000200 0.074176 0.000000
vt -0.900200 0.074176 0.000000
vt -0.900200 0.047997 0.000000
vt -0.900200 0.021817 0.000000
vt 0.900200 -0.471239 0.000000
vt 0.000200 -0.471239 0.000000
vt 0.900200 -0.562783 0.000000
vt 0.000200 -0.562783 0.000000
vt 0.900200 -0.654327 0.000000
vt 0.000200 -0.654327 0.000000
vt 0.900200 -0.745871 0.000000
vt 0.000200 -0.745871 0.000000
vt 0.900200 -0.837416 0.000000
vt 0.000200 -0.837416 0.000000
vt 0.900200 -0.419221 0.000000
vt 0.000200 -0.419221 0.000000
vt 0.900200 -0.510766 0.000000
vt 0.000200 -0.510766 0.000000
vt 0.900200 -0.602310 0.000000
vt 0.000200 -0.602310 0.000000
vt 0.900200 -0.693854 0.000000
vt 0.000200 -0.693854 0.000000
vt 0.900200 -0.785398 0.000000
vt 0.000200 -0.785398 0.000000
vt -0.900200 0.000000 0.000000
vt -0.000200 0.000000 0.000000
vt -0.900200 0.052360 0.000000
vt -0.000200 0.052360 0.000000
vt -0.000200 0.104720 0.000000
vt -0.000200 0.157080 0.000000
vt -0.900200 0.157080 0.000000
vt -0.900200 0.104720 0.000000
vt 0.900200 -0.471239 0.000000
vt 0.000200 -0.471239 0.000000
vt 0.900200 -0.523599 0.000000
vt 0.000200 -0.523599 0.000000
vt 0.000200 -0.575959 0.000000
vt 0.000200 -0.628319 0.000000
vt 0.900200 -0.628319 0.000000
vt 0.900200 -0.575959 0.000000
vt -0.000000 -0.134172 0.000000
vt -0.119580 -0.134172 0.000000
vt 0.000000 -0.161007 0.000000
vt 0.000000 -0.080503 0.000000
vt -0.119580 -0.080503 0.000000
vt -0.000000 -0.107338 0.000000
vt -0.000000 -0.026834 0.000000
vt -0.119580 -0.026834 0.000000
vt 0.000000 -0.053669 0.000000
vt -0.000000 0.026834 0.000000
vt -0.119580 0.026834 0.000000
vt 0.000000 0.000000 0.000000
vt 0.000000 0.080503 0.000000
vt -0.119580 0.080503 0.000000
vt -0.000000 0.053669 0.000000
vt -0.000000 0.134172 0.000000
vt -0.119580 0.134172 0.000000
vt -0.000000 0.107338 0.000000
vt 0.000000 0.161007 0.000000
vt -0.119580 0.161007 0.000000
vt -0.119580 0.053669 0.000000
vt -0.119580 -0.053669 0.000000
vt -0.119580 0.107338 0.000000
vt -0.119580 0.000000 0.000000
vt -0.119580 -0.107338 0.000000
vt 1.000000 0.053669 0.000000
vt 0.000000 0.053669 0.000000
vt 1.000000 0.000000 0.000000
vt 0.000000 0.000000 0.000000
vt 1.000000 -0.053669 0.000000
vt 0.000000 -0.053669 0.000000
vt 1.000000 -0.107338 0.000000
vt 0.000000 -0.107338 0.000000
vt 1.000000 -0.161007 0.000000
vt 0.000000 -0.161007 0.000000
vt 1.000000 -0.214675 0.000000
vt 0.000000 -0.214675 0.000000
vt 1.000000 -0.268344 0.000000
vt 0.000000 -0.268344 0.000000
vt 1.000000 -0.322013 0.000000
vt 0.000000 -0.322013 0.000000
vt 1.000000 0.322013 0.000000
vt 0.000000 0.322013 0.000000
vt 1.000000 0.268344 0.000000
vt 0.000000 0.268344 0.000000
vt 1.000000 0.214675 0.000000
vt 0.000000 0.214675 0.000000
vt 1.000000 0.161007 0.000000
vt 0.000000 0.161007 0.000000
vt 1.000000 0.107338 0.000000
vt 0.000000 0.107338 0.000000
vt -0.000000 -0.134172 0.000000
vt -0.119580 -0.134172 0.000000
vt 0.000000 -0.161007 0.000000
vt 0.000000 -0.080503 0.000000
vt -0.119580 -0.080503 0.000000
vt -0.000000 -0.107338 0.000000
vt 0.000000 -0.026834 0.000000
vt -0.119580 -0.026834 0.000000
vt -0.000000 -0.053669 0.000000
vt 0.000000 0.026834 0.000000
vt -0.119580 0.026834 0.000000
vt 0.000000 0.000000 0.000000
vt 0.000000 0.080503 0.000000
vt -0.119580 0.080503 0.000000
vt -0.000000 0.053669 0.000000
vt 0.000000 0.134172 0.000000
vt -0.119580 0.134172 0.000000
vt -0.000000 0.107338 0.000000
vt 0.000000 0.161007 0.000000
vt -0.119580 0.161007 0.000000
vt -0.119580 0.053669 0.000000
vt -0.119580 -0.053669 0.000000
vt -0.119580 0.107338 0.000000
vt -0.119580 0.000000 0.000000
vt -0.119580 -0.107338 0.000000
vt 1.000000 0.053669 0.000000
vt 0.000000 0.053669 0.000000
vt 1.000000 0.000000 0.000000
vt 0.000000 0.000000 0.000000
vt 1.000000 -0.053669 0.000000
vt 0.000000 -0.053669 0.000000
vt 1.000000 -0.107338 0.000000
vt 0.000000 -0.107338 0.000000
vt 1.000000 -0.161007 0.000000
vt 0.000000 -0.161007 0.000000
vt 1.000000 -0.214675 0.000000
vt 0.000000 -0.214675 0.000000
vt 1.000000 -0.268344 0.000000
vt 0.000000 -0.268344 0.000000
vt 1.000000 -0.322013 0.000000
vt 0.000000 -0.322013 0.000000
vt 1.000000 0.322013 0.000000
vt 0.000000 0.322013 0.000000
vt 1.000000 0.268344 0.000000
vt 0.000000 0.268344 0.000000
vt 1.000000 0.214675 0.000000
vt 0.000000 0.214675 0.000000
vt 1.000000 0.161007 0.000000
vt 0.000000 0.161007 0.000000
vt 1.000000 0.107338 0.000000
vt 0.000000 0.107338 0.000000
vt -0.070114 -0.460801 0.000000
vt -0.045350 -0.234868 0.000000
vt -0.073504 -0.422863 0.000000
vt -0.090834 -0.388945 0.000000
vt -0.119589 -0.363968 0.000000
vt -0.180000 -0.121244 0.000000
vt -0.250000 -0.140000 0.000000
vt -0.128756 -0.070000 0.000000
vt -0.017568 -0.009286 0.000000
vt -0.110000 0.000000 0.000000
vt -0.128756 0.070000 0.000000
vt -0.038197 0.204731 0.000000
vt -0.090486 0.207918 0.000000
vt 0.013227 0.215905 0.000000
vt 0.013194 0.215680 0.000000
vt 0.013160 0.215455 0.000000
vt 0.013125 0.215231 0.000000
vt -0.140154 0.224575 0.000000
vt -0.180000 0.121244 0.000000
vt -0.250000 0.140000 0.000000
vt -0.264302 0.249591 0.000000
vt -0.320000 0.121244 0.000000
vt -0.384779 0.210558 0.000000
vt -0.371244 0.070000 0.000000
vt -0.470671 0.117492 0.000000
vt -0.390000 0.000000 0.000000
vt -0.499934 -0.005723 0.000000
vt -0.465061 -0.127470 0.000000
vt -0.371244 -0.070000 0.000000
vt -0.375000 -0.216506 0.000000
vt -0.320000 -0.121244 0.000000
vt 1.150000 0.073304 0.000000
vt 0.900000 0.073304 0.000000
vt 1.150000 0.000000 0.000000
vt 0.900000 0.000000 0.000000
vt 1.150000 -0.073304 0.000000
vt 0.900000 -0.073304 0.000000
vt 1.150000 -0.146608 0.000000
vt 0.900000 -0.146608 0.000000
vt 1.150000 -0.219911 0.000000
vt 0.900000 -0.219911 0.000000
vt 1.150000 -0.293215 0.000000
vt 0.900000 -0.293215 0.000000
vt 1.150000 -0.366519 0.000000
vt 0.900000 -0.366519 0.000000
vt 1.150000 -0.439823 0.000000
vt 0.900000 -0.439823 0.000000
vt 1.150000 0.439823 0.000000
vt 0.900000 0.439823 0.000000
vt 1.150000 0.366519 0.000000
vt 0.900000 0.366519 0.000000
vt 1.150000 0.293215 0.000000
vt 0.900000 0.293215 0.000000
vt 1.150000 0.219911 0.000000
vt 0.900000 0.219911 0.000000
vt 1.150000 0.146608 0.000000
vt 0.900000 0.146608 0.000000
vt 1.150000 0.073304 0.000000
vt 0.900000 0.073304 0.000000
vt 1.150000 0.000000 0.000000
vt 0.900000 0.000000 0.000000
vt 1.150000 -0.073304 0.000000
vt 0.900000 -0.073304 0.000000
vt 1.150000 -0.146608 0.000000
vt 0.900000 -0.146608 0.000000
vt 1.150000 -0.219911 0.000000
vt 0.900000 -0.219911 0.000000
vt 1.150000 -0.293215 0.000000
vt 0.900000 -0.293215 0.000000
vt 1.150000 -0.366519 0.000000
vt 0.900000 -0.366519 0.000000
vt 1.150000 -0.439823 0.000000
vt 0.900000 -0.439823 0.000000
vt 1.150000 0.439823 0.000000
vt 0.900000 0.439823 0.000000
vt 1.150000 0.366519 0.000000
vt 0.900000 0.366519 0.000000
vt 1.150000 0.293215 0.000000
vt 0.900000 0.293215 0.000000
vt 1.150000 0.219911 0.000000
vt 0.900000 0.219911 0.000000
vt 1.150000 0.146608 0.000000
vt 0.900000 0.146608 0.000000
vt -0.466506 -0.125000 0.000000
vt -0.371244 -0.070000 0.000000
vt -0.500000 0.000000 0.000000
vt -0.390000 0.000000 0.000000
vt -0.371244 0.070000 0.000000
vt -0.320000 -0.121244 0.000000
vt -0.375000 -0.216506 0.000000
vt -0.250000 -0.140000 0.000000
vt -0.250000 -0.250000 0.000000
vt -0.125000 -0.216506 0.000000
vt -0.180000 -0.121244 0.000000
vt -0.033494 -0.125000 0.000000
vt -0.128756 -0.070000 0.000000
vt -0.110000 0.000000 0.000000
vt 0.000000 0.000000 0.000000
vt -0.128756 0.070000 0.000000
vt -0.033494 0.125000 0.000000
vt -0.180000 0.121244 0.000000
vt -0.125000 0.216506 0.000000
vt -0.250000 0.140000 0.000000
vt -0.250000 0.250000 0.000000
vt -0.375000 0.216506 0.000000
vt -0.320000 0.121244 0.000000
vt -0.466506 0.125000 0.000000
vt 0.900000 0.130900 0.000000
vt -0.663002 0.089166 0.000000
vt 0.900000 0.000000 0.000000
vt -0.610546 0.000000 0.000000
vt -0.570904 -0.097015 0.000000
vt -0.716241 0.181613 0.000000
vt 0.900000 0.261799 0.000000
vt -0.758085 0.275754 0.000000
vt -0.785216 0.378021 0.000000
vt 0.900000 0.392699 0.000000
vt -0.796577 0.480523 0.000000
vt 0.900000 0.523599 0.000000
vt -0.799440 0.586619 0.000000
vt 0.900000 0.654498 0.000000
vt -0.799342 0.689987 0.000000
vt 0.900000 0.785398 0.000000
vt -0.795898 0.795964 0.000000
vt -0.795898 -0.774832 0.000000
vt 0.900000 -0.785398 0.000000
vt -0.783159 -0.672383 0.000000
vt 0.900000 -0.654498 0.000000
vt -0.754261 -0.570770 0.000000
vt 0.900000 -0.523599 0.000000
vt -0.710953 -0.477077 0.000000
vt 0.900000 -0.392699 0.000000
vt -0.657139 -0.384968 0.000000
vt -0.605302 -0.295514 0.000000
vt 0.900000 -0.261799 0.000000
vt -0.568538 -0.197717 0.000000
vt 0.900000 -0.130900 0.000000
vt -0.564081 -0.147359 0.000000
vt 0.300000 0.529497 0.000000
vt 0.114262 0.492594 0.000000
vt 0.300000 -0.900200 0.000000
vt 0.005077 -0.000200 0.000000
vt 0.005077 -0.900200 0.000000
vt -0.049313 0.299439 0.000000
vt -0.095062 0.099800 0.000000
vt -0.095062 -0.000200 0.000000
vt 2.300000 -0.060214 0.000000
vt 2.500000 -0.060214 0.000000
vt 2.300000 0.000000 0.000000
vt 2.500000 0.000000 0.000000
vt 2.300000 0.060214 0.000000
vt 2.500000 0.060214 0.000000
vt 2.300000 0.120428 0.000000
vt 2.500000 0.120428 0.000000
vt 2.300000 0.180642 0.000000
vt 2.500000 0.180642 0.000000
vt 2.300000 0.240855 0.000000
vt 2.500000 0.240855 0.000000
vt 2.300000 0.301069 0.000000
vt 2.500000 0.301069 0.000000
vt 2.300000 0.361283 0.000000
vt 2.500000 0.361283 0.000000
vt 2.300000 -0.361283 0.000000
vt 2.500000 -0.361283 0.000000
vt 2.300000 -0.301069 0.000000
vt 2.500000 -0.301069 0.000000
vt 2.300000 -0.240855 0.000000
vt 2.500000 -0.240855 0.000000
vt 2.300000 -0.180642 0.000000
vt 2.500000 -0.180642 0.000000
vt 2.300000 -0.120428 0.000000
vt 2.500000 -0.120428 0.000000
vt 2.300000 -0.060214 0.000000
vt 2.500000 -0.060214 0.000000
vt 2.300000 0.000000 0.000000
vt 2.500000 0.000000 0.000000
vt 2.300000 0.060214 0.000000
vt 2.500000 0.060214 0.000000
vt 2.300000 0.120428 0.000000
vt 2.500000 0.120428 0.000000
vt 2.300000 0.180642 0.000000
vt 2.500000 0.180642 0.000000
vt 2.300000 0.240855 0.000000
vt 2.500000 0.240855 0.000000
vt 2.300000 0.301069 0.000000
vt 2.500000 0.301069 0.000000
vt 2.300000 0.361283 0.000000
vt 2.500000 0.361283 0.000000
vt 2.300000 -0.361283 0.000000
vt 2.500000 -0.361283 0.000000
vt 2.300000 -0.301069 0.000000
vt 2.500000 -0.301069 0.000000
vt 2.300000 -0.240855 0.000000
vt 2.500000 -0.240855 0.000000
vt 2.300000 -0.180642 0.000000
vt 2.500000 -0.180642 0.000000
vt 2.300000 -0.120428 0.000000
vt 2.500000 -0.120428 0.000000
vt -0.261106 -1.150000 0.000000
vt -0.144193 -1.082500 0.000000
vt -0.294600 -1.025000 0.000000
vt -0.159600 -1.025000 0.000000
vt -0.144193 -0.967500 0.000000
vt -0.102100 -1.124593 0.000000
vt -0.169600 -1.241506 0.000000
vt -0.044600 -1.140000 0.000000
vt -0.044600 -1.275000 0.000000
vt 0.080400 -1.241506 0.000000
vt 0.012900 -1.124593 0.000000
vt 0.171906 -1.150000 0.000000
vt 0.054993 -1.082500 0.000000
vt 0.070400 -1.025000 0.000000
vt 0.205400 -1.025000 0.000000
vt 0.054993 -0.967500 0.000000
vt 0.171906 -0.900000 0.000000
vt 0.012900 -0.925407 0.000000
vt 0.080400 -0.808494 0.000000
vt -0.044600 -0.910000 0.000000
vt -0.044600 -0.775000 0.000000
vt -0.169600 -0.808494 0.000000
vt -0.102100 -0.925407 0.000000
vt -0.261106 -0.900000 0.000000
vt -0.261106 0.900000 0.000000
vt -0.144193 0.967500 0.000000
vt -0.294600 1.025000 0.000000
vt -0.159600 1.025000 0.000000
vt -0.144193 1.082500 0.000000
vt -0.102100 0.925407 0.000000
vt -0.169600 0.808494 0.000000
vt -0.044600 0.910000 0.000000
vt -0.044600 0.775000 0.000000
vt 0.080400 0.808494 0.000000
vt 0.012900 0.925407 0.000000
vt 0.171906 0.900000 0.000000
vt 0.054993 0.967500 0.000000
vt 0.070400 1.025000 0.000000
vt 0.205400 1.025000 0.000000
vt 0.054993 1.082500 0.000000
vt 0.171906 1.150000 0.000000
vt 0.012900 1.124593 0.000000
vt 0.080400 1.241506 0.000000
vt -0.044600 1.140000 0.000000
vt -0.044600 1.275000 0.000000
vt -0.169600 1.241506 0.000000
vt -0.102100 1.124593 0.000000
vt -0.261106 1.150000 0.000000
vt -0.000000 -0.014449 0.000000
vt 0.900000 -0.014449 0.000000
vt -0.000000 0.025274 0.000000
vt 0.900000 0.025274 0.000000
vt -0.000000 0.064997 0.000000
vt 0.900000 0.064997 0.000000
vt -0.000000 0.104720 0.000000
vt 0.900000 0.104720 0.000000
vt -0.000000 -0.157080 0.000000
vt 0.900000 -0.157080 0.000000
vt -0.000000 -0.107946 0.000000
vt 0.900000 -0.107946 0.000000
vt -0.000000 -0.058813 0.000000
vt 0.900000 -0.058813 0.000000
vt -0.000000 -0.009680 0.000000
vt 0.900000 -0.009680 0.000000
vt -0.000000 0.000000 0.000000
vt 0.450000 0.000000 0.000000
vt -0.000000 0.034907 0.000000
vt 0.450000 0.034907 0.000000
vt 0.450000 0.069813 0.000000
vt 0.450000 0.104720 0.000000
vt -0.000000 0.104720 0.000000
vt -0.000000 0.069813 0.000000
vt -36.908199 -0.104720 0.000000
vt -36.458199 -0.104720 0.000000
vt -36.908199 -0.069813 0.000000
vt -36.458199 -0.069813 0.000000
vt -36.458199 -0.034907 0.000000
vt -36.458199 0.000000 0.000000
vt -36.908199 0.000000 0.000000
vt -36.908199 -0.034907 0.000000
vt -0.900200 -0.279112 0.000000
vt -0.000200 -0.279112 0.000000
vt -0.900200 -0.238435 0.000000
vt -0.000200 -0.238435 0.000000
vt -0.900200 -0.197757 0.000000
vt -0.000200 -0.197757 0.000000
vt -0.900200 -0.157080 0.000000
vt -0.000200 -0.157080 0.000000
vt -0.900200 -0.306012 0.000000
vt -0.000200 -0.306012 0.000000
vt -0.900200 -0.290956 0.000000
vt -0.000200 -0.290956 0.000000
vt -0.900200 -0.275900 0.000000
vt -0.000200 -0.275900 0.000000
vt -0.900200 -0.260844 0.000000
vt -0.000200 -0.260844 0.000000
vt 0.900200 0.104720 0.000000
vt 0.000200 0.104720 0.000000
vt 0.450200 0.067097 0.000000
vt 0.000200 0.067097 0.000000
vt 0.450200 0.029475 0.000000
vt 0.000200 0.029475 0.000000
vt 0.000200 -0.008148 0.000000
vt 0.900200 -0.008148 0.000000
vt 0.900200 0.029475 0.000000
vt 0.900200 0.067097 0.000000
vt 0.900200 0.209440 0.000000
vt 0.000200 0.209440 0.000000
vt 0.900200 0.174533 0.000000
vt 0.000200 0.174533 0.000000
vt 0.000200 0.139626 0.000000
vt 0.000200 0.104720 0.000000
vt 0.900200 0.104720 0.000000
vt 0.900200 0.139626 0.000000
vt 0.650000 0.104720 0.000000
vt -0.250000 0.104720 0.000000
vt 0.650000 0.066397 0.000000
vt -0.250000 0.066397 0.000000
vt 0.650000 0.028074 0.000000
vt -0.250000 0.028074 0.000000
vt 0.650000 -0.010249 0.000000
vt -0.250000 -0.010249 0.000000
vt -0.900200 0.260844 0.000000
vt -0.000200 0.260844 0.000000
vt -0.900200 0.275900 0.000000
vt -0.000200 0.275900 0.000000
vt -0.900200 0.290956 0.000000
vt -0.000200 0.290956 0.000000
vt -0.900200 0.306012 0.000000
vt -0.000200 0.306012 0.000000
vt -0.000000 -0.104720 0.000000
vt 0.900000 -0.104720 0.000000
vt -0.000000 -0.064997 0.000000
vt 0.900000 -0.064997 0.000000
vt -0.000000 -0.025274 0.000000
vt 0.900000 -0.025274 0.000000
vt -0.000000 0.014449 0.000000
vt 0.900000 0.014449 0.000000
vt -0.000000 0.009680 0.000000
vt 0.900000 0.009680 0.000000
vt -0.000000 0.058813 0.000000
vt 0.900000 0.058813 0.000000
vt -0.000000 0.107946 0.000000
vt 0.900000 0.107946 0.000000
vt -0.000000 0.157080 0.000000
vt 0.900000 0.157080 0.000000
vt 0.900200 0.008148 0.000000
vt 0.000200 0.008148 0.000000
vt 0.450200 -0.029475 0.000000
vt 0.000200 -0.029475 0.000000
vt 0.450200 -0.067097 0.000000
vt 0.000200 -0.067097 0.000000
vt 0.000200 -0.104720 0.000000
vt 0.900200 -0.104720 0.000000
vt 0.900200 -0.067097 0.000000
vt 0.900200 -0.029475 0.000000
vt 0.900200 -0.104720 0.000000
vt 0.000200 -0.104720 0.000000
vt 0.900200 -0.139626 0.000000
vt 0.000200 -0.139626 0.000000
vt 0.000200 -0.174533 0.000000
vt 0.000200 -0.209440 0.000000
vt 0.900200 -0.209440 0.000000
vt 0.900200 -0.174533 0.000000
vt -0.900200 0.157080 0.000000
vt -0.000200 0.157080 0.000000
vt -0.900200 0.197757 0.000000
vt -0.000200 0.197757 0.000000
vt -0.900200 0.238435 0.000000
vt -0.000200 0.238435 0.000000
vt -0.900200 0.279112 0.000000
vt -0.000200 0.279112 0.000000
vt 0.650000 -0.007130 0.000000
vt -0.250000 -0.007130 0.000000
vt 0.650000 -0.007357 0.000000
vt -0.250000 -0.007357 0.000000
vt 0.650000 -0.007584 0.000000
vt -0.250000 -0.007584 0.000000
vt 0.650000 -0.007812 0.000000
vt -0.250000 -0.007812 0.000000
vt -0.000000 -0.577268 0.000000
vt -0.030000 -0.577268 0.000000
vt -0.000000 -0.659734 0.000000
vt -0.030000 -0.659734 0.000000
vt -0.000000 0.659734 0.000000
vt -0.030000 0.659734 0.000000
vt -0.000000 0.577268 0.000000
vt -0.030000 0.577268 0.000000
vt -0.030000 0.494801 0.000000
vt -0.000000 -0.494801 0.000000
vt -0.030000 -0.494801 0.000000
vt -0.000000 -0.412334 0.000000
vt -0.030000 -0.412334 0.000000
vt -0.030000 -0.329867 0.000000
vt -0.000000 -0.329867 0.000000
vt -0.030000 -0.247400 0.000000
vt -0.000000 -0.247400 0.000000
vt -0.000000 -0.164934 0.000000
vt -0.030000 -0.164934 0.000000
vt -0.000000 -0.082467 0.000000
vt -0.030000 -0.082467 0.000000
vt -0.030000 0.000000 0.000000
vt -0.000000 0.000000 0.000000
vt -0.030000 0.082467 0.000000
vt -0.000000 0.082467 0.000000
vt -0.000000 0.164934 0.000000
vt -0.030000 0.164934 0.000000
vt -0.000000 0.247400 0.000000
vt -0.030000 0.247400 0.000000
vt -0.030000 0.329867 0.000000
vt -0.000000 0.329867 0.000000
vt -0.030000 0.412334 0.000000
vt -0.000000 0.412334 0.000000
vt -0.000000 0.494801 0.000000
vt 0.101691 4.385364 0.000000
vt 0.085706 4.305000 0.000000
vt 0.145706 4.305000 0.000000
vt 0.101691 4.224636 0.000000
vt 0.165802 4.230000 0.000000
vt 0.147213 4.156508 0.000000
vt 0.220706 4.175096 0.000000
vt 0.215342 4.110985 0.000000
vt 0.295706 4.155000 0.000000
vt 0.295706 4.095000 0.000000
vt 0.376069 4.110985 0.000000
vt 0.370706 4.175096 0.000000
vt 0.444198 4.156508 0.000000
vt 0.425610 4.230000 0.000000
vt 0.489720 4.224636 0.000000
vt 0.445706 4.305000 0.000000
vt 0.505706 4.305000 0.000000
vt 0.489720 4.385364 0.000000
vt 0.425610 4.380000 0.000000
vt 0.444198 4.453492 0.000000
vt 0.370706 4.434904 0.000000
vt 0.376069 4.499015 0.000000
vt 0.295706 4.455000 0.000000
vt 0.295706 4.515000 0.000000
vt 0.215342 4.499015 0.000000
vt 0.220706 4.434904 0.000000
vt 0.147213 4.453492 0.000000
vt 0.165802 4.380000 0.000000
vt 0.000000 -0.196350 0.000000
vt -0.174995 -0.196350 0.000000
vt 0.000000 -0.235619 0.000000
vt 0.000000 -0.117810 0.000000
vt -0.174995 -0.117810 0.000000
vt 0.000000 -0.157080 0.000000
vt 0.000000 -0.039270 0.000000
vt -0.174995 -0.039270 0.000000
vt 0.000000 -0.078540 0.000000
vt 0.000000 0.039270 0.000000
vt -0.174995 0.039270 0.000000
vt 0.000000 0.000000 0.000000
vt 0.000000 0.117810 0.000000
vt -0.174995 0.117810 0.000000
vt 0.000000 0.078540 0.000000
vt 0.000000 0.196350 0.000000
vt -0.174995 0.196350 0.000000
vt 0.000000 0.157080 0.000000
vt 0.000000 0.235619 0.000000
vt -0.174995 0.235619 0.000000
vt -0.174995 0.078540 0.000000
vt -0.174995 -0.078540 0.000000
vt -0.174995 0.157080 0.000000
vt -0.174995 0.000000 0.000000
vt -0.174995 -0.157080 0.000000
vt 0.400000 0.078540 0.000000
vt -0.030000 0.078540 0.000000
vt 0.400000 0.000000 0.000000
vt -0.030000 0.000000 0.000000
vt 0.400000 -0.078540 0.000000
vt -0.030000 -0.078540 0.000000
vt 0.400000 -0.157080 0.000000
vt -0.030000 -0.157080 0.000000
vt 0.400000 -0.235619 0.000000
vt -0.030000 -0.235619 0.000000
vt 0.400000 -0.314159 0.000000
vt -0.030000 -0.314159 0.000000
vt 0.400000 -0.392699 0.000000
vt -0.030000 -0.392699 0.000000
vt 0.400000 -0.471239 0.000000
vt -0.030000 -0.471239 0.000000
vt 0.400000 0.471239 0.000000
vt -0.030000 0.471239 0.000000
vt 0.400000 0.392699 0.000000
vt -0.030000 0.392699 0.000000
vt 0.400000 0.314159 0.000000
vt -0.030000 0.314159 0.000000
vt 0.400000 0.235619 0.000000
vt -0.030000 0.235619 0.000000
vt 0.400000 0.157080 0.000000
vt -0.030000 0.157080 0.000000
vt -0.000000 -0.549779 0.000000
vt -0.030000 -0.549779 0.000000
vt -0.000000 -0.659734 0.000000
vt -0.030000 -0.659734 0.000000
vt -0.000000 0.659734 0.000000
vt -0.030000 0.659734 0.000000
vt -0.000000 0.549779 0.000000
vt -0.030000 0.549779 0.000000
vt -0.000000 0.439823 0.000000
vt -0.030000 0.439823 0.000000
vt -0.000000 0.329867 0.000000
vt -0.030000 0.329867 0.000000
vt -0.000000 0.219911 0.000000
vt -0.030000 0.219911 0.000000
vt -0.000000 0.109956 0.000000
vt -0.030000 0.109956 0.000000
vt -0.000000 0.000000 0.000000
vt -0.030000 0.000000 0.000000
vt -0.000000 -0.109956 0.000000
vt -0.030000 -0.109956 0.000000
vt -0.000000 -0.219911 0.000000
vt -0.030000 -0.219911 0.000000
vt -0.000000 -0.329867 0.000000
vt -0.030000 -0.329867 0.000000
vt -0.000000 -0.439823 0.000000
vt -0.030000 -0.439823 0.000000
vt 0.113840 -4.600000 0.000000
vt 0.165802 -4.570000 0.000000
vt 0.085706 -4.495000 0.000000
vt 0.145706 -4.495000 0.000000
vt 0.165802 -4.420000 0.000000
vt 0.220706 -4.624904 0.000000
vt 0.190706 -4.676865 0.000000
vt 0.295706 -4.645000 0.000000
vt 0.295706 -4.705000 0.000000
vt 0.400706 -4.676865 0.000000
vt 0.370706 -4.624904 0.000000
vt 0.477571 -4.600000 0.000000
vt 0.425610 -4.570000 0.000000
vt 0.445706 -4.495000 0.000000
vt 0.505706 -4.495000 0.000000
vt 0.425610 -4.420000 0.000000
vt 0.477571 -4.390000 0.000000
vt 0.370706 -4.365096 0.000000
vt 0.400706 -4.313135 0.000000
vt 0.295706 -4.345000 0.000000
vt 0.295706 -4.285000 0.000000
vt 0.190706 -4.313135 0.000000
vt 0.220706 -4.365096 0.000000
vt 0.113840 -4.390000 0.000000
vt 0.000000 -0.196350 0.000000
vt -0.174995 -0.196350 0.000000
vt 0.000000 -0.235619 0.000000
vt 0.000000 -0.117810 0.000000
vt -0.174995 -0.117810 0.000000
vt 0.000000 -0.157080 0.000000
vt 0.000000 -0.039270 0.000000
vt -0.174995 -0.039270 0.000000
vt 0.000000 -0.078540 0.000000
vt 0.000000 0.039270 0.000000
vt -0.174995 0.039270 0.000000
vt 0.000000 0.000000 0.000000
vt 0.000000 0.117810 0.000000
vt -0.174995 0.117810 0.000000
vt 0.000000 0.078540 0.000000
vt 0.000000 0.196350 0.000000
vt -0.174995 0.196350 0.000000
vt 0.000000 0.157080 0.000000
vt 0.000000 0.235619 0.000000
vt -0.174995 0.235619 0.000000
vt -0.174995 0.078540 0.000000
vt -0.174995 -0.078540 0.000000
vt -0.174995 0.157080 0.000000
vt -0.174995 0.000000 0.000000
vt -0.174995 -0.157080 0.000000
vt 0.400000 0.078540 0.000000
vt -0.030000 0.078540 0.000000
vt 0.400000 0.000000 0.000000
vt -0.030000 0.000000 0.000000
vt 0.400000 -0.078540 0.000000
vt -0.030000 -0.078540 0.000000
vt 0.400000 -0.157080 0.000000
vt -0.030000 -0.157080 0.000000
vt 0.400000 -0.235619 0.000000
vt -0.030000 -0.235619 0.000000
vt 0.400000 -0.314159 0.000000
vt -0.030000 -0.314159 0.000000
vt 0.400000 -0.392699 0.000000
vt -0.030000 -0.392699 0.000000
vt 0.400000 -0.471239 0.000000
vt -0.030000 -0.471239 0.000000
vt 0.400000 0.471239 0.000000
vt -0.030000 0.471239 0.000000
vt 0.400000 0.392699 0.000000
vt -0.030000 0.392699 0.000000
vt 0.400000 0.314159 0.000000
vt -0.030000 0.314159 0.000000
vt 0.400000 0.235619 0.000000
vt -0.030000 0.235619 0.000000
vt 0.400000 0.157080 0.000000
vt -0.030000 0.157080 0.000000
vt -0.000000 -0.577268 0.000000
vt -0.020000 -0.577268 0.000000
vt -0.000000 -0.659734 0.000000
vt -0.020000 -0.659734 0.000000
vt -0.000000 0.659734 0.000000
vt -0.020000 0.659734 0.000000
vt -0.000000 0.577268 0.000000
vt -0.020000 0.577268 0.000000
vt -0.020000 0.494801 0.000000
vt -0.000000 -0.494801 0.000000
vt -0.020000 -0.494801 0.000000
vt -0.000000 -0.412334 0.000000
vt -0.020000 -0.412334 0.000000
vt -0.020000 -0.329867 0.000000
vt -0.000000 -0.329867 0.000000
vt -0.020000 -0.247400 0.000000
vt -0.000000 -0.247400 0.000000
vt -0.000000 -0.164934 0.000000
vt -0.020000 -0.164934 0.000000
vt -0.000000 -0.082467 0.000000
vt -0.020000 -0.082467 0.000000
vt -0.020000 0.000000 0.000000
vt -0.000000 0.000000 0.000000
vt -0.020000 0.082467 0.000000
vt -0.000000 0.082467 0.000000
vt -0.000000 0.164934 0.000000
vt -0.020000 0.164934 0.000000
vt -0.000000 0.247400 0.000000
vt -0.020000 0.247400 0.000000
vt -0.020000 0.329867 0.000000
vt -0.000000 0.329867 0.000000
vt -0.020000 0.412334 0.000000
vt -0.000000 0.412334 0.000000
vt -0.000000 0.494801 0.000000
vt 1.742587 3.330364 0.000000
vt 1.726602 3.250000 0.000000
vt 1.786602 3.250000 0.000000
vt 1.742587 3.169636 0.000000
vt 1.806698 3.175000 0.000000
vt 1.788109 3.101508 0.000000
vt 1.861602 3.120096 0.000000
vt 1.856238 3.055985 0.000000
vt 1.936602 3.100000 0.000000
vt 1.936602 3.040000 0.000000
vt 2.016965 3.055985 0.000000
vt 2.011602 3.120096 0.000000
vt 2.085094 3.101508 0.000000
vt 2.066505 3.175000 0.000000
vt 2.130616 3.169636 0.000000
vt 2.086602 3.250000 0.000000
vt 2.146602 3.250000 0.000000
vt 2.130616 3.330364 0.000000
vt 2.066505 3.325000 0.000000
vt 2.085094 3.398492 0.000000
vt 2.011602 3.379904 0.000000
vt 2.016965 3.444015 0.000000
vt 1.936602 3.400000 0.000000
vt 1.936602 3.460000 0.000000
vt 1.856238 3.444015 0.000000
vt 1.861602 3.379904 0.000000
vt 1.788109 3.398492 0.000000
vt 1.806698 3.325000 0.000000
vt -0.000000 -0.577268 0.000000
vt -0.020000 -0.577268 0.000000
vt -0.000000 -0.659734 0.000000
vt -0.020000 -0.659734 0.000000
vt -0.000000 0.659734 0.000000
vt -0.020000 0.659734 0.000000
vt -0.000000 0.577268 0.000000
vt -0.020000 0.577268 0.000000
vt -0.020000 0.494801 0.000000
vt -0.000000 -0.494801 0.000000
vt -0.020000 -0.494801 0.000000
vt -0.000000 -0.412334 0.000000
vt -0.020000 -0.412334 0.000000
vt -0.020000 -0.329867 0.000000
vt -0.000000 -0.329867 0.000000
vt -0.020000 -0.247400 0.000000
vt -0.000000 -0.247400 0.000000
vt -0.000000 -0.164934 0.000000
vt -0.020000 -0.164934 0.000000
vt -0.000000 -0.082467 0.000000
vt -0.020000 -0.082467 0.000000
vt -0.020000 0.000000 0.000000
vt -0.000000 0.000000 0.000000
vt -0.020000 0.082467 0.000000
vt -0.000000 0.082467 0.000000
vt -0.000000 0.164934 0.000000
vt -0.020000 0.164934 0.000000
vt -0.000000 0.247400 0.000000
vt -0.020000 0.247400 0.000000
vt -0.020000 0.329867 0.000000
vt -0.000000 0.329867 0.000000
vt -0.020000 0.412334 0.000000
vt -0.000000 0.412334 0.000000
vt -0.000000 0.494801 0.000000
vt 1.742587 -3.169636 0.000000
vt 1.726602 -3.250000 0.000000
vt 1.786602 -3.250000 0.000000
vt 1.742587 -3.330364 0.000000
vt 1.806698 -3.325000 0.000000
vt 1.788109 -3.398492 0.000000
vt 1.861602 -3.379904 0.000000
vt 1.856238 -3.444015 0.000000
vt 1.936602 -3.400000 0.000000
vt 1.936602 -3.460000 0.000000
vt 2.016965 -3.444015 0.000000
vt 2.011602 -3.379904 0.000000
vt 2.085094 -3.398492 0.000000
vt 2.066505 -3.325000 0.000000
vt 2.130616 -3.330364 0.000000
vt 2.086602 -3.250000 0.000000
vt 2.146602 -3.250000 0.000000
vt 2.130616 -3.169636 0.000000
vt 2.066505 -3.175000 0.000000
vt 2.085094 -3.101508 0.000000
vt 2.011602 -3.120096 0.000000
vt 2.016965 -3.055985 0.000000
vt 1.936602 -3.100000 0.000000
vt 1.936602 -3.040000 0.000000
vt 1.856238 -3.055985 0.000000
vt 1.861602 -3.120096 0.000000
vt 1.788109 -3.101508 0.000000
vt 1.806698 -3.175000 0.000000
vt 0.350000 -0.143841 0.000000
vt -0.450000 -0.143841 0.000000
vt 0.350000 -0.244247 0.000000
vt -0.450000 -0.244247 0.000000
vt -0.450000 -0.344653 0.000000
vt -0.450000 -0.445059 0.000000
vt 0.350000 -0.445059 0.000000
vt 0.350000 -0.344653 0.000000
vt -0.250000 -0.057204 0.000000
vt -0.000000 -0.057204 0.000000
vt -0.250000 -0.038136 0.000000
vt -0.000000 -0.038136 0.000000
vt -0.250000 -0.019068 0.000000
vt -0.000000 -0.019068 0.000000
vt -0.250000 0.000000 0.000000
vt -0.000000 0.000000 0.000000
vt 0.350000 0.445059 0.000000
vt -0.450000 0.445059 0.000000
vt 0.350000 0.344653 0.000000
vt -0.450000 0.344653 0.000000
vt -0.450000 0.244247 0.000000
vt -0.450000 0.143841 0.000000
vt 0.350000 0.143841 0.000000
vt 0.350000 0.244247 0.000000
vt -0.250000 0.000000 0.000000
vt -0.000000 0.000000 0.000000
vt -0.250000 0.019068 0.000000
vt -0.000000 0.019068 0.000000
vt -0.250000 0.038136 0.000000
vt -0.000000 0.038136 0.000000
vt -0.250000 0.057204 0.000000
vt -0.000000 0.057204 0.000000
vt -0.090750 0.000000 0.000000
vt -1.290750 0.000000 0.000000
vt -0.090750 -1.400000 0.000000
vt -1.290750 -1.400000 0.000000
vt -1.095000 -1.417500 0.000000
vt -2.295000 -1.417500 0.000000
vt -1.095000 -1.527500 0.000000
vt -2.295000 -1.527500 0.000000
vt 1.095000 -1.527500 0.000000
vt 2.295000 -1.527500 0.000000
vt 1.095000 -1.417500 0.000000
vt 2.295000 -1.417500 0.000000
vt 0.900000 -0.440696 0.000000
vt 0.325000 -0.425424 0.000000
vt 0.900000 -0.471239 0.000000
vt -0.250000 -0.440696 0.000000
vt -0.250000 -0.471239 0.000000
vt 0.900000 -0.410152 0.000000
vt -0.250000 -0.379609 0.000000
vt -0.250000 -0.410152 0.000000
vt 0.900000 -0.379609 0.000000
vt -0.900000 0.061087 0.000000
vt -0.325000 0.045815 0.000000
vt -0.900000 0.091630 0.000000
vt 0.250000 0.061087 0.000000
vt 0.250000 0.091630 0.000000
vt -0.900000 0.030543 0.000000
vt 0.250000 0.000000 0.000000
vt 0.250000 0.030543 0.000000
vt -0.900000 0.000000 0.000000
vt 0.800000 0.053669 0.000000
vt 0.200000 0.053669 0.000000
vt 0.800000 0.000000 0.000000
vt 0.200000 0.000000 0.000000
vt 0.800000 -0.053669 0.000000
vt 0.200000 -0.053669 0.000000
vt 0.800000 -0.107338 0.000000
vt 0.200000 -0.107338 0.000000
vt 0.800000 -0.161007 0.000000
vt 0.200000 -0.161007 0.000000
vt 0.800000 -0.214675 0.000000
vt 0.200000 -0.214675 0.000000
vt 0.800000 -0.268344 0.000000
vt 0.200000 -0.268344 0.000000
vt 0.800000 -0.322013 0.000000
vt 0.200000 -0.322013 0.000000
vt 0.800000 0.322013 0.000000
vt 0.200000 0.322013 0.000000
vt 0.800000 0.268344 0.000000
vt 0.200000 0.268344 0.000000
vt 0.800000 0.214675 0.000000
vt 0.200000 0.214675 0.000000
vt 0.800000 0.161007 0.000000
vt 0.200000 0.161007 0.000000
vt 0.800000 0.107338 0.000000
vt 0.200000 0.107338 0.000000
vt -0.000000 -0.134172 0.000000
vt -0.119580 -0.134172 0.000000
vt 0.000000 -0.161007 0.000000
vt 0.000000 -0.080503 0.000000
vt -0.119580 -0.080503 0.000000
vt -0.000000 -0.107338 0.000000
vt -0.000000 -0.026834 0.000000
vt -0.119580 -0.026834 0.000000
vt 0.000000 -0.053669 0.000000
vt -0.000000 0.026834 0.000000
vt -0.119580 0.026834 0.000000
vt 0.000000 0.000000 0.000000
vt 0.000000 0.080503 0.000000
vt -0.119580 0.080503 0.000000
vt -0.000000 0.053669 0.000000
vt -0.000000 0.134172 0.000000
vt -0.119580 0.134172 0.000000
vt 0.000000 0.107338 0.000000
vt 0.000000 0.161007 0.000000
vt -0.119580 0.161007 0.000000
vt -0.119580 0.053669 0.000000
vt -0.119580 -0.053669 0.000000
vt -0.119580 0.107338 0.000000
vt -0.119580 0.000000 0.000000
vt -0.119580 -0.107338 0.000000
vt 0.800000 0.053669 0.000000
vt 0.200000 0.053669 0.000000
vt 0.800000 0.000000 0.000000
vt 0.200000 0.000000 0.000000
vt 0.800000 -0.053669 0.000000
vt 0.200000 -0.053669 0.000000
vt 0.800000 -0.107338 0.000000
vt 0.200000 -0.107338 0.000000
vt 0.800000 -0.161007 0.000000
vt 0.200000 -0.161007 0.000000
vt 0.800000 -0.214675 0.000000
vt 0.200000 -0.214675 0.000000
vt 0.800000 -0.268344 0.000000
vt 0.200000 -0.268344 0.000000
vt 0.800000 -0.322013 0.000000
vt 0.200000 -0.322013 0.000000
vt 0.800000 0.322013 0.000000
vt 0.200000 0.322013 0.000000
vt 0.800000 0.268344 0.000000
vt 0.200000 0.268344 0.000000
vt 0.800000 0.214675 0.000000
vt 0.200000 0.214675 0.000000
vt 0.800000 0.161007 0.000000
vt 0.200000 0.161007 0.000000
vt 0.800000 0.107338 0.000000
vt 0.200000 0.107338 0.000000
vt -0.000000 -0.134172 0.000000
vt -0.119580 -0.134172 0.000000
vt 0.000000 -0.161007 0.000000
vt 0.000000 -0.080503 0.000000
vt -0.119580 -0.080503 0.000000
vt 0.000000 -0.107338 0.000000
vt -0.000000 -0.026834 0.000000
vt -0.119580 -0.026834 0.000000
vt -0.000000 -0.053669 0.000000
vt -0.000000 0.026834 0.000000
vt -0.119580 0.026834 0.000000
vt 0.000000 0.000000 0.000000
vt 0.000000 0.080503 0.000000
vt -0.119580 0.080503 0.000000
vt 0.000000 0.053669 0.000000
vt -0.000000 0.134172 0.000000
vt -0.119580 0.134172 0.000000
vt 0.000000 0.107338 0.000000
vt 0.000000 0.161007 0.000000
vt -0.119580 0.161007 0.000000
vt -0.119580 0.053669 0.000000
vt -0.119580 -0.053669 0.000000
vt -0.119580 0.107338 0.000000
vt -0.119580 0.000000 0.000000
vt -0.119580 -0.107338 0.000000
vt 0.800000 0.053669 0.000000
vt 0.200000 0.053669 0.000000
vt 0.800000 0.000000 0.000000
vt 0.200000 0.000000 0.000000
vt 0.800000 -0.053669 0.000000
vt 0.200000 -0.053669 0.000000
vt 0.800000 -0.107338 0.000000
vt 0.200000 -0.107338 0.000000
vt 0.800000 -0.161007 0.000000
vt 0.200000 -0.161007 0.000000
vt 0.800000 -0.214675 0.000000
vt 0.200000 -0.214675 0.000000
vt 0.800000 -0.268344 0.000000
vt 0.200000 -0.268344 0.000000
vt 0.800000 -0.322013 0.000000
vt 0.200000 -0.322013 0.000000
vt 0.800000 0.322013 0.000000
vt 0.200000 0.322013 0.000000
vt 0.800000 0.268344 0.000000
vt 0.200000 0.268344 0.000000
vt 0.800000 0.214675 0.000000
vt 0.200000 0.214675 0.000000
vt 0.800000 0.161007 0.000000
vt 0.200000 0.161007 0.000000
vt 0.800000 0.107338 0.000000
vt 0.200000 0.107338 0.000000
vt -0.000000 -0.134172 0.000000
vt -0.119580 -0.134172 0.000000
vt 0.000000 -0.161007 0.000000
vt 0.000000 -0.080503 0.000000
vt -0.119580 -0.080503 0.000000
vt -0.000000 -0.107338 0.000000
vt -0.000000 -0.026834 0.000000
vt -0.119580 -0.026834 0.000000
vt 0.000000 -0.053669 0.000000
vt -0.000000 0.026834 0.000000
vt -0.119580 0.026834 0.000000
vt 0.000000 0.000000 0.000000
vt 0.000000 0.080503 0.000000
vt -0.119580 0.080503 0.000000
vt -0.000000 0.053669 0.000000
vt -0.000000 0.134172 0.000000
vt -0.119580 0.134172 0.000000
vt 0.000000 0.107338 0.000000
vt 0.000000 0.161007 0.000000
vt -0.119580 0.161007 0.000000
vt -0.119580 0.053669 0.000000
vt -0.119580 -0.053669 0.000000
vt -0.119580 0.107338 0.000000
vt -0.119580 0.000000 0.000000
vt -0.119580 -0.107338 0.000000
vt 0.800000 0.053669 0.000000
vt 0.200000 0.053669 0.000000
vt 0.800000 0.000000 0.000000
vt 0.200000 0.000000 0.000000
vt 0.800000 -0.053669 0.000000
vt 0.200000 -0.053669 0.000000
vt 0.800000 -0.107338 0.000000
vt 0.200000 -0.107338 0.000000
vt 0.800000 -0.161007 0.000000
vt 0.200000 -0.161007 0.000000
vt 0.800000 -0.214675 0.000000
vt 0.200000 -0.214675 0.000000
vt 0.800000 -0.268344 0.000000
vt 0.200000 -0.268344 0.000000
vt 0.800000 -0.322013 0.000000
vt 0.200000 -0.322013 0.000000
vt 0.800000 0.322013 0.000000
vt 0.200000 0.322013 0.000000
vt 0.800000 0.268344 0.000000
vt 0.200000 0.268344 0.000000
vt 0.800000 0.214675 0.000000
vt 0.200000 0.214675 0.000000
vt 0.800000 0.161007 0.000000
vt 0.200000 0.161007 0.000000
vt 0.800000 0.107338 0.000000
vt 0.200000 0.107338 0.000000
vt -0.000000 -0.134172 0.000000
vt -0.119580 -0.134172 0.000000
vt -0.000000 -0.161007 0.000000
vt 0.000000 -0.080503 0.000000
vt -0.119580 -0.080503 0.000000
vt 0.000000 -0.107338 0.000000
vt -0.000000 -0.026834 0.000000
vt -0.119580 -0.026834 0.000000
vt -0.000000 -0.053669 0.000000
vt -0.000000 0.026834 0.000000
vt -0.119580 0.026834 0.000000
vt 0.000000 0.000000 0.000000
vt 0.000000 0.080503 0.000000
vt -0.119580 0.080503 0.000000
vt 0.000000 0.053669 0.000000
vt -0.000000 0.134172 0.000000
vt -0.119580 0.134172 0.000000
vt 0.000000 0.107338 0.000000
vt -0.000000 0.161007 0.000000
vt -0.119580 0.161007 0.000000
vt -0.119580 0.053669 0.000000
vt -0.119580 -0.053669 0.000000
vt -0.119580 0.107338 0.000000
vt -0.119580 0.000000 0.000000
vt -0.119580 -0.107338 0.000000
vt 18.368253 0.941000 0.000000
vt 17.582522 0.941000 0.000000
vt 18.368253 -0.941000 0.000000
vt 17.582522 -0.941000 0.000000
vt 0.000000 0.061540 0.000000
vt 0.049322 0.046238 0.000000
vt 0.000000 0.092473 0.000000
vt 0.105708 0.061542 0.000000
vt 0.105708 0.092473 0.000000
vt 0.000000 0.030932 0.000000
vt 0.105708 0.000000 0.000000
vt 0.105708 0.030931 0.000000
vt 0.000000 0.000000 0.000000
vt 0.705037 0.000021 0.000000
vt 0.854562 0.000410 0.000000
vt 0.703397 0.006773 0.000000
vt 0.699142 0.012105 0.000000
vt 0.686543 0.019564 0.000000
vt 0.895271 0.025115 0.000000
vt 0.660657 0.028194 0.000000
vt 0.810103 0.050374 0.000000
vt 0.606682 0.035858 0.000000
vt 0.640882 0.050264 0.000000
vt 0.478846 0.050446 0.000000
vt 1.017439 0.000003 0.000000
vt 1.193695 0.025115 0.000000
vt 0.988228 0.050422 0.000000
vt 1.364222 0.025115 0.000000
vt 1.188273 -0.000267 0.000000
vt 1.364222 -0.000267 0.000000
vt 0.497704 0.035929 0.000000
vt 0.319509 0.050395 0.000000
vt 0.391507 0.025829 0.000000
vt 0.298424 0.025115 0.000000
vt 0.339106 0.017422 0.000000
vt 0.313474 0.011391 0.000000
vt 0.301758 0.007077 0.000000
vt 0.297069 0.003902 0.000000
vt 0.000000 0.016858 0.000000
vt 0.000000 0.000000 0.000000
vt 0.000000 0.050396 0.000000
vt 0.000000 0.033538 0.000000
vt 0.295951 0.000017 0.000000
vt 0.295871 0.002041 0.000000
vt 0.705037 0.050374 0.000000
vt 0.703424 0.043701 0.000000
vt 0.854559 0.049986 0.000000
vt 0.699233 0.038406 0.000000
vt 0.895270 0.025281 0.000000
vt 0.686787 0.030948 0.000000
vt 0.660989 0.022281 0.000000
vt 0.810103 0.000021 0.000000
vt 0.606971 0.014559 0.000000
vt 0.640882 0.000132 0.000000
vt 0.478846 -0.000051 0.000000
vt 0.497898 0.014456 0.000000
vt 0.391141 0.024616 0.000000
vt 0.338880 0.033018 0.000000
vt 0.298423 0.025281 0.000000
vt 0.319509 0.000001 0.000000
vt 0.313506 0.038995 0.000000
vt 0.301801 0.043298 0.000000
vt 0.297083 0.046479 0.000000
vt 0.295873 0.048347 0.000000
vt 0.000000 0.050396 0.000000
vt 0.000000 0.033538 0.000000
vt 0.000000 0.016858 0.000000
vt 0.000000 0.000000 0.000000
vt 0.295951 0.050379 0.000000
vt 0.988227 -0.000026 0.000000
vt 1.193694 0.025281 0.000000
vt 1.017435 0.050393 0.000000
vt 1.188272 0.050662 0.000000
vt 1.364222 0.025281 0.000000
vt 1.364222 -0.000026 0.000000
vt 0.105708 0.030931 0.000000
vt 0.049322 0.046235 0.000000
vt 0.105708 0.000000 0.000000
vt -0.000000 0.030932 0.000000
vt -0.000000 0.000000 0.000000
vt 0.105708 0.061542 0.000000
vt -0.000000 0.092473 0.000000
vt -0.000000 0.061540 0.000000
vt 0.105708 0.092473 0.000000
vt 0.063556 -0.131016 0.000000
vt 0.047715 -0.227839 0.000000
vt 0.063555 -0.239436 0.000000
vt 0.047715 -0.234959 0.000000
vt 0.047715 -0.242079 0.000000
vt 0.031776 -0.234959 0.000000
vt 0.031776 -0.242079 0.000000
vt 0.028878 -0.234959 0.000000
vt 0.028878 -0.242079 0.000000
vt 0.013996 -0.234959 0.000000
vt 0.013996 -0.242079 0.000000
vt 0.002239 -0.254970 0.000000
vt 0.013996 -0.284805 0.000000
vt 0.008215 -0.327531 0.000000
vt 0.063619 -0.022905 0.000000
vt 0.047715 -0.099673 0.000000
vt 0.047715 -0.156635 0.000000
vt 0.047715 -0.213598 0.000000
vt 0.031776 -0.156635 0.000000
vt 0.031776 -0.213598 0.000000
vt 0.028878 -0.156635 0.000000
vt 0.028878 -0.213598 0.000000
vt 0.013996 -0.156635 0.000000
vt 0.013996 -0.213598 0.000000
vt -0.000000 -0.239420 0.000000
vt 0.063573 0.194142 0.000000
vt 0.047715 0.052227 0.000000
vt 0.047715 -0.023110 0.000000
vt 0.031776 -0.023314 0.000000
vt 0.031776 -0.099673 0.000000
vt 0.028878 -0.023352 0.000000
vt 0.028878 -0.099673 0.000000
vt 0.013996 -0.023543 0.000000
vt 0.013996 -0.099673 0.000000
vt 0.063553 0.627915 0.000000
vt 0.047715 0.431977 0.000000
vt 0.047715 0.280077 0.000000
vt 0.047715 0.128177 0.000000
vt 0.031776 0.280077 0.000000
vt 0.031776 0.128177 0.000000
vt 0.028878 0.280077 0.000000
vt 0.028878 0.128177 0.000000
vt 0.013996 0.280077 0.000000
vt 0.013996 0.128177 0.000000
vt -0.000041 0.194212 0.000000
vt 0.013996 0.052227 0.000000
vt 0.063654 1.061365 0.000000
vt 0.047715 0.887677 0.000000
vt 0.047715 0.735777 0.000000
vt 0.047715 0.583877 0.000000
vt 0.031776 0.735777 0.000000
vt 0.031776 0.583877 0.000000
vt 0.028878 0.735777 0.000000
vt 0.028878 0.583877 0.000000
vt 0.013996 0.735777 0.000000
vt 0.013996 0.583877 0.000000
vt -0.000016 0.627922 0.000000
vt 0.013996 0.431977 0.000000
vt 0.063654 1.495276 0.000000
vt 0.047715 1.343376 0.000000
vt 0.047715 1.191476 0.000000
vt 0.047715 1.039576 0.000000
vt 0.031776 1.191476 0.000000
vt 0.031776 1.039576 0.000000
vt 0.028878 1.191476 0.000000
vt 0.028878 1.039576 0.000000
vt 0.013996 1.191476 0.000000
vt 0.013996 1.039576 0.000000
vt -0.000887 1.061552 0.000000
vt 0.013996 0.887677 0.000000
vt 0.031776 1.495276 0.000000
vt 0.031776 1.343376 0.000000
vt 0.028878 1.495276 0.000000
vt 0.028878 1.343376 0.000000
vt 0.013996 1.495276 0.000000
vt 0.013996 1.343376 0.000000
vt 0.031776 0.052227 0.000000
vt 0.028878 0.052227 0.000000
vt 0.031776 0.431977 0.000000
vt 0.028878 0.431977 0.000000
vt 0.031776 0.887677 0.000000
vt 0.028878 0.887677 0.000000
vt 0.031776 -0.227839 0.000000
vt 0.028878 -0.227839 0.000000
vt 0.013996 -0.227839 0.000000
vt -0.000887 1.495276 0.000000
vt 0.061313 -0.254219 0.000000
vt 0.048107 -0.284054 0.000000
vt 0.055336 -0.326779 0.000000
vt 0.031776 -0.241329 0.000000
vt 0.015837 -0.241329 0.000000
vt 0.015837 -0.234209 0.000000
vt -0.000004 -0.238685 0.000000
vt 0.015837 -0.227089 0.000000
vt 0.015837 -0.212848 0.000000
vt 0.031776 -0.227089 0.000000
vt 0.031776 -0.212848 0.000000
vt 0.048107 -0.227089 0.000000
vt 0.048107 -0.212848 0.000000
vt 0.063552 -0.238669 0.000000
vt 0.063592 0.194957 0.000000
vt 0.048107 -0.098925 0.000000
vt 0.048107 -0.155886 0.000000
vt 0.031776 -0.155886 0.000000
vt 0.015837 -0.155886 0.000000
vt -0.000005 -0.130267 0.000000
vt 0.063568 0.628662 0.000000
vt 0.048107 0.432719 0.000000
vt 0.048107 0.128923 0.000000
vt 0.048107 0.052974 0.000000
vt 0.031776 0.128923 0.000000
vt 0.031776 0.052974 0.000000
vt 0.015837 0.128923 0.000000
vt 0.015837 0.052974 0.000000
vt -0.000021 0.194888 0.000000
vt -0.000068 -0.022157 0.000000
vt 0.064438 1.062288 0.000000
vt 0.048107 0.888414 0.000000
vt 0.048107 0.584617 0.000000
vt 0.031776 0.584617 0.000000
vt 0.031776 0.432719 0.000000
vt 0.015837 0.584617 0.000000
vt 0.015837 0.432719 0.000000
vt -0.000002 0.628655 0.000000
vt -0.000102 1.496006 0.000000
vt -0.000102 1.062101 0.000000
vt 0.015837 0.888414 0.000000
vt 0.015837 -0.098925 0.000000
vt 0.015837 -0.022361 0.000000
vt 0.031776 -0.022566 0.000000
vt 0.048107 1.496006 0.000000
vt 0.031776 1.496006 0.000000
vt 0.031776 0.888414 0.000000
vt 0.015837 1.496006 0.000000
vt 0.048107 -0.241329 0.000000
vt 0.048107 -0.234209 0.000000
vt 0.031776 -0.234209 0.000000
vt 0.048107 -0.022776 0.000000
vt 0.031776 -0.098925 0.000000
vt 1.738575 4.021042 0.000000
vt 1.631451 4.093351 0.000000
vt 1.625196 3.941105 0.000000
vt 1.485007 4.142076 0.000000
vt 1.445830 3.892524 0.000000
vt 1.314758 4.152555 0.000000
vt 1.248724 3.878681 0.000000
vt 1.030811 3.865040 0.000000
vt 0.931405 4.109458 0.000000
vt 0.842396 3.971110 0.000000
vt 0.827728 3.949264 0.000000
vt 0.706809 3.756804 0.000000
vt 0.491037 3.634364 0.000000
vt 0.574276 3.637056 0.000000
vt 0.509203 3.461712 0.000000
vt 0.404829 2.655904 0.000000
vt 0.287844 3.283474 0.000000
vt 0.309646 1.849255 0.000000
vt 0.130888 2.919064 0.000000
vt 0.140084 0.240595 0.000000
vt 0.123795 0.165862 0.000000
vt 0.000000 2.546422 0.000000
vt 0.092803 0.102527 0.000000
vt 0.051351 0.055092 0.000000
vt 0.003819 0.026253 0.000000
vt 0.000000 0.024773 0.000000
vt -0.000000 0.024773 0.000000
vt -0.000000 2.546422 0.000000
vt -0.003819 0.026253 0.000000
vt -0.051351 0.055092 0.000000
vt -0.092803 0.102527 0.000000
vt -0.123795 0.165862 0.000000
vt -0.130888 2.919064 0.000000
vt -0.140084 0.240595 0.000000
vt -0.309646 1.849255 0.000000
vt -0.287845 3.283475 0.000000
vt -0.404829 2.655904 0.000000
vt -0.491037 3.634365 0.000000
vt -0.509203 3.461712 0.000000
vt -0.574276 3.637056 0.000000
vt -0.706809 3.756804 0.000000
vt -0.827728 3.949263 0.000000
vt -0.842396 3.971110 0.000000
vt -1.030811 3.865040 0.000000
vt -0.931405 4.109458 0.000000
vt -1.314758 4.152555 0.000000
vt -1.485007 4.142076 0.000000
vt -1.445830 3.892524 0.000000
vt -1.248724 3.878681 0.000000
vt -1.625196 3.941105 0.000000
vt -1.631451 4.093351 0.000000
vt -1.738575 4.021042 0.000000
vt 0.000000 1.387674 0.000000
vt 0.000000 0.000000 0.000000
vt 0.113932 1.325139 0.000000
vt 0.279343 0.000000 0.000000
vt 0.243550 1.275459 0.000000
vt 0.391874 1.243377 0.000000
vt 0.558685 0.000000 0.000000
vt 0.558685 1.232381 0.000000
vt 1.089213 1.296089 0.000000
vt 1.089213 0.000000 0.000000
vt 1.370753 1.316624 0.000000
vt 1.469785 0.000000 0.000000
vt 1.469785 1.311705 0.000000
vt 1.241000 -0.534912 0.000000
vt 2.503646 -0.438710 0.000000
vt 1.241000 -0.394857 0.000000
vt 2.492783 -0.413134 0.000000
vt 2.484944 -0.400685 0.000000
vt 1.241000 -0.674967 0.000000
vt 2.543214 -0.600560 0.000000
vt 2.519514 -0.491993 0.000000
vt 1.241000 -0.815021 0.000000
vt 2.556172 -0.765805 0.000000
vt 2.556488 -0.710339 0.000000
vt 2.537089 -0.815023 0.000000
vt 2.543222 -0.812388 0.000000
vt 2.547496 -0.806524 0.000000
vt 2.552120 -0.793318 0.000000
vt 2.540408 -0.814300 0.000000
vt 2.479758 -0.396468 0.000000
vt 2.473381 -0.394854 0.000000
vt 0.191295 1.099557 0.000000
vt -0.642683 1.099557 0.000000
vt 0.197021 1.097355 0.000000
vt -0.427102 1.071143 0.000000
vt -0.324521 1.068838 0.000000
vt -0.524210 1.030387 0.000000
vt -0.895374 0.902302 0.000000
vt -0.594097 0.955521 0.000000
vt -0.628694 0.856203 0.000000
vt -0.996160 0.778783 0.000000
vt -0.624471 0.753698 0.000000
vt -1.066462 0.634942 0.000000
vt -0.587148 0.654174 0.000000
vt -0.524706 0.572162 0.000000
vt -1.099031 0.478163 0.000000
vt -0.436553 0.516514 0.000000
vt -0.386669 0.507348 0.000000
vt 0.197021 0.365785 0.000000
vt -0.336554 0.513324 0.000000
vt -0.246177 0.564572 0.000000
vt 0.197021 0.731570 0.000000
vt -0.181090 0.644397 0.000000
vt -0.140641 0.742693 0.000000
vt -0.132641 0.845183 0.000000
vt -0.162915 0.945763 0.000000
vt -0.229427 1.023802 0.000000
vt -1.105843 0.318748 0.000000
vt 0.197021 0.000000 0.000000
vt -1.114534 0.000000 0.000000
vt -0.000000 -1.319408 0.000000
vt -0.339453 -1.319408 0.000000
vt -0.000000 -1.550883 0.000000
vt -0.365785 -1.666621 0.000000
vt -0.000000 -1.782358 0.000000
vt -0.365785 -2.013834 0.000000
vt -0.000000 -2.013834 0.000000
vt -0.678907 -1.319408 0.000000
vt -0.731570 -1.666621 0.000000
vt -0.731570 -2.013834 0.000000
vt -1.069893 -1.827223 0.000000
vt -1.097355 -2.013834 0.000000
vt -1.018360 -1.319408 0.000000
vt -1.027848 -1.484504 0.000000
vt -1.045865 -1.652288 0.000000
vt -0.605552 0.000000 0.000000
vt -0.605552 0.266246 0.000000
vt -3.857402 0.000000 0.000000
vt -3.857402 0.339453 0.000000
vt -0.605552 0.532492 0.000000
vt -3.857402 0.678907 0.000000
vt -0.605552 0.798738 0.000000
vt -1.419557 0.861881 0.000000
vt -2.234036 0.918687 0.000000
vt -3.857402 1.018360 0.000000
vt -2.199115 0.197000 0.000000
vt -2.022033 0.218280 0.000000
vt -2.199115 0.334512 0.000000
vt -1.932869 0.334512 0.000000
vt -2.199115 0.472024 0.000000
vt -1.932869 0.472024 0.000000
vt -2.199115 0.609536 0.000000
vt -1.932869 0.609536 0.000000
vt -1.666623 0.472024 0.000000
vt -1.666623 0.609536 0.000000
vt -1.440264 0.497383 0.000000
vt -1.400377 0.609536 0.000000
vt -1.849482 0.268804 0.000000
vt -1.522929 0.384699 0.000000
vt 0.117861 0.723673 0.000000
vt -0.000000 0.723906 0.000000
vt 0.040131 0.594948 0.000000
vt -0.000000 0.624006 0.000000
vt -0.000000 0.539784 0.000000
vt 0.001222 0.465990 0.000000
vt 0.040573 0.495466 0.000000
vt 0.106171 0.505919 0.000000
vt 0.100327 0.594948 0.000000
vt 0.160524 0.594948 0.000000
vt 0.277126 0.723766 0.000000
vt 0.249665 0.527906 0.000000
vt 0.638266 0.723906 0.000000
vt 3.250000 0.555694 0.000000
vt 3.250000 0.370463 0.000000
vt 4.138802 0.555694 0.000000
vt 4.306216 0.295046 0.000000
vt 3.250000 0.185231 0.000000
vt 4.371840 0.153693 0.000000
vt 3.250000 0.000000 0.000000
vt 4.400000 0.000000 0.000000
vt -3.250000 1.655252 0.000000
vt -4.138802 1.655252 0.000000
vt -3.250000 1.470020 0.000000
vt -4.306216 1.394603 0.000000
vt -3.250000 1.284789 0.000000
vt -4.371840 1.253251 0.000000
vt -3.250000 1.099557 0.000000
vt -4.400000 1.099557 0.000000
vt 0.600993 0.539299 0.000000
vt 0.611179 0.676809 0.000000
vt 0.000000 0.551826 0.000000
vt 0.000000 0.730856 0.000000
vt 0.322924 0.825522 0.000000
vt 0.077279 0.825522 0.000000
vt 0.117970 1.115026 0.000000
vt 0.000000 0.916130 0.000000
vt 0.000000 1.115026 0.000000
vt 0.400203 0.825522 0.000000
vt 0.625413 0.815792 0.000000
vt 0.637183 0.960248 0.000000
vt 0.641996 1.115026 0.000000
vt 2.766004 0.553386 0.000000
vt 1.902116 0.817733 0.000000
vt 1.773807 0.520700 0.000000
vt 1.834462 0.817733 0.000000
vt 1.773092 0.827018 0.000000
vt 1.772954 1.118178 0.000000
vt 1.972474 1.118178 0.000000
vt 2.037423 0.817733 0.000000
vt 2.195943 1.118178 0.000000
vt 2.308039 0.817733 0.000000
vt 2.766004 0.918720 0.000000
vt 2.766004 0.732922 0.000000
vt 2.766004 1.118178 0.000000
vt 2.646980 1.118178 0.000000
vt 0.285257 0.000000 0.000000
vt 0.137218 0.002599 0.000000
vt 0.000000 0.000000 0.000000
vt 0.091479 0.002599 0.000000
vt 0.045739 0.002599 0.000000
vt 0.045739 0.008030 0.000000
vt 0.045739 0.009777 0.000000
vt 0.045739 0.012045 0.000000
vt 0.091479 0.009777 0.000000
vt 0.091479 0.012045 0.000000
vt 0.137218 0.009777 0.000000
vt 0.137218 0.012045 0.000000
vt 0.182958 0.009777 0.000000
vt 0.182958 0.012045 0.000000
vt 0.228697 0.009777 0.000000
vt 0.228697 0.012045 0.000000
vt 0.274437 0.009777 0.000000
vt 0.274437 0.012045 0.000000
vt 0.342804 0.009777 0.000000
vt 0.342804 0.012045 0.000000
vt 0.411171 0.009777 0.000000
vt 0.411171 0.012045 0.000000
vt 0.456750 0.009777 0.000000
vt 0.456750 0.012045 0.000000
vt 0.502328 0.009777 0.000000
vt 0.502328 0.012045 0.000000
vt 0.547906 0.009777 0.000000
vt 0.547906 0.012045 0.000000
vt 0.587268 0.024086 0.000000
vt 0.547906 0.016060 0.000000
vt 0.547906 0.017854 0.000000
vt 0.502328 0.017854 0.000000
vt 0.456750 0.017854 0.000000
vt 0.411171 0.017854 0.000000
vt 0.456750 0.016060 0.000000
vt 0.411171 0.016060 0.000000
vt 0.589734 0.000000 0.000000
vt 0.456750 0.002599 0.000000
vt 0.411171 0.002599 0.000000
vt 0.342804 0.002599 0.000000
vt 0.342804 0.008030 0.000000
vt 0.274437 0.008030 0.000000
vt 0.547906 0.008030 0.000000
vt 0.547906 0.002599 0.000000
vt 0.502328 0.002599 0.000000
vt 0.502328 0.008030 0.000000
vt 0.456750 0.008030 0.000000
vt 0.274437 0.024088 0.000000
vt 0.342804 0.017854 0.000000
vt 0.342804 0.016060 0.000000
vt 0.000000 0.024089 0.000000
vt 0.137218 0.017854 0.000000
vt 0.182958 0.017854 0.000000
vt 0.228697 0.017854 0.000000
vt 0.228697 0.016060 0.000000
vt 0.274437 0.016060 0.000000
vt 0.045739 0.016060 0.000000
vt 0.045739 0.017854 0.000000
vt 0.091479 0.016060 0.000000
vt 0.091479 0.017854 0.000000
vt 0.137218 0.016060 0.000000
vt 0.182958 0.016060 0.000000
vt 0.411171 0.008030 0.000000
vt 0.274437 0.002599 0.000000
vt 0.228697 0.002599 0.000000
vt 0.182958 0.002599 0.000000
vt 0.182958 0.008030 0.000000
vt 0.137218 0.008030 0.000000
vt 0.228697 0.008030 0.000000
vt 0.091479 0.008030 0.000000
vt 0.274437 0.017854 0.000000
vt 0.502328 0.016060 0.000000
vt 0.692516 0.000000 0.000000
vt 0.692516 0.100000 0.000000
vt 0.165819 0.000000 0.000000
vt 0.000000 0.100000 0.000000
vt 0.000000 0.000000 0.000000
vt -1.318495 0.000000 0.000000
vt -1.225769 0.000000 0.000000
vt -1.318495 0.100000 0.000000
vt -0.988872 0.100000 0.000000
vt -0.878242 0.000000 0.000000
vt -0.659248 0.100000 0.000000
vt -0.640636 0.000000 0.000000
vt -0.171793 0.000000 0.000000
vt -0.000000 0.000000 0.000000
vt -0.000000 0.100000 0.000000
vt 1.114534 0.000000 0.000000
vt 1.105843 0.318748 0.000000
vt -0.197021 0.000000 0.000000
vt -0.197021 0.365785 0.000000
vt 1.099031 0.478163 0.000000
vt 1.066462 0.634942 0.000000
vt -0.197021 0.731570 0.000000
vt 0.996160 0.778783 0.000000
vt 0.895374 0.902302 0.000000
vt -0.197021 1.097355 0.000000
vt 0.642683 1.099557 0.000000
vt -0.191295 1.099557 0.000000
vt -1.097355 2.013834 0.000000
vt -1.069893 1.827223 0.000000
vt -0.731570 2.013834 0.000000
vt -0.731570 1.666621 0.000000
vt -0.365785 1.666621 0.000000
vt -0.678907 1.319408 0.000000
vt -0.339453 1.319408 0.000000
vt -1.045865 1.652288 0.000000
vt -1.027848 1.484504 0.000000
vt -1.018360 1.319408 0.000000
vt -0.000000 1.319408 0.000000
vt -0.000000 1.550883 0.000000
vt -0.000000 1.782358 0.000000
vt -0.365785 2.013834 0.000000
vt -0.000000 2.013834 0.000000
vt 3.857402 1.018360 0.000000
vt 2.234036 0.918687 0.000000
vt 3.857402 0.678907 0.000000
vt 1.419557 0.861881 0.000000
vt 0.605552 0.798738 0.000000
vt 0.605552 0.532492 0.000000
vt 3.857402 0.339453 0.000000
vt 0.605552 0.266246 0.000000
vt 3.857402 0.000000 0.000000
vt 0.605552 0.000000 0.000000
vt -1.400377 -0.609536 0.000000
vt -1.440264 -0.497383 0.000000
vt -1.666623 -0.609536 0.000000
vt -1.666623 -0.472024 0.000000
vt -1.932869 -0.472024 0.000000
vt -1.932869 -0.334512 0.000000
vt -2.199115 -0.334512 0.000000
vt -2.022033 -0.218280 0.000000
vt -2.199115 -0.197000 0.000000
vt -1.522929 -0.384699 0.000000
vt -1.849482 -0.268804 0.000000
vt -2.199115 -0.472024 0.000000
vt -1.932869 -0.609536 0.000000
vt -2.199115 -0.609536 0.000000
vt 0.638266 0.000000 0.000000
vt 0.249665 0.196011 0.000000
vt 0.277126 0.000140 0.000000
vt 0.160524 0.128966 0.000000
vt 0.117861 0.000233 0.000000
vt 0.040131 0.128966 0.000000
vt 0.000000 0.099906 0.000000
vt 0.000000 0.184133 0.000000
vt 0.040573 0.228453 0.000000
vt 0.001222 0.257931 0.000000
vt 0.106171 0.217999 0.000000
vt 0.000000 0.000000 0.000000
vt 0.000000 0.400451 0.000000
vt 0.031761 0.436273 0.000000
vt 0.000000 0.524571 0.000000
vt 0.036988 0.507400 0.000000
vt 0.036988 0.614349 0.000000
vt 0.147953 0.507400 0.000000
vt 0.147953 0.614349 0.000000
vt 0.319058 0.476809 0.000000
vt 0.443858 0.722981 0.000000
vt 0.577910 0.816328 0.000000
vt 0.261051 0.831602 0.000000
vt 0.588281 0.831614 0.000000
vt 0.076893 0.453237 0.000000
vt 0.147953 0.722981 0.000000
vt 0.116795 0.831538 0.000000
vt 0.036988 0.722981 0.000000
vt 0.000000 0.831614 0.000000
vt 0.000000 0.661318 0.000000
vt 0.261051 0.000012 0.000000
vt 0.588281 0.000000 0.000000
vt 0.443858 0.108638 0.000000
vt 0.577910 0.015286 0.000000
vt 0.319058 0.354825 0.000000
vt 0.076893 0.378398 0.000000
vt 0.147953 0.324232 0.000000
vt 0.147953 0.217277 0.000000
vt 0.147953 0.108638 0.000000
vt 0.116795 0.000076 0.000000
vt 0.036988 0.108638 0.000000
vt -0.000000 0.000000 0.000000
vt -0.000000 0.170305 0.000000
vt 0.036988 0.217277 0.000000
vt -0.000000 0.307060 0.000000
vt 0.036988 0.324232 0.000000
vt 0.031761 0.395363 0.000000
vt -0.000000 0.431187 0.000000
vt -4.874620 -1.241000 0.000000
vt -3.026740 -1.788500 0.000000
vt -1.874620 -1.241000 0.000000
vt -2.975490 -1.802232 0.000000
vt -2.937973 -1.839750 0.000000
vt -4.874620 -2.628674 0.000000
vt -4.629240 -1.891000 0.000000
vt -4.615508 -1.839750 0.000000
vt -4.577990 -1.802232 0.000000
vt -4.396270 -3.311829 0.000000
vt -3.077990 -1.979768 0.000000
vt -4.475490 -1.979768 0.000000
vt -4.526740 -1.993500 0.000000
vt -3.026740 -1.993500 0.000000
vt -1.874620 -3.311829 0.000000
vt -2.975490 -1.979768 0.000000
vt -2.937973 -1.942250 0.000000
vt -2.924240 -1.891000 0.000000
vt -4.526740 -1.788500 0.000000
vt -4.475490 -1.802232 0.000000
vt -3.077990 -1.802232 0.000000
vt -3.115508 -1.839750 0.000000
vt -4.437973 -1.839750 0.000000
vt -3.129240 -1.891000 0.000000
vt -4.424240 -1.891000 0.000000
vt -3.115508 -1.942250 0.000000
vt -4.437973 -1.942250 0.000000
vt -4.577990 -1.979768 0.000000
vt -4.615508 -1.942250 0.000000
vt 0.558685 0.163619 0.000000
vt 0.558685 1.396000 0.000000
vt 0.391872 0.152622 0.000000
vt 0.279343 1.396000 0.000000
vt 0.243548 0.120541 0.000000
vt 0.113931 0.070861 0.000000
vt 0.000000 1.396000 0.000000
vt 0.000000 0.008326 0.000000
vt 1.469785 0.015798 0.000000
vt 1.469785 1.327503 0.000000
vt 1.370753 0.010879 0.000000
vt 1.089213 1.327503 0.000000
vt 1.089213 0.031414 0.000000
vt -2.540394 -0.814306 0.000000
vt -2.537089 -0.815023 0.000000
vt -2.543200 -0.812407 0.000000
vt -1.241000 -0.815021 0.000000
vt -2.547470 -0.806575 0.000000
vt -2.552111 -0.793354 0.000000
vt -2.556191 -0.765562 0.000000
vt -1.241000 -0.674967 0.000000
vt -2.556468 -0.709955 0.000000
vt -2.543249 -0.600756 0.000000
vt -1.241000 -0.534912 0.000000
vt -2.519588 -0.492278 0.000000
vt -2.503762 -0.439039 0.000000
vt -1.241000 -0.394857 0.000000
vt -2.492913 -0.413377 0.000000
vt -2.485058 -0.400777 0.000000
vt -2.473381 -0.394854 0.000000
vt -2.479833 -0.396495 0.000000
vt 1.597195 6.424333 0.000000
vt 1.775161 6.052165 0.000000
vt 1.589583 6.442036 0.000000
vt 1.850358 8.278340 0.000000
vt 1.497716 8.348361 0.000000
vt 1.907634 5.571178 0.000000
vt 2.017817 8.214328 0.000000
vt 2.028096 4.545203 0.000000
vt 2.259918 8.095536 0.000000
vt 2.119415 2.388787 0.000000
vt 2.266371 2.283936 0.000000
vt 2.006316 3.517246 0.000000
vt 1.825056 2.497718 0.000000
vt 2.350949 2.138002 0.000000
vt 2.609955 7.881222 0.000000
vt 2.371482 1.969881 0.000000
vt 2.667288 5.140076 0.000000
vt 2.667288 3.258076 0.000000
vt 2.609954 0.516930 0.000000
vt 2.684377 3.143141 0.000000
vt 2.731752 3.045930 0.000000
vt 2.881162 0.709932 0.000000
vt 2.799712 2.980939 0.000000
vt 2.875959 2.958076 0.000000
vt 3.109448 2.958076 0.000000
vt 3.109448 0.887247 0.000000
vt 2.259917 0.302615 0.000000
vt 2.329281 1.806857 0.000000
vt 2.237569 1.686176 0.000000
vt 2.056171 1.585911 0.000000
vt 2.017818 0.183825 0.000000
vt 1.828614 1.550716 0.000000
vt 1.850357 0.119812 0.000000
vt 1.532974 1.556258 0.000000
vt 1.497716 0.049791 0.000000
vt 1.532508 1.553296 0.000000
vt 1.497099 0.949076 0.000000
vt 1.497099 0.060274 0.000000
vt 2.684378 5.255011 0.000000
vt 2.731752 5.352222 0.000000
vt 2.881162 7.688220 0.000000
vt 2.799713 5.417213 0.000000
vt 2.875959 5.440076 0.000000
vt 3.109448 5.440076 0.000000
vt 3.109448 7.510905 0.000000
vt 1.497099 8.337878 0.000000
vt 1.497099 7.449076 0.000000
vt -4.874620 1.241000 0.000000
vt -4.629240 1.891000 0.000000
vt -4.874620 2.628674 0.000000
vt -4.615508 1.942250 0.000000
vt -4.577990 1.979768 0.000000
vt -1.874620 1.241000 0.000000
vt -3.026740 1.788500 0.000000
vt -3.077990 1.802232 0.000000
vt -4.475490 1.802232 0.000000
vt -4.437973 1.839750 0.000000
vt -3.115508 1.839750 0.000000
vt -4.424240 1.891000 0.000000
vt -3.129240 1.891000 0.000000
vt -4.437973 1.942250 0.000000
vt -3.115508 1.942250 0.000000
vt -4.475490 1.979768 0.000000
vt -3.077990 1.979768 0.000000
vt -4.396270 3.311829 0.000000
vt -3.026740 1.993500 0.000000
vt -1.874620 3.311829 0.000000
vt -2.975490 1.979768 0.000000
vt -2.937973 1.942250 0.000000
vt -2.924240 1.891000 0.000000
vt -2.937973 1.839750 0.000000
vt -4.526740 1.993500 0.000000
vt -4.526740 1.788500 0.000000
vt -4.577990 1.802232 0.000000
vt -4.615508 1.839750 0.000000
vt -2.975490 1.802232 0.000000
vt -2.868073 2.600782 0.000000
vt -2.869183 3.221958 0.000000
vt -2.874620 3.250000 0.000000
vt -2.872199 3.240782 0.000000
vt -2.874014 3.259760 0.000000
vt -2.819686 2.954009 0.000000
vt -2.850388 2.521941 0.000000
vt -2.802951 2.456532 0.000000
vt -2.733505 2.415231 0.000000
vt -2.733540 2.415455 0.000000
vt -2.733574 2.415680 0.000000
vt -2.733607 2.415905 0.000000
vt -2.774490 2.685302 0.000000
vt -2.874620 3.278816 0.000000
vt 0.489801 1.241000 0.000000
vt 0.444994 1.246084 0.000000
vt -1.391380 1.241000 0.000000
vt 0.402465 1.261077 0.000000
vt 0.364376 1.285216 0.000000
vt -0.231847 1.590657 0.000000
vt -0.900357 1.633894 0.000000
vt -1.530958 1.407801 0.000000
vt -2.019702 0.949647 0.000000
vt -1.651188 1.091000 0.000000
vt -1.541380 1.200808 0.000000
vt -1.691380 0.941000 0.000000
vt -2.286024 0.334954 0.000000
vt -1.691380 -0.941000 0.000000
vt -2.286024 -0.334954 0.000000
vt -2.019702 -0.949647 0.000000
vt -1.651188 -1.091000 0.000000
vt -1.530958 -1.407801 0.000000
vt -1.541380 -1.200808 0.000000
vt -1.391380 -1.241000 0.000000
vt -0.900357 -1.633894 0.000000
vt -0.231847 -1.590657 0.000000
vt 0.364376 -1.285216 0.000000
vt 0.402465 -1.261077 0.000000
vt 0.444994 -1.246084 0.000000
vt 0.489801 -1.241000 0.000000
vt -2.604524 3.175000 0.000000
vt -2.344716 3.175000 0.000000
vt -2.624620 3.250000 0.000000
vt -2.324620 3.250000 0.000000
vt -2.604524 3.325000 0.000000
vt -2.344716 3.325000 0.000000
vt -2.549620 3.379904 0.000000
vt -2.399620 3.379904 0.000000
vt -2.474620 3.400000 0.000000
vt -2.399620 3.120096 0.000000
vt -2.549620 3.120096 0.000000
vt -2.474620 3.100000 0.000000
vt -2.604524 -3.325000 0.000000
vt -2.344716 -3.325000 0.000000
vt -2.624620 -3.250000 0.000000
vt -2.324620 -3.250000 0.000000
vt -2.604524 -3.175000 0.000000
vt -2.344716 -3.175000 0.000000
vt -2.549620 -3.120096 0.000000
vt -2.399620 -3.120096 0.000000
vt -2.474620 -3.100000 0.000000
vt -2.399620 -3.379904 0.000000
vt -2.549620 -3.379904 0.000000
vt -2.474620 -3.400000 0.000000
vt 1.046063 0.471239 0.000000
vt 0.250000 0.471239 0.000000
vt 1.043045 0.353359 0.000000
vt 0.250000 0.314159 0.000000
vt 1.039622 0.235639 0.000000
vt 0.250000 0.157080 0.000000
vt 1.036825 0.117950 0.000000
vt 0.250000 0.000000 0.000000
vt 1.035732 0.000000 0.000000
vt 18.368253 0.000000 0.000000
vt 17.582522 0.000000 0.000000
vt 18.369346 -0.117951 0.000000
vt 17.582522 -0.157080 0.000000
vt 18.372144 -0.235640 0.000000
vt 17.582522 -0.314159 0.000000
vt 18.375567 -0.353359 0.000000
vt 17.582522 -0.471239 0.000000
vt 18.378585 -0.471239 0.000000
vt -0.050000 -0.462147 0.000000
vt 0.050000 -0.424021 0.000000
vt -0.050000 -0.380787 0.000000
vt 0.050000 -0.323599 0.000000
vt -0.950000 -0.328250 0.000000
vt -0.950000 -0.275713 0.000000
vt 0.050000 -0.223177 0.000000
vt -0.950000 -0.223177 0.000000
vt 0.050000 -0.524443 0.000000
vt -0.050000 -0.543506 0.000000
vt 0.050000 -0.624866 0.000000
vt -0.050000 -0.624866 0.000000
vt -0.950000 -0.380787 0.000000
vt -0.700200 -0.609372 0.000000
vt -0.800200 -0.609372 0.000000
vt -0.700200 -0.685501 0.000000
vt -0.800200 -0.685501 0.000000
vt -0.700200 -0.761629 0.000000
vt -0.800200 -0.761629 0.000000
vt -0.700200 -0.837758 0.000000
vt -0.800200 -0.837758 0.000000
vt -0.000000 0.108369 0.000000
vt -0.000000 0.000000 0.000000
vt 0.072924 0.101672 0.000000
vt 0.129107 0.000005 0.000000
vt 0.260080 0.101672 0.000000
vt 0.258450 0.000005 0.000000
vt 0.336253 0.101672 0.000000
vt 0.387831 -0.000011 0.000000
vt 0.519323 0.111150 0.000000
vt 0.518209 0.004150 0.000000
vt 0.518182 -0.000000 0.000000
vt 0.336253 0.152514 0.000000
vt 0.515983 0.208790 0.000000
vt 0.336253 0.203358 0.000000
vt 0.336253 0.254197 0.000000
vt 0.260080 0.203359 0.000000
vt 0.260080 0.254197 0.000000
vt 0.072924 0.203361 0.000000
vt 0.072924 0.254197 0.000000
vt -0.000000 0.203361 0.000000
vt -0.000000 0.298354 0.000000
vt 0.072924 0.305081 0.000000
vt -0.000000 0.406723 0.000000
vt 0.260080 0.305187 0.000000
vt 0.487193 0.406691 0.000000
vt 0.336253 0.305231 0.000000
vt 0.506001 0.305327 0.000000
vt 0.072924 0.152514 0.000000
vt 0.260080 0.152514 0.000000
vt 0.298641 0.246531 0.000000
vt 0.000000 0.246534 0.000000
vt 0.087144 0.184900 0.000000
vt 0.000000 0.163355 0.000000
vt 0.087144 0.123263 0.000000
vt 0.000000 0.083179 0.000000
vt 0.087144 0.061633 0.000000
vt 0.000000 0.000000 0.000000
vt 0.253378 0.000000 0.000000
vt 0.567362 0.000038 0.000000
vt 0.389916 0.061633 0.000000
vt 0.302772 0.061633 0.000000
vt 0.302772 0.123253 0.000000
vt 0.581015 0.063418 0.000000
vt 0.389916 0.123249 0.000000
vt 0.591286 0.123240 0.000000
vt 0.389916 0.184900 0.000000
vt 0.302772 0.184900 0.000000
vt 0.598176 0.182884 0.000000
vt 0.601931 0.246534 0.000000
vt 0.784381 0.000001 0.000000
vt 0.885028 0.000000 0.000000
vt 0.775539 0.076764 0.000000
vt 0.895950 0.081775 0.000000
vt 0.775539 0.153528 0.000000
vt 0.901039 0.154963 0.000000
vt 0.902469 0.227390 0.000000
vt 0.901649 0.307056 0.000000
vt 0.810712 0.307026 0.000000
vt 0.775539 0.230292 0.000000
vt 0.638401 0.230292 0.000000
vt 0.638401 0.153528 0.000000
vt 0.501263 0.230292 0.000000
vt 0.501263 0.153528 0.000000
vt 0.364125 0.230292 0.000000
vt 0.364125 0.153528 0.000000
vt 0.226987 0.230292 0.000000
vt 0.226987 0.153528 0.000000
vt 0.113494 0.230292 0.000000
vt 0.113494 0.153528 0.000000
vt 0.000000 0.202591 0.000000
vt 0.000000 0.104465 0.000000
vt 0.705208 0.306960 0.000000
vt 0.578919 0.306188 0.000000
vt 0.474024 0.306990 0.000000
vt 0.354457 0.306898 0.000000
vt 0.233998 0.307056 0.000000
vt 0.115141 0.306891 0.000000
vt 0.000000 0.307056 0.000000
vt 0.113494 0.076764 0.000000
vt 0.000000 0.000000 0.000000
vt 0.111733 0.000000 0.000000
vt 0.224768 0.000018 0.000000
vt 0.226987 0.076764 0.000000
vt 0.338275 0.000013 0.000000
vt 0.364125 0.076764 0.000000
vt 0.451749 0.000016 0.000000
vt 0.501263 0.076764 0.000000
vt 0.564913 0.000038 0.000000
vt 0.638401 0.076764 0.000000
vt 0.676317 0.000028 0.000000
vt 0.237817 0.000000 0.000000
vt 0.235088 0.019750 0.000000
vt 0.196477 0.076196 0.000000
vt 0.231298 0.093105 0.000000
vt 0.196477 0.152393 0.000000
vt 0.224453 0.162268 0.000000
vt 0.196477 0.228607 0.000000
vt 0.214622 0.231636 0.000000
vt 0.202283 0.304820 0.000000
vt 0.075257 0.228607 0.000000
vt -0.000000 0.304820 0.000000
vt 0.049614 0.228607 0.000000
vt -0.000000 0.201116 0.000000
vt 0.049614 0.152393 0.000000
vt -0.000000 0.103704 0.000000
vt 0.049614 0.076196 0.000000
vt -0.000000 0.000000 0.000000
vt 0.075257 0.076196 0.000000
vt 0.075257 0.152393 0.000000
vt 0.000000 -0.065450 0.000000
vt 0.395911 -0.050827 0.000000
vt 0.000000 0.000000 0.000000
vt 0.406115 0.000000 0.000000
vt 0.426209 0.047834 0.000000
vt 0.395140 -0.102539 0.000000
vt 0.000000 -0.130900 0.000000
vt 0.398350 -0.154821 0.000000
vt 0.000000 -0.196350 0.000000
vt 0.399560 -0.206440 0.000000
vt 0.000000 -0.261799 0.000000
vt 0.397014 -0.258940 0.000000
vt 0.394613 -0.310368 0.000000
vt 0.000000 -0.327249 0.000000
vt 0.398756 -0.362660 0.000000
vt 0.000000 -0.392699 0.000000
vt 0.412971 -0.411775 0.000000
vt 0.412971 0.373623 0.000000
vt 0.000000 0.392699 0.000000
vt 0.000000 0.327249 0.000000
vt 0.436302 0.326404 0.000000
vt 0.462925 0.282088 0.000000
vt 0.000000 0.261799 0.000000
vt 0.486741 0.235699 0.000000
vt 0.000000 0.196350 0.000000
vt 0.493422 0.211236 0.000000
vt 0.494063 0.186346 0.000000
vt 0.000000 0.130900 0.000000
vt 0.478328 0.138134 0.000000
vt 0.452467 0.093404 0.000000
vt 0.000000 0.065450 0.000000
vt 0.000000 -0.065450 0.000000
vt 0.426209 -0.047834 0.000000
vt 0.000000 0.000000 0.000000
vt 0.406115 0.000000 0.000000
vt 0.395911 0.050827 0.000000
vt 0.452467 -0.093404 0.000000
vt 0.000000 -0.130900 0.000000
vt 0.478328 -0.138134 0.000000
vt 0.000000 -0.196350 0.000000
vt 0.494063 -0.186346 0.000000
vt 0.493422 -0.211236 0.000000
vt 0.486741 -0.235699 0.000000
vt 0.000000 -0.261799 0.000000
vt 0.462925 -0.282088 0.000000
vt 0.000000 -0.327249 0.000000
vt 0.436302 -0.326404 0.000000
vt 0.412971 -0.373623 0.000000
vt 0.000000 -0.392699 0.000000
vt 0.398756 -0.422739 0.000000
vt 0.398756 0.362660 0.000000
vt 0.000000 0.392699 0.000000
vt 0.000000 0.327249 0.000000
vt 0.394613 0.310368 0.000000
vt 0.000000 0.261799 0.000000
vt 0.397014 0.258940 0.000000
vt 0.399560 0.206440 0.000000
vt 0.000000 0.196350 0.000000
vt 0.398350 0.154821 0.000000
vt 0.000000 0.130900 0.000000
vt 0.395140 0.102539 0.000000
vt 0.000000 0.065450 0.000000
vt -0.000000 -0.163625 0.000000
vt -0.145829 -0.163625 0.000000
vt 0.000000 -0.196350 0.000000
vt 0.000000 -0.098175 0.000000
vt -0.145829 -0.098175 0.000000
vt -0.000000 -0.130900 0.000000
vt -0.000000 -0.032725 0.000000
vt -0.145829 -0.032725 0.000000
vt -0.000000 -0.065450 0.000000
vt -0.000000 0.032725 0.000000
vt -0.145829 0.032725 0.000000
vt 0.000000 0.000000 0.000000
vt 0.000000 0.098175 0.000000
vt -0.145829 0.098175 0.000000
vt -0.000000 0.065450 0.000000
vt 0.000000 0.163625 0.000000
vt -0.145829 0.163625 0.000000
vt -0.000000 0.130900 0.000000
vt 0.000000 0.196350 0.000000
vt -0.145829 0.196350 0.000000
vt -0.145829 0.065450 0.000000
vt -0.145829 -0.065450 0.000000
vt -0.145829 0.130900 0.000000
vt -0.145829 0.000000 0.000000
vt -0.145829 -0.130900 0.000000
vt 1.311658 -0.065450 0.000000
vt 2.111658 -0.065450 0.000000
vt 1.311658 0.000000 0.000000
vt 2.111658 0.000000 0.000000
vt 1.311658 0.065450 0.000000
vt 2.111658 0.065450 0.000000
vt 1.311658 0.130900 0.000000
vt 2.111658 0.130900 0.000000
vt 1.311658 0.196350 0.000000
vt 2.111658 0.196350 0.000000
vt 1.311658 0.261799 0.000000
vt 2.111658 0.261799 0.000000
vt 1.311658 0.327249 0.000000
vt 2.111658 0.327249 0.000000
vt 1.311658 0.392699 0.000000
vt 2.111658 0.392699 0.000000
vt 1.311658 -0.392699 0.000000
vt 2.111658 -0.392699 0.000000
vt 1.311658 -0.327249 0.000000
vt 2.111658 -0.327249 0.000000
vt 1.311658 -0.261799 0.000000
vt 2.111658 -0.261799 0.000000
vt 1.311658 -0.196350 0.000000
vt 2.111658 -0.196350 0.000000
vt 1.311658 -0.130900 0.000000
vt 2.111658 -0.130900 0.000000
vt -0.000000 -0.163625 0.000000
vt -0.145829 -0.163625 0.000000
vt 0.000000 -0.196350 0.000000
vt 0.000000 -0.098175 0.000000
vt -0.145829 -0.098175 0.000000
vt -0.000000 -0.130900 0.000000
vt -0.000000 -0.032725 0.000000
vt -0.145829 -0.032725 0.000000
vt -0.000000 -0.065450 0.000000
vt -0.000000 0.032725 0.000000
vt -0.145829 0.032725 0.000000
vt 0.000000 0.000000 0.000000
vt 0.000000 0.098175 0.000000
vt -0.145829 0.098175 0.000000
vt -0.000000 0.065450 0.000000
vt 0.000000 0.163625 0.000000
vt -0.145829 0.163625 0.000000
vt -0.000000 0.130900 0.000000
vt 0.000000 0.196350 0.000000
vt -0.145829 0.196350 0.000000
vt -0.145829 0.065450 0.000000
vt -0.145829 -0.065450 0.000000
vt -0.145829 0.130900 0.000000
vt -0.145829 0.000000 0.000000
vt -0.145829 -0.130900 0.000000
vt 1.311658 -0.065450 0.000000
vt 2.111658 -0.065450 0.000000
vt 1.311658 0.000000 0.000000
vt 2.111658 0.000000 0.000000
vt 1.311658 0.065450 0.000000
vt 2.111658 0.065450 0.000000
vt 1.311658 0.130900 0.000000
vt 2.111658 0.130900 0.000000
vt 1.311658 0.196350 0.000000
vt 2.111658 0.196350 0.000000
vt 1.311658 0.261799 0.000000
vt 2.111658 0.261799 0.000000
vt 1.311658 0.327249 0.000000
vt 2.111658 0.327249 0.000000
vt 1.311658 0.392699 0.000000
vt 2.111658 0.392699 0.000000
vt 1.311658 -0.392699 0.000000
vt 2.111658 -0.392699 0.000000
vt 1.311658 -0.327249 0.000000
vt 2.111658 -0.327249 0.000000
vt 1.311658 -0.261799 0.000000
vt 2.111658 -0.261799 0.000000
vt 1.311658 -0.196350 0.000000
vt 2.111658 -0.196350 0.000000
vt 1.311658 -0.130900 0.000000
vt 2.111658 -0.130900 0.000000
vn 0.086603 -0.050000 0.000000
vn 0.098499 -0.017262 0.000000
vn 0.100000 -0.000000 0.000000
vn 0.099784 -0.006567 0.000000
vn 0.099476 0.010225 0.000000
vn 0.050000 -0.086603 0.000000
vn 0.050000 -0.086603 0.000000
vn 0.086603 -0.050000 0.000000
vn 0.098014 -0.019831 0.000000
vn 0.099036 -0.013855 0.000000
vn 0.100000 -0.000000 0.000000
vn 0.099998 -0.000596 0.000000
vn 0.098348 0.018104 0.000000
vn 0.086603 0.050000 0.000000
vn 0.092661 0.037603 0.000000
vn 0.083323 0.055292 0.000000
vn 0.072673 0.068692 0.000000
vn 0.050000 0.086603 0.000000
vn 0.063144 0.077543 0.000000
vn 0.060471 0.079645 0.000000
vn 0.060214 0.079839 0.000000
vn 0.050000 0.086603 0.000000
vn 0.066511 0.074675 0.000000
vn 0.086603 0.050000 0.000000
vn 0.076854 0.063980 0.000000
vn 0.087357 0.048670 0.000000
vn 0.095394 0.030000 0.000000
vn -0.000000 -0.100000 0.000000
vn -0.000000 -0.100000 0.000000
vn -0.050000 -0.086603 0.000000
vn -0.050000 -0.086603 0.000000
vn -0.086603 -0.050000 0.000000
vn -0.086603 -0.050000 0.000000
vn -0.100000 0.000000 0.000000
vn -0.100000 0.000000 0.000000
vn -0.086603 0.050000 0.000000
vn -0.086603 0.050000 0.000000
vn -0.050000 0.086603 0.000000
vn -0.050000 0.086603 0.000000
vn -0.000000 0.100000 0.000000
vn -0.000000 0.100000 0.000000
vn 0.086603 -0.050000 0.000000
vn 0.095394 -0.030000 0.000000
vn 0.100000 -0.000000 0.000000
vn 0.099476 -0.010225 0.000000
vn 0.099784 0.006567 0.000000
vn 0.050000 -0.086603 0.000000
vn 0.076854 -0.063980 0.000000
vn 0.087357 -0.048670 0.000000
vn -0.000000 -0.100000 0.000000
vn -0.000000 -0.100000 0.000000
vn 0.050000 -0.086603 0.000000
vn 0.060214 -0.079839 0.000000
vn 0.060471 -0.079645 0.000000
vn 0.063144 -0.077543 0.000000
vn 0.072673 -0.068692 0.000000
vn 0.086603 -0.050000 0.000000
vn 0.083323 -0.055292 0.000000
vn 0.092661 -0.037603 0.000000
vn 0.098348 -0.018104 0.000000
vn 0.100000 -0.000000 0.000000
vn 0.099998 0.000596 0.000000
vn 0.099036 0.013855 0.000000
vn 0.098014 0.019831 0.000000
vn 0.086603 0.050000 0.000000
vn 0.086603 0.050000 0.000000
vn 0.050000 0.086603 0.000000
vn 0.050000 0.086603 0.000000
vn -0.000000 0.100000 0.000000
vn -0.000000 0.100000 0.000000
vn -0.050000 0.086603 0.000000
vn -0.050000 0.086603 0.000000
vn -0.086603 0.050000 0.000000
vn -0.086603 0.050000 0.000000
vn -0.100000 0.000000 0.000000
vn -0.100000 0.000000 0.000000
vn -0.086603 -0.050000 0.000000
vn -0.086603 -0.050000 0.000000
vn -0.050000 -0.086603 0.000000
vn -0.050000 -0.086603 0.000000
vn 0.098499 0.017262 0.000000
vn 0.066511 -0.074675 0.000000
vn 0.099552 -0.009459 0.000000
vn 0.088156 -0.008512 0.046433
vn 0.099981 -0.001951 0.000000
vn 0.086176 0.001319 0.050715
vn 0.099845 0.005569 0.000000
vn 0.090957 0.011970 0.039794
vn 0.099144 0.013056 0.000000
vn 0.057326 -0.005771 0.081734
vn 0.049456 -0.001962 0.086892
vn 0.048550 0.000977 0.087418
vn 0.056848 -0.005667 0.082074
vn 0.053512 0.004289 0.084368
vn 0.058832 0.006400 0.080609
vn 0.065717 0.008632 0.074878
vn 0.099144 0.013056 0.000000
vn 0.099845 0.005569 0.000000
vn 0.099981 -0.001951 0.000000
vn 0.099552 -0.009459 0.000000
vn 0.000000 0.000000 -0.100000
vn 0.000000 0.000000 -0.100000
vn 0.000000 0.000000 -0.100000
vn 0.000000 0.000000 -0.100000
vn 0.000000 0.000000 -0.100000
vn 0.000000 0.000000 -0.100000
vn 0.000000 0.000000 -0.100000
vn 0.000000 0.000000 -0.100000
vn 0.000000 0.000000 -0.100000
vn 0.000000 0.000000 -0.100000
vn 0.000000 0.000000 -0.100000
vn 0.000000 0.000000 -0.100000
vn 0.000000 0.000000 -0.100000
vn 0.000000 0.000000 -0.100000
vn 0.000000 0.000000 -0.100000
vn 0.000000 0.000000 -0.100000
vn 0.000000 0.000000 -0.100000
vn 0.000000 0.000000 -0.100000
vn 0.000000 0.000000 -0.100000
vn 0.000000 0.000000 -0.100000
vn 0.000000 0.000000 0.100000
vn 0.000000 0.000000 0.100000
vn 0.000000 0.000000 0.100000
vn 0.000000 0.000000 0.100000
vn 0.000000 0.000000 0.100000
vn 0.000000 0.000000 0.100000
vn 0.000000 0.000000 0.100000
vn 0.000000 0.000000 0.100000
vn 0.000000 0.000000 0.100000
vn 0.000000 0.000000 0.100000
vn 0.000000 0.000000 0.100000
vn 0.000000 0.000000 0.100000
vn 0.000000 0.000000 0.100000
vn 0.000000 0.000000 0.100000
vn 0.000000 0.000000 0.100000
vn 0.000000 0.000000 0.100000
vn 0.100000 0.000000 0.000000
vn 0.100000 0.000000 0.000000
vn 0.100000 0.000000 0.000000
vn 0.100000 0.000000 0.000000
vn 0.100000 0.000000 0.000000
vn 0.100000 0.000000 0.000000
vn 0.100000 0.000000 0.000000
vn 0.100000 0.000000 0.000000
vn 0.100000 0.000000 0.000000
vn 0.100000 0.000000 0.000000
vn 0.100000 0.000000 0.000000
vn 0.100000 0.000000 0.000000
vn 0.000000 0.000000 0.100000
vn 0.000000 0.000000 0.100000
vn 0.000000 0.000000 0.100000
vn 0.000000 0.000000 0.100000
vn 0.000000 0.000000 0.100000
vn 0.000000 0.000000 0.100000
vn 0.000000 0.000000 0.100000
vn 0.000000 0.000000 0.100000
vn 0.000000 0.000000 0.100000
vn 0.000000 0.000000 0.100000
vn 0.000000 0.000000 0.100000
vn 0.000000 0.000000 0.100000
vn 0.000000 0.000000 0.100000
vn 0.000000 0.000000 0.100000
vn 0.000000 0.000000 0.100000
vn 0.000000 0.000000 0.100000
vn 0.098725 -0.015920 0.000000
vn 0.098745 -0.015796 0.000000
vn 0.098958 -0.014398 0.000000
vn 0.098985 -0.014211 0.000000
vn 0.098985 -0.014211 0.000000
vn 0.098479 -0.017377 0.000000
vn 0.098468 -0.017439 0.000000
vn 0.098188 -0.018953 0.000000
vn 0.098188 -0.018953 0.000000
vn 0.099166 -0.012887 0.000000
vn 0.099174 -0.012824 0.000000
vn 0.098958 -0.014398 0.000000
vn 0.099330 -0.011560 0.000000
vn 0.099366 -0.011246 0.000000
vn 0.099475 -0.010231 0.000000
vn 0.099532 -0.009665 0.000000
vn 0.099532 -0.009665 0.000000
vn 0.099475 -0.010231 0.000000
vn 0.099948 -0.003226 0.000000
vn 0.099999 -0.000476 0.000000
vn 0.099948 0.003226 0.000000
vn 0.099568 0.009282 0.000000
vn 0.099532 0.009665 0.000000
vn 0.099366 0.011246 0.000000
vn 0.099532 0.009665 0.000000
vn 0.098958 0.014398 0.000000
vn 0.098188 0.018953 0.000000
vn 0.098725 0.015920 0.000000
vn 0.098468 0.017439 0.000000
vn 0.098188 0.018953 0.000000
vn 0.098958 0.014398 0.000000
vn 0.099174 0.012824 0.000000
vn -0.043938 -0.089830 0.000000
vn -0.043938 -0.089830 0.000000
vn 0.005721 -0.099836 0.000000
vn -0.013212 -0.099123 0.000000
vn 0.016344 -0.098655 0.000000
vn 0.053912 -0.084223 0.000000
vn 0.047623 -0.087932 0.000000
vn 0.074738 -0.066439 0.000000
vn 0.088268 -0.046997 0.000000
vn 0.093183 -0.036289 0.000000
vn 0.099974 0.002289 0.000000
vn 0.099990 -0.001400 0.000000
vn 0.094182 0.033611 0.000000
vn 0.086025 0.050988 0.000000
vn 0.076691 0.064175 0.000000
vn 0.050000 0.086603 0.000000
vn 0.050000 0.086603 0.000000
vn 0.000000 0.000000 -0.100000
vn 0.000000 0.000000 -0.100000
vn 0.000000 0.000000 -0.100000
vn 0.000000 0.000000 -0.100000
vn 0.000000 0.000000 -0.100000
vn 0.000000 0.000000 -0.100000
vn 0.000000 0.000000 -0.100000
vn 0.000000 0.000000 -0.100000
vn 0.000000 0.000000 -0.100000
vn 0.000000 0.000000 -0.100000
vn 0.000000 0.000000 -0.100000
vn 0.000000 0.000000 -0.100000
vn 0.000000 0.000000 -0.100000
vn 0.000000 0.000000 -0.100000
vn 0.000000 0.000000 -0.100000
vn 0.000000 0.000000 -0.100000
vn 0.000000 0.000000 -0.100000
vn 0.000000 0.000000 -0.100000
vn 0.000000 0.000000 -0.100000
vn 0.000000 0.000000 -0.100000
vn 0.000000 0.000000 -0.100000
vn 0.000000 0.000000 -0.100000
vn 0.000000 0.000000 -0.100000
vn 0.000000 0.000000 -0.100000
vn 0.000000 0.000000 -0.100000
vn 0.000000 0.000000 -0.100000
vn 0.000000 0.000000 -0.100000
vn 0.000000 0.000000 -0.100000
vn 0.000000 0.000000 -0.100000
vn 0.000000 0.000000 -0.100000
vn 0.000000 0.000000 -0.100000
vn 0.000000 0.000000 -0.100000
vn 0.000000 0.000000 -0.100000
vn 0.000000 0.000000 -0.100000
vn 0.000000 0.000000 -0.100000
vn 0.000000 0.000000 -0.100000
vn 0.000000 0.000000 -0.100000
vn 0.000000 0.000000 -0.100000
vn 0.000000 0.000000 -0.100000
vn 0.000000 0.000000 -0.100000
vn 0.000000 0.000000 -0.100000
vn 0.000000 0.000000 -0.100000
vn 0.000000 0.000000 -0.100000
vn 0.000000 0.000000 -0.100000
vn 0.000000 0.000000 -0.100000
vn 0.000000 0.000000 -0.100000
vn 0.000000 0.000000 -0.100000
vn 0.000000 0.000000 -0.100000
vn 0.000000 0.000000 -0.100000
vn 0.000000 0.000000 -0.100000
vn 0.000000 0.000000 -0.100000
vn 0.000000 0.000000 -0.100000
vn 0.000000 0.000000 -0.100000
vn 0.000000 0.000000 -0.100000
vn 0.000000 0.000000 -0.100000
vn 0.000000 0.000000 -0.100000
vn 0.000000 0.000000 -0.100000
vn 0.000000 0.000000 -0.100000
vn 0.000000 0.000000 -0.100000
vn 0.000000 0.000000 -0.100000
vn 0.000000 0.000000 -0.100000
vn 0.000000 0.000000 -0.100000
vn 0.000000 0.000000 -0.100000
vn 0.000000 0.000000 -0.100000
vn 0.000000 0.000000 -0.100000
vn 0.000000 0.000000 -0.100000
vn 0.000000 0.000000 -0.100000
vn 0.000000 0.000000 -0.100000
vn 0.000000 0.000000 -0.100000
vn 0.000000 0.000000 -0.100000
vn 0.000000 0.000000 -0.100000
vn 0.000000 0.000000 -0.100000
vn 0.000000 0.000000 -0.100000
vn 0.000000 0.000000 -0.100000
vn 0.000000 0.000000 -0.100000
vn 0.000000 0.000000 -0.100000
vn 0.000000 0.000000 -0.100000
vn 0.000000 0.000000 -0.100000
vn 0.000000 0.000000 -0.100000
vn 0.000000 0.000000 -0.100000
vn 0.000000 0.000000 -0.100000
vn 0.000000 0.000000 -0.100000
vn 0.000000 0.000000 -0.100000
vn 0.000000 0.000000 -0.100000
vn 0.000000 0.000000 -0.100000
vn 0.000000 0.000000 -0.100000
vn 0.000000 0.000000 -0.100000
vn 0.000000 0.000000 -0.100000
vn 0.000000 0.000000 -0.100000
vn 0.000000 0.000000 -0.100000
vn 0.000000 0.000000 -0.100000
vn 0.000000 0.000000 -0.100000
vn 0.000000 0.000000 -0.100000
vn 0.000000 0.000000 -0.100000
vn 0.000000 0.000000 -0.100000
vn 0.000000 0.000000 -0.100000
vn 0.000000 0.000000 -0.100000
vn 0.000000 0.000000 -0.100000
vn 0.000000 0.000000 -0.100000
vn 0.000000 0.000000 -0.100000
vn 0.000000 0.000000 -0.100000
vn 0.000000 0.000000 -0.100000
vn 0.000000 0.000000 -0.100000
vn 0.000000 0.000000 -0.100000
vn 0.000000 0.000000 -0.100000
vn 0.000000 0.000000 -0.100000
vn 0.000000 0.000000 -0.100000
vn 0.000000 0.000000 -0.100000
vn 0.000000 0.000000 -0.100000
vn 0.000000 0.000000 -0.100000
vn 0.000000 0.000000 -0.100000
vn 0.000000 0.000000 -0.100000
vn 0.000000 0.000000 -0.100000
vn 0.000000 0.000000 -0.100000
vn 0.000000 0.000000 -0.100000
vn 0.000000 0.000000 -0.100000
vn 0.000000 0.000000 -0.100000
vn 0.000000 0.000000 -0.100000
vn 0.000000 0.000000 -0.100000
vn 0.000000 0.000000 -0.100000
vn 0.000000 0.000000 -0.100000
vn 0.000000 0.000000 -0.100000
vn 0.000000 0.000000 -0.100000
vn 0.000000 0.000000 -0.100000
vn 0.000000 0.000000 -0.100000
vn 0.000000 0.000000 -0.100000
vn 0.000000 0.000000 -0.100000
vn 0.000000 0.000000 -0.100000
vn 0.000000 0.000000 -0.100000
vn 0.000000 0.000000 -0.100000
vn 0.000000 0.000000 -0.100000
vn 0.000000 0.000000 -0.100000
vn 0.000000 0.000000 -0.100000
vn 0.000000 0.000000 -0.100000
vn 0.000000 0.000000 -0.100000
vn 0.000000 0.000000 -0.100000
vn 0.000000 0.000000 -0.100000
vn 0.000000 0.000000 -0.100000
vn 0.000000 0.000000 -0.100000
vn 0.000000 0.000000 -0.100000
vn 0.000000 0.000000 -0.100000
vn 0.000000 0.000000 -0.100000
vn 0.000000 0.000000 -0.100000
vn 0.000000 0.000000 -0.100000
vn 0.000000 0.000000 -0.100000
vn 0.000000 0.000000 -0.100000
vn 0.000000 0.000000 -0.100000
vn 0.000000 0.000000 -0.100000
vn 0.000000 0.000000 -0.100000
vn 0.000000 0.000000 -0.100000
vn 0.000000 0.000000 -0.100000
vn 0.000000 0.000000 -0.100000
vn 0.000000 0.000000 -0.100000
vn 0.000000 0.000000 -0.100000
vn 0.000000 0.000000 -0.100000
vn 0.000000 0.000000 -0.100000
vn 0.000000 0.000000 -0.100000
vn 0.000000 0.000000 -0.100000
vn 0.000000 0.000000 -0.100000
vn 0.000000 0.000000 -0.100000
vn 0.000000 0.000000 -0.100000
vn 0.000000 0.000000 -0.100000
vn 0.000000 0.000000 -0.100000
vn 0.000000 0.000000 -0.100000
vn 0.000000 0.000000 -0.100000
vn 0.000000 0.000000 -0.100000
vn 0.000000 0.000000 -0.100000
vn 0.000000 0.000000 -0.100000
vn 0.000000 0.000000 -0.100000
vn 0.000000 0.000000 -0.100000
vn 0.000000 0.000000 -0.100000
vn 0.000000 0.000000 -0.100000
vn 0.000000 0.000000 -0.100000
vn 0.000000 0.000000 -0.100000
vn 0.000000 0.000000 -0.100000
vn 0.000000 0.000000 -0.100000
vn 0.000000 0.000000 -0.100000
vn 0.000000 0.000000 -0.100000
vn 0.000000 0.000000 -0.100000
vn 0.000000 0.000000 -0.100000
vn 0.000000 0.000000 -0.100000
vn 0.000000 0.000000 -0.100000
vn 0.000000 0.000000 -0.100000
vn 0.000000 0.000000 -0.100000
vn 0.000000 0.000000 -0.100000
vn 0.000000 0.000000 -0.100000
vn 0.000000 0.000000 -0.100000
vn 0.000000 0.000000 -0.100000
vn 0.000000 0.000000 -0.100000
vn 0.000000 0.000000 -0.100000
vn 0.000000 0.000000 -0.100000
vn 0.000000 0.000000 -0.100000
vn 0.000000 0.000000 -0.100000
vn 0.000000 0.000000 -0.100000
vn 0.000000 0.000000 -0.100000
vn 0.000000 0.000000 -0.100000
vn 0.000000 0.000000 -0.100000
vn 0.000000 0.000000 -0.100000
vn 0.000000 0.000000 -0.100000
vn 0.000000 0.000000 -0.100000
vn 0.000000 0.000000 -0.100000
vn 0.000000 0.000000 -0.100000
vn 0.000000 0.000000 -0.100000
vn 0.000000 0.000000 -0.100000
vn 0.000000 0.000000 -0.100000
vn 0.000000 0.000000 -0.100000
vn 0.000000 -0.100000 0.000000
vn 0.000000 -0.100000 0.000000
vn 0.000000 -0.100000 0.000000
vn 0.000000 -0.100000 0.000000
vn 0.000000 -0.100000 0.000000
vn 0.000000 -0.100000 0.000000
vn 0.000000 -0.100000 0.000000
vn 0.000000 -0.100000 0.000000
vn 0.000000 -0.100000 0.000000
vn 0.000000 -0.100000 0.000000
vn 0.000000 -0.100000 0.000000
vn 0.000000 -0.100000 0.000000
vn 0.000000 -0.100000 0.000000
vn 0.000000 -0.100000 0.000000
vn 0.000000 -0.100000 0.000000
vn -0.081915 0.057358 0.000000
vn -0.081915 0.057358 0.000000
vn -0.081915 0.057358 0.000000
vn -0.081915 0.057358 0.000000
vn -0.081915 0.057358 0.000000
vn -0.100000 0.000000 0.000000
vn -0.100000 0.000000 0.000000
vn -0.100000 0.000000 0.000000
vn -0.100000 0.000000 0.000000
vn -0.100000 0.000000 0.000000
vn -0.100000 0.000000 0.000000
vn -0.100000 0.000000 0.000000
vn -0.100000 0.000000 0.000000
vn -0.100000 0.000000 0.000000
vn -0.100000 0.000000 0.000000
vn -0.100000 0.000000 0.000000
vn -0.100000 0.000000 0.000000
vn -0.100000 0.000000 0.000000
vn -0.100000 0.000000 0.000000
vn -0.100000 0.000000 0.000000
vn -0.100000 0.000000 0.000000
vn -0.100000 0.000000 0.000000
vn -0.100000 0.000000 0.000000
vn -0.100000 0.000000 0.000000
vn -0.100000 0.000000 0.000000
vn -0.100000 0.000000 0.000000
vn -0.100000 0.000000 0.000000
vn -0.100000 0.000000 0.000000
vn -0.100000 0.000000 0.000000
vn -0.100000 0.000000 0.000000
vn -0.100000 0.000000 0.000000
vn -0.100000 0.000000 0.000000
vn -0.100000 0.000000 0.000000
vn -0.100000 0.000000 0.000000
vn -0.100000 0.000000 0.000000
vn -0.100000 0.000000 0.000000
vn -0.100000 0.000000 0.000000
vn -0.100000 0.000000 0.000000
vn -0.100000 0.000000 0.000000
vn -0.100000 0.000000 0.000000
vn -0.100000 0.000000 0.000000
vn -0.100000 0.000000 0.000000
vn -0.100000 0.000000 0.000000
vn -0.100000 0.000000 0.000000
vn -0.100000 0.000000 0.000000
vn -0.100000 0.000000 0.000000
vn -0.100000 0.000000 0.000000
vn -0.100000 0.000000 0.000000
vn -0.100000 0.000000 0.000000
vn -0.100000 0.000000 0.000000
vn -0.100000 0.000000 0.000000
vn -0.100000 0.000000 0.000000
vn -0.100000 0.000000 0.000000
vn -0.100000 0.000000 0.000000
vn -0.100000 0.000000 0.000000
vn -0.100000 0.000000 0.000000
vn -0.100000 0.000000 0.000000
vn -0.100000 0.000000 0.000000
vn -0.100000 0.000000 0.000000
vn -0.100000 0.000000 0.000000
vn -0.100000 0.000000 0.000000
vn -0.100000 0.000000 0.000000
vn -0.100000 0.000000 0.000000
vn -0.100000 0.000000 0.000000
vn -0.100000 0.000000 0.000000
vn -0.081915 -0.057358 0.000000
vn -0.081915 -0.057358 0.000000
vn -0.081915 -0.057358 0.000000
vn -0.081915 -0.057358 0.000000
vn -0.081915 -0.057358 0.000000
vn -0.008716 -0.099619 0.000000
vn -0.008716 -0.099619 0.000000
vn -0.008716 -0.099619 0.000000
vn -0.008716 -0.099619 0.000000
vn -0.008716 -0.099619 0.000000
vn -0.008716 -0.099619 0.000000
vn -0.008716 -0.099619 0.000000
vn -0.008716 -0.099619 0.000000
vn 0.060102 -0.079923 0.000000
vn 0.018077 -0.098353 0.000000
vn 0.023745 -0.097140 0.000000
vn 0.000000 -0.100000 0.000000
vn -0.020254 -0.097927 0.000000
vn -0.019988 -0.097982 0.000000
vn -0.047632 -0.087927 0.000000
vn -0.060330 -0.079751 0.000000
vn -0.071309 -0.070107 0.000000
vn -0.088724 -0.046131 0.000000
vn -0.088724 -0.046131 0.000000
vn 0.063145 -0.077542 0.000000
vn 0.089471 -0.044664 0.000000
vn 0.090318 -0.042927 0.000000
vn 0.100000 0.000000 0.000000
vn 0.100000 0.000000 0.000000
vn 0.100000 0.000000 0.000000
vn 0.100000 0.000000 0.000000
vn 0.100000 0.000000 0.000000
vn 0.100000 0.000000 0.000000
vn 0.100000 0.000000 0.000000
vn 0.100000 0.000000 0.000000
vn 0.100000 -0.000000 0.000000
vn 0.100000 -0.000000 0.000000
vn 0.100000 -0.000000 0.000000
vn 0.100000 -0.000000 0.000000
vn 0.100000 -0.000000 0.000000
vn 0.100000 -0.000000 0.000000
vn 0.100000 -0.000000 0.000000
vn 0.100000 -0.000000 0.000000
vn 0.090318 0.042927 0.000000
vn 0.089471 0.044664 0.000000
vn 0.063145 0.077542 0.000000
vn 0.060102 0.079923 0.000000
vn 0.023745 0.097140 0.000000
vn 0.018077 0.098353 0.000000
vn 0.000000 0.100000 0.000000
vn -0.020254 0.097927 -0.000000
vn -0.019988 0.097982 -0.000000
vn -0.047632 0.087927 -0.000000
vn -0.060330 0.079751 -0.000000
vn -0.071309 0.070107 -0.000000
vn -0.088724 0.046131 -0.000000
vn -0.088724 0.046131 -0.000000
vn -0.086603 -0.050000 0.000000
vn -0.086603 -0.050000 0.000000
vn -0.100000 0.000000 0.000000
vn -0.100000 0.000000 0.000000
vn -0.086603 0.050000 0.000000
vn -0.086603 0.050000 0.000000
vn -0.050000 0.086603 0.000000
vn -0.050000 0.086603 0.000000
vn 0.000000 0.100000 0.000000
vn 0.000000 0.100000 0.000000
vn 0.050000 0.086603 0.000000
vn 0.050000 0.086603 0.000000
vn 0.086603 0.050000 0.000000
vn 0.086603 0.050000 0.000000
vn 0.100000 0.000000 0.000000
vn 0.100000 0.000000 0.000000
vn 0.086603 -0.050000 0.000000
vn 0.086603 -0.050000 0.000000
vn 0.050000 -0.086603 0.000000
vn 0.050000 -0.086603 0.000000
vn -0.000000 -0.100000 0.000000
vn -0.000000 -0.100000 0.000000
vn -0.050000 -0.086603 0.000000
vn -0.050000 -0.086603 0.000000
vn -0.000000 0.100000 -0.000000
vn -0.000000 0.100000 -0.000000
vn -0.000000 0.100000 -0.000000
vn -0.000000 0.100000 -0.000000
vn -0.000000 0.100000 -0.000000
vn -0.000000 0.100000 -0.000000
vn -0.000000 0.100000 -0.000000
vn -0.000000 0.100000 -0.000000
vn -0.000000 0.100000 -0.000000
vn -0.000000 0.100000 -0.000000
vn -0.000000 0.100000 -0.000000
vn -0.000000 0.100000 -0.000000
vn -0.000000 0.100000 -0.000000
vn -0.000000 0.100000 -0.000000
vn -0.000000 0.100000 -0.000000
vn -0.008716 0.099619 0.000000
vn -0.008716 0.099619 0.000000
vn -0.008716 0.099619 0.000000
vn -0.008716 0.099619 0.000000
vn -0.008716 0.099619 0.000000
vn -0.008716 0.099619 0.000000
vn -0.008716 0.099619 0.000000
vn -0.008716 0.099619 0.000000
vn -0.086603 -0.050000 0.000000
vn -0.086603 -0.050000 0.000000
vn -0.100000 0.000000 0.000000
vn -0.100000 0.000000 0.000000
vn -0.086603 0.050000 0.000000
vn -0.086603 0.050000 0.000000
vn -0.050000 0.086603 0.000000
vn -0.050000 0.086603 0.000000
vn 0.000000 0.100000 0.000000
vn -0.000000 0.100000 0.000000
vn 0.050000 0.086603 0.000000
vn 0.050000 0.086603 0.000000
vn 0.086603 0.050000 0.000000
vn 0.086603 0.050000 0.000000
vn 0.100000 0.000000 0.000000
vn 0.100000 0.000000 0.000000
vn 0.086603 -0.050000 0.000000
vn 0.086603 -0.050000 0.000000
vn 0.050000 -0.086603 0.000000
vn 0.050000 -0.086603 0.000000
vn -0.000000 -0.100000 0.000000
vn 0.000000 -0.100000 0.000000
vn -0.050000 -0.086603 0.000000
vn -0.050000 -0.086603 0.000000
vn 0.062712 0.077892 0.000000
vn 0.062712 0.077892 0.000000
vn 0.026578 0.096403 0.000000
vn 0.026578 0.096403 0.000000
vn -0.013938 0.099024 0.000000
vn -0.013938 0.099024 0.000000
vn -0.052156 0.085321 0.000000
vn -0.052156 0.085321 0.000000
vn -0.081777 0.057554 0.000000
vn -0.081777 0.057554 0.000000
vn -0.097918 0.020300 0.000000
vn -0.097918 0.020300 0.000000
vn -0.097918 -0.020300 0.000000
vn -0.097918 -0.020300 0.000000
vn -0.081777 -0.057554 0.000000
vn -0.081777 -0.057554 0.000000
vn -0.052156 -0.085321 0.000000
vn -0.052156 -0.085321 0.000000
vn -0.013938 -0.099024 0.000000
vn -0.013938 -0.099024 0.000000
vn 0.026578 -0.096403 0.000000
vn 0.026578 -0.096403 0.000000
vn 0.062712 -0.077892 0.000000
vn 0.062712 -0.077892 0.000000
vn 0.043668 -0.089962 0.000000
vn 0.043668 -0.089962 0.000000
vn 0.022403 -0.097458 0.000000
vn 0.022403 -0.097458 0.000000
vn 0.022403 0.097458 0.000000
vn 0.022403 0.097458 0.000000
vn 0.043668 0.089962 0.000000
vn 0.043668 0.089962 0.000000
vn -0.036921 0.092935 -0.000000
vn -0.036921 0.092935 -0.000000
vn -0.062024 0.078442 -0.000000
vn -0.062024 0.078442 -0.000000
vn -0.062024 -0.078442 0.000000
vn -0.062024 -0.078442 0.000000
vn -0.036921 -0.092935 0.000000
vn -0.036921 -0.092935 0.000000
vn 0.000000 0.000000 -0.100000
vn 0.000000 0.000000 -0.100000
vn 0.000000 0.000000 -0.100000
vn 0.000000 0.000000 -0.100000
vn 0.000000 0.000000 -0.100000
vn 0.000000 0.000000 -0.100000
vn 0.000000 0.000000 -0.100000
vn 0.000000 0.000000 -0.100000
vn 0.000000 0.000000 -0.100000
vn 0.000000 0.000000 -0.100000
vn 0.000000 0.000000 -0.100000
vn 0.000000 0.000000 -0.100000
vn 0.000000 0.000000 -0.100000
vn 0.000000 0.000000 -0.100000
vn 0.000000 0.000000 -0.100000
vn 0.000000 0.000000 -0.100000
vn 0.000000 0.000000 -0.100000
vn 0.000000 0.000000 -0.100000
vn 0.000000 0.000000 -0.100000
vn 0.000000 0.000000 -0.100000
vn 0.000000 0.000000 -0.100000
vn 0.000000 0.000000 -0.100000
vn 0.000000 0.000000 -0.100000
vn 0.000000 0.000000 -0.100000
vn 0.000000 0.000000 -0.100000
vn 0.000000 0.000000 -0.100000
vn 0.000000 0.000000 -0.100000
vn 0.000000 0.000000 -0.100000
vn 0.000000 0.000000 -0.100000
vn 0.000000 0.000000 -0.100000
vn 0.000000 0.000000 -0.100000
vn 0.000000 0.000000 -0.100000
vn 0.000000 0.000000 -0.100000
vn 0.000000 0.000000 -0.100000
vn 0.000000 0.000000 -0.100000
vn 0.000000 0.000000 -0.100000
vn 0.000000 0.000000 -0.100000
vn 0.000000 0.000000 -0.100000
vn 0.000000 0.000000 -0.100000
vn 0.000000 0.000000 -0.100000
vn 0.000000 0.000000 -0.100000
vn 0.000000 0.000000 -0.100000
vn 0.000000 0.000000 -0.100000
vn 0.000000 0.000000 -0.100000
vn 0.000000 0.000000 -0.100000
vn 0.000000 0.000000 -0.100000
vn 0.050000 0.086603 0.000000
vn 0.050000 0.086603 0.000000
vn 0.050000 0.086603 0.000000
vn 0.050000 0.086603 0.000000
vn -0.086603 0.050000 -0.000000
vn -0.086603 0.050000 -0.000000
vn -0.086603 0.050000 -0.000000
vn -0.086603 0.050000 -0.000000
vn 0.008716 0.099619 0.000000
vn 0.008716 0.099619 0.000000
vn 0.008716 0.099619 0.000000
vn 0.008716 0.099619 0.000000
vn -0.099619 0.008716 -0.000000
vn -0.099619 0.008716 -0.000000
vn -0.099619 0.008716 -0.000000
vn -0.099619 0.008716 -0.000000
vn 0.000000 0.000000 -0.100000
vn 0.000000 0.000000 -0.100000
vn 0.000000 0.000000 -0.100000
vn 0.000000 0.000000 -0.100000
vn 0.000000 0.000000 -0.100000
vn 0.000000 0.000000 -0.100000
vn 0.000000 0.000000 -0.100000
vn 0.000000 0.000000 -0.100000
vn 0.000000 0.000000 -0.100000
vn 0.000000 0.000000 -0.100000
vn 0.000000 0.000000 -0.100000
vn 0.000000 0.000000 -0.100000
vn 0.000000 0.000000 -0.100000
vn 0.000000 0.000000 -0.100000
vn 0.000000 0.000000 -0.100000
vn 0.000000 0.000000 -0.100000
vn 0.000000 0.000000 -0.100000
vn 0.000000 0.000000 -0.100000
vn 0.000000 0.000000 -0.100000
vn 0.000000 0.000000 -0.100000
vn 0.000000 0.000000 -0.100000
vn 0.000000 0.000000 -0.100000
vn 0.000000 0.000000 -0.100000
vn 0.000000 0.000000 -0.100000
vn 0.000000 0.000000 -0.100000
vn 0.000000 0.000000 -0.100000
vn 0.000000 0.000000 -0.100000
vn 0.000000 0.000000 -0.100000
vn 0.000000 0.000000 -0.100000
vn 0.000000 0.000000 -0.100000
vn 0.000000 0.000000 -0.100000
vn 0.000000 0.000000 -0.100000
vn 0.000000 0.000000 -0.100000
vn 0.000000 0.000000 -0.100000
vn 0.000000 0.000000 -0.100000
vn 0.000000 0.000000 -0.100000
vn 0.000000 0.000000 -0.100000
vn 0.000000 0.000000 -0.100000
vn 0.000000 0.000000 -0.100000
vn 0.000000 0.000000 -0.100000
vn 0.000000 0.000000 -0.100000
vn 0.000000 0.000000 -0.100000
vn -0.099619 -0.008716 0.000000
vn -0.099619 -0.008716 0.000000
vn -0.099619 -0.008716 0.000000
vn -0.099619 -0.008716 0.000000
vn 0.008716 -0.099619 0.000000
vn 0.008716 -0.099619 0.000000
vn 0.008716 -0.099619 0.000000
vn 0.008716 -0.099619 0.000000
vn -0.086603 -0.050000 0.000000
vn -0.086603 -0.050000 0.000000
vn -0.086603 -0.050000 0.000000
vn -0.086603 -0.050000 0.000000
vn 0.050000 -0.086603 0.000000
vn 0.050000 -0.086603 0.000000
vn 0.050000 -0.086603 0.000000
vn 0.050000 -0.086603 0.000000
vn -0.062024 0.078442 0.000000
vn -0.062024 0.078442 0.000000
vn -0.028680 0.095799 0.000000
vn -0.028680 0.095799 0.000000
vn -0.028680 -0.095799 0.000000
vn -0.028680 -0.095799 0.000000
vn -0.062024 -0.078442 0.000000
vn -0.062024 -0.078442 0.000000
vn -0.050000 -0.086603 0.000000
vn -0.050000 -0.086603 0.000000
vn 0.000000 -0.100000 0.000000
vn 0.000000 -0.100000 0.000000
vn 0.000000 0.100000 0.000000
vn 0.000000 0.100000 0.000000
vn -0.050000 0.086603 -0.000000
vn -0.050000 0.086603 -0.000000
vn 0.050000 -0.086603 0.000000
vn 0.050000 -0.086603 0.000000
vn 0.050000 -0.086603 0.000000
vn 0.050000 -0.086603 0.000000
vn -0.050000 -0.086603 0.000000
vn -0.050000 -0.086603 0.000000
vn -0.050000 -0.086603 0.000000
vn -0.050000 -0.086603 0.000000
vn -0.099668 0.008139 0.000000
vn -0.099668 0.008139 0.000000
vn -0.099668 0.008139 0.000000
vn -0.099668 0.008139 0.000000
vn -0.093921 0.034334 0.000000
vn -0.093921 0.034334 0.000000
vn -0.091658 0.039986 0.000000
vn -0.091658 0.039986 0.000000
vn -0.089054 0.045490 0.000000
vn -0.089054 0.045490 0.000000
vn -0.086121 0.050825 0.000000
vn -0.086121 0.050825 0.000000
vn -0.000000 0.100000 -0.000000
vn -0.000000 0.100000 -0.000000
vn -0.000000 0.100000 -0.000000
vn -0.000000 0.100000 -0.000000
vn 0.000000 0.000000 -0.100000
vn 0.000000 0.000000 -0.100000
vn 0.000000 0.000000 -0.100000
vn 0.000000 0.000000 -0.100000
vn 0.000000 0.000000 -0.100000
vn 0.000000 0.000000 -0.100000
vn 0.000000 0.000000 -0.100000
vn 0.000000 0.000000 -0.100000
vn 0.000000 0.000000 -0.100000
vn 0.000000 0.000000 -0.100000
vn 0.000000 0.000000 -0.100000
vn 0.000000 0.000000 -0.100000
vn 0.000000 0.000000 -0.100000
vn 0.000000 0.000000 -0.100000
vn 0.000000 0.000000 -0.100000
vn 0.000000 0.000000 -0.100000
vn 0.000000 0.000000 -0.100000
vn 0.000000 0.000000 -0.100000
vn 0.000000 0.000000 -0.100000
vn 0.000000 0.000000 -0.100000
vn 0.000000 0.000000 -0.100000
vn 0.000000 0.000000 -0.100000
vn 0.000000 0.000000 -0.100000
vn 0.000000 0.000000 -0.100000
vn 0.000000 0.000000 -0.100000
vn 0.000000 0.000000 -0.100000
vn 0.000000 0.000000 -0.100000
vn 0.000000 0.000000 -0.100000
vn 0.000000 0.000000 -0.100000
vn 0.000000 0.000000 -0.100000
vn 0.000000 0.000000 -0.100000
vn 0.000000 0.000000 -0.100000
vn 0.000000 0.000000 -0.100000
vn 0.000000 0.000000 -0.100000
vn 0.000000 0.000000 -0.100000
vn 0.000000 0.000000 -0.100000
vn 0.000000 0.000000 -0.100000
vn 0.000000 0.000000 -0.100000
vn 0.000000 0.000000 -0.100000
vn 0.000000 0.000000 -0.100000
vn 0.070711 0.070711 0.000000
vn 0.070711 0.070711 0.000000
vn 0.070711 0.070711 0.000000
vn 0.070711 0.070711 0.000000
vn 0.070711 -0.070711 0.000000
vn 0.070711 -0.070711 0.000000
vn 0.096593 -0.025882 0.000000
vn 0.096593 -0.025882 0.000000
vn 0.096593 0.025882 0.000000
vn 0.096593 0.025882 0.000000
vn 0.070711 -0.070711 0.000000
vn 0.070711 -0.070711 0.000000
vn 0.008716 0.099619 0.000000
vn 0.008716 0.099619 0.000000
vn 0.023117 0.097291 0.000000
vn 0.023117 0.097291 0.000000
vn 0.037027 0.092893 0.000000
vn 0.037027 0.092893 0.000000
vn 0.050148 0.086517 0.000000
vn 0.050148 0.086517 0.000000
vn 0.008716 0.099619 0.000000
vn 0.008716 0.099619 0.000000
vn 0.099619 -0.008716 0.000000
vn 0.099619 -0.008716 0.000000
vn 0.099619 -0.008716 0.000000
vn 0.099619 -0.008716 0.000000
vn 0.099619 0.008716 0.000000
vn 0.099619 0.008716 0.000000
vn 0.099619 0.008716 0.000000
vn 0.099619 0.008716 0.000000
vn 0.008716 -0.099619 0.000000
vn 0.008716 -0.099619 0.000000
vn 0.008716 -0.099619 0.000000
vn 0.008716 -0.099619 0.000000
vn 0.023117 -0.097291 0.000000
vn 0.023117 -0.097291 0.000000
vn 0.037027 -0.092893 0.000000
vn 0.037027 -0.092893 0.000000
vn 0.050148 -0.086517 0.000000
vn 0.050148 -0.086517 0.000000
vn 0.070711 0.070711 0.000000
vn 0.070711 0.070711 0.000000
vn 0.070711 0.070711 0.000000
vn 0.070711 0.070711 0.000000
vn 0.070711 -0.070711 0.000000
vn 0.070711 -0.070711 0.000000
vn 0.070711 -0.070711 0.000000
vn 0.070711 -0.070711 0.000000
vn 0.096593 -0.025882 0.000000
vn 0.096593 -0.025882 0.000000
vn 0.096593 0.025882 0.000000
vn 0.096593 0.025882 0.000000
vn 0.000000 0.000000 -0.100000
vn 0.000000 0.000000 -0.100000
vn 0.000000 0.000000 -0.100000
vn 0.000000 0.000000 -0.100000
vn 0.000000 0.000000 -0.100000
vn 0.000000 0.000000 -0.100000
vn 0.000000 0.000000 -0.100000
vn 0.000000 0.000000 -0.100000
vn 0.000000 0.000000 -0.100000
vn 0.000000 0.000000 -0.100000
vn 0.000000 0.000000 -0.100000
vn 0.000000 0.000000 -0.100000
vn 0.000000 0.000000 -0.100000
vn 0.000000 0.000000 -0.100000
vn 0.000000 0.000000 -0.100000
vn 0.000000 0.000000 -0.100000
vn 0.000000 0.000000 -0.100000
vn 0.000000 0.000000 -0.100000
vn 0.000000 0.000000 -0.100000
vn 0.000000 0.000000 -0.100000
vn 0.000000 0.000000 -0.100000
vn 0.000000 0.000000 -0.100000
vn 0.000000 0.000000 -0.100000
vn 0.000000 0.000000 -0.100000
vn 0.000000 0.000000 -0.100000
vn 0.000000 0.000000 -0.100000
vn 0.000000 0.000000 -0.100000
vn 0.000000 0.000000 -0.100000
vn 0.000000 0.000000 -0.100000
vn 0.000000 0.000000 -0.100000
vn 0.000000 0.000000 -0.100000
vn 0.000000 0.000000 -0.100000
vn 0.000000 0.000000 -0.100000
vn 0.000000 0.000000 -0.100000
vn 0.000000 0.000000 -0.100000
vn 0.000000 0.000000 -0.100000
vn 0.000000 0.000000 -0.100000
vn 0.000000 0.000000 -0.100000
vn 0.000000 0.000000 -0.100000
vn 0.000000 0.000000 -0.100000
vn 0.000000 0.000000 -0.100000
vn 0.000000 0.000000 -0.100000
vn 0.000000 0.000000 -0.100000
vn 0.000000 0.000000 -0.100000
vn 0.000000 0.000000 -0.100000
vn 0.000000 0.000000 -0.100000
vn 0.000000 0.000000 -0.100000
vn 0.000000 0.000000 -0.100000
vn 0.000000 0.000000 -0.100000
vn 0.000000 0.000000 -0.100000
vn 0.000000 0.000000 -0.100000
vn 0.000000 0.000000 -0.100000
vn 0.000000 0.000000 -0.100000
vn 0.000000 0.000000 -0.100000
vn 0.000000 0.000000 -0.100000
vn 0.000000 0.000000 -0.100000
vn 0.000000 0.000000 -0.100000
vn 0.000000 0.000000 -0.100000
vn 0.000000 0.000000 -0.100000
vn 0.000000 0.000000 -0.100000
vn 0.000000 0.000000 -0.100000
vn 0.000000 0.000000 -0.100000
vn 0.000000 0.000000 -0.100000
vn 0.000000 0.000000 -0.100000
vn 0.000000 0.000000 -0.100000
vn 0.000000 0.000000 -0.100000
vn 0.000000 0.000000 -0.100000
vn 0.000000 0.000000 -0.100000
vn 0.000000 0.000000 -0.100000
vn 0.000000 0.000000 -0.100000
vn 0.000000 0.000000 -0.100000
vn 0.000000 0.000000 -0.100000
vn 0.000000 0.000000 -0.100000
vn 0.000000 0.000000 -0.100000
vn 0.000000 0.000000 -0.100000
vn 0.000000 0.000000 -0.100000
vn 0.000000 0.000000 -0.100000
vn 0.000000 0.000000 -0.100000
vn 0.000000 0.000000 -0.100000
vn 0.000000 0.000000 -0.100000
vn 0.000000 0.000000 -0.100000
vn 0.000000 0.000000 -0.100000
vn 0.000000 0.000000 -0.100000
vn 0.000000 0.000000 -0.100000
vn 0.000000 0.000000 -0.100000
vn 0.000000 0.000000 -0.100000
vn 0.000000 0.000000 -0.100000
vn 0.000000 0.000000 -0.100000
vn 0.000000 0.000000 -0.100000
vn 0.000000 0.000000 -0.100000
vn 0.000000 0.000000 -0.100000
vn 0.000000 0.000000 -0.100000
vn 0.000000 0.000000 -0.100000
vn 0.000000 0.000000 -0.100000
vn 0.000000 0.000000 -0.100000
vn 0.000000 0.000000 -0.100000
vn 0.000000 0.000000 -0.100000
vn 0.000000 0.000000 -0.100000
vn 0.000000 0.000000 -0.100000
vn 0.000000 0.000000 -0.100000
vn 0.000000 0.000000 -0.100000
vn 0.000000 0.000000 -0.100000
vn 0.000000 0.000000 -0.100000
vn 0.000000 0.000000 -0.100000
vn 0.000000 0.000000 -0.100000
vn 0.000000 0.000000 -0.100000
vn 0.000000 0.000000 -0.100000
vn 0.000000 0.000000 -0.100000
vn 0.000000 0.000000 -0.100000
vn 0.000000 0.000000 -0.100000
vn 0.000000 0.000000 -0.100000
vn 0.000000 0.000000 -0.100000
vn -0.050000 0.086603 0.000000
vn -0.050000 0.086603 0.000000
vn -0.050000 0.086603 0.000000
vn -0.050000 0.086603 0.000000
vn 0.050000 0.086603 0.000000
vn 0.050000 0.086603 0.000000
vn 0.050000 0.086603 0.000000
vn 0.050000 0.086603 0.000000
vn 0.000000 -0.100000 0.000000
vn 0.000000 -0.100000 0.000000
vn 0.000000 -0.100000 0.000000
vn 0.000000 -0.100000 0.000000
vn -0.086121 -0.050825 0.000000
vn -0.086121 -0.050825 0.000000
vn -0.089054 -0.045490 0.000000
vn -0.089054 -0.045490 0.000000
vn -0.091658 -0.039986 0.000000
vn -0.091658 -0.039986 0.000000
vn -0.093921 -0.034334 0.000000
vn -0.093921 -0.034334 0.000000
vn -0.099668 -0.008139 0.000000
vn -0.099668 -0.008139 0.000000
vn -0.099668 -0.008139 0.000000
vn -0.099668 -0.008139 0.000000
vn 0.000000 0.000000 -0.100000
vn 0.000000 0.000000 -0.100000
vn 0.000000 0.000000 -0.100000
vn 0.000000 0.000000 -0.100000
vn 0.000000 0.000000 -0.100000
vn 0.000000 0.000000 -0.100000
vn 0.000000 0.000000 -0.100000
vn 0.000000 0.000000 -0.100000
vn 0.000000 0.000000 -0.100000
vn 0.000000 0.000000 -0.100000
vn 0.000000 0.000000 -0.100000
vn 0.000000 0.000000 -0.100000
vn 0.000000 0.000000 -0.100000
vn 0.000000 0.000000 -0.100000
vn 0.000000 0.000000 -0.100000
vn 0.000000 0.000000 -0.100000
vn 0.000000 0.000000 -0.100000
vn 0.000000 0.000000 -0.100000
vn 0.000000 0.000000 -0.100000
vn 0.000000 0.000000 -0.100000
vn 0.000000 0.000000 -0.100000
vn 0.000000 0.000000 -0.100000
vn 0.000000 0.000000 -0.100000
vn 0.000000 0.000000 -0.100000
vn 0.000000 0.000000 -0.100000
vn 0.000000 0.000000 -0.100000
vn 0.000000 0.000000 -0.100000
vn 0.000000 0.000000 -0.100000
vn 0.000000 0.000000 -0.100000
vn 0.000000 0.000000 -0.100000
vn 0.000000 0.000000 -0.100000
vn 0.000000 0.000000 -0.100000
vn 0.000000 0.000000 -0.100000
vn 0.000000 0.000000 -0.100000
vn 0.000000 0.000000 -0.100000
vn 0.000000 0.000000 -0.100000
vn 0.000000 0.000000 -0.100000
vn 0.000000 0.000000 -0.100000
vn 0.000000 0.000000 -0.100000
vn 0.000000 0.000000 -0.100000
vn 0.057358 -0.081915 0.000000
vn 0.057358 -0.081915 0.000000
vn 0.090631 -0.042262 0.000000
vn 0.090631 -0.042262 0.000000
vn 0.090631 -0.042262 0.000000
vn 0.057358 -0.081915 0.000000
vn 0.081915 0.057358 0.000000
vn 0.081915 0.057358 0.000000
vn 0.042262 0.090631 0.000000
vn 0.042262 0.090631 0.000000
vn -0.008716 0.099619 -0.000000
vn -0.008716 0.099619 -0.000000
vn 0.042262 0.090631 0.000000
vn 0.081915 0.057358 0.000000
vn -0.057358 0.081915 -0.000000
vn -0.057358 0.081915 -0.000000
vn -0.090631 0.042262 -0.000000
vn -0.090631 0.042262 -0.000000
vn -0.081915 -0.057358 0.000000
vn -0.081915 -0.057358 0.000000
vn -0.042262 -0.090631 0.000000
vn -0.042262 -0.090631 0.000000
vn -0.042262 0.090631 -0.000000
vn -0.042262 0.090631 -0.000000
vn -0.081915 0.057358 -0.000000
vn -0.081915 0.057358 -0.000000
vn -0.090631 -0.042262 0.000000
vn -0.090631 -0.042262 0.000000
vn -0.057358 -0.081915 0.000000
vn -0.057358 -0.081915 0.000000
vn -0.008716 -0.099619 0.000000
vn -0.008716 -0.099619 0.000000
vn 0.042262 -0.090631 0.000000
vn 0.042262 -0.090631 0.000000
vn 0.081915 -0.057358 0.000000
vn 0.081915 -0.057358 0.000000
vn 0.081915 -0.057358 0.000000
vn 0.042262 -0.090631 0.000000
vn 0.090631 0.042262 0.000000
vn 0.090631 0.042262 0.000000
vn 0.057358 0.081915 0.000000
vn 0.057358 0.081915 0.000000
vn 0.057358 0.081915 0.000000
vn 0.090631 0.042262 0.000000
vn 0.094679 0.032184 0.000000
vn 0.094679 0.032184 0.000000
vn 0.099156 -0.012968 0.000000
vn 0.099156 -0.012968 0.000000
vn 0.083218 -0.055450 0.000000
vn 0.083218 -0.055450 0.000000
vn 0.083218 0.055450 0.000000
vn 0.083218 0.055450 0.000000
vn 0.099156 0.012968 0.000000
vn 0.099156 0.012968 0.000000
vn 0.094679 -0.032184 0.000000
vn 0.094679 -0.032184 0.000000
vn 0.096593 -0.025882 0.000000
vn 0.096593 -0.025882 0.000000
vn 0.086603 -0.050000 0.000000
vn 0.086603 -0.050000 0.000000
vn 0.086603 0.050000 0.000000
vn 0.086603 0.050000 0.000000
vn 0.096593 0.025882 0.000000
vn 0.096593 0.025882 0.000000
vn -0.044604 0.025752 -0.085717
vn -0.044604 0.025752 -0.085717
vn -0.051504 0.000000 -0.085717
vn 0.000000 0.051504 -0.085717
vn 0.000000 0.051504 -0.085717
vn -0.025752 0.044604 -0.085717
vn 0.044604 0.025752 -0.085717
vn 0.044604 0.025752 -0.085717
vn 0.025752 0.044604 -0.085717
vn 0.044604 -0.025752 -0.085717
vn 0.044604 -0.025752 -0.085717
vn 0.051504 0.000000 -0.085717
vn 0.000000 -0.051504 -0.085717
vn 0.000000 -0.051504 -0.085717
vn 0.025752 -0.044604 -0.085717
vn -0.044604 -0.025752 -0.085717
vn -0.044604 -0.025752 -0.085717
vn -0.025752 -0.044604 -0.085717
vn -0.051504 -0.000000 -0.085717
vn 0.025752 -0.044604 -0.085717
vn 0.025752 0.044604 -0.085717
vn -0.025752 -0.044604 -0.085717
vn 0.051504 0.000000 -0.085717
vn -0.025752 0.044604 -0.085717
vn -0.086603 -0.050000 0.000000
vn -0.086603 -0.050000 0.000000
vn -0.100000 0.000000 0.000000
vn -0.100000 0.000000 0.000000
vn -0.086603 0.050000 0.000000
vn -0.086603 0.050000 0.000000
vn -0.050000 0.086603 0.000000
vn -0.050000 0.086603 0.000000
vn -0.000000 0.100000 0.000000
vn -0.000000 0.100000 0.000000
vn 0.050000 0.086603 0.000000
vn 0.050000 0.086603 0.000000
vn 0.086603 0.050000 0.000000
vn 0.086603 0.050000 0.000000
vn 0.100000 0.000000 0.000000
vn 0.100000 0.000000 0.000000
vn 0.086603 -0.050000 0.000000
vn 0.086603 -0.050000 0.000000
vn 0.050000 -0.086603 0.000000
vn 0.050000 -0.086603 0.000000
vn -0.000000 -0.100000 0.000000
vn -0.000000 -0.100000 0.000000
vn -0.050000 -0.086603 0.000000
vn -0.050000 -0.086603 0.000000
vn -0.044604 0.025752 -0.085717
vn -0.044604 0.025752 -0.085717
vn -0.051504 0.000000 -0.085717
vn 0.000000 0.051504 -0.085717
vn 0.000000 0.051504 -0.085717
vn -0.025752 0.044604 -0.085717
vn 0.044604 0.025752 -0.085717
vn 0.044604 0.025752 -0.085717
vn 0.025752 0.044604 -0.085717
vn 0.044604 -0.025752 -0.085717
vn 0.044604 -0.025752 -0.085717
vn 0.051504 0.000000 -0.085717
vn -0.000000 -0.051504 -0.085717
vn 0.000000 -0.051504 -0.085717
vn 0.025752 -0.044604 -0.085717
vn -0.044604 -0.025752 -0.085717
vn -0.044604 -0.025752 -0.085717
vn -0.025752 -0.044604 -0.085717
vn -0.051504 -0.000000 -0.085717
vn 0.025752 -0.044604 -0.085717
vn 0.025752 0.044604 -0.085717
vn -0.025752 -0.044604 -0.085717
vn 0.051504 0.000000 -0.085717
vn -0.025752 0.044604 -0.085717
vn -0.086603 -0.050000 0.000000
vn -0.086603 -0.050000 0.000000
vn -0.100000 0.000000 0.000000
vn -0.100000 0.000000 0.000000
vn -0.086603 0.050000 0.000000
vn -0.086603 0.050000 0.000000
vn -0.050000 0.086603 0.000000
vn -0.050000 0.086603 0.000000
vn 0.000000 0.100000 0.000000
vn 0.000000 0.100000 0.000000
vn 0.050000 0.086603 0.000000
vn 0.050000 0.086603 0.000000
vn 0.086603 0.050000 0.000000
vn 0.086603 0.050000 0.000000
vn 0.100000 0.000000 0.000000
vn 0.100000 0.000000 0.000000
vn 0.086603 -0.050000 0.000000
vn 0.086603 -0.050000 0.000000
vn 0.050000 -0.086603 0.000000
vn 0.050000 -0.086603 0.000000
vn -0.000000 -0.100000 0.000000
vn -0.000000 -0.100000 0.000000
vn -0.050000 -0.086603 0.000000
vn -0.050000 -0.086603 0.000000
vn 0.000000 0.000000 0.100000
vn 0.000000 0.000000 0.100000
vn 0.000000 0.000000 0.100000
vn 0.000000 0.000000 0.100000
vn 0.000000 0.000000 0.100000
vn 0.000000 0.000000 0.100000
vn 0.000000 0.000000 0.100000
vn 0.000000 0.000000 0.100000
vn 0.000000 0.000000 0.100000
vn 0.000000 0.000000 0.100000
vn 0.000000 0.000000 0.100000
vn 0.000000 0.000000 0.100000
vn 0.000000 0.000000 0.100000
vn 0.000000 0.000000 0.100000
vn 0.000000 0.000000 0.100000
vn 0.000000 0.000000 0.100000
vn 0.000000 0.000000 0.100000
vn 0.000000 0.000000 0.100000
vn 0.000000 0.000000 0.100000
vn 0.000000 0.000000 0.100000
vn 0.000000 0.000000 0.100000
vn 0.000000 0.000000 0.100000
vn 0.000000 0.000000 0.100000
vn 0.000000 0.000000 0.100000
vn 0.000000 0.000000 0.100000
vn 0.000000 0.000000 0.100000
vn 0.000000 0.000000 0.100000
vn 0.000000 0.000000 0.100000
vn 0.000000 0.000000 0.100000
vn 0.000000 0.000000 0.100000
vn 0.000000 0.000000 0.100000
vn 0.086603 -0.050000 0.000000
vn 0.086603 -0.050000 0.000000
vn 0.100000 -0.000000 0.000000
vn 0.100000 -0.000000 0.000000
vn 0.086603 0.050000 0.000000
vn 0.086603 0.050000 0.000000
vn 0.050000 0.086603 0.000000
vn 0.050000 0.086603 0.000000
vn -0.000000 0.100000 0.000000
vn -0.000000 0.100000 0.000000
vn -0.050000 0.086603 0.000000
vn -0.050000 0.086603 0.000000
vn -0.086603 0.050000 0.000000
vn -0.086603 0.050000 0.000000
vn -0.100000 0.000000 0.000000
vn -0.100000 0.000000 0.000000
vn -0.086603 -0.050000 0.000000
vn -0.086603 -0.050000 0.000000
vn -0.050000 -0.086603 0.000000
vn -0.050000 -0.086603 0.000000
vn 0.000000 -0.100000 0.000000
vn 0.000000 -0.100000 0.000000
vn 0.050000 -0.086603 0.000000
vn 0.050000 -0.086603 0.000000
vn 0.086603 -0.050000 0.000000
vn 0.086603 -0.050000 0.000000
vn 0.100000 -0.000000 0.000000
vn 0.100000 -0.000000 0.000000
vn 0.086603 0.050000 0.000000
vn 0.086603 0.050000 0.000000
vn 0.050000 0.086603 0.000000
vn 0.050000 0.086603 0.000000
vn 0.000000 0.100000 0.000000
vn 0.000000 0.100000 0.000000
vn -0.050000 0.086603 0.000000
vn -0.050000 0.086603 0.000000
vn -0.086603 0.050000 0.000000
vn -0.086603 0.050000 0.000000
vn -0.100000 0.000000 0.000000
vn -0.100000 0.000000 0.000000
vn -0.086603 -0.050000 0.000000
vn -0.086603 -0.050000 0.000000
vn -0.050000 -0.086603 0.000000
vn -0.050000 -0.086603 0.000000
vn 0.000000 -0.100000 0.000000
vn 0.000000 -0.100000 0.000000
vn 0.050000 -0.086603 0.000000
vn 0.050000 -0.086603 0.000000
vn 0.000000 0.000000 0.100000
vn 0.000000 0.000000 0.100000
vn 0.000000 0.000000 0.100000
vn 0.000000 0.000000 0.100000
vn 0.000000 0.000000 0.100000
vn 0.000000 0.000000 0.100000
vn 0.000000 0.000000 0.100000
vn 0.000000 0.000000 0.100000
vn 0.000000 0.000000 0.100000
vn 0.000000 0.000000 0.100000
vn 0.000000 0.000000 0.100000
vn 0.000000 0.000000 0.100000
vn 0.000000 0.000000 0.100000
vn 0.000000 0.000000 0.100000
vn 0.000000 0.000000 0.100000
vn 0.000000 0.000000 0.100000
vn 0.000000 0.000000 0.100000
vn 0.000000 0.000000 0.100000
vn 0.000000 0.000000 0.100000
vn 0.000000 0.000000 0.100000
vn 0.000000 0.000000 0.100000
vn 0.000000 0.000000 0.100000
vn 0.000000 0.000000 0.100000
vn 0.000000 0.000000 0.100000
vn 0.086603 -0.050000 0.000000
vn 0.093707 -0.034915 0.000000
vn 0.100000 -0.000000 0.000000
vn 0.100000 -0.000000 0.000000
vn 0.092564 0.037839 0.000000
vn 0.074754 -0.066422 0.000000
vn 0.050000 -0.086603 0.000000
vn 0.045090 -0.089257 0.000000
vn 0.005868 -0.099828 0.000000
vn 0.000000 -0.100000 0.000000
vn -0.034411 -0.093893 0.000000
vn -0.050000 -0.086603 0.000000
vn -0.070020 -0.071395 0.000000
vn -0.086603 -0.050000 0.000000
vn -0.092805 -0.037245 0.000000
vn -0.100000 -0.000000 0.000000
vn -0.099911 0.004225 0.000000
vn -0.089955 0.043682 0.000000
vn -0.086603 0.050000 0.000000
vn -0.065356 0.075687 0.000000
vn -0.050000 0.086603 0.000000
vn -0.033114 0.094358 0.000000
vn 0.000000 0.100000 0.000000
vn 0.003092 0.099952 0.000000
vn 0.037902 0.092539 0.000000
vn 0.050000 0.086603 0.000000
vn 0.070323 0.071096 0.000000
vn 0.086603 0.050000 0.000000
vn 0.083126 0.055589 0.000000
vn 0.050000 0.086603 0.000000
vn 0.050000 0.086603 0.000000
vn 0.050000 0.086603 0.000000
vn 0.050000 0.086603 0.000000
vn 0.050000 0.086603 0.000000
vn 0.050000 0.086603 0.000000
vn -0.086603 0.050000 0.000000
vn -0.086603 0.050000 0.000000
vn -0.100000 0.000000 0.000000
vn -0.100000 0.000000 0.000000
vn -0.086603 -0.050000 0.000000
vn -0.086603 -0.050000 0.000000
vn -0.050000 -0.086603 0.000000
vn -0.050000 -0.086603 0.000000
vn -0.000000 -0.100000 0.000000
vn -0.000000 -0.100000 0.000000
vn 0.050000 -0.086603 0.000000
vn 0.050000 -0.086603 0.000000
vn 0.086603 -0.050000 0.000000
vn 0.086603 -0.050000 0.000000
vn 0.100000 -0.000000 0.000000
vn 0.100000 -0.000000 0.000000
vn 0.086603 0.050000 0.000000
vn 0.086603 0.050000 0.000000
vn 0.050000 0.086603 0.000000
vn 0.050000 0.086603 0.000000
vn -0.000000 0.100000 0.000000
vn -0.000000 0.100000 0.000000
vn -0.050000 0.086603 0.000000
vn -0.050000 0.086603 0.000000
vn -0.086603 0.050000 0.000000
vn -0.086603 0.050000 0.000000
vn -0.100000 0.000000 0.000000
vn -0.100000 0.000000 0.000000
vn -0.086603 -0.050000 0.000000
vn -0.086603 -0.050000 0.000000
vn -0.050000 -0.086603 0.000000
vn -0.050000 -0.086603 0.000000
vn -0.000000 -0.100000 0.000000
vn -0.000000 -0.100000 0.000000
vn 0.050000 -0.086603 0.000000
vn 0.050000 -0.086603 0.000000
vn 0.086603 -0.050000 0.000000
vn 0.086603 -0.050000 0.000000
vn 0.100000 -0.000000 0.000000
vn 0.100000 -0.000000 0.000000
vn 0.086603 0.050000 0.000000
vn 0.086603 0.050000 0.000000
vn 0.050000 0.086603 0.000000
vn 0.050000 0.086603 0.000000
vn -0.000000 0.100000 0.000000
vn -0.000000 0.100000 0.000000
vn -0.050000 0.086603 0.000000
vn -0.050000 0.086603 0.000000
vn 0.000000 0.000000 -0.100000
vn 0.000000 0.000000 -0.100000
vn 0.000000 0.000000 -0.100000
vn 0.000000 0.000000 -0.100000
vn 0.000000 0.000000 -0.100000
vn 0.000000 0.000000 -0.100000
vn 0.000000 0.000000 -0.100000
vn 0.000000 0.000000 -0.100000
vn 0.000000 0.000000 -0.100000
vn 0.000000 0.000000 -0.100000
vn 0.000000 0.000000 -0.100000
vn 0.000000 0.000000 -0.100000
vn 0.000000 0.000000 -0.100000
vn 0.000000 0.000000 -0.100000
vn 0.000000 0.000000 -0.100000
vn 0.000000 0.000000 -0.100000
vn 0.000000 0.000000 -0.100000
vn 0.000000 0.000000 -0.100000
vn 0.000000 0.000000 -0.100000
vn 0.000000 0.000000 -0.100000
vn 0.000000 0.000000 -0.100000
vn 0.000000 0.000000 -0.100000
vn 0.000000 0.000000 -0.100000
vn 0.000000 0.000000 -0.100000
vn 0.000000 0.000000 -0.100000
vn 0.000000 0.000000 -0.100000
vn 0.000000 0.000000 -0.100000
vn 0.000000 0.000000 -0.100000
vn 0.000000 0.000000 -0.100000
vn 0.000000 0.000000 -0.100000
vn 0.000000 0.000000 -0.100000
vn 0.000000 0.000000 -0.100000
vn 0.000000 0.000000 -0.100000
vn 0.000000 0.000000 -0.100000
vn 0.000000 0.000000 -0.100000
vn 0.000000 0.000000 -0.100000
vn 0.000000 0.000000 -0.100000
vn 0.000000 0.000000 -0.100000
vn 0.000000 0.000000 -0.100000
vn 0.000000 0.000000 -0.100000
vn 0.000000 0.000000 -0.100000
vn 0.000000 0.000000 -0.100000
vn 0.000000 0.000000 -0.100000
vn 0.000000 0.000000 -0.100000
vn 0.000000 0.000000 -0.100000
vn 0.000000 0.000000 -0.100000
vn 0.000000 0.000000 -0.100000
vn 0.000000 0.000000 -0.100000
vn 0.096823 0.025006 0.000000
vn 0.096823 0.025006 0.000000
vn 0.079610 0.060516 0.000000
vn 0.079610 0.060516 0.000000
vn 0.047180 -0.088170 0.000000
vn 0.047180 -0.088170 0.000000
vn 0.083198 -0.055481 0.000000
vn 0.083198 -0.055481 0.000000
vn 0.093969 0.034202 0.000000
vn 0.093969 0.034202 0.000000
vn 0.076604 0.064279 0.000000
vn 0.076604 0.064279 0.000000
vn 0.076604 -0.064279 0.000000
vn 0.076604 -0.064279 0.000000
vn 0.093969 -0.034202 0.000000
vn 0.093969 -0.034202 0.000000
vn -0.093921 -0.034334 0.000000
vn -0.093921 -0.034334 0.000000
vn -0.072673 -0.068692 0.000000
vn -0.072673 -0.068692 0.000000
vn -0.039565 -0.091840 0.000000
vn -0.039565 -0.091840 0.000000
vn -0.097320 -0.022996 0.000000
vn -0.097320 -0.022996 0.000000
vn -0.092770 -0.037333 0.000000
vn -0.092770 -0.037333 0.000000
vn -0.078322 0.062175 -0.000000
vn -0.078322 0.062175 -0.000000
vn -0.095688 0.029050 -0.000000
vn -0.095688 0.029050 -0.000000
vn -0.095688 0.029050 -0.000000
vn -0.078322 0.062175 -0.000000
vn 0.017365 0.098481 0.000000
vn 0.017365 0.098481 0.000000
vn -0.017365 0.098481 -0.000000
vn -0.017365 0.098481 -0.000000
vn 0.078755 0.061625 0.000000
vn 0.078755 0.061625 0.000000
vn 0.096085 0.027707 0.000000
vn 0.096085 0.027707 0.000000
vn -0.092770 0.037333 -0.000000
vn -0.092770 0.037333 -0.000000
vn -0.097320 0.022996 -0.000000
vn -0.097320 0.022996 -0.000000
vn 0.079610 -0.060516 0.000000
vn 0.079610 -0.060516 0.000000
vn 0.096823 -0.025006 0.000000
vn 0.096823 -0.025006 0.000000
vn 0.083198 0.055481 0.000000
vn 0.083198 0.055481 0.000000
vn 0.047180 0.088170 0.000000
vn 0.047180 0.088170 0.000000
vn -0.095688 -0.029050 0.000000
vn -0.095688 -0.029050 0.000000
vn -0.078322 -0.062175 0.000000
vn -0.078322 -0.062175 0.000000
vn -0.078322 -0.062175 0.000000
vn -0.095688 -0.029050 0.000000
vn -0.017365 -0.098481 0.000000
vn -0.017365 -0.098481 0.000000
vn 0.017365 -0.098481 0.000000
vn 0.017365 -0.098481 0.000000
vn -0.039565 0.091840 -0.000000
vn -0.039565 0.091840 -0.000000
vn -0.072673 0.068692 -0.000000
vn -0.072673 0.068692 -0.000000
vn -0.093921 0.034334 -0.000000
vn -0.093921 0.034334 -0.000000
vn 0.098919 -0.014661 0.000000
vn 0.098919 -0.014661 0.000000
vn 0.098852 -0.015111 0.000000
vn 0.098852 -0.015111 0.000000
vn 0.098782 -0.015560 0.000000
vn 0.098782 -0.015560 0.000000
vn -0.092388 -0.038268 0.000000
vn -0.092388 -0.038268 0.000000
vn -0.100000 -0.000000 0.000000
vn -0.100000 -0.000000 0.000000
vn -0.092388 0.038268 -0.000000
vn -0.092388 0.038268 -0.000000
vn -0.070711 0.070711 -0.000000
vn -0.070711 -0.070711 0.000000
vn -0.070711 -0.070711 0.000000
vn -0.038268 -0.092388 0.000000
vn -0.038268 -0.092388 0.000000
vn -0.000000 -0.100000 0.000000
vn 0.000000 -0.100000 0.000000
vn 0.038268 -0.092388 0.000000
vn 0.038268 -0.092388 0.000000
vn 0.070711 -0.070711 0.000000
vn 0.070711 -0.070711 0.000000
vn 0.092388 -0.038268 0.000000
vn 0.092388 -0.038268 0.000000
vn 0.100000 0.000000 0.000000
vn 0.100000 0.000000 0.000000
vn 0.092388 0.038268 0.000000
vn 0.092388 0.038268 0.000000
vn 0.070711 0.070711 0.000000
vn 0.070711 0.070711 0.000000
vn 0.038268 0.092388 0.000000
vn 0.038268 0.092388 0.000000
vn 0.000000 0.100000 0.000000
vn -0.000000 0.100000 -0.000000
vn -0.038268 0.092388 -0.000000
vn -0.038268 0.092388 -0.000000
vn -0.070711 0.070711 -0.000000
vn 0.000000 0.000000 -0.100000
vn 0.000000 0.000000 -0.100000
vn 0.000000 0.000000 -0.100000
vn 0.000000 0.000000 -0.100000
vn 0.000000 0.000000 -0.100000
vn 0.000000 0.000000 -0.100000
vn 0.000000 0.000000 -0.100000
vn 0.000000 0.000000 -0.100000
vn 0.000000 0.000000 -0.100000
vn 0.000000 0.000000 -0.100000
vn 0.000000 0.000000 -0.100000
vn 0.000000 0.000000 -0.100000
vn 0.000000 0.000000 -0.100000
vn 0.000000 0.000000 -0.100000
vn 0.000000 0.000000 -0.100000
vn 0.000000 0.000000 -0.100000
vn 0.000000 0.000000 -0.100000
vn 0.000000 0.000000 -0.100000
vn 0.000000 0.000000 -0.100000
vn 0.000000 0.000000 -0.100000
vn 0.000000 0.000000 -0.100000
vn 0.000000 0.000000 -0.100000
vn 0.000000 0.000000 -0.100000
vn 0.000000 0.000000 -0.100000
vn 0.000000 0.000000 -0.100000
vn 0.000000 0.000000 -0.100000
vn 0.000000 0.000000 -0.100000
vn 0.000000 0.000000 -0.100000
vn -0.044604 0.025752 -0.085717
vn -0.044604 0.025752 -0.085717
vn -0.051504 0.000000 -0.085717
vn 0.000000 0.051504 -0.085717
vn 0.000000 0.051504 -0.085717
vn -0.025752 0.044604 -0.085717
vn 0.044604 0.025752 -0.085717
vn 0.044604 0.025752 -0.085717
vn 0.025752 0.044604 -0.085717
vn 0.044604 -0.025752 -0.085717
vn 0.044604 -0.025752 -0.085717
vn 0.051504 0.000000 -0.085717
vn -0.000000 -0.051504 -0.085717
vn 0.000000 -0.051504 -0.085717
vn 0.025752 -0.044604 -0.085717
vn -0.044604 -0.025752 -0.085717
vn -0.044604 -0.025752 -0.085717
vn -0.025752 -0.044604 -0.085717
vn -0.051504 -0.000000 -0.085717
vn 0.025752 -0.044604 -0.085717
vn 0.025752 0.044604 -0.085717
vn -0.025752 -0.044604 -0.085717
vn 0.051504 0.000000 -0.085717
vn -0.025752 0.044604 -0.085717
vn -0.086603 -0.050000 0.000000
vn -0.086603 -0.050000 0.000000
vn -0.100000 0.000000 0.000000
vn -0.100000 0.000000 0.000000
vn -0.086603 0.050000 0.000000
vn -0.086603 0.050000 0.000000
vn -0.050000 0.086603 0.000000
vn -0.050000 0.086603 0.000000
vn 0.000000 0.100000 0.000000
vn 0.000000 0.100000 0.000000
vn 0.050000 0.086603 0.000000
vn 0.050000 0.086603 0.000000
vn 0.086603 0.050000 0.000000
vn 0.086603 0.050000 0.000000
vn 0.100000 0.000000 0.000000
vn 0.100000 0.000000 0.000000
vn 0.086603 -0.050000 0.000000
vn 0.086603 -0.050000 0.000000
vn 0.050000 -0.086603 0.000000
vn 0.050000 -0.086603 0.000000
vn -0.000000 -0.100000 0.000000
vn -0.000000 -0.100000 0.000000
vn -0.050000 -0.086603 0.000000
vn -0.050000 -0.086603 0.000000
vn -0.086603 -0.050000 0.000000
vn -0.086603 -0.050000 0.000000
vn -0.100000 -0.000000 0.000000
vn -0.100000 -0.000000 0.000000
vn -0.086603 0.050000 -0.000000
vn -0.086603 0.050000 -0.000000
vn -0.050000 0.086603 -0.000000
vn -0.050000 0.086603 -0.000000
vn 0.000000 0.100000 0.000000
vn 0.000000 0.100000 0.000000
vn 0.050000 0.086603 0.000000
vn 0.050000 0.086603 0.000000
vn 0.086603 0.050000 0.000000
vn 0.086603 0.050000 0.000000
vn 0.100000 0.000000 0.000000
vn 0.100000 0.000000 0.000000
vn 0.086603 -0.050000 0.000000
vn 0.086603 -0.050000 0.000000
vn 0.050000 -0.086603 0.000000
vn 0.050000 -0.086603 0.000000
vn -0.000000 -0.100000 0.000000
vn -0.000000 -0.100000 0.000000
vn -0.050000 -0.086603 0.000000
vn -0.050000 -0.086603 0.000000
vn 0.000000 0.000000 -0.100000
vn 0.000000 0.000000 -0.100000
vn 0.000000 0.000000 -0.100000
vn 0.000000 0.000000 -0.100000
vn 0.000000 0.000000 -0.100000
vn 0.000000 0.000000 -0.100000
vn 0.000000 0.000000 -0.100000
vn 0.000000 0.000000 -0.100000
vn 0.000000 0.000000 -0.100000
vn 0.000000 0.000000 -0.100000
vn 0.000000 0.000000 -0.100000
vn 0.000000 0.000000 -0.100000
vn 0.000000 0.000000 -0.100000
vn 0.000000 0.000000 -0.100000
vn 0.000000 0.000000 -0.100000
vn 0.000000 0.000000 -0.100000
vn 0.000000 0.000000 -0.100000
vn 0.000000 0.000000 -0.100000
vn 0.000000 0.000000 -0.100000
vn 0.000000 0.000000 -0.100000
vn 0.000000 0.000000 -0.100000
vn 0.000000 0.000000 -0.100000
vn 0.000000 0.000000 -0.100000
vn 0.000000 0.000000 -0.100000
vn -0.044604 0.025752 -0.085717
vn -0.044604 0.025752 -0.085717
vn -0.051504 0.000000 -0.085717
vn 0.000000 0.051504 -0.085717
vn 0.000000 0.051504 -0.085717
vn -0.025752 0.044604 -0.085717
vn 0.044604 0.025752 -0.085717
vn 0.044604 0.025752 -0.085717
vn 0.025752 0.044604 -0.085717
vn 0.044604 -0.025752 -0.085717
vn 0.044604 -0.025752 -0.085717
vn 0.051504 0.000000 -0.085717
vn -0.000000 -0.051504 -0.085717
vn 0.000000 -0.051504 -0.085717
vn 0.025752 -0.044604 -0.085717
vn -0.044604 -0.025752 -0.085717
vn -0.044604 -0.025752 -0.085717
vn -0.025752 -0.044604 -0.085717
vn -0.051504 -0.000000 -0.085717
vn 0.025752 -0.044604 -0.085717
vn 0.025752 0.044604 -0.085717
vn -0.025752 -0.044604 -0.085717
vn 0.051504 0.000000 -0.085717
vn -0.025752 0.044604 -0.085717
vn -0.086603 -0.050000 0.000000
vn -0.086603 -0.050000 0.000000
vn -0.100000 0.000000 0.000000
vn -0.100000 0.000000 0.000000
vn -0.086603 0.050000 0.000000
vn -0.086603 0.050000 0.000000
vn -0.050000 0.086603 0.000000
vn -0.050000 0.086603 0.000000
vn 0.000000 0.100000 0.000000
vn 0.000000 0.100000 0.000000
vn 0.050000 0.086603 0.000000
vn 0.050000 0.086603 0.000000
vn 0.086603 0.050000 0.000000
vn 0.086603 0.050000 0.000000
vn 0.100000 0.000000 0.000000
vn 0.100000 0.000000 0.000000
vn 0.086603 -0.050000 0.000000
vn 0.086603 -0.050000 0.000000
vn 0.050000 -0.086603 0.000000
vn 0.050000 -0.086603 0.000000
vn -0.000000 -0.100000 0.000000
vn -0.000000 -0.100000 0.000000
vn -0.050000 -0.086603 0.000000
vn -0.050000 -0.086603 0.000000
vn -0.092388 -0.038268 0.000000
vn -0.092388 -0.038268 0.000000
vn -0.100000 -0.000000 0.000000
vn -0.100000 -0.000000 0.000000
vn -0.092388 0.038268 -0.000000
vn -0.092388 0.038268 -0.000000
vn -0.070711 0.070711 -0.000000
vn -0.070711 -0.070711 0.000000
vn -0.070711 -0.070711 0.000000
vn -0.038268 -0.092388 0.000000
vn -0.038268 -0.092388 0.000000
vn -0.000000 -0.100000 0.000000
vn 0.000000 -0.100000 0.000000
vn 0.038268 -0.092388 0.000000
vn 0.038268 -0.092388 0.000000
vn 0.070711 -0.070711 0.000000
vn 0.070711 -0.070711 0.000000
vn 0.092388 -0.038268 0.000000
vn 0.092388 -0.038268 0.000000
vn 0.100000 0.000000 0.000000
vn 0.100000 0.000000 0.000000
vn 0.092388 0.038268 0.000000
vn 0.092388 0.038268 0.000000
vn 0.070711 0.070711 0.000000
vn 0.070711 0.070711 0.000000
vn 0.038268 0.092388 0.000000
vn 0.038268 0.092388 0.000000
vn 0.000000 0.100000 0.000000
vn -0.000000 0.100000 -0.000000
vn -0.038268 0.092388 -0.000000
vn -0.038268 0.092388 -0.000000
vn -0.070711 0.070711 -0.000000
vn 0.000000 0.000000 -0.100000
vn 0.000000 0.000000 -0.100000
vn 0.000000 0.000000 -0.100000
vn 0.000000 0.000000 -0.100000
vn 0.000000 0.000000 -0.100000
vn 0.000000 0.000000 -0.100000
vn 0.000000 0.000000 -0.100000
vn 0.000000 0.000000 -0.100000
vn 0.000000 0.000000 -0.100000
vn 0.000000 0.000000 -0.100000
vn 0.000000 0.000000 -0.100000
vn 0.000000 0.000000 -0.100000
vn 0.000000 0.000000 -0.100000
vn 0.000000 0.000000 -0.100000
vn 0.000000 0.000000 -0.100000
vn 0.000000 0.000000 -0.100000
vn 0.000000 0.000000 -0.100000
vn 0.000000 0.000000 -0.100000
vn 0.000000 0.000000 -0.100000
vn 0.000000 0.000000 -0.100000
vn 0.000000 0.000000 -0.100000
vn 0.000000 0.000000 -0.100000
vn 0.000000 0.000000 -0.100000
vn 0.000000 0.000000 -0.100000
vn 0.000000 0.000000 -0.100000
vn 0.000000 0.000000 -0.100000
vn 0.000000 0.000000 -0.100000
vn 0.000000 0.000000 -0.100000
vn -0.092388 -0.038268 0.000000
vn -0.092388 -0.038268 0.000000
vn -0.100000 -0.000000 0.000000
vn -0.100000 -0.000000 0.000000
vn -0.092388 0.038268 -0.000000
vn -0.092388 0.038268 -0.000000
vn -0.070711 0.070711 -0.000000
vn -0.070711 -0.070711 0.000000
vn -0.070711 -0.070711 0.000000
vn -0.038268 -0.092388 0.000000
vn -0.038268 -0.092388 0.000000
vn -0.000000 -0.100000 0.000000
vn 0.000000 -0.100000 0.000000
vn 0.038268 -0.092388 0.000000
vn 0.038268 -0.092388 0.000000
vn 0.070711 -0.070711 0.000000
vn 0.070711 -0.070711 0.000000
vn 0.092388 -0.038268 0.000000
vn 0.092388 -0.038268 0.000000
vn 0.100000 0.000000 0.000000
vn 0.100000 0.000000 0.000000
vn 0.092388 0.038268 0.000000
vn 0.092388 0.038268 0.000000
vn 0.070711 0.070711 0.000000
vn 0.070711 0.070711 0.000000
vn 0.038268 0.092388 0.000000
vn 0.038268 0.092388 0.000000
vn 0.000000 0.100000 0.000000
vn -0.000000 0.100000 -0.000000
vn -0.038268 0.092388 -0.000000
vn -0.038268 0.092388 -0.000000
vn -0.070711 0.070711 -0.000000
vn 0.000000 0.000000 -0.100000
vn 0.000000 0.000000 -0.100000
vn 0.000000 0.000000 -0.100000
vn 0.000000 0.000000 -0.100000
vn 0.000000 0.000000 -0.100000
vn 0.000000 0.000000 -0.100000
vn 0.000000 0.000000 -0.100000
vn 0.000000 0.000000 -0.100000
vn 0.000000 0.000000 -0.100000
vn 0.000000 0.000000 -0.100000
vn 0.000000 0.000000 -0.100000
vn 0.000000 0.000000 -0.100000
vn 0.000000 0.000000 -0.100000
vn 0.000000 0.000000 -0.100000
vn 0.000000 0.000000 -0.100000
vn 0.000000 0.000000 -0.100000
vn 0.000000 0.000000 -0.100000
vn 0.000000 0.000000 -0.100000
vn 0.000000 0.000000 -0.100000
vn 0.000000 0.000000 -0.100000
vn 0.000000 0.000000 -0.100000
vn 0.000000 0.000000 -0.100000
vn 0.000000 0.000000 -0.100000
vn 0.000000 0.000000 -0.100000
vn 0.000000 0.000000 -0.100000
vn 0.000000 0.000000 -0.100000
vn 0.000000 0.000000 -0.100000
vn 0.000000 0.000000 -0.100000
vn -0.068648 0.072715 0.000000
vn -0.068648 0.072715 0.000000
vn -0.040954 0.091229 0.000000
vn -0.008716 0.099619 0.000000
vn -0.040954 0.091229 0.000000
vn 0.099193 -0.012678 0.000000
vn 0.099193 -0.012678 0.000000
vn 0.099798 -0.006352 0.000000
vn 0.099798 -0.006352 0.000000
vn -0.040954 -0.091229 0.000000
vn -0.040954 -0.091229 0.000000
vn -0.068648 -0.072715 0.000000
vn -0.068648 -0.072715 0.000000
vn 0.099798 0.006352 0.000000
vn 0.099798 0.006352 0.000000
vn 0.099193 0.012678 0.000000
vn 0.099193 0.012678 0.000000
vn -0.000000 0.000000 0.100000
vn -0.000000 0.000000 0.100000
vn -0.000000 0.000000 0.100000
vn -0.000000 0.000000 0.100000
vn 0.000000 -0.100000 0.000000
vn 0.000000 -0.100000 0.000000
vn 0.000000 -0.100000 0.000000
vn 0.000000 -0.100000 0.000000
vn -0.000000 0.100000 -0.000000
vn -0.000000 0.100000 -0.000000
vn -0.000000 0.100000 -0.000000
vn -0.000000 0.100000 -0.000000
vn -0.097934 -0.020222 0.000000
vn -0.095372 -0.030071 0.000000
vn -0.097934 -0.020222 0.000000
vn -0.091822 -0.039608 0.000000
vn -0.091822 -0.039608 0.000000
vn -0.091822 0.039608 -0.000000
vn -0.095372 0.030071 -0.000000
vn -0.091822 0.039608 -0.000000
vn -0.097934 0.020222 -0.000000
vn -0.097934 0.020222 -0.000000
vn 0.086603 -0.050000 0.000000
vn 0.086603 -0.050000 0.000000
vn 0.100000 -0.000000 0.000000
vn 0.100000 -0.000000 0.000000
vn 0.086603 0.050000 0.000000
vn 0.086603 0.050000 0.000000
vn 0.050000 0.086603 0.000000
vn 0.050000 0.086603 0.000000
vn 0.000000 0.100000 0.000000
vn 0.000000 0.100000 0.000000
vn -0.050000 0.086603 0.000000
vn -0.050000 0.086603 0.000000
vn -0.086603 0.050000 0.000000
vn -0.086603 0.050000 0.000000
vn -0.100000 0.000000 0.000000
vn -0.100000 0.000000 0.000000
vn -0.086603 -0.050000 0.000000
vn -0.086603 -0.050000 0.000000
vn -0.050000 -0.086603 0.000000
vn -0.050000 -0.086603 0.000000
vn 0.000000 -0.100000 0.000000
vn 0.000000 -0.100000 0.000000
vn 0.050000 -0.086603 0.000000
vn 0.050000 -0.086603 0.000000
vn 0.044604 0.025752 0.085717
vn 0.044604 0.025752 0.085717
vn 0.051504 0.000000 0.085717
vn -0.000000 0.051504 0.085717
vn -0.000000 0.051504 0.085717
vn 0.025752 0.044604 0.085717
vn -0.044604 0.025752 0.085717
vn -0.044604 0.025752 0.085717
vn -0.025752 0.044604 0.085717
vn -0.044604 -0.025752 0.085717
vn -0.044604 -0.025752 0.085717
vn -0.051504 0.000000 0.085717
vn -0.000000 -0.051504 0.085717
vn -0.000000 -0.051504 0.085717
vn -0.025752 -0.044604 0.085717
vn 0.044604 -0.025752 0.085717
vn 0.044604 -0.025752 0.085717
vn 0.025752 -0.044604 0.085717
vn 0.051504 -0.000000 0.085717
vn -0.025752 -0.044604 0.085717
vn -0.025752 0.044604 0.085717
vn 0.025752 -0.044604 0.085717
vn -0.051504 0.000000 0.085717
vn 0.025752 0.044604 0.085717
vn 0.086603 -0.050000 0.000000
vn 0.086603 -0.050000 0.000000
vn 0.100000 -0.000000 0.000000
vn 0.100000 -0.000000 0.000000
vn 0.086603 0.050000 0.000000
vn 0.086603 0.050000 0.000000
vn 0.050000 0.086603 0.000000
vn 0.050000 0.086603 0.000000
vn 0.000000 0.100000 0.000000
vn 0.000000 0.100000 0.000000
vn -0.050000 0.086603 0.000000
vn -0.050000 0.086603 0.000000
vn -0.086603 0.050000 0.000000
vn -0.086603 0.050000 0.000000
vn -0.100000 0.000000 0.000000
vn -0.100000 0.000000 0.000000
vn -0.086603 -0.050000 0.000000
vn -0.086603 -0.050000 0.000000
vn -0.050000 -0.086603 0.000000
vn -0.050000 -0.086603 0.000000
vn 0.000000 -0.100000 0.000000
vn 0.000000 -0.100000 0.000000
vn 0.050000 -0.086603 0.000000
vn 0.050000 -0.086603 0.000000
vn 0.044604 0.025752 0.085717
vn 0.044604 0.025752 0.085717
vn 0.051504 0.000000 0.085717
vn -0.000000 0.051504 0.085717
vn -0.000000 0.051504 0.085717
vn 0.025752 0.044604 0.085717
vn -0.044604 0.025752 0.085717
vn -0.044604 0.025752 0.085717
vn -0.025752 0.044604 0.085717
vn -0.044604 -0.025752 0.085717
vn -0.044604 -0.025752 0.085717
vn -0.051504 0.000000 0.085717
vn -0.000000 -0.051504 0.085717
vn -0.000000 -0.051504 0.085717
vn -0.025752 -0.044604 0.085717
vn 0.044604 -0.025752 0.085717
vn 0.044604 -0.025752 0.085717
vn 0.025752 -0.044604 0.085717
vn 0.051504 -0.000000 0.085717
vn -0.025752 -0.044604 0.085717
vn -0.025752 0.044604 0.085717
vn 0.025752 -0.044604 0.085717
vn -0.051504 0.000000 0.085717
vn 0.025752 0.044604 0.085717
vn 0.086603 -0.050000 0.000000
vn 0.086603 -0.050000 0.000000
vn 0.100000 -0.000000 0.000000
vn 0.100000 -0.000000 0.000000
vn 0.086603 0.050000 0.000000
vn 0.086603 0.050000 0.000000
vn 0.050000 0.086603 0.000000
vn 0.050000 0.086603 0.000000
vn 0.000000 0.100000 0.000000
vn 0.000000 0.100000 0.000000
vn -0.050000 0.086603 0.000000
vn -0.050000 0.086603 0.000000
vn -0.086603 0.050000 0.000000
vn -0.086603 0.050000 0.000000
vn -0.100000 0.000000 0.000000
vn -0.100000 0.000000 0.000000
vn -0.086603 -0.050000 0.000000
vn -0.086603 -0.050000 0.000000
vn -0.050000 -0.086603 0.000000
vn -0.050000 -0.086603 0.000000
vn 0.000000 -0.100000 0.000000
vn 0.000000 -0.100000 0.000000
vn 0.050000 -0.086603 0.000000
vn 0.050000 -0.086603 0.000000
vn 0.044604 0.025752 0.085717
vn 0.044604 0.025752 0.085717
vn 0.051504 0.000000 0.085717
vn -0.000000 0.051504 0.085717
vn -0.000000 0.051504 0.085717
vn 0.025752 0.044604 0.085717
vn -0.044604 0.025752 0.085717
vn -0.044604 0.025752 0.085717
vn -0.025752 0.044604 0.085717
vn -0.044604 -0.025752 0.085717
vn -0.044604 -0.025752 0.085717
vn -0.051504 0.000000 0.085717
vn -0.000000 -0.051504 0.085717
vn -0.000000 -0.051504 0.085717
vn -0.025752 -0.044604 0.085717
vn 0.044604 -0.025752 0.085717
vn 0.044604 -0.025752 0.085717
vn 0.025752 -0.044604 0.085717
vn 0.051504 -0.000000 0.085717
vn -0.025752 -0.044604 0.085717
vn -0.025752 0.044604 0.085717
vn 0.025752 -0.044604 0.085717
vn -0.051504 0.000000 0.085717
vn 0.025752 0.044604 0.085717
vn 0.086603 -0.050000 0.000000
vn 0.086603 -0.050000 0.000000
vn 0.100000 -0.000000 0.000000
vn 0.100000 -0.000000 0.000000
vn 0.086603 0.050000 0.000000
vn 0.086603 0.050000 0.000000
vn 0.050000 0.086603 0.000000
vn 0.050000 0.086603 0.000000
vn 0.000000 0.100000 0.000000
vn 0.000000 0.100000 0.000000
vn -0.050000 0.086603 0.000000
vn -0.050000 0.086603 0.000000
vn -0.086603 0.050000 0.000000
vn -0.086603 0.050000 0.000000
vn -0.100000 0.000000 0.000000
vn -0.100000 0.000000 0.000000
vn -0.086603 -0.050000 0.000000
vn -0.086603 -0.050000 0.000000
vn -0.050000 -0.086603 0.000000
vn -0.050000 -0.086603 0.000000
vn 0.000000 -0.100000 0.000000
vn 0.000000 -0.100000 0.000000
vn 0.050000 -0.086603 0.000000
vn 0.050000 -0.086603 0.000000
vn 0.044604 0.025752 0.085717
vn 0.044604 0.025752 0.085717
vn 0.051504 0.000000 0.085717
vn -0.000000 0.051504 0.085717
vn -0.000000 0.051504 0.085717
vn 0.025752 0.044604 0.085717
vn -0.044604 0.025752 0.085717
vn -0.044604 0.025752 0.085717
vn -0.025752 0.044604 0.085717
vn -0.044604 -0.025752 0.085717
vn -0.044604 -0.025752 0.085717
vn -0.051504 0.000000 0.085717
vn -0.000000 -0.051504 0.085717
vn -0.000000 -0.051504 0.085717
vn -0.025752 -0.044604 0.085717
vn 0.044604 -0.025752 0.085717
vn 0.044604 -0.025752 0.085717
vn 0.025752 -0.044604 0.085717
vn 0.051504 -0.000000 0.085717
vn -0.025752 -0.044604 0.085717
vn -0.025752 0.044604 0.085717
vn 0.025752 -0.044604 0.085717
vn -0.051504 0.000000 0.085717
vn 0.025752 0.044604 0.085717
vn -0.100000 0.000000 0.000000
vn -0.100000 0.000000 0.000000
vn -0.100000 0.000000 0.000000
vn -0.100000 0.000000 0.000000
vn -0.097804 0.020236 0.004981
vn -0.095352 0.030075 0.001888
vn -0.099740 0.000000 0.007210
vn -0.097934 0.020222 -0.000000
vn -0.091779 0.039625 0.002544
vn -0.081915 0.057358 -0.000000
vn -0.091822 0.039608 -0.000000
vn -0.047836 0.000178 0.087816
vn -0.029500 0.000193 0.095550
vn -0.047968 0.004454 0.087631
vn -0.048402 0.007881 0.087150
vn -0.049712 0.012888 0.085806
vn -0.027797 0.010302 0.095505
vn -0.052171 0.019288 0.083103
vn -0.036171 0.025469 0.089683
vn -0.056882 0.026705 0.077790
vn -0.050690 0.035135 0.078715
vn -0.063499 0.044524 0.063131
vn -0.016115 0.000008 0.098693
vn -0.007965 0.003318 0.099627
vn -0.022728 0.015968 0.096065
vn -0.000082 0.000036 0.100000
vn -0.006681 -0.000023 0.099777
vn -0.000062 0.000000 0.100000
vn -0.067934 0.031602 0.066229
vn -0.073576 0.051557 0.043914
vn -0.081342 0.025801 0.052132
vn -0.087713 0.027177 0.039597
vn -0.087970 0.018323 0.043882
vn -0.091114 0.012252 0.039345
vn -0.092617 0.007687 0.036919
vn -0.093347 0.004262 0.035612
vn -0.097804 0.020236 0.004981
vn -0.099740 -0.000000 0.007210
vn -0.081915 0.057358 0.000000
vn -0.091779 0.039625 0.002544
vn -0.093839 0.000048 0.034557
vn -0.093637 0.002244 0.035030
vn -0.047836 -0.000178 0.087816
vn -0.047966 -0.004404 0.087635
vn -0.029500 -0.000193 0.095549
vn -0.048393 -0.007806 0.087162
vn -0.027797 -0.010302 0.095505
vn -0.049687 -0.012808 0.085832
vn -0.052141 -0.019224 0.083137
vn -0.036171 -0.025469 0.089683
vn -0.056856 -0.026677 0.077818
vn -0.050690 -0.035135 0.078715
vn -0.063499 -0.044524 0.063131
vn -0.067911 -0.031603 0.066252
vn -0.081389 -0.025762 0.052077
vn -0.087998 -0.018280 0.043844
vn -0.087713 -0.027178 0.039597
vn -0.073576 -0.051557 0.043914
vn -0.091110 -0.012262 0.039352
vn -0.092611 -0.007710 0.036929
vn -0.093344 -0.004278 0.035618
vn -0.093636 -0.002253 0.035032
vn -0.099740 0.000000 0.007210
vn -0.097804 -0.020236 0.004981
vn -0.091779 -0.039625 0.002544
vn -0.093839 -0.000048 0.034557
vn -0.022728 -0.015968 0.096065
vn -0.007965 -0.003318 0.099627
vn -0.016115 -0.000008 0.098693
vn -0.006681 0.000023 0.099777
vn -0.000082 -0.000036 0.100000
vn -0.000101 -0.000072 0.100000
vn -0.097934 -0.020222 -0.000000
vn -0.095352 -0.030075 0.001888
vn -0.097804 -0.020236 0.004981
vn -0.091822 -0.039608 -0.000000
vn -0.091779 -0.039625 0.002544
vn -0.081915 -0.057358 -0.000000
vn 0.029423 -0.000019 0.095573
vn 0.035390 -0.010656 0.092919
vn 0.052243 0.000285 0.085268
vn 0.038059 -0.010934 0.091826
vn 0.041387 -0.008581 0.090628
vn 0.025849 -0.021701 0.094132
vn 0.028332 -0.020634 0.093656
vn 0.023518 -0.023672 0.094268
vn 0.025813 -0.022858 0.093868
vn 0.011524 -0.033083 0.093663
vn 0.012727 -0.033234 0.093453
vn 0.001776 -0.040462 0.091431
vn 0.015564 -0.029342 0.094323
vn 0.009570 -0.034900 0.093222
vn 0.021713 -0.000226 0.097614
vn 0.020304 -0.008031 0.097587
vn 0.024578 -0.008991 0.096515
vn 0.031964 -0.010236 0.094199
vn 0.016543 -0.017958 0.096973
vn 0.021622 -0.020419 0.095475
vn 0.015038 -0.019585 0.096903
vn 0.019663 -0.022270 0.095485
vn 0.007328 -0.027654 0.095820
vn 0.009608 -0.031281 0.094494
vn -0.000018 -0.041531 0.090968
vn 0.013485 -0.000120 0.099087
vn 0.013511 -0.006208 0.098888
vn 0.016446 -0.007186 0.098376
vn 0.011030 -0.014142 0.098379
vn 0.013631 -0.016064 0.097756
vn 0.010030 -0.015406 0.098296
vn 0.012389 -0.017521 0.097670
vn 0.004913 -0.021791 0.097473
vn 0.006028 -0.024814 0.096685
vn 0.005833 -0.000028 0.099830
vn 0.006218 -0.003540 0.099744
vn 0.008517 -0.004508 0.099535
vn 0.011594 -0.005499 0.099173
vn 0.005719 -0.008824 0.099446
vn 0.007747 -0.011015 0.099089
vn 0.005209 -0.009608 0.099401
vn 0.007041 -0.012017 0.099025
vn 0.002596 -0.013619 0.099034
vn 0.003419 -0.017109 0.098466
vn 0.000101 -0.019822 0.098016
vn 0.003977 -0.019195 0.098060
vn 0.001887 -0.000463 0.099981
vn 0.002509 -0.001730 0.099954
vn 0.003562 -0.002204 0.099912
vn 0.004747 -0.002747 0.099849
vn 0.002418 -0.004296 0.099878
vn 0.003163 -0.005512 0.099798
vn 0.002210 -0.004677 0.099866
vn 0.002874 -0.006014 0.099778
vn 0.001148 -0.006632 0.099773
vn 0.001392 -0.008588 0.099621
vn 0.000043 -0.010263 0.099472
vn 0.001842 -0.010773 0.099401
vn 0.000002 -0.000006 0.100000
vn 0.000337 -0.000464 0.099998
vn 0.000877 -0.000890 0.099992
vn 0.001607 -0.001302 0.099979
vn 0.000695 -0.001276 0.099989
vn 0.001180 -0.002158 0.099970
vn 0.000662 -0.001346 0.099989
vn 0.001103 -0.002314 0.099967
vn 0.000495 -0.001712 0.099984
vn 0.000712 -0.003120 0.099949
vn 0.000331 -0.003642 0.099933
vn 0.000925 -0.004786 0.099881
vn 0.000003 -0.000005 0.100000
vn 0.000301 -0.000549 0.099998
vn 0.000003 -0.000005 0.100000
vn 0.000295 -0.000564 0.099998
vn 0.000003 -0.000004 0.100000
vn 0.000262 -0.000646 0.099998
vn 0.009038 -0.012394 0.098816
vn 0.008214 -0.013516 0.098741
vn 0.004156 -0.006967 0.099670
vn 0.003779 -0.007589 0.099640
vn 0.001755 -0.003172 0.099934
vn 0.001619 -0.003434 0.099928
vn 0.023995 -0.021219 0.094731
vn 0.021826 -0.023144 0.094805
vn 0.010681 -0.032422 0.093993
vn 0.000003 -0.000004 0.100000
vn 0.001776 0.040462 0.091431
vn 0.017169 0.027622 0.094564
vn 0.009570 0.034900 0.093222
vn 0.028332 0.020634 0.093656
vn 0.041387 0.008581 0.090628
vn 0.038059 0.010934 0.091826
vn 0.052243 -0.000286 0.085268
vn 0.035390 0.010656 0.092919
vn 0.031964 0.010236 0.094199
vn 0.023995 0.021219 0.094731
vn 0.021622 0.020419 0.095475
vn 0.011770 0.031558 0.094157
vn 0.010590 0.030436 0.094665
vn -0.000018 0.041531 0.090968
vn 0.000101 0.019822 0.098016
vn 0.006648 0.024117 0.096820
vn 0.008079 0.026888 0.095978
vn 0.016543 0.017958 0.096973
vn 0.024578 0.008991 0.096515
vn 0.029423 0.000019 0.095573
vn 0.000043 0.010263 0.099472
vn 0.002031 0.010463 0.099430
vn 0.003772 0.016617 0.098538
vn 0.004390 0.018648 0.098148
vn 0.007747 0.011015 0.099089
vn 0.009038 0.012394 0.098816
vn 0.011594 0.005499 0.099173
vn 0.013511 0.006208 0.098888
vn 0.013485 0.000120 0.099087
vn 0.021713 0.000227 0.097614
vn 0.000331 0.003642 0.099933
vn 0.000993 0.004654 0.099887
vn 0.001536 0.008338 0.099640
vn 0.003163 0.005512 0.099798
vn 0.004156 0.006967 0.099670
vn 0.004747 0.002747 0.099849
vn 0.006218 0.003540 0.099744
vn 0.005833 0.000028 0.099830
vn 0.000002 0.000006 0.100000
vn 0.001887 0.000462 0.099981
vn 0.002509 0.001730 0.099954
vn 0.020304 0.008031 0.097587
vn 0.016446 0.007186 0.098376
vn 0.011030 0.014142 0.098379
vn 0.000003 0.000004 0.100000
vn 0.000003 0.000005 0.100000
vn 0.001755 0.003172 0.099934
vn 0.000002 0.000005 0.100000
vn 0.014018 0.032294 0.093598
vn 0.012698 0.032213 0.093814
vn 0.025849 0.021701 0.094132
vn 0.005411 0.021176 0.097582
vn 0.013631 0.016064 0.097756
vn 0.000000 -0.099086 0.013487
vn 0.000000 -0.098971 0.014308
vn 0.000000 -0.094342 0.033161
vn 0.000000 -0.092329 0.038409
vn 0.000000 -0.083537 0.054969
vn 0.000000 -0.078159 0.062379
vn 0.000000 -0.058647 0.080997
vn 0.000000 -0.049962 0.086624
vn 0.000000 -0.042697 0.090427
vn 0.000000 -0.041554 0.090958
vn 0.000000 -0.032763 0.094480
vn 0.000000 -0.019783 0.098024
vn 0.000000 -0.024403 0.096977
vn 0.000000 -0.020752 0.097823
vn 0.000000 -0.015458 0.098798
vn 0.000000 -0.010249 0.099473
vn 0.000000 -0.011167 0.099375
vn 0.000000 -0.004268 0.099909
vn 0.000000 -0.004590 0.099895
vn 0.000000 -0.004021 0.099919
vn 0.000000 0.000000 0.100000
vn 0.000000 -0.002965 0.099956
vn 0.000000 -0.001605 0.099987
vn 0.000000 -0.000117 0.100000
vn 0.000000 0.000000 0.100000
vn 0.000000 0.000000 0.100000
vn 0.000000 0.000000 0.100000
vn 0.000000 0.000117 0.100000
vn 0.000000 0.001605 0.099987
vn 0.000000 0.002965 0.099956
vn 0.000000 0.004021 0.099919
vn 0.000000 0.004268 0.099909
vn 0.000000 0.004590 0.099895
vn 0.000000 0.011167 0.099375
vn 0.000000 0.010249 0.099473
vn 0.000000 0.015458 0.098798
vn 0.000000 0.019783 0.098024
vn 0.000000 0.020752 0.097823
vn 0.000000 0.024403 0.096977
vn 0.000000 0.032763 0.094480
vn 0.000000 0.041554 0.090958
vn 0.000000 0.042697 0.090427
vn 0.000000 0.058647 0.080997
vn 0.000000 0.049962 0.086624
vn 0.000000 0.083537 0.054969
vn 0.000000 0.094342 0.033161
vn 0.000000 0.092329 0.038409
vn 0.000000 0.078159 0.062379
vn 0.000000 0.098971 0.014308
vn 0.000000 0.099086 0.013487
vn 0.000000 0.000000 0.100000
vn 0.000000 0.000000 0.100000
vn -0.006716 0.000000 0.099774
vn -0.019120 0.000000 0.098155
vn -0.016146 0.000000 0.098688
vn -0.029539 0.000000 0.095538
vn -0.047562 0.000000 0.087965
vn -0.047562 0.000000 0.087965
vn -0.093860 0.000000 0.034500
vn -0.093860 0.000000 0.034500
vn -0.069193 0.000000 0.072196
vn -0.058650 0.000000 0.080995
vn -0.053464 0.000000 0.084508
vn -0.055652 0.000000 0.083083
vn -0.054166 0.000000 0.084060
vn -0.082161 0.000000 0.057004
vn -0.075650 0.000000 0.065399
vn -0.064639 0.000000 0.076301
vn -0.091852 0.000000 0.039538
vn -0.088847 0.000000 0.045893
vn -0.084936 0.000000 0.052782
vn -0.091852 0.000000 0.039538
vn -0.091702 0.000000 0.039883
vn -0.091365 0.000000 0.040650
vn -0.090582 0.000000 0.042366
vn -0.091811 0.000000 0.039632
vn -0.053658 0.000000 0.084385
vn -0.053464 0.000000 0.084508
vn -0.000258 -0.000180 0.100000
vn -0.003324 -0.002328 0.099918
vn -0.003594 -0.002516 0.099904
vn -0.008081 -0.005659 0.099512
vn -0.022779 -0.015950 0.096056
vn -0.016737 -0.011719 0.097890
vn -0.027908 -0.019541 0.094018
vn -0.036238 -0.025374 0.089683
vn -0.038846 -0.027201 0.088040
vn -0.050465 -0.035336 0.078770
vn -0.048673 -0.034082 0.080432
vn -0.056041 -0.039241 0.072935
vn -0.063536 -0.044488 0.063119
vn -0.060609 -0.042439 0.067272
vn -0.061325 -0.042940 0.066297
vn -0.070984 -0.049703 0.049909
vn -0.060859 -0.042614 0.066934
vn -0.056686 -0.039692 0.072189
vn -0.041106 -0.028783 0.086497
vn -0.049589 -0.034723 0.079595
vn -0.039975 -0.027991 0.087284
vn -0.029116 -0.020388 0.093470
vn -0.017853 -0.012501 0.097596
vn -0.008848 -0.006195 0.099415
vn -0.073568 -0.051513 0.043978
vn -0.007711 -0.088134 0.046615
vn -0.043327 -0.075045 0.049909
vn -0.004928 -0.056326 0.082481
vn -0.025091 -0.043459 0.086497
vn -0.002811 -0.003170 0.099910
vn -0.001009 -0.011530 0.099328
vn -0.002971 -0.009785 0.099476
vn -0.003711 -0.006704 0.099706
vn -0.008093 -0.092500 0.037125
vn -0.006313 -0.072160 0.068943
vn -0.003631 -0.041505 0.090907
vn -0.002903 -0.033178 0.094291
vn -0.002227 -0.025455 0.096680
vn -0.083473 -0.049050 0.025028
vn -0.063742 -0.067518 0.037125
vn -0.038027 -0.084709 0.037125
vn -0.029665 -0.066082 0.068943
vn -0.016487 -0.043771 0.088387
vn -0.069657 -0.053421 0.047897
vn -0.033705 -0.045794 0.082261
vn -0.083421 -0.049128 0.025048
vn -0.088724 -0.046131 -0.000000
vn -0.063452 -0.073961 0.022442
vn -0.071309 -0.070107 0.000000
vn -0.047632 -0.087927 0.000000
vn -0.020269 -0.097917 0.001162
vn -0.031771 -0.089351 0.031733
vn -0.033634 -0.074436 0.057689
vn -0.060200 -0.067184 0.043153
vn -0.055488 -0.062806 0.054557
vn -0.069634 -0.053439 0.047910
vn -0.031188 -0.059218 0.074300
vn -0.033704 -0.045796 0.082260
vn 0.070111 -0.000000 0.071306
vn 0.086319 -0.000000 0.050487
vn 0.070111 -0.000000 0.071306
vn 0.091248 -0.000000 0.040912
vn 0.096519 -0.000000 0.026154
vn 0.097599 -0.000000 0.021780
vn 0.070111 0.000000 0.071306
vn 0.070111 0.000000 0.071306
vn 0.086319 0.000000 0.050487
vn 0.091248 0.000000 0.040912
vn 0.096519 0.000000 0.026154
vn 0.097599 0.000000 0.021780
vn 0.068762 -0.001112 0.072598
vn 0.082034 -0.001348 0.057171
vn 0.070111 -0.000000 0.071306
vn 0.086319 -0.000000 0.050487
vn 0.092398 -0.001013 0.038231
vn 0.092403 -0.000350 0.038231
vn 0.099998 -0.000552 0.000000
vn 0.096519 -0.000000 0.026154
vn 0.092397 -0.001111 0.038231
vn 0.091849 -0.001544 0.039514
vn 0.097914 -0.001677 0.020251
vn 0.099985 -0.001726 0.000000
vn 0.070111 0.000000 0.071306
vn 0.091808 0.002473 0.039562
vn 0.066446 0.004181 0.074615
vn 0.091786 0.003181 0.039562
vn 0.092171 0.005877 0.038341
vn 0.099797 0.006376 0.000000
vn 0.099975 0.002255 0.000000
vn 0.091823 0.001823 0.039562
vn 0.099988 0.001540 0.000000
vn 0.091834 0.001191 0.039562
vn 0.096519 0.000000 0.026154
vn 0.086319 0.000000 0.050487
vn 0.099998 0.000584 0.000000
vn 0.090958 0.011969 0.039792
vn 0.097403 0.011303 0.019617
vn 0.098481 0.011353 0.013138
vn 0.099134 0.011372 0.006569
vn 0.099383 0.008936 0.006562
vn 0.099426 0.008449 0.006560
vn 0.099461 0.008032 0.006559
vn 0.098776 0.008429 0.013123
vn 0.098816 0.007960 0.013120
vn 0.097701 0.008386 0.019599
vn 0.097747 0.007850 0.019595
vn 0.096204 0.008312 0.025995
vn 0.096255 0.007710 0.025990
vn 0.094293 0.008194 0.032274
vn 0.094349 0.007548 0.032268
vn 0.091991 0.008023 0.038382
vn 0.092048 0.007370 0.038377
vn 0.087814 0.007682 0.047219
vn 0.087870 0.007058 0.047213
vn 0.082749 0.007258 0.055678
vn 0.082803 0.006666 0.055671
vn 0.078951 0.006940 0.060980
vn 0.079004 0.006371 0.060974
vn 0.074809 0.006593 0.066032
vn 0.074860 0.006051 0.066026
vn 0.070373 0.006223 0.070773
vn 0.070422 0.005711 0.070768
vn 0.066422 0.004074 0.074642
vn 0.070489 0.004995 0.070756
vn 0.070511 0.004758 0.070750
vn 0.074950 0.005054 0.066007
vn 0.079095 0.005335 0.060955
vn 0.082895 0.005594 0.055652
vn 0.079073 0.005588 0.060961
vn 0.082873 0.005855 0.055658
vn 0.065689 0.008628 0.074903
vn 0.078708 0.009293 0.060982
vn 0.082493 0.009730 0.055680
vn 0.087543 0.010313 0.047221
vn 0.087762 0.008233 0.047223
vn 0.091938 0.008601 0.038385
vn 0.070330 0.006668 0.070776
vn 0.070158 0.008304 0.070773
vn 0.074579 0.008816 0.066032
vn 0.074763 0.007066 0.066035
vn 0.078903 0.007438 0.060984
vn 0.092174 0.005820 0.038342
vn 0.087963 0.005940 0.047194
vn 0.087941 0.006210 0.047200
vn 0.099799 0.006337 -0.000000
vn 0.097828 0.006768 0.019595
vn 0.096340 0.006581 0.025986
vn 0.094439 0.006388 0.032258
vn 0.094418 0.006667 0.032261
vn 0.092120 0.006490 0.038364
vn 0.099517 0.007307 0.006560
vn 0.099536 0.007034 0.006561
vn 0.098874 0.007200 0.013121
vn 0.098893 0.006926 0.013122
vn 0.097808 0.007043 0.019594
vn 0.096321 0.006859 0.025986
vn 0.082699 0.007779 0.055681
vn 0.091707 0.010796 0.038383
vn 0.093999 0.011041 0.032284
vn 0.095906 0.011204 0.026011
vn 0.096152 0.008879 0.026000
vn 0.097652 0.008927 0.019604
vn 0.094239 0.008777 0.032278
vn 0.098731 0.008940 0.013127
vn 0.092141 0.006213 0.038359
vn 0.074928 0.005299 0.066013
vn 0.099985 -0.001726 0.000000
vn 0.099985 -0.001726 0.000000
vn 0.099998 -0.000588 0.000000
vn 0.099799 0.006337 0.000000
vn 0.099960 0.002827 0.000000
vn 0.099975 0.002255 0.000000
vn 0.099987 0.001581 0.000000
vn 0.099988 0.001538 0.000000
vn 0.099998 0.000588 0.000000
vn -0.073568 0.051513 0.043978
vn -0.070984 0.049703 0.049909
vn -0.063536 0.044488 0.063119
vn -0.050465 0.035336 0.078770
vn -0.041106 0.028783 0.086497
vn -0.036238 0.025374 0.089683
vn -0.022779 0.015950 0.096056
vn -0.000258 0.000180 0.100000
vn -0.000000 0.000000 0.100000
vn -0.002811 0.003170 0.099910
vn -0.025091 0.043459 0.086497
vn -0.043327 0.075045 0.049909
vn -0.004928 0.056326 0.082481
vn -0.007711 0.088134 0.046615
vn -0.003711 0.006704 0.099706
vn -0.002971 0.009785 0.099476
vn -0.001009 0.011530 0.099328
vn -0.002227 0.025455 0.096680
vn -0.002903 0.033178 0.094291
vn -0.003631 0.041505 0.090907
vn -0.006313 0.072160 0.068943
vn -0.008093 0.092500 0.037125
vn -0.016487 0.043771 0.088387
vn -0.029665 0.066082 0.068943
vn -0.038027 0.084709 0.037125
vn -0.063742 0.067518 0.037125
vn -0.083473 0.049050 0.025028
vn -0.033705 0.045794 0.082261
vn -0.069657 0.053421 0.047897
vn -0.033704 0.045796 0.082260
vn -0.031188 0.059218 0.074300
vn -0.069634 0.053439 0.047910
vn -0.055488 0.062806 0.054557
vn -0.083421 0.049128 0.025048
vn -0.063452 0.073961 0.022442
vn -0.071309 0.070107 0.000000
vn -0.047632 0.087927 0.000000
vn -0.031771 0.089351 0.031733
vn -0.020269 0.097917 0.001162
vn -0.033634 0.074436 0.057689
vn -0.088724 0.046131 0.000000
vn 0.018077 0.098353 0.000000
vn 0.030420 0.091543 0.026354
vn 0.060102 0.079923 0.000000
vn 0.053734 0.079357 0.028550
vn 0.080493 0.054702 0.022991
vn 0.045895 0.056334 0.068703
vn 0.071560 0.038682 0.058162
vn 0.031030 0.042869 0.084849
vn 0.068659 0.011055 0.071859
vn 0.069449 0.001264 0.071939
vn 0.091248 0.000004 0.040912
vn 0.070110 -0.000001 0.071306
vn 0.033748 0.078401 0.052100
vn 0.088350 0.018758 0.042923
vn 0.097602 0.000025 0.021770
vn 0.095256 0.026277 0.015358
vn 0.089471 0.044664 0.000000
vn 0.091248 -0.000004 0.040912
vn 0.070110 0.000001 0.071306
vn 0.068659 -0.011055 0.071859
vn 0.069449 -0.001264 0.071939
vn 0.031030 -0.042869 0.084849
vn 0.033748 -0.078401 0.052100
vn 0.045895 -0.056334 0.068703
vn 0.071560 -0.038682 0.058162
vn 0.088350 -0.018758 0.042923
vn 0.097602 -0.000025 0.021770
vn 0.095256 -0.026277 0.015358
vn 0.089471 -0.044664 0.000000
vn 0.080493 -0.054702 0.022991
vn 0.060102 -0.079923 0.000000
vn 0.053734 -0.079357 0.028550
vn 0.030420 -0.091543 0.026354
vn 0.018077 -0.098353 0.000000
vn 0.000000 0.000000 0.100000
vn 0.000000 0.000000 0.100000
vn 0.000000 0.000000 0.100000
vn 0.000000 0.000000 0.100000
vn 0.000000 0.000000 0.100000
vn 0.000000 0.000000 0.100000
vn 0.000000 0.000000 0.100000
vn 0.000000 0.000000 0.100000
vn 0.000000 0.000000 0.100000
vn 0.000000 0.000000 0.100000
vn 0.000000 0.000000 0.100000
vn 0.000000 0.000000 0.100000
vn 0.000000 0.000000 0.100000
vn 0.000000 0.000000 0.100000
vn 0.000000 0.000000 0.100000
vn 0.000000 0.000000 0.100000
vn 0.000000 0.000000 0.100000
vn 0.000000 0.000000 0.100000
vn 0.000000 0.000000 0.100000
vn 0.000000 0.000000 0.100000
vn 0.000000 0.000000 0.100000
vn 0.000000 0.000000 0.100000
vn 0.000000 0.000000 0.100000
vn 0.000000 0.000000 0.100000
vn 0.000000 0.000000 0.100000
vn -0.047562 0.000000 0.087965
vn -0.047562 0.000000 0.087965
vn -0.029538 0.000000 0.095538
vn -0.019120 0.000000 0.098155
vn -0.016146 0.000000 0.098688
vn -0.006716 0.000000 0.099774
vn 0.000000 0.000000 0.100000
vn -0.000000 0.000000 0.100000
vn -0.093860 0.000000 0.034500
vn -0.093860 0.000000 0.034500
vn -0.091811 0.000000 0.039632
vn -0.091852 0.000000 0.039538
vn -0.091704 0.000000 0.039881
vn -0.091852 0.000000 0.039538
vn -0.091368 0.000000 0.040643
vn -0.090584 0.000000 0.042362
vn -0.088831 0.000000 0.045924
vn -0.082161 0.000000 0.057004
vn -0.084907 0.000000 0.052828
vn -0.075668 0.000000 0.065378
vn -0.069193 0.000000 0.072196
vn -0.064670 0.000000 0.076274
vn -0.058688 0.000000 0.080968
vn -0.053464 0.000000 0.084508
vn -0.055681 0.000000 0.083064
vn -0.054177 0.000000 0.084053
vn -0.053464 0.000000 0.084508
vn -0.053662 0.000000 0.084383
vn 0.045072 0.000000 0.089267
vn 0.033557 0.000000 0.094202
vn 0.045616 0.000000 0.088990
vn 0.029414 0.000000 0.095576
vn 0.052459 0.000000 0.085136
vn 0.026540 0.000000 0.096414
vn 0.021648 0.000000 0.097629
vn 0.021232 0.000000 0.097720
vn 0.013399 0.000000 0.099098
vn 0.017808 0.000000 0.098402
vn 0.013219 0.000000 0.099122
vn 0.022122 0.000000 0.097522
vn 0.030761 0.000000 0.095151
vn 0.011015 0.000000 0.099392
vn 0.005800 0.000000 0.099832
vn 0.010522 0.000000 0.099445
vn 0.004897 0.000000 0.099880
vn 0.004897 0.000000 0.099880
vn 0.005800 0.000000 0.099832
vn 0.004643 0.000000 0.099892
vn 0.003971 0.000000 0.099921
vn 0.002135 0.000000 0.099977
vn 0.003085 0.000000 0.099952
vn 0.002192 0.000000 0.099976
vn 0.000000 0.000000 0.100000
vn 0.013399 0.000000 0.099098
vn 0.011552 0.000000 0.099331
vn 0.014038 0.000000 0.099010
vn 0.020128 0.000000 0.097953
vn 0.021648 0.000000 0.097629
vn 0.030569 0.000000 0.095213
vn 0.029415 0.000000 0.095576
vn 0.049776 0.000000 0.086732
vn 0.052459 0.000000 0.085136
vn 0.049811 0.000000 0.086711
vn 0.052506 0.000000 0.085106
vn 0.052506 0.000000 0.085106
vn 0.004643 0.000000 0.099892
vn 0.003971 0.000000 0.099921
vn 0.002135 0.000000 0.099977
vn 0.003085 0.000000 0.099952
vn 0.002192 0.000000 0.099976
vn 0.052506 0.000000 0.085106
vn 0.052506 0.000000 0.085106
vn 0.000000 0.000000 0.100000
vn 0.000000 0.000000 0.100000
vn 0.000000 0.000000 0.100000
vn 0.000000 0.000000 0.100000
vn 0.000000 0.000000 0.100000
vn 0.000000 0.000000 0.100000
vn 0.000000 0.000000 0.100000
vn 0.000000 0.000000 0.100000
vn 0.000000 0.000000 0.100000
vn 0.000000 0.000000 0.100000
vn 0.000000 0.000000 0.100000
vn 0.000000 0.000000 0.100000
vn 0.000000 0.000000 0.100000
vn 0.000000 0.000000 0.100000
vn 0.000000 0.000000 0.100000
vn 0.000000 0.000000 0.100000
vn 0.000000 0.000000 0.100000
vn 0.000000 0.000000 0.100000
vn 0.000000 0.000000 0.100000
vn 0.000000 0.000000 0.100000
vn 0.000000 0.000000 0.100000
vn 0.000000 0.000000 0.100000
vn 0.000000 0.000000 0.100000
vn 0.000000 0.000000 0.100000
vn 0.000000 0.000000 -0.100000
vn 0.000000 0.000000 -0.100000
vn 0.000000 0.000000 -0.100000
vn 0.000000 0.000000 -0.100000
vn 0.000000 0.000000 -0.100000
vn 0.000000 0.000000 -0.100000
vn 0.000000 0.000000 -0.100000
vn 0.000000 0.000000 -0.100000
vn 0.000000 0.000000 -0.100000
vn 0.000000 0.000000 -0.100000
vn 0.000000 0.000000 -0.100000
vn 0.000000 0.000000 -0.100000
vn 0.000000 0.000000 -0.100000
vn 0.000000 0.000000 -0.100000
vn 0.000000 0.000000 -0.100000
vn 0.000000 0.000000 -0.100000
vn 0.000000 0.000000 -0.100000
vn 0.000000 0.000000 -0.100000
vn 0.000000 0.000000 -0.100000
vn 0.000000 0.000000 -0.100000
vn 0.000000 0.000000 -0.100000
vn 0.000000 0.000000 -0.100000
vn 0.000000 0.000000 -0.100000
vn 0.000000 0.000000 -0.100000
vn 0.000000 0.000000 -0.100000
vn 0.000000 0.000000 -0.100000
vn 0.000000 0.000000 -0.100000
vn 0.000000 0.000000 -0.100000
vn 0.000000 0.000000 -0.100000
vn 0.000000 0.000000 -0.100000
vn 0.000000 0.000000 -0.100000
vn 0.000000 0.000000 -0.100000
vn 0.000000 0.000000 -0.100000
vn 0.000000 0.000000 -0.100000
vn 0.000000 0.000000 -0.100000
vn 0.000000 0.000000 -0.100000
vn 0.000000 0.000000 -0.100000
vn 0.000000 0.000000 -0.100000
vn 0.000000 0.000000 -0.100000
vn 0.000000 0.000000 -0.100000
vn 0.000000 0.000000 -0.100000
vn 0.000000 0.000000 -0.100000
vn 0.000000 0.000000 -0.100000
vn 0.000000 0.000000 -0.100000
vn 0.000000 0.000000 -0.100000
vn 0.000000 0.000000 -0.100000
vn 0.000000 0.000000 -0.100000
vn 0.000000 0.000000 -0.100000
vn 0.000000 0.000000 -0.100000
vn 0.000000 0.000000 -0.100000
vn 0.000000 0.000000 -0.100000
vn 0.000000 0.000000 -0.100000
vn 0.000000 0.000000 -0.100000
vn 0.000000 0.000000 -0.100000
vn 0.000000 0.000000 -0.100000
vn 0.000000 0.000000 -0.100000
vn 0.000000 0.000000 -0.100000
vn 0.000000 0.000000 -0.100000
vn 0.000000 0.000000 -0.100000
vn 0.000000 0.000000 -0.100000
vn 0.000000 0.000000 -0.100000
vn 0.000000 0.000000 -0.100000
vn 0.000000 0.000000 -0.100000
vn 0.000000 0.000000 -0.100000
vn -0.000000 -0.100000 0.000000
vn -0.038290 -0.092379 0.000000
vn -0.050000 -0.086603 0.000000
vn -0.070706 -0.070715 0.000000
vn -0.086603 -0.050000 0.000000
vn -0.092370 -0.038312 0.000000
vn -0.092370 0.038312 0.000000
vn -0.086603 0.050000 0.000000
vn -0.070706 0.070715 0.000000
vn -0.050000 0.086603 0.000000
vn -0.038290 0.092379 0.000000
vn -0.000000 0.100000 0.000000
vn 0.067424 -0.073851 0.000000
vn 0.052210 -0.085289 0.000000
vn 0.032701 -0.094502 0.000000
vn 0.004718 -0.099889 0.000000
vn 0.007040 -0.099752 0.000000
vn -0.019105 -0.098158 0.000000
vn 0.086813 -0.049634 0.000000
vn 0.091143 -0.041147 0.000000
vn 0.099985 -0.001726 0.000000
vn 0.099985 -0.001726 0.000000
vn 0.032701 -0.094502 0.000000
vn 0.095940 0.028203 0.000000
vn 0.095940 0.028203 0.000000
vn 0.078596 0.061828 0.000000
vn 0.078596 0.061828 0.000000
vn 0.086813 -0.049634 0.000000
vn 0.087671 -0.046399 0.012689
vn 0.097919 -0.001683 0.020227
vn 0.079817 -0.043770 0.041394
vn 0.091811 -0.001533 0.039603
vn 0.074936 -0.042296 0.050947
vn 0.082048 -0.001296 0.057152
vn 0.060134 -0.042312 0.067776
vn 0.068677 -0.002597 0.072641
vn 0.068773 -0.001115 0.072588
vn 0.062686 -0.061941 0.047263
vn 0.041918 -0.074773 0.051496
vn 0.046484 -0.078598 0.040763
vn 0.027575 -0.090678 0.031893
vn 0.048301 -0.080836 0.033652
vn 0.027187 -0.092544 0.026392
vn 0.051813 -0.084850 0.010768
vn 0.027240 -0.095836 0.008576
vn 0.052210 -0.085289 0.000000
vn 0.004718 -0.099889 0.000000
vn 0.001613 -0.099815 0.005857
vn 0.004995 -0.098288 0.017732
vn -0.013223 -0.099122 0.000028
vn 0.007577 -0.097377 0.021454
vn 0.016343 -0.094841 0.027166
vn 0.072614 -0.067669 0.012173
vn 0.066346 -0.063989 0.038777
vn 0.088171 -0.008518 0.046404
vn 0.097544 0.018495 0.011967
vn 0.095940 0.028203 0.000000
vn 0.088401 0.045963 0.008528
vn 0.078596 0.061828 0.000000
vn 0.071740 0.069529 0.004354
vn 0.050000 0.086603 -0.000000
vn 0.050010 0.086597 0.000015
vn 0.067773 0.071186 0.018420
vn 0.069419 0.070495 0.014543
vn 0.083417 0.047264 0.028421
vn 0.063233 0.072710 0.026736
vn 0.079895 0.048210 0.035953
vn 0.068949 0.051205 0.051226
vn 0.084170 0.020481 0.049959
vn 0.089670 0.019635 0.039671
vn 0.066838 0.024202 0.070334
vn 0.057334 -0.005776 0.081728
vn 0.016440 -0.098639 -0.000024
vn -0.013177 -0.099128 -0.000006
vn 0.026881 -0.089909 0.034551
vn 0.004426 -0.093215 0.035936
vn 0.031310 -0.067744 0.066562
vn 0.024136 -0.072331 0.064697
vn 0.040532 -0.039620 0.082385
vn 0.049924 -0.000029 0.086646
vn 0.030594 -0.000011 0.095205
vn 0.030952 -0.035168 0.088347
vn 0.034984 -0.028595 0.089210
vn 0.050042 -0.055216 0.066686
vn 0.040953 -0.017541 0.089528
vn 0.066248 -0.033867 0.066815
vn 0.044234 -0.003232 0.089627
vn 0.074104 -0.006278 0.066852
vn 0.042899 0.011446 0.089603
vn 0.071009 0.022087 0.066857
vn 0.038851 0.022277 0.089411
vn 0.060806 0.042971 0.066754
vn 0.038722 0.041217 0.082473
vn 0.050382 0.072584 0.046833
vn 0.020035 -0.000107 0.097972
vn 0.014285 -0.000270 0.098974
vn 0.011580 -0.000005 0.099327
vn 0.010600 0.000001 0.099437
vn 0.011009 0.000008 0.099392
vn 0.013313 0.000096 0.099110
vn 0.074106 0.057547 0.034592
vn 0.076672 0.064198 0.000042
vn 0.094230 0.033477 0.000002
vn 0.089029 0.029594 0.034613
vn 0.099989 -0.001448 0.000066
vn 0.093435 -0.008422 0.034626
vn 0.093292 -0.036009 -0.000004
vn 0.082121 -0.045380 0.034595
vn 0.074705 -0.066477 0.000021
vn 0.057883 -0.073868 0.034540
vn 0.047616 -0.087936 0.000013
vn 0.030772 -0.000006 0.095148
vn 0.034379 0.007477 0.093606
vn 0.041959 0.029584 0.085815
vn 0.046484 0.035955 0.080910
vn 0.051554 0.057339 0.063674
vn 0.053320 0.060232 0.059406
vn 0.054179 0.077338 0.032915
vn 0.054447 0.077787 0.031379
vn 0.050000 0.086603 0.000000
vn 0.052318 0.078111 0.034082
vn 0.052014 0.078235 0.034260
vn 0.050382 0.072584 0.046833
vn 0.046956 0.058469 0.066155
vn 0.038722 0.041217 0.082473
vn 0.035163 0.030328 0.088565
vn 0.036106 0.030233 0.088218
vn 0.047598 0.058316 0.065831
vn 0.000000 0.050000 0.086603
vn 0.000000 0.039550 0.091846
vn 0.000000 -0.000000 0.100000
vn 0.000000 -0.000000 0.100000
vn 0.000000 -0.037340 0.092767
vn 0.000000 0.073136 0.068199
vn 0.000000 0.086603 0.050000
vn 0.000000 0.094532 0.032615
vn 0.000000 0.100000 0.000000
vn 0.000000 0.099674 -0.008063
vn 0.000000 0.086603 -0.050000
vn 0.000000 0.087723 -0.048006
vn 0.000000 0.061205 -0.079082
vn 0.000000 0.050000 -0.086603
vn 0.000000 0.023801 -0.097126
vn 0.000000 0.000000 -0.100000
vn 0.000000 -0.015202 -0.098838
vn 0.000000 -0.050000 -0.086603
vn 0.000000 -0.050584 -0.086262
vn 0.000000 -0.077384 -0.063338
vn 0.000000 -0.086603 -0.050000
vn 0.000000 -0.095086 -0.030962
vn 0.000000 -0.100000 0.000000
vn 0.000000 -0.099292 -0.011881
vn 0.000000 -0.099680 0.007994
vn 0.000000 -0.086603 0.050000
vn 0.000000 -0.089350 0.044907
vn 0.000000 -0.067961 0.073357
vn 0.000000 -0.050000 0.086603
vn 0.000000 0.050000 0.086603
vn 0.000000 0.037340 0.092767
vn 0.000000 -0.000000 0.100000
vn 0.000000 -0.000000 0.100000
vn 0.000000 -0.039550 0.091846
vn 0.000000 0.067961 0.073357
vn 0.000000 0.086603 0.050000
vn 0.000000 0.089350 0.044907
vn 0.000000 0.100000 0.000000
vn 0.000000 0.099680 0.007994
vn 0.000000 0.099292 -0.011881
vn 0.000000 0.095086 -0.030962
vn 0.000000 0.086603 -0.050000
vn 0.000000 0.077384 -0.063338
vn 0.000000 0.050000 -0.086603
vn 0.000000 0.050584 -0.086262
vn 0.000000 0.015202 -0.098838
vn 0.000000 0.000000 -0.100000
vn 0.000000 -0.023801 -0.097126
vn 0.000000 -0.050000 -0.086603
vn 0.000000 -0.061205 -0.079082
vn 0.000000 -0.086603 -0.050000
vn 0.000000 -0.087723 -0.048006
vn 0.000000 -0.099674 -0.008063
vn 0.000000 -0.100000 0.000000
vn 0.000000 -0.094532 0.032615
vn 0.000000 -0.086603 0.050000
vn 0.000000 -0.073136 0.068199
vn 0.000000 -0.050000 0.086603
vn -0.085717 0.025752 0.044604
vn -0.085717 0.025752 0.044604
vn -0.085717 0.000000 0.051504
vn -0.085717 0.051504 -0.000000
vn -0.085717 0.051504 -0.000000
vn -0.085717 0.044604 0.025752
vn -0.085717 0.025752 -0.044604
vn -0.085717 0.025752 -0.044604
vn -0.085717 0.044604 -0.025752
vn -0.085717 -0.025752 -0.044604
vn -0.085717 -0.025752 -0.044604
vn -0.085717 0.000000 -0.051504
vn -0.085717 -0.051504 -0.000000
vn -0.085717 -0.051504 -0.000000
vn -0.085717 -0.044604 -0.025752
vn -0.085717 -0.025752 0.044604
vn -0.085717 -0.025752 0.044604
vn -0.085717 -0.044604 0.025752
vn -0.085717 -0.000000 0.051504
vn -0.085717 -0.044604 -0.025752
vn -0.085717 0.044604 -0.025752
vn -0.085717 -0.044604 0.025752
vn -0.085717 0.000000 -0.051504
vn -0.085717 0.044604 0.025752
vn 0.000000 0.050000 0.086603
vn 0.000000 0.050000 0.086603
vn 0.000000 -0.000000 0.100000
vn 0.000000 -0.000000 0.100000
vn 0.000000 -0.050000 0.086603
vn 0.000000 -0.050000 0.086603
vn 0.000000 -0.086603 0.050000
vn 0.000000 -0.086603 0.050000
vn 0.000000 -0.100000 0.000000
vn 0.000000 -0.100000 0.000000
vn 0.000000 -0.086603 -0.050000
vn 0.000000 -0.086603 -0.050000
vn 0.000000 -0.050000 -0.086603
vn 0.000000 -0.050000 -0.086603
vn 0.000000 -0.000000 -0.100000
vn 0.000000 -0.000000 -0.100000
vn 0.000000 0.050000 -0.086603
vn 0.000000 0.050000 -0.086603
vn 0.000000 0.086603 -0.050000
vn 0.000000 0.086603 -0.050000
vn 0.000000 0.100000 0.000000
vn 0.000000 0.100000 0.000000
vn 0.000000 0.086603 0.050000
vn 0.000000 0.086603 0.050000
vn -0.085717 0.025752 0.044604
vn -0.085717 0.025752 0.044604
vn -0.085717 0.000000 0.051504
vn -0.085717 0.051504 -0.000000
vn -0.085717 0.051504 -0.000000
vn -0.085717 0.044604 0.025752
vn -0.085717 0.025752 -0.044604
vn -0.085717 0.025752 -0.044604
vn -0.085717 0.044604 -0.025752
vn -0.085717 -0.025752 -0.044604
vn -0.085717 -0.025752 -0.044604
vn -0.085717 0.000000 -0.051504
vn -0.085717 -0.051504 -0.000000
vn -0.085717 -0.051504 -0.000000
vn -0.085717 -0.044604 -0.025752
vn -0.085717 -0.025752 0.044604
vn -0.085717 -0.025752 0.044604
vn -0.085717 -0.044604 0.025752
vn -0.085717 -0.000000 0.051504
vn -0.085717 -0.044604 -0.025752
vn -0.085717 0.044604 -0.025752
vn -0.085717 -0.044604 0.025752
vn -0.085717 0.000000 -0.051504
vn -0.085717 0.044604 0.025752
vn 0.000000 0.050000 0.086603
vn 0.000000 0.050000 0.086603
vn 0.000000 -0.000000 0.100000
vn 0.000000 -0.000000 0.100000
vn 0.000000 -0.050000 0.086603
vn 0.000000 -0.050000 0.086603
vn 0.000000 -0.086603 0.050000
vn 0.000000 -0.086603 0.050000
vn 0.000000 -0.100000 0.000000
vn 0.000000 -0.100000 0.000000
vn 0.000000 -0.086603 -0.050000
vn 0.000000 -0.086603 -0.050000
vn 0.000000 -0.050000 -0.086603
vn 0.000000 -0.050000 -0.086603
vn 0.000000 -0.000000 -0.100000
vn 0.000000 -0.000000 -0.100000
vn 0.000000 0.050000 -0.086603
vn 0.000000 0.050000 -0.086603
vn 0.000000 0.086603 -0.050000
vn 0.000000 0.086603 -0.050000
vn 0.000000 0.100000 0.000000
vn 0.000000 0.100000 0.000000
vn 0.000000 0.086603 0.050000
vn 0.000000 0.086603 0.050000
usemtl Opaque(230,230,230)
f 2/1/1 39/2/2 1/3/3
f 1/3/3 39/2/2 40/4/4
f 1/5/3 40/6/4 41/7/5
f 3/8/6 17/9/7 2/1/1
f 2/1/1 17/9/7 18/10/8
f 2/1/1 18/10/8 38/11/9
f 38/11/9 18/10/8 37/12/10
f 37/12/10 18/10/8 19/13/11
f 37/12/10 19/13/11 36/14/12
f 36/14/12 19/13/11 35/15/13
f 35/16/13 19/17/11 20/18/14
f 35/16/13 20/18/14 34/19/15
f 34/19/15 20/18/14 33/20/16
f 33/20/16 20/18/14 32/21/17
f 32/21/17 20/18/14 21/22/18
f 32/21/17 21/22/18 31/23/19
f 31/23/19 21/22/18 30/24/20
f 30/24/20 21/22/18 29/25/21
f 29/25/21 21/22/18 11/26/22
f 29/25/21 11/26/22 28/27/23
f 28/27/23 11/26/22 12/28/24
f 28/27/23 12/28/24 27/29/25
f 27/29/25 12/28/24 26/30/26
f 26/30/26 12/28/24 25/31/27
f 25/31/27 12/28/24 1/5/3
f 25/31/27 1/5/3 41/7/5
f 17/9/7 3/8/6 16/32/28
f 16/32/28 3/8/6 4/33/29
f 16/32/28 4/33/29 15/34/30
f 15/34/30 4/33/29 5/35/31
f 15/34/30 5/35/31 14/36/32
f 14/36/32 5/35/31 6/37/33
f 14/36/32 6/37/33 13/38/34
f 13/38/34 6/37/33 7/39/35
f 13/38/34 7/39/35 24/40/36
f 24/40/36 7/39/35 8/41/37
f 24/40/36 8/41/37 23/42/38
f 23/42/38 8/41/37 9/43/39
f 23/42/38 9/43/39 22/44/40
f 22/44/40 9/43/39 10/45/41
f 22/44/40 10/45/41 21/22/18
f 21/22/18 10/45/41 11/26/22
f 38/11/9 39/2/2 2/1/1
f 43/46/42 66/47/43 42/48/44
f 42/48/44 66/47/43 67/49/45
f 42/50/44 67/51/45 68/52/46
f 44/53/47 81/54/48 43/46/42
f 43/46/42 81/54/48 82/55/49
f 43/46/42 82/55/49 66/47/43
f 45/56/50 57/57/51 44/53/47
f 44/53/47 57/57/51 58/58/52
f 44/53/47 58/58/52 79/59/53
f 79/59/53 58/58/52 78/60/54
f 78/60/54 58/58/52 77/61/55
f 77/61/55 58/58/52 76/62/56
f 76/62/56 58/58/52 59/63/57
f 76/62/56 59/63/57 75/64/58
f 75/64/58 59/63/57 74/65/59
f 74/65/59 59/63/57 73/66/60
f 73/66/60 59/63/57 60/67/61
f 73/66/60 60/67/61 72/68/62
f 72/69/62 60/70/61 71/71/63
f 71/71/63 60/70/61 70/72/64
f 70/72/64 60/70/61 61/73/65
f 70/72/64 61/73/65 53/74/66
f 53/74/66 61/73/65 52/75/67
f 52/75/67 61/73/65 62/76/68
f 52/75/67 62/76/68 51/77/69
f 51/77/69 62/76/68 63/78/70
f 51/77/69 63/78/70 50/79/71
f 50/79/71 63/78/70 64/80/72
f 50/79/71 64/80/72 49/81/73
f 49/81/73 64/80/72 65/82/74
f 49/81/73 65/82/74 48/83/75
f 48/83/75 65/82/74 54/84/76
f 48/83/75 54/84/76 47/85/77
f 47/85/77 54/84/76 55/86/78
f 47/85/77 55/86/78 46/87/79
f 46/87/79 55/86/78 56/88/80
f 46/87/79 56/88/80 45/56/50
f 45/56/50 56/88/80 57/57/51
f 70/72/64 53/74/66 69/89/81
f 69/89/81 53/74/66 42/50/44
f 69/89/81 42/50/44 68/52/46
f 79/59/53 80/90/82 44/53/47
f 44/53/47 80/90/82 81/54/48
f 83/91/83 84/92/84 95/93/85
f 95/93/85 84/92/84 96/94/86
f 95/93/85 96/94/86 94/95/87
f 94/95/87 96/94/86 92/96/88
f 94/95/87 92/96/88 93/97/89
f 84/92/84 85/98/90 96/94/86
f 96/94/86 85/98/90 87/99/91
f 96/94/86 87/99/91 88/100/92
f 85/98/90 86/101/93 87/99/91
f 88/100/92 89/102/94 96/94/86
f 96/94/86 89/102/94 90/103/95
f 96/94/86 90/103/95 91/104/96
f 91/104/96 92/96/88 96/94/86
f 93/105/89 97/106/97 94/107/87
f 94/107/87 97/106/97 98/108/98
f 94/107/87 98/108/98 99/109/99
f 100/110/100 83/111/83 99/109/99
f 99/109/99 83/111/83 95/112/85
f 99/109/99 95/112/85 94/107/87
f 101/113/101 102/114/102 116/115/103
f 116/115/103 102/114/102 115/116/104
f 115/116/104 102/114/102 114/117/105
f 114/117/105 102/114/102 99/118/106
f 114/117/105 99/118/106 113/119/107
f 113/119/107 99/118/106 112/120/108
f 112/120/108 99/118/106 98/121/109
f 112/120/108 98/121/109 97/122/110
f 102/114/102 103/123/111 99/118/106
f 99/118/106 103/123/111 100/124/112
f 100/124/112 103/123/111 104/125/113
f 105/126/114 106/127/115 97/122/110
f 97/122/110 106/127/115 111/128/116
f 97/122/110 111/128/116 112/120/108
f 111/128/116 106/127/115 110/129/117
f 110/129/117 106/127/115 107/130/118
f 110/129/117 107/130/118 109/131/119
f 109/131/119 107/130/118 108/132/120
f 118/133/121 127/134/122 117/135/123
f 117/135/123 127/134/122 128/136/124
f 117/135/123 128/136/124 129/137/125
f 119/138/126 124/139/127 118/133/121
f 118/133/121 124/139/127 125/140/128
f 118/133/121 125/140/128 126/141/129
f 120/142/130 121/143/131 119/138/126
f 119/138/126 121/143/131 122/144/132
f 119/138/126 122/144/132 123/145/133
f 117/135/123 130/146/134 120/142/130
f 120/142/130 130/146/134 131/147/135
f 120/142/130 131/147/135 132/148/136
f 123/145/133 124/139/127 119/138/126
f 126/141/129 127/134/122 118/133/121
f 129/137/125 130/146/134 117/135/123
f 132/148/136 121/143/131 120/142/130
f 119/149/137 133/150/138 120/151/139
f 120/151/139 133/150/138 140/152/140
f 120/151/139 140/152/140 141/153/141
f 140/152/140 133/150/138 139/154/142
f 139/154/142 133/150/138 134/155/143
f 139/154/142 134/155/143 136/156/144
f 136/156/144 134/155/143 135/157/145
f 137/158/146 138/159/147 136/156/144
f 136/156/144 138/159/147 139/154/142
f 141/153/141 142/160/148 120/151/139
f 143/161/149 154/162/150 135/163/151
f 135/163/151 154/162/150 155/164/152
f 135/163/151 155/164/152 156/165/153
f 144/166/154 151/167/155 143/161/149
f 143/161/149 151/167/155 152/168/156
f 143/161/149 152/168/156 153/169/157
f 136/170/158 148/171/159 144/166/154
f 144/166/154 148/171/159 149/172/160
f 144/166/154 149/172/160 150/173/161
f 135/163/151 145/174/162 136/170/158
f 136/170/158 145/174/162 146/175/163
f 136/170/158 146/175/163 147/176/164
f 147/176/164 148/171/159 136/170/158
f 150/173/161 151/167/155 144/166/154
f 153/169/157 154/162/150 143/161/149
f 156/165/153 145/174/162 135/163/151
f 158/177/165 163/178/166 157/179/167
f 157/179/167 163/178/166 164/180/168
f 157/179/167 164/180/168 165/181/169
f 163/178/166 158/177/165 162/182/170
f 162/182/170 158/177/165 159/183/171
f 162/182/170 159/183/171 161/184/172
f 161/184/172 159/183/171 160/185/173
f 166/186/174 183/187/175 165/181/169
f 165/181/169 183/187/175 184/188/176
f 165/181/169 184/188/176 157/179/167
f 166/186/174 167/189/177 183/187/175
f 183/187/175 167/189/177 182/190/178
f 182/190/178 167/189/177 168/191/179
f 182/190/178 168/191/179 181/192/180
f 181/192/180 168/191/179 180/193/181
f 180/193/181 168/191/179 114/194/182
f 180/193/181 114/194/182 179/195/183
f 179/195/183 114/194/182 113/196/184
f 179/195/183 113/196/184 178/197/185
f 178/197/185 113/196/184 112/198/186
f 178/197/185 112/198/186 177/199/187
f 177/199/187 112/198/186 175/200/188
f 177/199/187 175/200/188 176/201/189
f 175/200/188 112/198/186 172/202/190
f 172/202/190 112/198/186 111/203/191
f 172/202/190 111/203/191 171/204/192
f 171/204/192 111/203/191 170/205/193
f 170/205/193 111/203/191 169/206/194
f 173/207/195 174/208/196 172/202/190
f 172/202/190 174/208/196 175/200/188
f 201/209/197 185/210/198 200/211/199
f 200/211/199 185/210/198 186/212/200
f 200/211/199 186/212/200 187/213/201
f 200/211/199 187/213/201 199/214/202
f 199/214/202 187/213/201 188/215/203
f 199/214/202 188/215/203 189/216/204
f 199/214/202 189/216/204 198/217/205
f 198/217/205 189/216/204 190/218/206
f 198/217/205 190/218/206 197/219/207
f 197/219/207 190/218/206 191/220/208
f 197/219/207 191/220/208 192/221/209
f 197/219/207 192/221/209 196/222/210
f 196/222/210 192/221/209 193/223/211
f 196/222/210 193/223/211 195/224/212
f 195/224/212 193/223/211 194/225/213
f 202/226/214 203/227/215 359/228/216
f 359/228/216 203/227/215 358/229/217
f 358/229/217 203/227/215 357/230/218
f 357/230/218 203/227/215 361/231/219
f 357/230/218 361/231/219 362/232/220
f 361/231/219 203/227/215 360/233/221
f 360/233/221 203/227/215 204/234/222
f 360/233/221 204/234/222 205/235/223
f 205/235/223 160/236/224 360/233/221
f 360/233/221 160/236/224 375/237/225
f 375/237/225 160/236/224 159/238/226
f 375/237/225 159/238/226 374/239/227
f 374/239/227 159/238/226 158/240/228
f 374/239/227 158/240/228 208/241/229
f 208/241/229 158/240/228 207/242/230
f 207/242/230 158/240/228 206/243/231
f 206/243/231 158/240/228 157/244/232
f 374/239/227 208/241/229 373/245/233
f 373/245/233 208/241/229 209/246/234
f 373/245/233 209/246/234 210/247/235
f 373/245/233 210/247/235 372/248/236
f 372/248/236 210/247/235 211/249/237
f 372/248/236 211/249/237 371/250/238
f 371/250/238 211/249/237 212/251/239
f 371/250/238 212/251/239 370/252/240
f 370/252/240 212/251/239 213/253/241
f 370/252/240 213/253/241 369/254/242
f 369/254/242 213/253/241 214/255/243
f 369/254/242 214/255/243 368/256/244
f 368/256/244 214/255/243 349/257/245
f 368/256/244 349/257/245 352/258/246
f 352/258/246 349/257/245 350/259/247
f 352/258/246 350/259/247 351/260/248
f 349/257/245 214/255/243 348/261/249
f 348/261/249 214/255/243 215/262/250
f 348/261/249 215/262/250 347/263/251
f 347/263/251 215/262/250 311/264/252
f 347/263/251 311/264/252 312/265/253
f 215/262/250 216/266/254 311/264/252
f 311/264/252 216/266/254 217/267/255
f 311/264/252 217/267/255 218/268/256
f 218/268/256 219/269/257 311/264/252
f 311/264/252 219/269/257 220/270/258
f 311/264/252 220/270/258 310/271/259
f 310/271/259 220/270/258 221/272/260
f 310/271/259 221/272/260 222/273/261
f 222/273/261 223/274/262 310/271/259
f 310/271/259 223/274/262 224/275/263
f 310/271/259 224/275/263 225/276/264
f 226/277/265 179/278/266 225/276/264
f 225/276/264 179/278/266 309/279/267
f 225/276/264 309/279/267 310/271/259
f 226/277/265 227/280/268 179/278/266
f 179/278/266 227/280/268 228/281/269
f 179/278/266 228/281/269 229/282/270
f 229/282/270 180/283/271 179/278/266
f 179/278/266 178/284/272 309/279/267
f 309/279/267 178/284/272 308/285/273
f 308/285/273 178/284/272 234/286/274
f 308/285/273 234/286/274 307/287/275
f 307/287/275 234/286/274 235/288/276
f 307/287/275 235/288/276 236/289/277
f 177/290/278 230/291/279 178/284/272
f 178/284/272 230/291/279 231/292/280
f 178/284/272 231/292/280 232/293/281
f 232/293/281 233/294/282 178/284/272
f 178/284/272 233/294/282 234/286/274
f 236/289/277 237/295/283 307/287/275
f 307/287/275 237/295/283 238/296/284
f 307/287/275 238/296/284 239/297/285
f 307/287/275 239/297/285 306/298/286
f 306/298/286 239/297/285 240/299/287
f 306/298/286 240/299/287 241/300/288
f 241/300/288 242/301/289 306/298/286
f 306/298/286 242/301/289 243/302/290
f 306/298/286 243/302/290 244/303/291
f 245/304/292 269/305/293 244/303/291
f 244/303/291 269/305/293 270/306/294
f 244/303/291 270/306/294 306/298/286
f 306/298/286 270/306/294 305/307/295
f 305/307/295 270/306/294 271/308/296
f 305/307/295 271/308/296 272/309/297
f 246/310/298 383/311/299 245/304/292
f 245/304/292 383/311/299 384/312/300
f 245/304/292 384/312/300 268/313/301
f 268/313/301 384/312/300 265/314/302
f 268/313/301 265/314/302 267/315/303
f 267/315/303 265/314/302 266/316/304
f 383/311/299 246/310/298 382/317/305
f 382/317/305 246/310/298 247/318/306
f 382/317/305 247/318/306 381/319/307
f 381/319/307 247/318/306 248/320/308
f 381/319/307 248/320/308 380/321/309
f 380/321/309 248/320/308 249/322/310
f 380/321/309 249/322/310 379/323/311
f 379/323/311 249/322/310 250/324/312
f 379/323/311 250/324/312 251/325/313
f 252/326/314 171/327/315 251/325/313
f 251/325/313 171/327/315 378/328/316
f 251/325/313 378/328/316 379/323/311
f 252/326/314 253/329/317 171/327/315
f 171/327/315 253/329/317 172/330/318
f 171/327/315 170/331/319 378/328/316
f 378/328/316 170/331/319 377/332/320
f 377/332/320 170/331/319 169/333/321
f 377/332/320 169/333/321 376/334/322
f 376/334/322 169/333/321 254/335/323
f 376/334/322 254/335/323 255/336/324
f 255/336/324 256/337/325 376/334/322
f 376/334/322 256/337/325 391/338/326
f 391/338/326 256/337/325 260/339/327
f 391/338/326 260/339/327 390/340/328
f 390/340/328 260/339/327 261/341/329
f 390/340/328 261/341/329 389/342/330
f 389/342/330 261/341/329 388/343/331
f 388/343/331 261/341/329 262/344/332
f 388/343/331 262/344/332 387/345/333
f 387/345/333 262/344/332 386/346/334
f 386/346/334 262/344/332 263/347/335
f 386/346/334 263/347/335 385/348/336
f 385/348/336 263/347/335 264/349/337
f 385/348/336 264/349/337 384/312/300
f 384/312/300 264/349/337 265/314/302
f 257/350/338 258/351/339 256/337/325
f 256/337/325 258/351/339 259/352/340
f 256/337/325 259/352/340 260/339/327
f 268/313/301 269/305/293 245/304/292
f 273/353/341 281/354/342 272/309/297
f 272/309/297 281/354/342 282/355/343
f 272/309/297 282/355/343 305/307/295
f 305/307/295 282/355/343 304/356/344
f 304/356/344 282/355/343 283/357/345
f 304/356/344 283/357/345 284/358/346
f 281/354/342 273/353/341 280/359/347
f 280/359/347 273/353/341 274/360/348
f 280/359/347 274/360/348 279/361/349
f 279/361/349 274/360/348 275/362/350
f 279/361/349 275/362/350 278/363/351
f 278/363/351 275/362/350 276/364/352
f 278/363/351 276/364/352 277/365/353
f 285/366/354 294/367/355 284/358/346
f 284/358/346 294/367/355 295/368/356
f 284/358/346 295/368/356 300/369/357
f 300/369/357 295/368/356 296/370/358
f 300/369/357 296/370/358 137/371/359
f 137/371/359 296/370/358 138/372/360
f 138/372/360 296/370/358 297/373/361
f 138/372/360 297/373/361 298/374/362
f 294/367/355 285/366/354 293/375/363
f 293/375/363 285/366/354 286/376/364
f 293/375/363 286/376/364 287/377/365
f 293/375/363 287/377/365 292/378/366
f 292/378/366 287/377/365 288/379/367
f 292/378/366 288/379/367 289/380/368
f 290/381/369 291/382/370 289/380/368
f 289/380/368 291/382/370 292/378/366
f 298/374/362 299/383/371 138/372/360
f 284/358/346 300/369/357 303/384/372
f 303/384/372 300/369/357 301/385/373
f 303/384/372 301/385/373 302/386/374
f 303/384/372 304/356/344 284/358/346
f 313/387/375 335/388/376 312/265/253
f 312/265/253 335/388/376 345/389/377
f 312/265/253 345/389/377 346/390/378
f 314/391/379 333/392/380 313/387/375
f 313/387/375 333/392/380 334/393/381
f 313/387/375 334/393/381 335/388/376
f 315/394/382 316/395/383 314/391/379
f 314/391/379 316/395/383 317/396/384
f 314/391/379 317/396/384 333/392/380
f 333/392/380 317/396/384 322/397/385
f 333/392/380 322/397/385 323/398/386
f 322/397/385 317/396/384 321/399/387
f 321/399/387 317/396/384 142/400/388
f 321/399/387 142/400/388 141/401/389
f 318/402/390 319/403/391 141/401/389
f 141/401/389 319/403/391 320/404/392
f 141/401/389 320/404/392 321/399/387
f 333/392/380 323/398/386 332/405/393
f 332/405/393 323/398/386 324/406/394
f 332/405/393 324/406/394 331/407/395
f 331/407/395 324/406/394 330/408/396
f 330/408/396 324/406/394 325/409/397
f 330/408/396 325/409/397 329/410/398
f 329/410/398 325/409/397 328/411/399
f 328/411/399 325/409/397 326/412/400
f 328/411/399 326/412/400 327/413/401
f 335/388/376 336/414/402 345/389/377
f 345/389/377 336/414/402 344/415/403
f 344/415/403 336/414/402 337/416/404
f 344/415/403 337/416/404 343/417/405
f 343/417/405 337/416/404 338/418/406
f 343/417/405 338/418/406 342/419/407
f 342/419/407 338/418/406 339/420/408
f 342/419/407 339/420/408 341/421/409
f 341/421/409 339/420/408 340/422/410
f 346/390/378 347/263/251 312/265/253
f 352/258/246 353/423/411 368/256/244
f 368/256/244 353/423/411 367/424/412
f 367/424/412 353/423/411 354/425/413
f 367/424/412 354/425/413 366/426/414
f 366/426/414 354/425/413 355/427/415
f 366/426/414 355/427/415 365/428/416
f 365/428/416 355/427/415 364/429/417
f 364/429/417 355/427/415 356/430/418
f 364/429/417 356/430/418 363/431/419
f 363/431/419 356/430/418 362/232/220
f 362/232/220 356/430/418 357/230/218
f 393/432/420 395/433/421 392/434/422
f 392/434/422 395/433/421 396/435/423
f 392/434/422 396/435/423 400/436/424
f 400/436/424 396/435/423 399/437/425
f 399/437/425 396/435/423 398/438/426
f 398/438/426 396/435/423 397/439/427
f 393/432/420 394/440/428 395/433/421
f 400/436/424 401/441/429 392/434/422
f 392/434/422 401/441/429 402/442/430
f 392/434/422 402/442/430 142/443/431
f 142/443/431 402/442/430 117/444/432
f 142/443/431 117/444/432 120/445/433
f 142/443/431 317/446/434 392/434/422
f 404/447/435 405/448/436 403/449/437
f 403/449/437 405/448/436 407/450/438
f 407/450/438 405/448/436 406/451/439
f 409/452/440 439/453/441 408/454/442
f 408/454/442 439/453/441 440/455/443
f 408/454/442 440/455/443 441/456/444
f 410/457/445 424/458/446 409/452/440
f 409/452/440 424/458/446 425/459/447
f 409/452/440 425/459/447 426/460/448
f 411/461/449 144/462/450 410/457/445
f 410/457/445 144/462/450 421/463/451
f 410/457/445 421/463/451 422/464/452
f 143/465/453 412/466/454 144/462/450
f 144/462/450 412/466/454 418/467/455
f 144/462/450 418/467/455 419/468/456
f 413/469/457 456/470/458 412/466/454
f 412/466/454 456/470/458 457/471/459
f 412/466/454 457/471/459 418/467/455
f 418/467/455 457/471/459 417/472/460
f 417/472/460 457/471/459 458/473/461
f 417/472/460 458/473/461 416/474/462
f 416/474/462 458/473/461 459/475/463
f 416/474/462 459/475/463 415/476/464
f 415/476/464 459/475/463 460/477/465
f 415/476/464 460/477/465 461/478/466
f 118/479/467 117/480/468 413/469/457
f 413/469/457 117/480/468 436/481/469
f 413/469/457 436/481/469 445/482/470
f 445/482/470 436/481/469 437/483/471
f 445/482/470 437/483/471 444/484/472
f 444/484/472 437/483/471 438/485/473
f 444/484/472 438/485/473 443/486/474
f 443/486/474 438/485/473 427/487/475
f 443/486/474 427/487/475 442/488/476
f 442/488/476 427/487/475 441/456/444
f 441/456/444 427/487/475 408/454/442
f 402/489/477 414/490/478 117/480/468
f 117/480/468 414/490/478 433/491/479
f 117/480/468 433/491/479 434/492/480
f 408/454/442 430/493/481 414/490/478
f 414/490/478 430/493/481 431/494/482
f 414/490/478 431/494/482 432/495/483
f 419/468/456 420/496/484 144/462/450
f 144/462/450 420/496/484 421/463/451
f 422/464/452 423/497/485 410/457/445
f 410/457/445 423/497/485 424/458/446
f 426/460/448 415/476/464 409/452/440
f 409/452/440 415/476/464 461/478/466
f 409/452/440 461/478/466 462/498/486
f 427/487/475 428/499/487 408/454/442
f 408/454/442 428/499/487 429/500/488
f 408/454/442 429/500/488 430/493/481
f 432/495/483 433/491/479 414/490/478
f 434/492/480 435/501/489 117/480/468
f 117/480/468 435/501/489 436/481/469
f 445/482/470 446/502/490 413/469/457
f 413/469/457 446/502/490 455/503/491
f 413/469/457 455/503/491 456/470/458
f 446/502/490 447/504/492 455/503/491
f 455/503/491 447/504/492 454/505/493
f 454/505/493 447/504/492 448/506/494
f 454/505/493 448/506/494 453/507/495
f 453/507/495 448/506/494 449/508/496
f 453/507/495 449/508/496 452/509/497
f 452/509/497 449/508/496 450/510/498
f 452/509/497 450/510/498 451/511/499
f 451/511/499 450/510/498 439/453/441
f 451/511/499 439/453/441 409/452/440
f 462/498/486 451/511/499 409/452/440
f 467/512/500 463/513/501 466/514/502
f 466/514/502 463/513/501 464/515/503
f 466/514/502 464/515/503 465/516/504
f 468/517/505 469/518/506 276/519/507
f 276/519/507 469/518/506 470/520/508
f 276/519/507 470/520/508 277/521/509
f 277/521/509 470/520/508 471/522/510
f 277/521/509 471/522/510 472/523/511
f 472/523/511 473/524/512 277/521/509
f 489/525/513 474/526/514 483/527/515
f 483/527/515 474/526/514 475/528/516
f 483/527/515 475/528/516 482/529/517
f 482/529/517 475/528/516 476/530/518
f 482/529/517 476/530/518 477/531/519
f 482/529/517 477/531/519 481/532/520
f 481/532/520 477/531/519 478/533/521
f 481/532/520 478/533/521 480/534/522
f 480/534/522 478/533/521 479/535/523
f 483/527/515 484/536/524 489/525/513
f 489/525/513 484/536/524 488/537/525
f 488/537/525 484/536/524 485/538/526
f 488/537/525 485/538/526 487/539/527
f 487/539/527 485/538/526 486/540/528
f 256/541/529 108/542/530 257/543/531
f 257/543/531 108/542/530 487/544/527
f 257/543/531 487/544/527 486/545/528
f 107/546/532 490/547/533 108/542/530
f 108/542/530 490/547/533 487/544/527
f 486/545/528 491/548/534 257/543/531
f 497/549/535 492/550/536 202/551/537
f 202/551/537 492/550/536 493/552/538
f 202/551/537 493/552/538 496/553/539
f 496/553/539 493/552/538 494/554/540
f 496/553/539 494/554/540 495/555/541
f 496/553/539 203/556/542 202/551/537
f 492/557/536 498/558/543 493/559/538
f 493/559/538 498/558/543 511/560/544
f 511/560/544 498/558/543 499/561/545
f 511/560/544 499/561/545 510/562/546
f 510/562/546 499/561/545 500/563/547
f 510/562/546 500/563/547 509/564/548
f 509/564/548 500/563/547 508/565/549
f 508/565/549 500/563/547 501/566/550
f 508/565/549 501/566/550 507/567/551
f 507/567/551 501/566/550 506/568/552
f 506/568/552 501/566/550 502/569/553
f 506/568/552 502/569/553 505/570/554
f 505/570/554 502/569/553 503/571/555
f 505/570/554 503/571/555 504/572/556
f 513/573/557 535/574/558 512/575/559
f 512/575/559 535/574/558 524/576/560
f 512/575/559 524/576/560 523/577/561
f 523/577/561 524/576/560 525/578/562
f 523/577/561 525/578/562 522/579/563
f 522/579/563 525/578/562 526/580/564
f 522/579/563 526/580/564 521/581/565
f 521/581/565 526/580/564 527/582/566
f 521/581/565 527/582/566 520/583/567
f 520/583/567 527/582/566 528/584/568
f 520/583/567 528/584/568 519/585/569
f 519/585/569 528/584/568 529/586/570
f 519/585/569 529/586/570 518/587/571
f 518/587/571 529/586/570 530/588/572
f 518/589/571 530/590/572 517/591/573
f 517/591/573 530/590/572 531/592/574
f 517/591/573 531/592/574 516/593/575
f 516/593/575 531/592/574 532/594/576
f 516/593/575 532/594/576 515/595/577
f 515/595/577 532/594/576 533/596/578
f 515/595/577 533/596/578 514/597/579
f 514/597/579 533/596/578 534/598/580
f 514/597/579 534/598/580 513/573/557
f 513/573/557 534/598/580 535/574/558
f 537/599/581 538/600/582 536/601/583
f 536/601/583 538/600/582 539/602/584
f 536/601/583 539/602/584 545/603/585
f 545/603/585 539/602/584 541/604/586
f 545/603/585 541/604/586 542/605/587
f 300/606/588 137/607/589 539/602/584
f 539/602/584 137/607/589 411/608/590
f 539/602/584 411/608/590 540/609/591
f 136/610/592 144/611/593 137/607/589
f 137/607/589 144/611/593 411/608/590
f 540/609/591 541/604/586 539/602/584
f 542/605/587 543/612/594 545/603/585
f 545/603/585 543/612/594 544/613/595
f 551/614/596 546/615/597 340/616/598
f 340/616/598 546/615/597 547/617/599
f 340/616/598 547/617/599 548/618/600
f 340/616/598 548/618/600 341/619/601
f 341/619/601 548/618/600 549/620/602
f 341/619/601 549/620/602 550/621/603
f 553/622/604 575/623/605 552/624/606
f 552/624/606 575/623/605 564/625/607
f 552/624/606 564/625/607 563/626/608
f 563/626/608 564/625/607 565/627/609
f 563/626/608 565/627/609 562/628/610
f 562/628/610 565/627/609 566/629/611
f 562/628/610 566/629/611 561/630/612
f 561/630/612 566/629/611 567/631/613
f 561/630/612 567/631/613 560/632/614
f 560/632/614 567/631/613 568/633/615
f 560/632/614 568/633/615 559/634/616
f 559/634/616 568/633/615 569/635/617
f 559/634/616 569/635/617 558/636/618
f 558/636/618 569/635/617 570/637/619
f 558/638/618 570/639/619 557/640/620
f 557/640/620 570/639/619 571/641/621
f 557/640/620 571/641/621 556/642/622
f 556/642/622 571/641/621 572/643/623
f 556/642/622 572/643/623 555/644/624
f 555/644/624 572/643/623 573/645/625
f 555/644/624 573/645/625 554/646/626
f 554/646/626 573/645/625 574/647/627
f 554/646/626 574/647/627 553/622/604
f 553/622/604 574/647/627 575/623/605
f 303/648/628 576/649/629 304/650/630
f 304/650/630 576/649/629 577/651/631
f 304/650/630 577/651/631 305/652/632
f 305/652/632 577/651/631 578/653/633
f 305/652/632 578/653/633 306/654/634
f 306/654/634 578/653/633 579/655/635
f 306/654/634 579/655/635 307/656/636
f 307/656/636 579/655/635 580/657/637
f 307/656/636 580/657/637 308/658/638
f 308/658/638 580/657/637 581/659/639
f 308/658/638 581/659/639 309/660/640
f 309/660/640 581/659/639 582/661/641
f 309/660/640 582/661/641 310/662/642
f 310/662/642 582/661/641 583/663/643
f 310/662/642 583/663/643 311/664/644
f 311/664/644 583/663/643 584/665/645
f 311/664/644 584/665/645 312/666/646
f 312/666/646 584/665/645 585/667/647
f 312/666/646 585/667/647 313/668/648
f 313/668/648 585/667/647 586/669/649
f 313/668/648 586/669/649 314/670/650
f 314/670/650 586/669/649 587/671/651
f 314/672/650 587/673/651 315/674/652
f 315/674/652 587/673/651 588/675/653
f 315/674/652 588/675/653 589/676/654
f 392/677/422 317/678/434 589/676/654
f 589/676/654 317/678/434 316/679/655
f 589/676/654 316/679/655 315/674/652
f 300/680/588 539/681/584 301/682/656
f 301/682/656 539/681/584 590/683/657
f 301/682/656 590/683/657 591/684/658
f 576/685/629 303/686/628 591/684/658
f 591/684/658 303/686/628 302/687/659
f 591/684/658 302/687/659 301/682/656
f 547/688/599 546/689/597 595/690/660
f 595/690/660 546/689/597 592/691/661
f 595/690/660 592/691/661 593/692/662
f 403/693/437 407/694/438 593/692/662
f 593/692/662 407/694/438 594/695/663
f 593/692/662 594/695/663 595/690/660
f 464/696/503 463/697/501 599/698/664
f 599/698/664 463/697/501 596/699/665
f 599/698/664 596/699/665 597/700/666
f 472/701/511 471/702/510 597/700/666
f 597/700/666 471/702/510 598/703/667
f 597/700/666 598/703/667 599/698/664
f 601/704/668 624/705/669 600/706/670
f 600/706/670 624/705/669 617/707/671
f 600/706/670 617/707/671 618/708/672
f 624/705/669 601/704/668 623/709/673
f 623/709/673 601/704/668 602/710/674
f 623/709/673 602/710/674 603/711/675
f 603/711/675 491/712/676 623/709/673
f 623/709/673 491/712/676 622/713/677
f 622/713/677 491/712/676 621/714/678
f 621/714/678 491/712/676 486/715/679
f 621/714/678 486/715/679 620/716/680
f 620/716/680 486/715/679 635/717/681
f 635/717/681 486/715/679 485/718/682
f 635/717/681 485/718/682 634/719/683
f 634/719/683 485/718/682 484/720/684
f 634/719/683 484/720/684 633/721/685
f 633/721/685 484/720/684 483/722/686
f 633/721/685 483/722/686 632/723/687
f 632/723/687 483/722/686 482/724/688
f 632/723/687 482/724/688 631/725/689
f 631/725/689 482/724/688 481/726/690
f 631/725/689 481/726/690 630/727/691
f 630/727/691 481/726/690 480/728/692
f 630/727/691 480/728/692 629/729/693
f 629/729/693 480/728/692 604/730/694
f 629/729/693 604/730/694 628/731/695
f 628/731/695 604/730/694 605/732/696
f 628/731/695 605/732/696 627/733/697
f 627/733/697 605/732/696 614/734/698
f 627/733/697 614/734/698 615/735/699
f 605/732/696 469/736/700 614/734/698
f 614/734/698 469/736/700 613/737/701
f 613/737/701 469/736/700 468/738/702
f 613/737/701 468/738/702 612/739/703
f 612/739/703 468/738/702 608/740/704
f 612/739/703 608/740/704 609/741/705
f 606/742/706 607/743/707 468/738/702
f 468/738/702 607/743/707 608/740/704
f 609/741/705 610/744/708 612/739/703
f 612/739/703 610/744/708 611/745/709
f 627/733/697 615/735/699 626/746/710
f 626/746/710 615/735/699 616/747/711
f 626/746/710 616/747/711 625/748/712
f 625/748/712 616/747/711 617/707/671
f 625/748/712 617/707/671 624/705/669
f 618/708/672 619/749/713 600/706/670
f 261/750/714 260/751/715 600/752/716
f 600/752/716 260/751/715 601/753/717
f 617/754/718 616/755/719 264/756/720
f 264/756/720 616/755/719 265/757/721
f 613/758/722 612/759/723 268/760/724
f 268/760/724 612/759/723 269/761/725
f 273/762/726 272/763/727 608/764/728
f 608/764/728 272/763/727 609/765/729
f 497/766/730 661/767/731 492/768/732
f 492/768/732 661/767/731 662/769/733
f 492/768/732 662/769/733 663/770/734
f 661/767/731 497/766/730 660/771/735
f 660/771/735 497/766/730 636/772/736
f 660/771/735 636/772/736 637/773/737
f 637/773/737 638/774/738 660/771/735
f 660/771/735 638/774/738 659/775/739
f 659/775/739 638/774/738 639/776/740
f 659/775/739 639/776/740 642/777/741
f 642/777/741 639/776/740 641/778/742
f 641/778/742 639/776/740 640/779/743
f 659/775/739 642/777/741 658/780/744
f 658/780/744 642/777/741 643/781/745
f 658/780/744 643/781/745 657/782/746
f 657/782/746 643/781/745 644/783/747
f 657/782/746 644/783/747 645/784/748
f 646/785/749 549/786/750 645/784/748
f 645/784/748 549/786/750 654/787/751
f 645/784/748 654/787/751 656/788/752
f 656/788/752 654/787/751 655/789/753
f 656/788/752 655/789/753 667/790/754
f 667/790/754 655/789/753 503/791/755
f 667/790/754 503/791/755 666/792/756
f 666/792/756 503/791/755 502/793/757
f 666/792/756 502/793/757 501/794/758
f 549/786/750 646/785/749 550/795/759
f 550/795/759 646/785/749 647/796/760
f 550/795/759 647/796/760 651/797/761
f 651/797/761 647/796/760 650/798/762
f 650/798/762 647/796/760 649/799/763
f 649/799/763 647/796/760 648/800/764
f 651/797/761 652/801/765 550/795/759
f 550/795/759 652/801/765 653/802/766
f 666/792/756 501/794/758 665/803/767
f 665/803/767 501/794/758 500/804/768
f 665/803/767 500/804/768 664/805/769
f 664/805/769 500/804/768 499/806/770
f 664/805/769 499/806/770 498/807/771
f 664/805/769 498/807/771 663/770/734
f 663/770/734 498/807/771 492/768/732
f 656/788/752 657/782/746 645/784/748
f 345/808/772 344/809/773 650/810/774
f 650/810/774 344/809/773 651/811/775
f 349/812/776 348/813/777 646/814/778
f 646/814/778 348/813/777 647/815/779
f 353/816/780 352/817/781 642/818/782
f 642/818/782 352/817/781 643/819/783
f 639/820/784 638/821/785 356/822/786
f 356/822/786 638/821/785 357/823/787
f 265/824/721 616/825/719 266/826/788
f 266/826/788 616/825/719 615/827/789
f 266/826/788 615/827/789 267/828/790
f 267/828/790 615/827/789 614/829/791
f 267/828/790 614/829/791 268/830/724
f 268/830/724 614/829/791 613/831/722
f 349/832/776 646/833/778 350/834/792
f 350/834/792 646/833/778 645/835/793
f 350/834/792 645/835/793 351/836/794
f 351/836/794 645/835/793 644/837/795
f 351/836/794 644/837/795 352/838/781
f 352/838/781 644/837/795 643/839/783
f 353/840/780 642/841/782 354/842/796
f 354/842/796 642/841/782 641/843/797
f 354/842/796 641/843/797 355/844/798
f 355/844/798 641/843/797 640/845/799
f 355/844/798 640/845/799 356/846/786
f 356/846/786 640/845/799 639/847/784
f 261/848/714 600/849/716 262/850/800
f 262/850/800 600/849/716 619/851/801
f 262/850/800 619/851/801 263/852/802
f 263/852/802 619/851/801 618/853/803
f 263/852/802 618/853/803 264/854/720
f 264/854/720 618/853/803 617/855/718
f 668/856/804 669/857/805 250/858/806
f 250/858/806 669/857/805 251/859/807
f 247/860/808 246/861/809 671/862/810
f 671/862/810 246/861/809 670/863/811
f 243/864/812 242/865/813 673/866/814
f 673/866/814 242/865/813 672/867/815
f 236/868/816 674/869/817 237/870/818
f 237/870/818 674/869/817 675/871/819
f 237/870/818 675/871/819 238/872/820
f 238/872/820 675/871/819 676/873/821
f 238/872/820 676/873/821 239/874/822
f 239/874/822 676/873/821 677/875/823
f 232/876/824 678/877/825 233/878/826
f 233/878/826 678/877/825 679/879/827
f 672/880/828 670/881/829 673/882/830
f 673/882/830 670/881/829 690/883/831
f 673/882/830 690/883/831 691/884/832
f 680/885/833 681/886/834 672/880/828
f 672/880/828 681/886/834 677/887/835
f 672/880/828 677/887/835 698/888/836
f 698/888/836 677/887/835 676/889/837
f 698/888/836 676/889/837 697/890/838
f 697/890/838 676/889/837 675/891/839
f 697/890/838 675/891/839 696/892/840
f 696/892/840 675/891/839 695/893/841
f 695/893/841 675/891/839 674/894/842
f 695/893/841 674/894/842 679/895/843
f 679/895/843 674/894/842 683/896/844
f 683/896/844 674/894/842 682/897/845
f 679/895/843 678/898/846 695/893/841
f 695/893/841 678/898/846 176/899/847
f 695/893/841 176/899/847 175/900/848
f 678/898/846 684/901/849 176/899/847
f 176/899/847 684/901/849 685/902/850
f 174/903/851 693/904/852 175/900/848
f 175/900/848 693/904/852 694/905/853
f 175/900/848 694/905/853 695/893/841
f 173/906/854 703/907/855 174/903/851
f 174/903/851 703/907/855 692/908/856
f 174/903/851 692/908/856 693/904/852
f 686/909/857 687/910/858 173/906/854
f 173/906/854 687/910/858 669/911/859
f 173/906/854 669/911/859 703/907/855
f 703/907/855 669/911/859 702/912/860
f 702/912/860 669/911/859 668/913/861
f 702/912/860 668/913/861 701/914/862
f 701/914/862 668/913/861 688/915/863
f 701/914/862 688/915/863 689/916/864
f 689/916/864 671/917/865 701/914/862
f 701/914/862 671/917/865 700/918/866
f 700/918/866 671/917/865 699/919/867
f 699/919/867 671/917/865 670/881/829
f 699/919/867 670/881/829 698/888/836
f 698/888/836 670/881/829 672/880/828
f 704/920/868 705/921/869 296/922/870
f 296/922/870 705/921/869 297/923/871
f 293/924/872 706/925/873 294/926/874
f 294/926/874 706/925/873 707/927/875
f 294/926/874 707/927/875 295/928/876
f 295/928/876 707/927/875 708/929/877
f 295/928/876 708/929/877 296/930/870
f 296/930/870 708/929/877 704/931/868
f 293/932/872 292/933/878 706/934/873
f 706/934/873 292/933/878 709/935/879
f 285/936/880 710/937/881 286/938/882
f 286/938/882 710/937/881 711/939/883
f 286/938/882 711/939/883 287/940/884
f 287/940/884 711/939/883 712/941/885
f 287/940/884 712/941/885 288/942/886
f 288/942/886 712/941/885 713/943/887
f 285/944/880 284/945/888 710/946/881
f 710/946/881 284/945/888 714/947/889
f 281/948/890 280/949/891 716/950/892
f 716/950/892 280/949/891 715/951/893
f 337/952/894 336/953/895 718/954/896
f 718/954/896 336/953/895 717/955/897
f 719/956/898 720/957/899 332/958/900
f 332/958/900 720/957/899 333/959/901
f 719/960/898 332/961/900 723/962/902
f 723/962/902 332/961/900 331/963/903
f 723/962/902 331/963/903 722/964/904
f 722/964/904 331/963/903 330/965/905
f 722/964/904 330/965/905 721/966/906
f 721/966/906 330/965/905 329/967/907
f 724/968/908 725/969/909 324/970/910
f 324/970/910 725/969/909 325/971/911
f 321/972/912 320/973/913 727/974/914
f 727/974/914 320/973/913 726/975/915
f 321/976/912 727/977/914 322/978/916
f 322/978/916 727/977/914 728/979/917
f 322/978/916 728/979/917 323/980/918
f 323/980/918 728/979/917 729/981/919
f 323/980/918 729/981/919 324/982/910
f 324/982/910 729/981/919 724/983/908
f 467/984/920 753/985/921 463/986/922
f 463/986/922 753/985/921 754/987/923
f 463/986/922 754/987/923 755/988/924
f 730/989/925 409/990/926 467/984/920
f 467/984/920 409/990/926 12/991/927
f 467/984/920 12/991/927 11/992/928
f 730/989/925 731/993/929 409/990/926
f 12/991/927 409/990/926 1/994/930
f 1/994/930 409/990/926 408/995/931
f 1/994/930 408/995/931 42/996/932
f 42/996/932 408/995/931 43/997/933
f 43/997/933 408/995/931 404/998/934
f 43/997/933 404/998/934 44/999/935
f 44/999/935 404/998/934 770/1000/936
f 44/999/935 770/1000/936 771/1001/937
f 732/1002/938 733/1003/939 408/995/931
f 408/995/931 733/1003/939 404/998/934
f 404/998/934 403/1004/940 770/1000/936
f 770/1000/936 403/1004/940 769/1005/941
f 769/1005/941 403/1004/940 768/1006/942
f 768/1006/942 403/1004/940 767/1007/943
f 767/1007/943 403/1004/940 766/1008/944
f 766/1008/944 403/1004/940 593/1009/945
f 766/1008/944 593/1009/945 765/1010/946
f 765/1010/946 593/1009/945 740/1011/947
f 765/1010/946 740/1011/947 764/1012/948
f 764/1012/948 740/1011/947 725/1013/949
f 764/1012/948 725/1013/949 742/1014/950
f 742/1014/950 725/1013/949 741/1015/951
f 741/1015/951 725/1013/949 726/1016/952
f 726/1016/952 725/1013/949 724/1017/953
f 726/1016/952 724/1017/953 727/1018/954
f 727/1018/954 724/1017/953 729/1019/955
f 727/1018/954 729/1019/955 728/1020/956
f 592/1021/957 738/1022/958 593/1009/945
f 593/1009/945 738/1022/958 739/1023/959
f 593/1009/945 739/1023/959 740/1011/947
f 546/1024/960 723/1025/961 592/1021/957
f 592/1021/957 723/1025/961 722/1026/962
f 592/1021/957 722/1026/962 721/1027/963
f 723/1025/961 546/1024/960 719/1028/964
f 719/1028/964 546/1024/960 551/1029/965
f 719/1028/964 551/1029/965 720/1030/966
f 720/1030/966 551/1029/965 734/1031/967
f 720/1030/966 734/1031/967 737/1032/968
f 737/1032/968 734/1031/967 735/1033/969
f 737/1032/968 735/1033/969 718/1034/970
f 717/1035/971 736/1036/972 718/1034/970
f 718/1034/970 736/1036/972 737/1032/968
f 721/1027/963 738/1022/958 592/1021/957
f 742/1014/950 140/1037/973 764/1012/948
f 764/1012/948 140/1037/973 775/1038/974
f 775/1038/974 140/1037/973 774/1039/975
f 774/1039/975 140/1037/973 47/1040/976
f 774/1039/975 47/1040/976 46/1041/977
f 139/1042/978 7/1043/979 140/1037/973
f 140/1037/973 7/1043/979 48/1044/980
f 140/1037/973 48/1044/980 47/1040/976
f 743/1045/981 758/1046/982 139/1042/978
f 139/1042/978 758/1046/982 759/1047/983
f 139/1042/978 759/1047/983 760/1048/984
f 758/1046/982 743/1045/981 709/1049/985
f 709/1049/985 743/1045/981 744/1050/986
f 709/1049/985 744/1050/986 705/1051/987
f 709/1049/985 705/1051/987 706/1052/988
f 706/1052/988 705/1051/987 704/1053/989
f 706/1052/988 704/1053/989 707/1054/990
f 707/1054/990 704/1053/989 708/1055/991
f 709/1049/985 745/1056/992 758/1046/982
f 758/1046/982 745/1056/992 757/1057/993
f 757/1057/993 745/1056/992 596/1058/994
f 757/1057/993 596/1058/994 756/1059/995
f 756/1059/995 596/1058/994 463/986/922
f 756/1059/995 463/986/922 755/988/924
f 745/1056/992 746/1060/996 596/1058/994
f 596/1058/994 746/1060/996 747/1061/997
f 596/1058/994 747/1061/997 597/1062/998
f 597/1062/998 747/1061/997 713/1063/999
f 597/1062/998 713/1063/999 712/1064/1000
f 712/1064/1000 711/1065/1001 597/1062/998
f 597/1062/998 711/1065/1001 472/1066/1002
f 472/1066/1002 711/1065/1001 710/1067/1003
f 472/1066/1002 710/1067/1003 473/1068/1004
f 473/1068/1004 710/1067/1003 714/1069/1005
f 473/1068/1004 714/1069/1005 751/1070/1006
f 751/1070/1006 714/1069/1005 748/1071/1007
f 751/1070/1006 748/1071/1007 750/1072/1008
f 750/1072/1008 748/1071/1007 715/1073/1009
f 715/1073/1009 748/1071/1007 749/1074/1010
f 715/1073/1009 749/1074/1010 716/1075/1011
f 1/994/930 42/996/932 2/1076/1012
f 2/1076/1012 42/996/932 53/1077/1013
f 2/1076/1012 53/1077/1013 3/1078/1014
f 3/1078/1014 53/1077/1013 52/1079/1015
f 3/1078/1014 52/1079/1015 4/1080/1016
f 4/1080/1016 52/1079/1015 51/1081/1017
f 4/1080/1016 51/1081/1017 50/1082/1018
f 4/1080/1016 50/1082/1018 5/1083/1019
f 5/1083/1019 50/1082/1018 49/1084/1020
f 5/1083/1019 49/1084/1020 6/1085/1021
f 6/1085/1021 49/1084/1020 48/1044/980
f 6/1085/1021 48/1044/980 7/1043/979
f 45/1086/1022 772/1087/1023 46/1041/977
f 46/1041/977 772/1087/1023 773/1088/1024
f 46/1041/977 773/1088/1024 774/1039/975
f 772/1087/1023 45/1086/1022 771/1001/937
f 771/1001/937 45/1086/1022 44/999/935
f 10/1089/1025 763/1090/1026 11/992/928
f 11/992/928 763/1090/1026 752/1091/1027
f 11/992/928 752/1091/1027 467/984/920
f 467/984/920 752/1091/1027 753/985/921
f 763/1090/1026 10/1089/1025 762/1092/1028
f 762/1092/1028 10/1089/1025 9/1093/1029
f 762/1092/1028 9/1093/1029 761/1094/1030
f 761/1094/1030 9/1093/1029 760/1048/984
f 760/1048/984 9/1093/1029 8/1095/1031
f 760/1048/984 8/1095/1031 139/1042/978
f 139/1042/978 8/1095/1031 7/1043/979
f 776/1096/1032 777/1097/1033 212/1098/1034
f 212/1098/1034 777/1097/1033 213/1099/1035
f 209/1100/1036 208/1101/1037 779/1102/1038
f 779/1102/1038 208/1101/1037 778/1103/1039
f 781/1104/1040 227/1105/1041 780/1106/1042
f 780/1106/1042 227/1105/1041 226/1107/1043
f 220/1108/1044 782/1109/1045 221/1110/1046
f 221/1110/1046 782/1109/1045 783/1111/1047
f 221/1110/1046 783/1111/1047 222/1112/1048
f 222/1112/1048 783/1111/1047 784/1113/1049
f 222/1112/1048 784/1113/1049 223/1114/1050
f 223/1114/1050 784/1113/1049 785/1115/1051
f 786/1116/1052 787/1117/1053 216/1118/1054
f 216/1118/1054 787/1117/1053 217/1119/1055
f 778/1120/1056 808/1121/1057 779/1122/1058
f 779/1122/1058 808/1121/1057 809/1123/1059
f 779/1122/1058 809/1123/1059 799/1124/1060
f 799/1124/1060 809/1123/1059 798/1125/1061
f 798/1125/1061 809/1123/1059 776/1126/1062
f 776/1126/1062 809/1123/1059 810/1127/1063
f 776/1126/1062 810/1127/1063 811/1128/1064
f 788/1129/1065 184/1130/1066 778/1120/1056
f 778/1120/1056 184/1130/1066 807/1131/1067
f 778/1120/1056 807/1131/1067 808/1121/1057
f 788/1129/1065 789/1132/1068 184/1130/1066
f 184/1130/1066 183/1133/1069 807/1131/1067
f 807/1131/1067 183/1133/1069 806/1134/1070
f 806/1134/1070 183/1133/1069 805/1135/1071
f 805/1135/1071 183/1133/1069 182/1136/1072
f 805/1135/1071 182/1136/1072 804/1137/1073
f 804/1137/1073 182/1136/1072 181/1138/1074
f 804/1137/1073 181/1138/1074 803/1139/1075
f 803/1139/1075 181/1138/1074 781/1140/1076
f 803/1139/1075 781/1140/1076 780/1141/1077
f 790/1142/1078 791/1143/1079 181/1138/1074
f 181/1138/1074 791/1143/1079 781/1140/1076
f 803/1139/1075 780/1141/1077 785/1144/1080
f 785/1144/1080 780/1141/1077 792/1145/1081
f 785/1144/1080 792/1145/1081 793/1146/1082
f 785/1144/1080 784/1147/1083 803/1139/1075
f 803/1139/1075 784/1147/1083 802/1148/1084
f 802/1148/1084 784/1147/1083 801/1149/1085
f 801/1149/1085 784/1147/1083 783/1150/1086
f 801/1149/1085 783/1150/1086 800/1151/1087
f 800/1151/1087 783/1150/1086 782/1152/1088
f 800/1151/1087 782/1152/1088 787/1153/1089
f 787/1153/1089 782/1152/1088 794/1154/1090
f 787/1153/1089 794/1154/1090 795/1155/1091
f 787/1153/1089 786/1156/1092 800/1151/1087
f 800/1151/1087 786/1156/1092 777/1157/1093
f 800/1151/1087 777/1157/1093 811/1128/1064
f 811/1128/1064 777/1157/1093 776/1126/1062
f 796/1158/1094 797/1159/1095 786/1156/1092
f 786/1156/1092 797/1159/1095 777/1157/1093
f 333/1160/901 720/1161/899 812/1162/1096
f 812/1162/1096 720/1161/899 737/1163/1097
f 812/1162/1096 737/1163/1097 813/1164/1098
f 813/1164/1098 737/1163/1097 736/1165/1099
f 813/1164/1098 736/1165/1099 717/1166/897
f 717/1166/897 336/1167/895 813/1164/1098
f 813/1164/1098 336/1167/895 335/1168/1100
f 813/1164/1098 335/1168/1100 812/1162/1096
f 812/1162/1096 335/1168/1100 334/1169/1101
f 812/1162/1096 334/1169/1101 333/1160/901
f 337/1170/894 718/1171/896 814/1172/1102
f 814/1172/1102 718/1171/896 735/1173/1103
f 814/1172/1102 735/1173/1103 815/1174/1104
f 815/1174/1104 735/1173/1103 734/1175/1105
f 815/1174/1104 734/1175/1105 551/1176/1106
f 551/1176/1106 340/1177/1107 815/1174/1104
f 815/1174/1104 340/1177/1107 339/1178/1108
f 815/1174/1104 339/1178/1108 814/1172/1102
f 814/1172/1102 339/1178/1108 338/1179/1109
f 814/1172/1102 338/1179/1109 337/1170/894
f 341/1180/601 550/1181/603 342/1182/1110
f 342/1182/1110 550/1181/603 653/1183/1111
f 342/1182/1110 653/1183/1111 343/1184/1112
f 343/1184/1112 653/1183/1111 652/1185/1113
f 343/1184/1112 652/1185/1113 344/1186/773
f 344/1186/773 652/1185/1113 651/1187/775
f 345/1188/772 650/1189/774 346/1190/1114
f 346/1190/1114 650/1189/774 649/1191/1115
f 346/1190/1114 649/1191/1115 347/1192/1116
f 347/1192/1116 649/1191/1115 648/1193/1117
f 347/1192/1116 648/1193/1117 348/1194/777
f 348/1194/777 648/1193/1117 647/1195/779
f 269/1196/725 612/1197/723 270/1198/1118
f 270/1198/1118 612/1197/723 611/1199/1119
f 270/1198/1118 611/1199/1119 271/1200/1120
f 271/1200/1120 611/1199/1119 610/1201/1121
f 271/1200/1120 610/1201/1121 272/1202/727
f 272/1202/727 610/1201/1121 609/1203/729
f 273/1204/726 608/1205/728 274/1206/1122
f 274/1206/1122 608/1205/728 607/1207/1123
f 274/1206/1122 607/1207/1123 275/1208/1124
f 275/1208/1124 607/1207/1123 606/1209/1125
f 275/1208/1124 606/1209/1125 276/1210/507
f 276/1210/507 606/1209/1125 468/1211/505
f 277/1212/1126 473/1213/1127 816/1214/1128
f 816/1214/1128 473/1213/1127 751/1215/1129
f 816/1214/1128 751/1215/1129 817/1216/1130
f 817/1216/1130 751/1215/1129 750/1217/1131
f 817/1216/1130 750/1217/1131 715/1218/893
f 715/1218/893 280/1219/891 817/1216/1130
f 817/1216/1130 280/1219/891 279/1220/1132
f 817/1216/1130 279/1220/1132 816/1214/1128
f 816/1214/1128 279/1220/1132 278/1221/1133
f 816/1214/1128 278/1221/1133 277/1212/1126
f 281/1222/890 716/1223/892 818/1224/1134
f 818/1224/1134 716/1223/892 749/1225/1135
f 818/1224/1134 749/1225/1135 819/1226/1136
f 819/1226/1136 749/1225/1135 748/1227/1137
f 819/1226/1136 748/1227/1137 714/1228/889
f 714/1228/889 284/1229/888 819/1226/1136
f 819/1226/1136 284/1229/888 283/1230/1138
f 819/1226/1136 283/1230/1138 818/1224/1134
f 818/1224/1134 283/1230/1138 282/1231/1139
f 818/1224/1134 282/1231/1139 281/1222/890
f 325/1232/911 725/1233/909 326/1234/1140
f 326/1234/1140 725/1233/909 740/1235/1141
f 326/1234/1140 740/1235/1141 327/1236/1142
f 327/1236/1142 740/1235/1141 739/1237/1143
f 327/1236/1142 739/1237/1143 328/1238/1144
f 328/1238/1144 739/1237/1143 738/1239/1145
f 328/1238/1144 738/1239/1145 329/1240/907
f 329/1240/907 738/1239/1145 721/1241/906
f 288/1242/886 713/1243/887 289/1244/1146
f 289/1244/1146 713/1243/887 747/1245/1147
f 289/1244/1146 747/1245/1147 290/1246/1148
f 290/1246/1148 747/1245/1147 746/1247/1149
f 290/1246/1148 746/1247/1149 291/1248/1150
f 291/1248/1150 746/1247/1149 745/1249/1151
f 291/1248/1150 745/1249/1151 292/1250/878
f 292/1250/878 745/1249/1151 709/1251/879
f 141/1252/141 140/1253/140 318/1254/1152
f 318/1254/1152 140/1253/140 742/1255/1153
f 318/1254/1152 742/1255/1153 741/1256/1154
f 726/1257/915 320/1258/913 741/1256/1154
f 741/1256/1154 320/1258/913 319/1259/1155
f 741/1256/1154 319/1259/1155 318/1254/1152
f 297/1260/871 705/1261/869 298/1262/1156
f 298/1262/1156 705/1261/869 744/1263/1157
f 298/1262/1156 744/1263/1157 743/1264/1158
f 139/1265/142 138/1266/147 743/1264/1158
f 743/1264/1158 138/1266/147 299/1267/1159
f 743/1264/1158 299/1267/1159 298/1262/1156
f 821/1268/1160 832/1269/1161 820/1270/1162
f 823/1271/1163 832/1272/1164 822/1273/1165
f 825/1274/1166 832/1275/1167 824/1276/1168
f 827/1277/1169 832/1278/1170 826/1279/1171
f 829/1280/1172 832/1281/1173 828/1282/1174
f 831/1283/1175 832/1284/1176 830/1285/1177
f 820/1286/1162 832/1287/1178 831/1283/1175
f 828/1282/1174 832/1288/1179 827/1277/1169
f 824/1276/1168 832/1289/1180 823/1271/1163
f 830/1285/1177 832/1290/1181 829/1280/1172
f 826/1279/1171 832/1291/1182 825/1274/1166
f 822/1273/1165 832/1292/1183 821/1268/1160
f 831/1293/1184 765/1294/1185 820/1295/1186
f 820/1295/1186 765/1294/1185 764/1296/1187
f 820/1295/1186 764/1296/1187 821/1297/1188
f 821/1297/1188 764/1296/1187 775/1298/1189
f 821/1297/1188 775/1298/1189 822/1299/1190
f 822/1299/1190 775/1298/1189 774/1300/1191
f 822/1299/1190 774/1300/1191 823/1301/1192
f 823/1301/1192 774/1300/1191 773/1302/1193
f 823/1301/1192 773/1302/1193 824/1303/1194
f 824/1303/1194 773/1302/1193 772/1304/1195
f 824/1303/1194 772/1304/1195 825/1305/1196
f 825/1305/1196 772/1304/1195 771/1306/1197
f 825/1305/1196 771/1306/1197 826/1307/1198
f 826/1307/1198 771/1306/1197 770/1308/1199
f 826/1309/1198 770/1310/1199 827/1311/1200
f 827/1311/1200 770/1310/1199 769/1312/1201
f 827/1311/1200 769/1312/1201 828/1313/1202
f 828/1313/1202 769/1312/1201 768/1314/1203
f 828/1313/1202 768/1314/1203 829/1315/1204
f 829/1315/1204 768/1314/1203 767/1316/1205
f 829/1315/1204 767/1316/1205 830/1317/1206
f 830/1317/1206 767/1316/1205 766/1318/1207
f 830/1317/1206 766/1318/1207 831/1293/1184
f 831/1293/1184 766/1318/1207 765/1294/1185
f 834/1319/1208 845/1320/1209 833/1321/1210
f 836/1322/1211 845/1323/1212 835/1324/1213
f 838/1325/1214 845/1326/1215 837/1327/1216
f 840/1328/1217 845/1329/1218 839/1330/1219
f 842/1331/1220 845/1332/1221 841/1333/1222
f 844/1334/1223 845/1335/1224 843/1336/1225
f 833/1337/1210 845/1338/1226 844/1334/1223
f 841/1333/1222 845/1339/1227 840/1328/1217
f 837/1327/1216 845/1340/1228 836/1322/1211
f 843/1336/1225 845/1341/1229 842/1331/1220
f 839/1330/1219 845/1342/1230 838/1325/1214
f 835/1324/1213 845/1343/1231 834/1319/1208
f 844/1344/1232 693/1345/1233 833/1346/1234
f 833/1346/1234 693/1345/1233 692/1347/1235
f 833/1346/1234 692/1347/1235 834/1348/1236
f 834/1348/1236 692/1347/1235 703/1349/1237
f 834/1348/1236 703/1349/1237 835/1350/1238
f 835/1350/1238 703/1349/1237 702/1351/1239
f 835/1350/1238 702/1351/1239 836/1352/1240
f 836/1352/1240 702/1351/1239 701/1353/1241
f 836/1352/1240 701/1353/1241 837/1354/1242
f 837/1354/1242 701/1353/1241 700/1355/1243
f 837/1354/1242 700/1355/1243 838/1356/1244
f 838/1356/1244 700/1355/1243 699/1357/1245
f 838/1356/1244 699/1357/1245 839/1358/1246
f 839/1358/1246 699/1357/1245 698/1359/1247
f 839/1360/1246 698/1361/1247 840/1362/1248
f 840/1362/1248 698/1361/1247 697/1363/1249
f 840/1362/1248 697/1363/1249 841/1364/1250
f 841/1364/1250 697/1363/1249 696/1365/1251
f 841/1364/1250 696/1365/1251 842/1366/1252
f 842/1366/1252 696/1365/1251 695/1367/1253
f 842/1366/1252 695/1367/1253 843/1368/1254
f 843/1368/1254 695/1367/1253 694/1369/1255
f 843/1368/1254 694/1369/1255 844/1344/1232
f 844/1344/1232 694/1369/1255 693/1345/1233
f 168/1370/1256 167/1371/1257 853/1372/1258
f 853/1372/1258 167/1371/1257 852/1373/1259
f 852/1373/1259 167/1371/1257 851/1374/1260
f 851/1374/1260 167/1371/1257 862/1375/1261
f 851/1374/1260 862/1375/1261 863/1376/1262
f 862/1375/1261 167/1371/1257 861/1377/1263
f 861/1377/1263 167/1371/1257 166/1378/1264
f 861/1377/1263 166/1378/1264 860/1379/1265
f 860/1379/1265 166/1378/1264 859/1380/1266
f 859/1380/1266 166/1378/1264 849/1381/1267
f 859/1380/1266 849/1381/1267 850/1382/1268
f 165/1383/1269 846/1384/1270 166/1378/1264
f 166/1378/1264 846/1384/1270 847/1385/1271
f 166/1378/1264 847/1385/1271 848/1386/1272
f 848/1386/1272 849/1381/1267 166/1378/1264
f 850/1382/1268 201/1387/1273 859/1380/1266
f 859/1380/1266 201/1387/1273 858/1388/1274
f 858/1388/1274 201/1387/1273 857/1389/1275
f 857/1389/1275 201/1387/1273 200/1390/1276
f 857/1389/1275 200/1390/1276 856/1391/1277
f 856/1391/1277 200/1390/1276 199/1392/1278
f 856/1391/1277 199/1392/1278 855/1393/1279
f 855/1393/1279 199/1392/1278 198/1394/1280
f 855/1393/1279 198/1394/1280 854/1395/1281
f 854/1395/1281 198/1394/1280 197/1396/1282
f 854/1395/1281 197/1396/1282 196/1397/1283
f 854/1395/1281 196/1397/1283 865/1398/1284
f 865/1398/1284 196/1397/1283 195/1399/1285
f 865/1398/1284 195/1399/1285 864/1400/1286
f 864/1400/1286 195/1399/1285 863/1376/1262
f 863/1376/1262 195/1399/1285 851/1374/1260
f 811/1401/1287 855/1402/1288 800/1403/1289
f 800/1403/1289 855/1402/1288 854/1404/1290
f 800/1403/1289 854/1404/1290 801/1405/1291
f 801/1405/1291 854/1404/1290 865/1406/1292
f 801/1405/1291 865/1406/1292 802/1407/1293
f 802/1407/1293 865/1406/1292 864/1408/1294
f 802/1407/1293 864/1408/1294 803/1409/1295
f 803/1409/1295 864/1408/1294 863/1410/1296
f 803/1409/1295 863/1410/1296 804/1411/1297
f 804/1411/1297 863/1410/1296 862/1412/1298
f 804/1411/1297 862/1412/1298 805/1413/1299
f 805/1413/1299 862/1412/1298 861/1414/1300
f 805/1413/1299 861/1414/1300 806/1415/1301
f 806/1415/1301 861/1414/1300 860/1416/1302
f 806/1417/1301 860/1418/1302 807/1419/1303
f 807/1419/1303 860/1418/1302 859/1420/1304
f 807/1419/1303 859/1420/1304 808/1421/1305
f 808/1421/1305 859/1420/1304 858/1422/1306
f 808/1421/1305 858/1422/1306 809/1423/1307
f 809/1423/1307 858/1422/1306 857/1424/1308
f 809/1423/1307 857/1424/1308 810/1425/1309
f 810/1425/1309 857/1424/1308 856/1426/1310
f 810/1425/1309 856/1426/1310 811/1401/1287
f 811/1401/1287 856/1426/1310 855/1402/1288
f 763/1427/1311 877/1428/1312 752/1429/1313
f 752/1429/1313 877/1428/1312 866/1430/1314
f 752/1429/1313 866/1430/1314 753/1431/1315
f 753/1431/1315 866/1430/1314 867/1432/1316
f 753/1431/1315 867/1432/1316 754/1433/1317
f 754/1433/1317 867/1432/1316 868/1434/1318
f 754/1433/1317 868/1434/1318 755/1435/1319
f 755/1435/1319 868/1434/1318 869/1436/1320
f 755/1435/1319 869/1436/1320 756/1437/1321
f 756/1437/1321 869/1436/1320 870/1438/1322
f 756/1437/1321 870/1438/1322 757/1439/1323
f 757/1439/1323 870/1438/1322 871/1440/1324
f 757/1439/1323 871/1440/1324 758/1441/1325
f 758/1441/1325 871/1440/1324 872/1442/1326
f 758/1443/1325 872/1444/1326 759/1445/1327
f 759/1445/1327 872/1444/1326 873/1446/1328
f 759/1445/1327 873/1446/1328 760/1447/1329
f 760/1447/1329 873/1446/1328 874/1448/1330
f 760/1447/1329 874/1448/1330 761/1449/1331
f 761/1449/1331 874/1448/1330 875/1450/1332
f 761/1449/1331 875/1450/1332 762/1451/1333
f 762/1451/1333 875/1450/1332 876/1452/1334
f 762/1451/1333 876/1452/1334 763/1427/1311
f 763/1427/1311 876/1452/1334 877/1428/1312
f 879/1453/1335 867/1454/1336 878/1455/1337
f 878/1455/1337 867/1454/1336 866/1456/1338
f 878/1455/1337 866/1456/1338 877/1457/1339
f 867/1454/1336 879/1453/1335 868/1458/1340
f 868/1458/1340 879/1453/1335 880/1459/1341
f 868/1458/1340 880/1459/1341 869/1460/1342
f 869/1460/1342 880/1459/1341 881/1461/1343
f 869/1460/1342 881/1461/1343 882/1462/1344
f 869/1460/1342 882/1462/1344 870/1463/1345
f 870/1463/1345 882/1462/1344 883/1464/1346
f 870/1463/1345 883/1464/1346 871/1465/1347
f 871/1465/1347 883/1464/1346 872/1466/1348
f 872/1466/1348 883/1464/1346 884/1467/1349
f 872/1466/1348 884/1467/1349 873/1468/1350
f 873/1468/1350 884/1467/1349 885/1469/1351
f 873/1468/1350 885/1469/1351 874/1470/1352
f 874/1470/1352 885/1469/1351 886/1471/1353
f 874/1470/1352 886/1471/1353 875/1472/1354
f 875/1472/1354 886/1471/1353 887/1473/1355
f 875/1472/1354 887/1473/1355 888/1474/1356
f 875/1472/1354 888/1474/1356 876/1475/1357
f 876/1475/1357 888/1474/1356 889/1476/1358
f 876/1475/1357 889/1476/1358 877/1457/1339
f 877/1457/1339 889/1476/1358 878/1455/1337
f 889/1477/1359 906/1478/1360 878/1479/1361
f 878/1479/1361 906/1478/1360 890/1480/1362
f 878/1479/1361 890/1480/1362 891/1481/1363
f 906/1478/1360 889/1477/1359 905/1482/1364
f 905/1482/1364 889/1477/1359 888/1483/1365
f 905/1482/1364 888/1483/1365 904/1484/1366
f 904/1484/1366 888/1483/1365 903/1485/1367
f 903/1485/1367 888/1483/1365 887/1486/1368
f 903/1485/1367 887/1486/1368 902/1487/1369
f 902/1487/1369 887/1486/1368 886/1488/1370
f 902/1487/1369 886/1488/1370 901/1489/1371
f 901/1489/1371 886/1488/1370 885/1490/1372
f 901/1489/1371 885/1490/1372 900/1491/1373
f 900/1491/1373 885/1490/1372 884/1492/1374
f 900/1491/1373 884/1492/1374 899/1493/1375
f 899/1494/1375 884/1495/1374 898/1496/1376
f 898/1496/1376 884/1495/1374 883/1497/1377
f 898/1496/1376 883/1497/1377 897/1498/1378
f 897/1498/1378 883/1497/1377 882/1499/1379
f 897/1498/1378 882/1499/1379 896/1500/1380
f 896/1500/1380 882/1499/1379 881/1501/1381
f 896/1500/1380 881/1501/1381 895/1502/1382
f 895/1502/1382 881/1501/1381 894/1503/1383
f 894/1503/1383 881/1501/1381 880/1504/1384
f 894/1503/1383 880/1504/1384 893/1505/1385
f 893/1505/1385 880/1504/1384 879/1506/1386
f 893/1505/1385 879/1506/1386 892/1507/1387
f 892/1507/1387 879/1506/1386 891/1481/1363
f 891/1481/1363 879/1506/1386 878/1479/1361
f 194/1508/213 907/1509/1388 195/1510/212
f 195/1510/212 907/1509/1388 101/1511/1389
f 195/1510/212 101/1511/1389 851/1512/1390
f 907/1509/1388 908/1513/1391 101/1511/1389
f 101/1511/1389 908/1513/1391 909/1514/1392
f 101/1511/1389 909/1514/1392 102/1515/1393
f 911/1516/1394 122/1517/1395 910/1518/1396
f 910/1518/1396 122/1517/1395 121/1519/1397
f 910/1518/1396 121/1519/1397 921/1520/1398
f 921/1520/1398 121/1519/1397 132/1521/1399
f 921/1520/1398 132/1521/1399 920/1522/1400
f 920/1522/1400 132/1521/1399 131/1523/1401
f 920/1522/1400 131/1523/1401 919/1524/1402
f 919/1524/1402 131/1523/1401 130/1525/1403
f 919/1524/1402 130/1525/1403 918/1526/1404
f 918/1526/1404 130/1525/1403 129/1527/1405
f 918/1526/1404 129/1527/1405 917/1528/1406
f 917/1528/1406 129/1527/1405 128/1529/1407
f 917/1528/1406 128/1529/1407 916/1530/1408
f 916/1530/1408 128/1529/1407 127/1531/1409
f 916/1532/1408 127/1533/1409 915/1534/1410
f 915/1534/1410 127/1533/1409 126/1535/1411
f 915/1534/1410 126/1535/1411 914/1536/1412
f 914/1536/1412 126/1535/1411 125/1537/1413
f 914/1536/1412 125/1537/1413 913/1538/1414
f 913/1538/1414 125/1537/1413 124/1539/1415
f 913/1538/1414 124/1539/1415 912/1540/1416
f 912/1540/1416 124/1539/1415 123/1541/1417
f 912/1540/1416 123/1541/1417 911/1516/1394
f 911/1516/1394 123/1541/1417 122/1517/1395
f 923/1542/1418 146/1543/1419 922/1544/1420
f 922/1544/1420 146/1543/1419 145/1545/1421
f 922/1544/1420 145/1545/1421 933/1546/1422
f 933/1546/1422 145/1545/1421 156/1547/1423
f 933/1546/1422 156/1547/1423 932/1548/1424
f 932/1548/1424 156/1547/1423 155/1549/1425
f 932/1548/1424 155/1549/1425 931/1550/1426
f 931/1550/1426 155/1549/1425 154/1551/1427
f 931/1550/1426 154/1551/1427 930/1552/1428
f 930/1552/1428 154/1551/1427 153/1553/1429
f 930/1552/1428 153/1553/1429 929/1554/1430
f 929/1554/1430 153/1553/1429 152/1555/1431
f 929/1554/1430 152/1555/1431 928/1556/1432
f 928/1556/1432 152/1555/1431 151/1557/1433
f 928/1558/1432 151/1559/1433 927/1560/1434
f 927/1560/1434 151/1559/1433 150/1561/1435
f 927/1560/1434 150/1561/1435 926/1562/1436
f 926/1562/1436 150/1561/1435 149/1563/1437
f 926/1562/1436 149/1563/1437 925/1564/1438
f 925/1564/1438 149/1563/1437 148/1565/1439
f 925/1564/1438 148/1565/1439 924/1566/1440
f 924/1566/1440 148/1565/1439 147/1567/1441
f 924/1566/1440 147/1567/1441 923/1542/1418
f 923/1542/1418 147/1567/1441 146/1543/1419
f 24/1568/1442 923/1569/1443 13/1570/1444
f 13/1570/1444 923/1569/1443 922/1571/1445
f 13/1570/1444 922/1571/1445 933/1572/1446
f 923/1569/1443 24/1568/1442 924/1573/1447
f 924/1573/1447 24/1568/1442 23/1574/1448
f 924/1573/1447 23/1574/1448 925/1575/1449
f 925/1575/1449 23/1574/1448 22/1576/1450
f 925/1575/1449 22/1576/1450 21/1577/1451
f 925/1575/1449 21/1577/1451 926/1578/1452
f 926/1578/1452 21/1577/1451 20/1579/1453
f 926/1578/1452 20/1579/1453 927/1580/1454
f 927/1580/1454 20/1579/1453 928/1581/1455
f 928/1581/1455 20/1579/1453 19/1582/1456
f 928/1581/1455 19/1582/1456 929/1583/1457
f 929/1583/1457 19/1582/1456 18/1584/1458
f 929/1583/1457 18/1584/1458 930/1585/1459
f 930/1585/1459 18/1584/1458 17/1586/1460
f 930/1585/1459 17/1586/1460 931/1587/1461
f 931/1587/1461 17/1586/1460 16/1588/1462
f 931/1587/1461 16/1588/1462 15/1589/1463
f 931/1587/1461 15/1589/1463 932/1590/1464
f 932/1590/1464 15/1589/1463 14/1591/1465
f 932/1590/1464 14/1591/1465 933/1572/1446
f 933/1572/1446 14/1591/1465 13/1570/1444
f 65/1592/1466 911/1593/1467 54/1594/1468
f 54/1594/1468 911/1593/1467 910/1595/1469
f 54/1594/1468 910/1595/1469 921/1596/1470
f 911/1593/1467 65/1592/1466 912/1597/1471
f 912/1597/1471 65/1592/1466 64/1598/1472
f 912/1597/1471 64/1598/1472 913/1599/1473
f 913/1599/1473 64/1598/1472 63/1600/1474
f 913/1599/1473 63/1600/1474 62/1601/1475
f 913/1599/1473 62/1601/1475 914/1602/1476
f 914/1602/1476 62/1601/1475 61/1603/1477
f 914/1602/1476 61/1603/1477 915/1604/1478
f 915/1604/1478 61/1603/1477 916/1605/1479
f 916/1605/1479 61/1603/1477 60/1606/1480
f 916/1605/1479 60/1606/1480 917/1607/1481
f 917/1607/1481 60/1606/1480 59/1608/1482
f 917/1607/1481 59/1608/1482 918/1609/1483
f 918/1609/1483 59/1608/1482 58/1610/1484
f 918/1609/1483 58/1610/1484 919/1611/1485
f 919/1611/1485 58/1610/1484 57/1612/1486
f 919/1611/1485 57/1612/1486 56/1613/1487
f 919/1611/1485 56/1613/1487 920/1614/1488
f 920/1614/1488 56/1613/1487 55/1615/1489
f 920/1614/1488 55/1615/1489 921/1596/1470
f 921/1596/1470 55/1615/1489 54/1594/1468
f 157/1616/167 184/1617/176 206/1618/1490
f 206/1618/1490 184/1617/176 789/1619/1491
f 206/1618/1490 789/1619/1491 207/1620/1492
f 207/1620/1492 789/1619/1491 788/1621/1493
f 207/1620/1492 788/1621/1493 208/1622/1037
f 208/1622/1037 788/1621/1493 778/1623/1039
f 227/1624/1041 781/1625/1040 228/1626/1494
f 228/1626/1494 781/1625/1040 791/1627/1495
f 228/1626/1494 791/1627/1495 229/1628/1496
f 229/1628/1496 791/1627/1495 790/1629/1497
f 229/1628/1496 790/1629/1497 180/1630/181
f 180/1630/181 790/1629/1497 181/1631/180
f 257/1632/531 491/1633/534 258/1634/1498
f 258/1634/1498 491/1633/534 603/1635/1499
f 258/1634/1498 603/1635/1499 602/1636/1500
f 601/1637/717 260/1638/715 602/1636/1500
f 602/1636/1500 260/1638/715 259/1639/1501
f 602/1636/1500 259/1639/1501 258/1634/1498
f 357/1640/787 638/1641/785 358/1642/1502
f 358/1642/1502 638/1641/785 637/1643/1503
f 358/1642/1502 637/1643/1503 636/1644/1504
f 497/1645/535 202/1646/537 636/1644/1504
f 636/1644/1504 202/1646/537 359/1647/1505
f 636/1644/1504 359/1647/1505 358/1642/1502
f 223/1648/1506 785/1649/1507 224/1650/1508
f 224/1650/1508 785/1649/1507 793/1651/1509
f 224/1650/1508 793/1651/1509 225/1652/1510
f 225/1652/1510 793/1651/1509 792/1653/1511
f 225/1652/1510 792/1653/1511 226/1654/1043
f 226/1654/1043 792/1653/1511 780/1655/1042
f 217/1656/1055 787/1657/1053 218/1658/1512
f 218/1658/1512 787/1657/1053 795/1659/1513
f 218/1658/1512 795/1659/1513 219/1660/1514
f 219/1660/1514 795/1659/1513 794/1661/1515
f 219/1660/1514 794/1661/1515 220/1662/1044
f 220/1662/1044 794/1661/1515 782/1663/1045
f 213/1664/1035 777/1665/1033 934/1666/1516
f 934/1666/1516 777/1665/1033 797/1667/1517
f 934/1666/1516 797/1667/1517 935/1668/1518
f 935/1668/1518 797/1667/1517 796/1669/1519
f 935/1668/1518 796/1669/1519 786/1670/1052
f 786/1670/1052 216/1671/1054 935/1668/1518
f 935/1668/1518 216/1671/1054 215/1672/1520
f 935/1668/1518 215/1672/1520 934/1666/1516
f 934/1666/1516 215/1672/1520 214/1673/1521
f 934/1666/1516 214/1673/1521 213/1664/1035
f 209/1674/1036 779/1675/1038 210/1676/1522
f 210/1676/1522 779/1675/1038 799/1677/1523
f 210/1676/1522 799/1677/1523 798/1678/1524
f 776/1679/1032 212/1680/1034 798/1678/1524
f 798/1678/1524 212/1680/1034 211/1681/1525
f 798/1678/1524 211/1681/1525 210/1676/1522
f 851/1682/1390 101/1683/1389 852/1684/1526
f 852/1684/1526 101/1683/1389 116/1685/1527
f 852/1684/1526 116/1685/1527 853/1686/1528
f 853/1686/1528 116/1685/1527 115/1687/1529
f 853/1686/1528 115/1687/1529 168/1688/179
f 168/1688/179 115/1687/1529 114/1689/182
f 239/1690/822 677/1691/823 240/1692/1530
f 240/1692/1530 677/1691/823 681/1693/1531
f 240/1692/1530 681/1693/1531 241/1694/1532
f 241/1694/1532 681/1693/1531 680/1695/1533
f 241/1694/1532 680/1695/1533 242/1696/813
f 242/1696/813 680/1695/1533 672/1697/815
f 251/1698/807 669/1699/805 252/1700/1534
f 252/1700/1534 669/1699/805 687/1701/1535
f 252/1700/1534 687/1701/1535 253/1702/1536
f 253/1702/1536 687/1701/1535 686/1703/1537
f 253/1702/1536 686/1703/1537 172/1704/190
f 172/1704/190 686/1703/1537 173/1705/195
f 177/1706/187 176/1707/189 230/1708/1538
f 230/1708/1538 176/1707/189 685/1709/1539
f 230/1708/1538 685/1709/1539 231/1710/1540
f 231/1710/1540 685/1709/1539 684/1711/1541
f 231/1710/1540 684/1711/1541 232/1712/824
f 232/1712/824 684/1711/1541 678/1713/825
f 243/1714/812 673/1715/814 936/1716/1542
f 936/1716/1542 673/1715/814 691/1717/1543
f 936/1716/1542 691/1717/1543 937/1718/1544
f 937/1718/1544 691/1717/1543 690/1719/1545
f 937/1718/1544 690/1719/1545 670/1720/811
f 670/1720/811 246/1721/809 937/1718/1544
f 937/1718/1544 246/1721/809 245/1722/1546
f 937/1718/1544 245/1722/1546 936/1716/1542
f 936/1716/1542 245/1722/1546 244/1723/1547
f 936/1716/1542 244/1723/1547 243/1714/812
f 247/1724/808 671/1725/810 248/1726/1548
f 248/1726/1548 671/1725/810 689/1727/1549
f 248/1726/1548 689/1727/1549 688/1728/1550
f 668/1729/804 250/1730/806 688/1728/1550
f 688/1728/1550 250/1730/806 249/1731/1551
f 688/1728/1550 249/1731/1551 248/1726/1548
f 233/1732/826 679/1733/827 234/1734/1552
f 234/1734/1552 679/1733/827 683/1735/1553
f 234/1734/1552 683/1735/1553 235/1736/1554
f 235/1736/1554 683/1735/1553 682/1737/1555
f 235/1736/1554 682/1737/1555 236/1738/1556
f 236/1738/1556 682/1737/1555 674/1739/1557
f 165/1740/169 164/1741/168 846/1742/1558
f 846/1742/1558 164/1741/168 938/1743/1559
f 846/1742/1558 938/1743/1559 847/1744/1560
f 847/1744/1560 938/1743/1559 939/1745/1561
f 847/1744/1560 939/1745/1561 848/1746/1562
f 848/1746/1562 939/1745/1561 940/1747/1563
f 942/1748/1564 629/1749/1565 941/1750/1566
f 941/1750/1566 629/1749/1565 628/1751/1567
f 941/1752/1566 628/1753/1567 956/1754/1568
f 956/1754/1568 628/1753/1567 627/1755/1569
f 956/1754/1568 627/1755/1569 626/1756/1570
f 942/1748/1564 943/1757/1571 629/1749/1565
f 629/1749/1565 943/1757/1571 630/1758/1572
f 630/1758/1572 943/1757/1571 944/1759/1573
f 630/1758/1572 944/1759/1573 631/1760/1574
f 631/1760/1574 944/1759/1573 632/1761/1575
f 632/1761/1575 944/1759/1573 945/1762/1576
f 632/1761/1575 945/1762/1576 633/1763/1577
f 633/1763/1577 945/1762/1576 946/1764/1578
f 633/1763/1577 946/1764/1578 947/1765/1579
f 633/1763/1577 947/1765/1579 634/1766/1580
f 634/1766/1580 947/1765/1579 948/1767/1581
f 634/1766/1580 948/1767/1581 635/1768/1582
f 635/1768/1582 948/1767/1581 620/1769/1583
f 620/1769/1583 948/1767/1581 949/1770/1584
f 620/1769/1583 949/1770/1584 621/1771/1585
f 621/1771/1585 949/1770/1584 950/1772/1586
f 621/1771/1585 950/1772/1586 951/1773/1587
f 621/1771/1585 951/1773/1587 622/1774/1588
f 622/1774/1588 951/1773/1587 952/1775/1589
f 622/1774/1588 952/1775/1589 623/1776/1590
f 623/1776/1590 952/1775/1589 624/1777/1591
f 624/1777/1591 952/1775/1589 953/1778/1592
f 624/1777/1591 953/1778/1592 625/1779/1593
f 625/1779/1593 953/1778/1592 954/1780/1594
f 625/1779/1593 954/1780/1594 955/1781/1595
f 625/1779/1593 955/1781/1595 626/1756/1570
f 626/1756/1570 955/1781/1595 956/1754/1568
f 942/1782/1596 941/1783/1597 963/1784/1598
f 963/1784/1598 941/1783/1597 956/1785/1599
f 963/1784/1598 956/1785/1599 962/1786/1600
f 962/1786/1600 956/1785/1599 955/1787/1601
f 962/1786/1600 955/1787/1601 961/1788/1602
f 961/1788/1602 955/1787/1601 954/1789/1603
f 961/1788/1602 954/1789/1603 960/1790/1604
f 960/1790/1604 954/1789/1603 953/1791/1605
f 960/1790/1604 953/1791/1605 952/1792/1606
f 960/1790/1604 952/1792/1606 959/1793/1607
f 959/1793/1607 952/1792/1606 951/1794/1608
f 959/1793/1607 951/1794/1608 958/1795/1609
f 958/1795/1609 951/1794/1608 950/1796/1610
f 958/1795/1609 950/1796/1610 957/1797/1611
f 957/1797/1611 950/1796/1610 949/1798/1612
f 957/1797/1611 949/1798/1612 948/1799/1613
f 957/1797/1611 948/1799/1613 968/1800/1614
f 968/1800/1614 948/1799/1613 947/1801/1615
f 968/1800/1614 947/1801/1615 967/1802/1616
f 967/1802/1616 947/1801/1615 946/1803/1617
f 967/1802/1616 946/1803/1617 966/1804/1618
f 966/1804/1618 946/1803/1617 945/1805/1619
f 966/1804/1618 945/1805/1619 944/1806/1620
f 966/1804/1618 944/1806/1620 965/1807/1621
f 965/1807/1621 944/1806/1620 943/1808/1622
f 965/1807/1621 943/1808/1622 964/1809/1623
f 964/1809/1623 943/1808/1622 942/1782/1596
f 964/1809/1623 942/1782/1596 963/1784/1598
f 970/1810/1624 981/1811/1625 969/1812/1626
f 972/1813/1627 981/1814/1628 971/1815/1629
f 974/1816/1630 981/1817/1631 973/1818/1632
f 976/1819/1633 981/1820/1634 975/1821/1635
f 978/1822/1636 981/1823/1637 977/1824/1638
f 980/1825/1639 981/1826/1640 979/1827/1641
f 969/1828/1626 981/1829/1642 980/1825/1639
f 977/1824/1638 981/1830/1643 976/1819/1633
f 973/1818/1632 981/1831/1644 972/1813/1627
f 979/1827/1641 981/1832/1645 978/1822/1636
f 975/1821/1635 981/1833/1646 974/1816/1630
f 971/1815/1629 981/1834/1647 970/1810/1624
f 980/1835/1648 958/1836/1649 969/1837/1650
f 969/1837/1650 958/1836/1649 957/1838/1651
f 969/1837/1650 957/1838/1651 970/1839/1652
f 970/1839/1652 957/1838/1651 968/1840/1653
f 970/1839/1652 968/1840/1653 971/1841/1654
f 971/1841/1654 968/1840/1653 967/1842/1655
f 971/1841/1654 967/1842/1655 972/1843/1656
f 972/1843/1656 967/1842/1655 966/1844/1657
f 972/1843/1656 966/1844/1657 973/1845/1658
f 973/1845/1658 966/1844/1657 965/1846/1659
f 973/1845/1658 965/1846/1659 974/1847/1660
f 974/1847/1660 965/1846/1659 964/1848/1661
f 974/1847/1660 964/1848/1661 975/1849/1662
f 975/1849/1662 964/1848/1661 963/1850/1663
f 975/1851/1662 963/1852/1663 976/1853/1664
f 976/1853/1664 963/1852/1663 962/1854/1665
f 976/1853/1664 962/1854/1665 977/1855/1666
f 977/1855/1666 962/1854/1665 961/1856/1667
f 977/1855/1666 961/1856/1667 978/1857/1668
f 978/1857/1668 961/1856/1667 960/1858/1669
f 978/1857/1668 960/1858/1669 979/1859/1670
f 979/1859/1670 960/1858/1669 959/1860/1671
f 979/1859/1670 959/1860/1671 980/1835/1648
f 980/1835/1648 959/1860/1671 958/1836/1649
f 983/1861/1672 657/1862/1673 982/1863/1674
f 982/1863/1674 657/1862/1673 656/1864/1675
f 982/1865/1674 656/1866/1675 993/1867/1676
f 993/1867/1676 656/1866/1675 667/1868/1677
f 993/1867/1676 667/1868/1677 992/1869/1678
f 992/1869/1678 667/1868/1677 666/1870/1679
f 992/1869/1678 666/1870/1679 991/1871/1680
f 991/1871/1680 666/1870/1679 665/1872/1681
f 991/1871/1680 665/1872/1681 990/1873/1682
f 990/1873/1682 665/1872/1681 664/1874/1683
f 990/1873/1682 664/1874/1683 989/1875/1684
f 989/1875/1684 664/1874/1683 663/1876/1685
f 989/1875/1684 663/1876/1685 988/1877/1686
f 988/1877/1686 663/1876/1685 662/1878/1687
f 988/1877/1686 662/1878/1687 987/1879/1688
f 987/1879/1688 662/1878/1687 661/1880/1689
f 987/1879/1688 661/1880/1689 986/1881/1690
f 986/1881/1690 661/1880/1689 660/1882/1691
f 986/1881/1690 660/1882/1691 985/1883/1692
f 985/1883/1692 660/1882/1691 659/1884/1693
f 985/1883/1692 659/1884/1693 984/1885/1694
f 984/1885/1694 659/1884/1693 658/1886/1695
f 984/1885/1694 658/1886/1695 983/1861/1672
f 983/1861/1672 658/1886/1695 657/1862/1673
f 993/1887/1696 1005/1888/1697 982/1889/1698
f 982/1889/1698 1005/1888/1697 994/1890/1699
f 982/1889/1698 994/1890/1699 995/1891/1700
f 1005/1888/1697 993/1887/1696 1004/1892/1701
f 1004/1892/1701 993/1887/1696 992/1893/1702
f 1004/1892/1701 992/1893/1702 1003/1894/1703
f 1003/1894/1703 992/1893/1702 991/1895/1704
f 1003/1894/1703 991/1895/1704 990/1896/1705
f 1003/1894/1703 990/1896/1705 1002/1897/1706
f 1002/1897/1706 990/1896/1705 989/1898/1707
f 1002/1897/1706 989/1898/1707 1001/1899/1708
f 1001/1899/1708 989/1898/1707 1000/1900/1709
f 1000/1900/1709 989/1898/1707 988/1901/1710
f 1000/1900/1709 988/1901/1710 999/1902/1711
f 999/1902/1711 988/1901/1710 987/1903/1712
f 999/1902/1711 987/1903/1712 998/1904/1713
f 998/1904/1713 987/1903/1712 986/1905/1714
f 998/1904/1713 986/1905/1714 997/1906/1715
f 997/1906/1715 986/1905/1714 985/1907/1716
f 997/1906/1715 985/1907/1716 984/1908/1717
f 997/1906/1715 984/1908/1717 996/1909/1718
f 996/1909/1718 984/1908/1717 983/1910/1719
f 996/1909/1718 983/1910/1719 995/1891/1700
f 995/1891/1700 983/1910/1719 982/1889/1698
f 1007/1911/1720 1018/1912/1721 1006/1913/1722
f 1009/1914/1723 1018/1915/1724 1008/1916/1725
f 1011/1917/1726 1018/1918/1727 1010/1919/1728
f 1013/1920/1729 1018/1921/1730 1012/1922/1731
f 1015/1923/1732 1018/1924/1733 1014/1925/1734
f 1017/1926/1735 1018/1927/1736 1016/1928/1737
f 1006/1929/1722 1018/1930/1738 1017/1926/1735
f 1014/1925/1734 1018/1931/1739 1013/1920/1729
f 1010/1919/1728 1018/1932/1740 1009/1914/1723
f 1016/1928/1737 1018/1933/1741 1015/1923/1732
f 1012/1922/1731 1018/1934/1742 1011/1917/1726
f 1008/1916/1725 1018/1935/1743 1007/1911/1720
f 1017/1936/1744 1001/1937/1745 1006/1938/1746
f 1006/1938/1746 1001/1937/1745 1000/1939/1747
f 1006/1938/1746 1000/1939/1747 1007/1940/1748
f 1007/1940/1748 1000/1939/1747 999/1941/1749
f 1007/1940/1748 999/1941/1749 1008/1942/1750
f 1008/1942/1750 999/1941/1749 998/1943/1751
f 1008/1942/1750 998/1943/1751 1009/1944/1752
f 1009/1944/1752 998/1943/1751 997/1945/1753
f 1009/1944/1752 997/1945/1753 1010/1946/1754
f 1010/1946/1754 997/1945/1753 996/1947/1755
f 1010/1946/1754 996/1947/1755 1011/1948/1756
f 1011/1948/1756 996/1947/1755 995/1949/1757
f 1011/1948/1756 995/1949/1757 1012/1950/1758
f 1012/1950/1758 995/1949/1757 994/1951/1759
f 1012/1952/1758 994/1953/1759 1013/1954/1760
f 1013/1954/1760 994/1953/1759 1005/1955/1761
f 1013/1954/1760 1005/1955/1761 1014/1956/1762
f 1014/1956/1762 1005/1955/1761 1004/1957/1763
f 1014/1956/1762 1004/1957/1763 1015/1958/1764
f 1015/1958/1764 1004/1957/1763 1003/1959/1765
f 1015/1958/1764 1003/1959/1765 1016/1960/1766
f 1016/1960/1766 1003/1959/1765 1002/1961/1767
f 1016/1960/1766 1002/1961/1767 1017/1936/1744
f 1017/1936/1744 1002/1961/1767 1001/1937/1745
f 1020/1962/1768 385/1963/1769 1019/1964/1770
f 1019/1964/1770 385/1963/1769 384/1965/1771
f 1019/1966/1770 384/1967/1771 1034/1968/1772
f 1034/1968/1772 384/1967/1771 383/1969/1773
f 1034/1968/1772 383/1969/1773 382/1970/1774
f 1020/1962/1768 1021/1971/1775 385/1963/1769
f 385/1963/1769 1021/1971/1775 386/1972/1776
f 386/1972/1776 1021/1971/1775 1022/1973/1777
f 386/1972/1776 1022/1973/1777 387/1974/1778
f 387/1974/1778 1022/1973/1777 388/1975/1779
f 388/1975/1779 1022/1973/1777 1023/1976/1780
f 388/1975/1779 1023/1976/1780 389/1977/1781
f 389/1977/1781 1023/1976/1780 1024/1978/1782
f 389/1977/1781 1024/1978/1782 1025/1979/1783
f 389/1977/1781 1025/1979/1783 390/1980/1784
f 390/1980/1784 1025/1979/1783 1026/1981/1785
f 390/1980/1784 1026/1981/1785 391/1982/1786
f 391/1982/1786 1026/1981/1785 376/1983/1787
f 376/1983/1787 1026/1981/1785 1027/1984/1788
f 376/1983/1787 1027/1984/1788 377/1985/1789
f 377/1985/1789 1027/1984/1788 1028/1986/1790
f 377/1985/1789 1028/1986/1790 1029/1987/1791
f 377/1985/1789 1029/1987/1791 378/1988/1792
f 378/1988/1792 1029/1987/1791 1030/1989/1793
f 378/1988/1792 1030/1989/1793 379/1990/1794
f 379/1990/1794 1030/1989/1793 380/1991/1795
f 380/1991/1795 1030/1989/1793 1031/1992/1796
f 380/1991/1795 1031/1992/1796 381/1993/1797
f 381/1993/1797 1031/1992/1796 1032/1994/1798
f 381/1993/1797 1032/1994/1798 1033/1995/1799
f 381/1993/1797 1033/1995/1799 382/1970/1774
f 382/1970/1774 1033/1995/1799 1034/1968/1772
f 1020/1996/1800 1019/1997/1801 530/1998/1802
f 530/1998/1802 1019/1997/1801 1034/1999/1803
f 530/1998/1802 1034/1999/1803 531/2000/1804
f 531/2000/1804 1034/1999/1803 1033/2001/1805
f 531/2000/1804 1033/2001/1805 532/2002/1806
f 532/2002/1806 1033/2001/1805 1032/2003/1807
f 532/2002/1806 1032/2003/1807 533/2004/1808
f 533/2004/1808 1032/2003/1807 1031/2005/1809
f 533/2004/1808 1031/2005/1809 1030/2006/1810
f 533/2004/1808 1030/2006/1810 534/2007/1811
f 534/2007/1811 1030/2006/1810 1029/2008/1812
f 534/2007/1811 1029/2008/1812 535/2009/1813
f 535/2009/1813 1029/2008/1812 1028/2010/1814
f 535/2009/1813 1028/2010/1814 524/2011/1815
f 524/2011/1815 1028/2010/1814 1027/2012/1816
f 524/2011/1815 1027/2012/1816 1026/2013/1817
f 524/2011/1815 1026/2013/1817 525/2014/1818
f 525/2014/1818 1026/2013/1817 1025/2015/1819
f 525/2014/1818 1025/2015/1819 526/2016/1820
f 526/2016/1820 1025/2015/1819 1024/2017/1821
f 526/2016/1820 1024/2017/1821 527/2018/1822
f 527/2018/1822 1024/2017/1821 1023/2019/1823
f 527/2018/1822 1023/2019/1823 1022/2020/1824
f 527/2018/1822 1022/2020/1824 528/2021/1825
f 528/2021/1825 1022/2020/1824 1021/2022/1826
f 528/2021/1825 1021/2022/1826 529/2023/1827
f 529/2023/1827 1021/2022/1826 1020/1996/1800
f 529/2023/1827 1020/1996/1800 530/1998/1802
f 1036/2024/1828 369/2025/1829 1035/2026/1830
f 1035/2026/1830 369/2025/1829 368/2027/1831
f 1035/2028/1830 368/2029/1831 1050/2030/1832
f 1050/2030/1832 368/2029/1831 367/2031/1833
f 1050/2030/1832 367/2031/1833 366/2032/1834
f 1036/2024/1828 1037/2033/1835 369/2025/1829
f 369/2025/1829 1037/2033/1835 370/2034/1836
f 370/2034/1836 1037/2033/1835 1038/2035/1837
f 370/2034/1836 1038/2035/1837 371/2036/1838
f 371/2036/1838 1038/2035/1837 372/2037/1839
f 372/2037/1839 1038/2035/1837 1039/2038/1840
f 372/2037/1839 1039/2038/1840 373/2039/1841
f 373/2039/1841 1039/2038/1840 1040/2040/1842
f 373/2039/1841 1040/2040/1842 1041/2041/1843
f 373/2039/1841 1041/2041/1843 374/2042/1844
f 374/2042/1844 1041/2041/1843 1042/2043/1845
f 374/2042/1844 1042/2043/1845 375/2044/1846
f 375/2044/1846 1042/2043/1845 360/2045/1847
f 360/2045/1847 1042/2043/1845 1043/2046/1848
f 360/2045/1847 1043/2046/1848 361/2047/1849
f 361/2047/1849 1043/2046/1848 1044/2048/1850
f 361/2047/1849 1044/2048/1850 1045/2049/1851
f 361/2047/1849 1045/2049/1851 362/2050/1852
f 362/2050/1852 1045/2049/1851 1046/2051/1853
f 362/2050/1852 1046/2051/1853 363/2052/1854
f 363/2052/1854 1046/2051/1853 364/2053/1855
f 364/2053/1855 1046/2051/1853 1047/2054/1856
f 364/2053/1855 1047/2054/1856 365/2055/1857
f 365/2055/1857 1047/2054/1856 1048/2056/1858
f 365/2055/1857 1048/2056/1858 1049/2057/1859
f 365/2055/1857 1049/2057/1859 366/2032/1834
f 366/2032/1834 1049/2057/1859 1050/2030/1832
f 1036/2058/1860 1035/2059/1861 570/2060/1862
f 570/2060/1862 1035/2059/1861 1050/2061/1863
f 570/2060/1862 1050/2061/1863 571/2062/1864
f 571/2062/1864 1050/2061/1863 1049/2063/1865
f 571/2062/1864 1049/2063/1865 572/2064/1866
f 572/2064/1866 1049/2063/1865 1048/2065/1867
f 572/2064/1866 1048/2065/1867 573/2066/1868
f 573/2066/1868 1048/2065/1867 1047/2067/1869
f 573/2066/1868 1047/2067/1869 1046/2068/1870
f 573/2066/1868 1046/2068/1870 574/2069/1871
f 574/2069/1871 1046/2068/1870 1045/2070/1872
f 574/2069/1871 1045/2070/1872 575/2071/1873
f 575/2071/1873 1045/2070/1872 1044/2072/1874
f 575/2071/1873 1044/2072/1874 564/2073/1875
f 564/2073/1875 1044/2072/1874 1043/2074/1876
f 564/2073/1875 1043/2074/1876 1042/2075/1877
f 564/2073/1875 1042/2075/1877 565/2076/1878
f 565/2076/1878 1042/2075/1877 1041/2077/1879
f 565/2076/1878 1041/2077/1879 566/2078/1880
f 566/2078/1880 1041/2077/1879 1040/2079/1881
f 566/2078/1880 1040/2079/1881 567/2080/1882
f 567/2080/1882 1040/2079/1881 1039/2081/1883
f 567/2080/1882 1039/2081/1883 1038/2082/1884
f 567/2080/1882 1038/2082/1884 568/2083/1885
f 568/2083/1885 1038/2082/1884 1037/2084/1886
f 568/2083/1885 1037/2084/1886 569/2085/1887
f 569/2085/1887 1037/2084/1886 1036/2058/1860
f 569/2085/1887 1036/2058/1860 570/2060/1862
f 504/2086/556 503/2087/555 1052/2088/1888
f 1052/2088/1888 503/2087/555 655/2089/1889
f 1052/2088/1888 655/2089/1889 654/2090/1890
f 549/2091/602 548/2092/1891 654/2090/1890
f 654/2090/1890 548/2092/1891 1051/2093/1892
f 654/2090/1890 1051/2093/1892 1052/2088/1888
f 161/2094/172 160/2095/173 1054/2096/1893
f 1054/2096/1893 160/2095/173 205/2097/1894
f 1054/2096/1893 205/2097/1894 1053/2098/1895
f 1053/2098/1895 205/2097/1894 204/2099/1896
f 1053/2098/1895 204/2099/1896 496/2100/539
f 496/2100/539 204/2099/1896 203/2101/542
f 470/2102/508 469/2103/506 1056/2104/1897
f 1056/2104/1897 469/2103/506 605/2105/1898
f 1056/2104/1897 605/2105/1898 604/2106/1899
f 480/2107/522 479/2108/523 604/2106/1899
f 604/2106/1899 479/2108/523 1055/2109/1900
f 604/2106/1899 1055/2109/1900 1056/2104/1897
f 108/2110/530 256/2111/529 109/2112/1901
f 109/2112/1901 256/2111/529 255/2113/1902
f 109/2112/1901 255/2113/1902 110/2114/1903
f 110/2114/1903 255/2113/1902 254/2115/1904
f 110/2114/1903 254/2115/1904 111/2116/191
f 111/2116/191 254/2115/1904 169/2117/194
f 133/2118/1905 413/2119/1906 134/2120/1907
f 134/2120/1907 413/2119/1906 412/2121/1908
f 119/2122/1909 118/2123/1910 133/2124/1911
f 133/2124/1911 118/2123/1910 413/2125/1912
f 134/2126/1913 412/2127/1914 135/2128/1915
f 135/2128/1915 412/2127/1914 143/2129/1916
f 731/2130/1917 1059/2131/1918 409/2132/440
f 409/2132/440 1059/2131/1918 1058/2133/1919
f 409/2132/440 1058/2133/1919 410/2134/445
f 731/2130/1917 730/2135/1920 1059/2131/1918
f 1059/2131/1918 730/2135/1920 466/2136/502
f 1059/2131/1918 466/2136/502 1057/2137/1921
f 730/2135/1920 467/2138/500 466/2136/502
f 1057/2137/1921 1058/2133/1919 1059/2131/1918
f 733/2139/1922 1062/2140/1923 404/2141/435
f 404/2141/435 1062/2140/1923 1061/2142/1924
f 404/2141/435 1061/2142/1924 405/2143/436
f 733/2139/1922 732/2144/1925 1062/2140/1923
f 1062/2140/1923 732/2144/1925 414/2145/478
f 1062/2140/1923 414/2145/478 1060/2146/1926
f 732/2144/1925 408/2147/442 414/2145/478
f 1060/2146/1926 1061/2142/1924 1062/2140/1923
f 1064/2148/1927 1086/2149/1928 1063/2150/1929
f 1063/2150/1929 1086/2149/1928 1075/2151/1930
f 1063/2150/1929 1075/2151/1930 1074/2152/1931
f 1074/2152/1931 1075/2151/1930 1076/2153/1932
f 1074/2152/1931 1076/2153/1932 1073/2154/1933
f 1073/2154/1933 1076/2153/1932 1077/2155/1934
f 1073/2154/1933 1077/2155/1934 1072/2156/1935
f 1072/2156/1935 1077/2155/1934 1078/2157/1936
f 1072/2156/1935 1078/2157/1936 1071/2158/1937
f 1071/2158/1937 1078/2157/1936 1079/2159/1938
f 1071/2158/1937 1079/2159/1938 1070/2160/1939
f 1070/2160/1939 1079/2159/1938 1080/2161/1940
f 1070/2160/1939 1080/2161/1940 1069/2162/1941
f 1069/2162/1941 1080/2161/1940 1081/2163/1942
f 1069/2164/1941 1081/2165/1942 1068/2166/1943
f 1068/2166/1943 1081/2165/1942 1082/2167/1944
f 1068/2166/1943 1082/2167/1944 1067/2168/1945
f 1067/2168/1945 1082/2167/1944 1083/2169/1946
f 1067/2168/1945 1083/2169/1946 1066/2170/1947
f 1066/2170/1947 1083/2169/1946 1084/2171/1948
f 1066/2170/1947 1084/2171/1948 1065/2172/1949
f 1065/2172/1949 1084/2171/1948 1085/2173/1950
f 1065/2172/1949 1085/2173/1950 1064/2148/1927
f 1064/2148/1927 1085/2173/1950 1086/2149/1928
f 1074/2174/1951 1087/2175/1952 1063/2176/1953
f 1072/2177/1954 1087/2178/1955 1073/2179/1956
f 1070/2180/1957 1087/2181/1958 1071/2182/1959
f 1068/2183/1960 1087/2184/1961 1069/2185/1962
f 1066/2186/1963 1087/2187/1964 1067/2188/1965
f 1064/2189/1966 1087/2190/1967 1065/2191/1968
f 1063/2192/1953 1087/2193/1969 1064/2189/1966
f 1067/2188/1965 1087/2194/1970 1068/2183/1960
f 1071/2182/1959 1087/2195/1971 1072/2177/1954
f 1065/2191/1968 1087/2196/1972 1066/2186/1963
f 1069/2185/1962 1087/2197/1973 1070/2180/1957
f 1073/2179/1956 1087/2198/1974 1074/2174/1951
f 1089/2199/1975 1111/2200/1976 1088/2201/1977
f 1088/2201/1977 1111/2200/1976 1100/2202/1978
f 1088/2201/1977 1100/2202/1978 1099/2203/1979
f 1099/2203/1979 1100/2202/1978 1101/2204/1980
f 1099/2203/1979 1101/2204/1980 1098/2205/1981
f 1098/2205/1981 1101/2204/1980 1102/2206/1982
f 1098/2205/1981 1102/2206/1982 1097/2207/1983
f 1097/2207/1983 1102/2206/1982 1103/2208/1984
f 1097/2207/1983 1103/2208/1984 1096/2209/1985
f 1096/2209/1985 1103/2208/1984 1104/2210/1986
f 1096/2209/1985 1104/2210/1986 1095/2211/1987
f 1095/2211/1987 1104/2210/1986 1105/2212/1988
f 1095/2211/1987 1105/2212/1988 1094/2213/1989
f 1094/2213/1989 1105/2212/1988 1106/2214/1990
f 1094/2215/1989 1106/2216/1990 1093/2217/1991
f 1093/2217/1991 1106/2216/1990 1107/2218/1992
f 1093/2217/1991 1107/2218/1992 1092/2219/1993
f 1092/2219/1993 1107/2218/1992 1108/2220/1994
f 1092/2219/1993 1108/2220/1994 1091/2221/1995
f 1091/2221/1995 1108/2220/1994 1109/2222/1996
f 1091/2221/1995 1109/2222/1996 1090/2223/1997
f 1090/2223/1997 1109/2222/1996 1110/2224/1998
f 1090/2223/1997 1110/2224/1998 1089/2199/1975
f 1089/2199/1975 1110/2224/1998 1111/2200/1976
f 1099/2225/1999 1112/2226/2000 1088/2227/2001
f 1097/2228/2002 1112/2229/2003 1098/2230/2004
f 1095/2231/2005 1112/2232/2006 1096/2233/2007
f 1093/2234/2008 1112/2235/2009 1094/2236/2010
f 1091/2237/2011 1112/2238/2012 1092/2239/2013
f 1089/2240/2014 1112/2241/2015 1090/2242/2016
f 1088/2243/2001 1112/2244/2017 1089/2240/2014
f 1092/2239/2013 1112/2245/2018 1093/2234/2008
f 1096/2233/2007 1112/2246/2019 1097/2228/2002
f 1090/2242/2016 1112/2247/2020 1091/2237/2011
f 1094/2236/2010 1112/2248/2021 1095/2231/2005
f 1098/2230/2004 1112/2249/2022 1099/2225/1999
f 1114/2250/2023 1136/2251/2024 1113/2252/2025
f 1113/2252/2025 1136/2251/2024 1125/2253/2026
f 1113/2252/2025 1125/2253/2026 1124/2254/2027
f 1124/2254/2027 1125/2253/2026 1126/2255/2028
f 1124/2254/2027 1126/2255/2028 1123/2256/2029
f 1123/2256/2029 1126/2255/2028 1127/2257/2030
f 1123/2256/2029 1127/2257/2030 1122/2258/2031
f 1122/2258/2031 1127/2257/2030 1128/2259/2032
f 1122/2258/2031 1128/2259/2032 1121/2260/2033
f 1121/2260/2033 1128/2259/2032 1129/2261/2034
f 1121/2260/2033 1129/2261/2034 1120/2262/2035
f 1120/2262/2035 1129/2261/2034 1130/2263/2036
f 1120/2262/2035 1130/2263/2036 1119/2264/2037
f 1119/2264/2037 1130/2263/2036 1131/2265/2038
f 1119/2266/2037 1131/2267/2038 1118/2268/2039
f 1118/2268/2039 1131/2267/2038 1132/2269/2040
f 1118/2268/2039 1132/2269/2040 1117/2270/2041
f 1117/2270/2041 1132/2269/2040 1133/2271/2042
f 1117/2270/2041 1133/2271/2042 1116/2272/2043
f 1116/2272/2043 1133/2271/2042 1134/2273/2044
f 1116/2272/2043 1134/2273/2044 1115/2274/2045
f 1115/2274/2045 1134/2273/2044 1135/2275/2046
f 1115/2274/2045 1135/2275/2046 1114/2250/2023
f 1114/2250/2023 1135/2275/2046 1136/2251/2024
f 1124/2276/2047 1137/2277/2048 1113/2278/2049
f 1122/2279/2050 1137/2280/2051 1123/2281/2052
f 1120/2282/2053 1137/2283/2054 1121/2284/2055
f 1118/2285/2056 1137/2286/2057 1119/2287/2058
f 1116/2288/2059 1137/2289/2060 1117/2290/2061
f 1114/2291/2062 1137/2292/2063 1115/2293/2064
f 1113/2294/2049 1137/2295/2065 1114/2291/2062
f 1117/2290/2061 1137/2296/2066 1118/2285/2056
f 1121/2284/2055 1137/2297/2067 1122/2279/2050
f 1115/2293/2064 1137/2298/2068 1116/2288/2059
f 1119/2287/2058 1137/2299/2069 1120/2282/2053
f 1123/2281/2052 1137/2300/2070 1124/2276/2047
f 1139/2301/2071 1161/2302/2072 1138/2303/2073
f 1138/2303/2073 1161/2302/2072 1150/2304/2074
f 1138/2303/2073 1150/2304/2074 1149/2305/2075
f 1149/2305/2075 1150/2304/2074 1151/2306/2076
f 1149/2305/2075 1151/2306/2076 1148/2307/2077
f 1148/2307/2077 1151/2306/2076 1152/2308/2078
f 1148/2307/2077 1152/2308/2078 1147/2309/2079
f 1147/2309/2079 1152/2308/2078 1153/2310/2080
f 1147/2309/2079 1153/2310/2080 1146/2311/2081
f 1146/2311/2081 1153/2310/2080 1154/2312/2082
f 1146/2311/2081 1154/2312/2082 1145/2313/2083
f 1145/2313/2083 1154/2312/2082 1155/2314/2084
f 1145/2313/2083 1155/2314/2084 1144/2315/2085
f 1144/2315/2085 1155/2314/2084 1156/2316/2086
f 1144/2317/2085 1156/2318/2086 1143/2319/2087
f 1143/2319/2087 1156/2318/2086 1157/2320/2088
f 1143/2319/2087 1157/2320/2088 1142/2321/2089
f 1142/2321/2089 1157/2320/2088 1158/2322/2090
f 1142/2321/2089 1158/2322/2090 1141/2323/2091
f 1141/2323/2091 1158/2322/2090 1159/2324/2092
f 1141/2323/2091 1159/2324/2092 1140/2325/2093
f 1140/2325/2093 1159/2324/2092 1160/2326/2094
f 1140/2325/2093 1160/2326/2094 1139/2301/2071
f 1139/2301/2071 1160/2326/2094 1161/2302/2072
f 1149/2327/2095 1162/2328/2096 1138/2329/2097
f 1147/2330/2098 1162/2331/2099 1148/2332/2100
f 1145/2333/2101 1162/2334/2102 1146/2335/2103
f 1143/2336/2104 1162/2337/2105 1144/2338/2106
f 1141/2339/2107 1162/2340/2108 1142/2341/2109
f 1139/2342/2110 1162/2343/2111 1140/2344/2112
f 1138/2345/2097 1162/2346/2113 1139/2342/2110
f 1142/2341/2109 1162/2347/2114 1143/2336/2104
f 1146/2335/2103 1162/2348/2115 1147/2330/2098
f 1140/2344/2112 1162/2349/2116 1141/2339/2107
f 1144/2338/2106 1162/2350/2117 1145/2333/2101
f 1148/2332/2100 1162/2351/2118 1149/2327/2095
f 1164/2352/2119 1165/2353/2120 1163/2354/2121
f 1163/2354/2121 1165/2353/2120 1166/2355/2122
f 1168/2356/2123 1170/2357/2124 1167/2358/2125
f 1167/2358/2125 1170/2357/2124 1060/2359/2126
f 1167/2358/2125 1060/2359/2126 414/2360/478
f 1168/2356/2123 1169/2361/2127 1170/2357/2124
f 1170/2357/2124 1169/2361/2127 405/2362/2128
f 1170/2357/2124 405/2362/2128 1061/2363/2129
f 1169/2361/2127 406/2364/439 405/2362/2128
f 1061/2363/2129 1060/2359/2126 1170/2357/2124
f 1171/2365/2130 1172/2366/2131 1193/2367/2132
f 1193/2367/2132 1172/2366/2131 1192/2368/2133
f 1192/2368/2133 1172/2366/2131 1191/2369/2134
f 1191/2369/2134 1172/2366/2131 1195/2370/2135
f 1191/2369/2134 1195/2370/2135 1190/2371/2136
f 1190/2371/2136 1195/2370/2135 1177/2372/2137
f 1190/2371/2136 1177/2372/2137 1189/2373/2138
f 1189/2373/2138 1177/2372/2137 1178/2374/2139
f 1189/2373/2138 1178/2374/2139 1179/2375/2140
f 1172/2366/2131 1173/2376/2141 1195/2370/2135
f 1195/2370/2135 1173/2376/2141 1194/2377/2142
f 1195/2370/2135 1194/2377/2142 1176/2378/2143
f 1176/2378/2143 1194/2377/2142 1175/2379/2144
f 1173/2376/2141 1174/2380/2145 1194/2377/2142
f 1194/2377/2142 1174/2380/2145 1175/2381/2146
f 1176/2378/2143 1177/2372/2137 1195/2370/2135
f 1189/2373/2138 1179/2375/2140 1188/2382/2147
f 1188/2382/2147 1179/2375/2140 1180/2383/2148
f 1188/2382/2147 1180/2383/2148 1187/2384/2149
f 1187/2384/2149 1180/2383/2148 1196/2385/2150
f 1187/2384/2149 1196/2385/2150 1186/2386/2151
f 1186/2386/2151 1196/2385/2150 1185/2387/2152
f 1185/2387/2152 1196/2385/2150 1184/2388/2153
f 1184/2388/2153 1196/2385/2150 1183/2389/2154
f 1183/2389/2154 1196/2385/2150 1168/2390/2155
f 1183/2389/2154 1168/2390/2155 1167/2391/2156
f 1180/2383/2148 406/2392/2157 1196/2385/2150
f 1196/2385/2150 406/2392/2157 1169/2393/2158
f 1196/2385/2150 1169/2393/2158 1168/2390/2155
f 1181/2394/2159 1182/2395/2160 1167/2391/2156
f 1167/2391/2156 1182/2395/2160 1183/2389/2154
f 1197/2396/2161 1198/2397/2162 1222/2398/2163
f 1222/2398/2163 1198/2397/2162 1199/2399/2164
f 1222/2398/2163 1199/2399/2164 1223/2400/2165
f 1223/2400/2165 1199/2399/2164 1200/2401/2166
f 1223/2400/2165 1200/2401/2166 1201/2402/2167
f 1223/2400/2165 1201/2402/2167 1217/2403/2168
f 1217/2403/2168 1201/2402/2167 1202/2404/2169
f 1217/2403/2168 1202/2404/2169 1216/2405/2170
f 1216/2405/2170 1202/2404/2169 1215/2406/2171
f 1215/2406/2171 1202/2404/2169 1203/2407/2172
f 1215/2406/2171 1203/2407/2172 1204/2408/2173
f 1205/2409/2174 1225/2410/2175 1204/2408/2173
f 1204/2408/2173 1225/2410/2175 1214/2411/2176
f 1204/2408/2173 1214/2411/2176 1215/2406/2171
f 1205/2409/2174 1206/2412/2177 1225/2410/2175
f 1225/2410/2175 1206/2412/2177 1207/2413/2178
f 1225/2410/2175 1207/2413/2178 1208/2414/2179
f 1209/2415/2180 1211/2416/2181 1208/2414/2179
f 1208/2414/2179 1211/2416/2181 1212/2417/2182
f 1208/2414/2179 1212/2417/2182 1225/2410/2175
f 1225/2410/2175 1212/2417/2182 1213/2418/2183
f 1225/2410/2175 1213/2418/2183 1214/2411/2176
f 1214/2411/2176 1213/2418/2183 465/2419/504
f 1209/2415/2180 1210/2420/2184 1211/2416/2181
f 1217/2403/2168 1218/2421/2185 1223/2400/2165
f 1223/2400/2165 1218/2421/2185 1224/2422/2186
f 1223/2400/2165 1224/2422/2186 1221/2423/2187
f 1221/2423/2187 1224/2422/2186 1220/2424/2188
f 1220/2424/2188 1224/2422/2186 1219/2425/2189
f 1218/2421/2185 1219/2426/2190 1224/2422/2186
f 1221/2423/2187 1222/2398/2163 1223/2400/2165
f 1058/2427/2191 1226/2428/2192 410/2429/445
f 410/2429/445 1226/2428/2192 1212/2430/2193
f 410/2429/445 1212/2430/2193 1211/2431/2181
f 1058/2427/2191 1057/2432/2194 1226/2428/2192
f 1226/2428/2192 1057/2432/2194 465/2433/504
f 1226/2428/2192 465/2433/504 1213/2434/2195
f 1057/2432/2194 466/2435/2196 465/2433/504
f 1213/2434/2195 1212/2430/2193 1226/2428/2192
f 1228/2436/2197 1305/2437/2198 1227/2438/2199
f 1227/2438/2199 1305/2437/2198 1249/2439/2200
f 1227/2438/2199 1249/2439/2200 1257/2440/2201
f 1257/2440/2201 1249/2439/2200 1250/2441/2202
f 1257/2440/2201 1250/2441/2202 1256/2442/2203
f 1256/2442/2203 1250/2441/2202 1251/2443/2204
f 1256/2442/2203 1251/2443/2204 1255/2444/2205
f 1255/2444/2205 1251/2443/2204 1253/2445/2206
f 1255/2444/2205 1253/2445/2206 1254/2446/2207
f 1254/2446/2207 1253/2445/2206 1238/2447/2208
f 1254/2446/2207 1238/2447/2208 1298/2448/2209
f 1298/2448/2209 1238/2447/2208 1239/2449/2210
f 1298/2448/2209 1239/2449/2210 1256/2442/2203
f 1256/2442/2203 1239/2449/2210 1257/2440/2201
f 1229/2450/2211 1258/2451/2212 1228/2436/2197
f 1228/2436/2197 1258/2451/2212 1266/2452/2213
f 1228/2436/2197 1266/2452/2213 1241/2453/2214
f 1241/2453/2214 1266/2452/2213 1265/2454/2215
f 1241/2453/2214 1265/2454/2215 1304/2455/2216
f 1304/2455/2216 1265/2454/2215 1264/2456/2217
f 1304/2455/2216 1264/2456/2217 1303/2457/2218
f 1303/2457/2218 1264/2456/2217 1262/2458/2219
f 1303/2457/2218 1262/2458/2219 1252/2459/2220
f 1252/2459/2220 1262/2458/2219 1237/2460/2221
f 1252/2459/2220 1237/2460/2221 1238/2447/2208
f 1230/2461/2222 1242/2462/2223 1229/2450/2211
f 1229/2450/2211 1242/2462/2223 1269/2463/2224
f 1229/2450/2211 1269/2463/2224 1258/2451/2212
f 1258/2451/2212 1269/2463/2224 1268/2464/2225
f 1258/2451/2212 1268/2464/2225 1259/2465/2226
f 1259/2465/2226 1268/2464/2225 1267/2466/2227
f 1259/2465/2226 1267/2466/2227 1260/2467/2228
f 1260/2467/2228 1267/2466/2227 1240/2468/2229
f 1260/2467/2228 1240/2468/2229 1261/2469/2230
f 1261/2469/2230 1240/2468/2229 1237/2460/2221
f 1261/2469/2230 1237/2460/2221 1262/2458/2219
f 1231/2470/2231 1244/2471/2232 1230/2461/2222
f 1230/2461/2222 1244/2471/2232 1276/2472/2233
f 1230/2461/2222 1276/2472/2233 1275/2473/2234
f 1275/2473/2234 1276/2472/2233 1277/2474/2235
f 1275/2473/2234 1277/2474/2235 1274/2475/2236
f 1274/2475/2236 1277/2474/2235 1278/2476/2237
f 1274/2475/2236 1278/2476/2237 1273/2477/2238
f 1273/2477/2238 1278/2476/2237 1279/2478/2239
f 1273/2477/2238 1279/2478/2239 1272/2479/2240
f 1272/2479/2240 1279/2478/2239 1236/2480/2241
f 1272/2479/2240 1236/2480/2241 1263/2481/2242
f 1263/2481/2242 1236/2480/2241 1240/2468/2229
f 1263/2481/2242 1240/2468/2229 1267/2466/2227
f 1232/2482/2243 1246/2483/2244 1231/2470/2231
f 1231/2470/2231 1246/2483/2244 1280/2484/2245
f 1231/2470/2231 1280/2484/2245 1287/2485/2246
f 1287/2485/2246 1280/2484/2245 1281/2486/2247
f 1287/2485/2246 1281/2486/2247 1286/2487/2248
f 1286/2487/2248 1281/2486/2247 1282/2488/2249
f 1286/2487/2248 1282/2488/2249 1285/2489/2250
f 1285/2489/2250 1282/2488/2249 1283/2490/2251
f 1285/2489/2250 1283/2490/2251 1284/2491/2252
f 1284/2491/2252 1283/2490/2251 1235/2492/2253
f 1284/2491/2252 1235/2492/2253 1243/2493/2254
f 1243/2493/2254 1235/2492/2253 1236/2480/2241
f 1243/2493/2254 1236/2480/2241 1279/2478/2239
f 1233/2494/2255 1248/2495/2256 1232/2482/2243
f 1232/2482/2243 1248/2495/2256 1288/2496/2257
f 1232/2482/2243 1288/2496/2257 1295/2497/2258
f 1295/2497/2258 1288/2496/2257 1289/2498/2259
f 1295/2497/2258 1289/2498/2259 1294/2499/2260
f 1294/2499/2260 1289/2498/2259 1290/2500/2261
f 1294/2499/2260 1290/2500/2261 1293/2501/2262
f 1293/2501/2262 1290/2500/2261 1291/2502/2263
f 1293/2501/2262 1291/2502/2263 1292/2503/2264
f 1292/2503/2264 1291/2502/2263 1234/2504/2265
f 1292/2503/2264 1234/2504/2265 1245/2505/2266
f 1245/2505/2266 1234/2504/2265 1235/2492/2253
f 1245/2505/2266 1235/2492/2253 1283/2490/2251
f 1236/2480/2241 1237/2460/2221 1240/2468/2229
f 1239/2449/2210 1227/2438/2199 1257/2440/2201
f 1248/2495/2256 1233/2506/2267 1297/2507/2268
f 1297/2507/2268 1233/2508/2269 1296/2509/2270
f 1296/2509/2270 1233/2510/2271 1247/2511/2272
f 1305/2437/2198 1228/2436/2197 1241/2453/2214
f 1230/2461/2222 1275/2473/2234 1242/2462/2223
f 1242/2462/2223 1275/2473/2234 1274/2475/2236
f 1242/2462/2223 1274/2475/2236 1270/2512/2273
f 1270/2512/2273 1274/2475/2236 1273/2477/2238
f 1270/2512/2273 1273/2477/2238 1271/2513/2274
f 1271/2513/2274 1273/2477/2238 1272/2479/2240
f 1271/2513/2274 1272/2479/2240 1263/2481/2242
f 1231/2470/2231 1287/2485/2246 1244/2471/2232
f 1244/2471/2232 1287/2485/2246 1286/2487/2248
f 1244/2471/2232 1286/2487/2248 1302/2514/2275
f 1302/2514/2275 1286/2487/2248 1285/2489/2250
f 1302/2514/2275 1285/2489/2250 1301/2515/2276
f 1301/2515/2276 1285/2489/2250 1284/2491/2252
f 1301/2515/2276 1284/2491/2252 1243/2493/2254
f 1232/2482/2243 1295/2497/2258 1246/2483/2244
f 1246/2483/2244 1295/2497/2258 1294/2499/2260
f 1246/2483/2244 1294/2499/2260 1300/2516/2277
f 1300/2516/2277 1294/2499/2260 1293/2501/2262
f 1300/2516/2277 1293/2501/2262 1299/2517/2278
f 1299/2517/2278 1293/2501/2262 1292/2503/2264
f 1299/2517/2278 1292/2503/2264 1245/2505/2266
f 1234/2504/2265 1291/2502/2263 1247/2511/2272
f 1247/2511/2272 1291/2502/2263 1290/2500/2261
f 1247/2511/2272 1290/2500/2261 1296/2509/2270
f 1296/2509/2270 1290/2500/2261 1289/2498/2259
f 1296/2509/2270 1289/2498/2259 1297/2507/2268
f 1297/2507/2268 1289/2498/2259 1288/2496/2257
f 1297/2507/2268 1288/2496/2257 1248/2495/2256
f 1250/2441/2202 1249/2439/2200 1308/2518/2279
f 1308/2518/2279 1249/2439/2200 1305/2437/2198
f 1308/2518/2279 1305/2437/2198 1304/2455/2216
f 1304/2455/2216 1305/2437/2198 1241/2453/2214
f 1251/2443/2204 1250/2441/2202 1307/2519/2280
f 1307/2519/2280 1250/2441/2202 1308/2518/2279
f 1307/2519/2280 1308/2518/2279 1303/2457/2218
f 1303/2457/2218 1308/2518/2279 1304/2455/2216
f 1252/2459/2220 1238/2447/2208 1306/2520/2281
f 1306/2520/2281 1238/2447/2208 1253/2445/2206
f 1306/2520/2281 1253/2445/2206 1251/2443/2204
f 1298/2448/2209 1256/2442/2203 1255/2444/2205
f 1255/2444/2205 1254/2446/2207 1298/2448/2209
f 1265/2454/2215 1266/2452/2213 1259/2465/2226
f 1259/2465/2226 1266/2452/2213 1258/2451/2212
f 1264/2456/2217 1265/2454/2215 1260/2467/2228
f 1260/2467/2228 1265/2454/2215 1259/2465/2226
f 1262/2458/2219 1264/2456/2217 1261/2469/2230
f 1261/2469/2230 1264/2456/2217 1260/2467/2228
f 1271/2513/2274 1263/2481/2242 1267/2466/2227
f 1270/2512/2273 1271/2513/2274 1268/2464/2225
f 1268/2464/2225 1271/2513/2274 1267/2466/2227
f 1242/2462/2223 1270/2512/2273 1269/2463/2224
f 1269/2463/2224 1270/2512/2273 1268/2464/2225
f 1244/2471/2232 1302/2514/2275 1276/2472/2233
f 1276/2472/2233 1302/2514/2275 1277/2474/2235
f 1243/2493/2254 1279/2478/2239 1278/2476/2237
f 1302/2514/2275 1301/2515/2276 1277/2474/2235
f 1277/2474/2235 1301/2515/2276 1278/2476/2237
f 1301/2515/2276 1243/2493/2254 1278/2476/2237
f 1246/2483/2244 1300/2516/2277 1280/2484/2245
f 1280/2484/2245 1300/2516/2277 1281/2486/2247
f 1245/2505/2266 1283/2490/2251 1282/2488/2249
f 1300/2516/2277 1299/2517/2278 1281/2486/2247
f 1281/2486/2247 1299/2517/2278 1282/2488/2249
f 1299/2517/2278 1245/2505/2266 1282/2488/2249
f 1234/2504/2265 1247/2511/2272 1233/2521/2282
f 1307/2519/2280 1303/2457/2218 1252/2459/2220
f 1251/2443/2204 1307/2519/2280 1306/2520/2281
f 1306/2520/2281 1307/2519/2280 1252/2459/2220
f 1310/2522/2283 1332/2523/2284 1309/2524/2285
f 1309/2524/2285 1332/2523/2284 1329/2525/2286
f 1309/2524/2285 1329/2525/2286 1331/2526/2287
f 1331/2526/2287 1329/2525/2286 1335/2527/2288
f 1331/2526/2287 1335/2527/2288 1321/2528/2289
f 1321/2528/2289 1335/2527/2288 1322/2529/2290
f 1321/2528/2289 1322/2529/2290 1355/2530/2291
f 1355/2530/2291 1322/2529/2290 1357/2531/2292
f 1355/2530/2291 1357/2531/2292 1356/2532/2293
f 1356/2532/2293 1357/2531/2292 1358/2533/2294
f 1356/2532/2293 1358/2533/2294 1350/2534/2295
f 1350/2534/2295 1358/2533/2294 1310/2522/2283
f 1350/2534/2295 1310/2522/2283 1311/2535/2296
f 1312/2536/2297 1351/2537/2298 1311/2535/2296
f 1311/2535/2296 1351/2537/2298 1324/2538/2299
f 1311/2535/2296 1324/2538/2299 1350/2534/2295
f 1350/2534/2295 1324/2538/2299 1353/2539/2300
f 1350/2534/2295 1353/2539/2300 1356/2532/2293
f 1356/2532/2293 1353/2539/2300 1352/2540/2301
f 1356/2532/2293 1352/2540/2301 1355/2530/2291
f 1355/2530/2291 1352/2540/2301 1320/2541/2302
f 1355/2530/2291 1320/2541/2302 1321/2528/2289
f 1313/2542/2303 1328/2543/2304 1312/2536/2297
f 1312/2536/2297 1328/2543/2304 1338/2544/2305
f 1312/2536/2297 1338/2544/2305 1326/2545/2306
f 1326/2545/2306 1338/2544/2305 1337/2546/2307
f 1326/2545/2306 1337/2546/2307 1354/2547/2308
f 1354/2547/2308 1337/2546/2307 1336/2548/2309
f 1354/2547/2308 1336/2548/2309 1325/2549/2310
f 1325/2549/2310 1336/2548/2309 1318/2550/2311
f 1325/2549/2310 1318/2550/2311 1319/2551/2312
f 1314/2552/2313 1340/2553/2314 1313/2542/2303
f 1313/2542/2303 1340/2553/2314 1345/2554/2315
f 1313/2542/2303 1345/2554/2315 1328/2543/2304
f 1328/2543/2304 1345/2554/2315 1344/2555/2316
f 1328/2543/2304 1344/2555/2316 1339/2556/2317
f 1339/2556/2317 1344/2555/2316 1343/2557/2318
f 1339/2556/2317 1343/2557/2318 1327/2558/2319
f 1327/2558/2319 1343/2557/2318 1317/2559/2320
f 1327/2558/2319 1317/2559/2320 1318/2550/2311
f 1315/2560/2321 1316/2561/2322 1342/2562/2323
f 1342/2562/2323 1316/2561/2322 1317/2559/2320
f 1342/2562/2323 1317/2559/2320 1343/2557/2318
f 1320/2541/2302 1323/2563/2324 1319/2551/2312
f 1319/2551/2312 1323/2563/2324 1348/2564/2325
f 1319/2551/2312 1348/2564/2325 1325/2549/2310
f 1325/2549/2310 1348/2564/2325 1347/2565/2326
f 1325/2549/2310 1347/2565/2326 1354/2547/2308
f 1354/2547/2308 1347/2565/2326 1326/2545/2306
f 1321/2528/2289 1309/2524/2285 1331/2526/2287
f 1314/2552/2313 1315/2566/2327 1340/2553/2314
f 1340/2553/2314 1315/2567/2328 1341/2568/2329
f 1341/2568/2329 1315/2569/2330 1342/2562/2323
f 1323/2563/2324 1320/2541/2302 1352/2540/2301
f 1329/2525/2286 1332/2523/2284 1330/2570/2331
f 1330/2570/2331 1332/2523/2284 1310/2522/2283
f 1330/2570/2331 1310/2522/2283 1333/2571/2332
f 1333/2571/2332 1310/2522/2283 1358/2533/2294
f 1333/2571/2332 1358/2533/2294 1357/2531/2292
f 1329/2525/2286 1330/2570/2331 1334/2572/2333
f 1334/2572/2333 1330/2570/2331 1333/2571/2332
f 1334/2572/2333 1333/2571/2332 1357/2531/2292
f 1322/2529/2290 1335/2527/2288 1334/2572/2333
f 1334/2572/2333 1335/2527/2288 1329/2525/2286
f 1322/2529/2290 1334/2572/2333 1357/2531/2292
f 1339/2556/2317 1327/2558/2319 1337/2546/2307
f 1337/2546/2307 1327/2558/2319 1336/2548/2309
f 1328/2543/2304 1339/2556/2317 1338/2544/2305
f 1338/2544/2305 1339/2556/2317 1337/2546/2307
f 1312/2536/2297 1326/2545/2306 1346/2573/2334
f 1346/2573/2334 1326/2545/2306 1347/2565/2326
f 1346/2573/2334 1347/2565/2326 1349/2574/2335
f 1349/2574/2335 1347/2565/2326 1323/2563/2324
f 1349/2574/2335 1323/2563/2324 1353/2539/2300
f 1353/2539/2300 1323/2563/2324 1352/2540/2301
f 1318/2550/2311 1336/2548/2309 1327/2558/2319
f 1344/2555/2316 1345/2554/2315 1341/2568/2329
f 1341/2568/2329 1345/2554/2315 1340/2553/2314
f 1343/2557/2318 1344/2555/2316 1342/2562/2323
f 1342/2562/2323 1344/2555/2316 1341/2568/2329
f 1347/2565/2326 1348/2564/2325 1323/2563/2324
f 1312/2536/2297 1346/2573/2334 1351/2537/2298
f 1351/2537/2298 1346/2573/2334 1349/2574/2335
f 1351/2537/2298 1349/2574/2335 1324/2538/2299
f 1324/2538/2299 1349/2574/2335 1353/2539/2300
f 475/2575/516 474/2576/2336 476/2577/2337
f 476/2577/2337 474/2576/2336 1359/2578/2338
f 476/2577/2337 1359/2578/2338 1374/2579/2339
f 1374/2579/2339 1359/2578/2338 1360/2580/2340
f 1374/2579/2339 1360/2580/2340 1373/2581/2341
f 1373/2581/2341 1360/2580/2340 1372/2582/2342
f 1372/2582/2342 1360/2580/2340 1239/2583/2343
f 1372/2582/2342 1239/2583/2343 1238/2584/2344
f 1238/2584/2344 1237/2585/2345 1372/2582/2342
f 1372/2582/2342 1237/2585/2345 1371/2586/2346
f 1371/2586/2346 1237/2585/2345 1236/2587/2347
f 1371/2586/2346 1236/2587/2347 1370/2588/2348
f 1370/2588/2348 1236/2587/2347 1369/2589/2349
f 1369/2589/2349 1236/2587/2347 1368/2590/2350
f 1368/2590/2350 1236/2587/2347 1235/2591/2351
f 1368/2590/2350 1235/2591/2351 1367/2592/2352
f 1367/2592/2352 1235/2591/2351 1234/2593/2353
f 1367/2592/2352 1234/2593/2353 1366/2594/2354
f 1366/2594/2354 1234/2593/2353 1365/2595/2355
f 1365/2595/2355 1234/2593/2353 1233/2596/2356
f 1365/2595/2355 1233/2596/2356 1364/2597/2357
f 1364/2597/2357 1233/2596/2356 1363/2598/2358
f 1363/2598/2358 1233/2596/2356 1362/2599/2359
f 1362/2599/2359 1233/2596/2356 1361/2600/2360
f 1375/2601/2361 1315/2602/2362 1390/2603/2363
f 1390/2603/2363 1315/2602/2362 1389/2604/2364
f 1389/2604/2364 1315/2602/2362 1388/2605/2365
f 1388/2605/2365 1315/2602/2362 1387/2606/2366
f 1387/2606/2366 1315/2602/2362 1314/2607/2367
f 1387/2606/2366 1314/2607/2367 1386/2608/2368
f 1386/2608/2368 1314/2607/2367 1385/2609/2369
f 1385/2609/2369 1314/2607/2367 1313/2610/2370
f 1385/2609/2369 1313/2610/2370 1384/2611/2371
f 1384/2611/2371 1313/2610/2370 1312/2612/2372
f 1384/2611/2371 1312/2612/2372 1383/2613/2373
f 1383/2613/2373 1312/2612/2372 1382/2614/2374
f 1382/2614/2374 1312/2612/2372 1381/2615/2375
f 1381/2615/2375 1312/2612/2372 1311/2616/2376
f 1381/2615/2375 1311/2616/2376 1310/2617/2377
f 1381/2615/2375 1310/2617/2377 1380/2618/2378
f 1380/2618/2378 1310/2617/2377 1309/2619/2379
f 1380/2618/2378 1309/2619/2379 1376/2620/2380
f 1377/2621/2381 1378/2622/2382 1376/2620/2380
f 1376/2620/2380 1378/2622/2382 1379/2623/2383
f 1376/2620/2380 1379/2623/2383 1380/2618/2378
f 1378/2622/2382 1377/2621/2381 507/2624/2384
f 507/2624/2384 1377/2621/2381 509/2625/2385
f 507/2624/2384 509/2625/2385 508/2626/549
f 1219/2627/2386 545/2628/2387 1220/2629/2388
f 1220/2629/2388 545/2628/2387 544/2630/2389
f 1220/2629/2388 544/2630/2389 1221/2631/2390
f 1221/2631/2390 544/2630/2389 1222/2632/2391
f 1222/2632/2391 544/2630/2389 543/2633/2392
f 1222/2632/2391 543/2633/2392 1197/2634/2393
f 1210/2635/2394 540/2636/2395 1211/2637/2181
f 1211/2637/2181 540/2636/2395 411/2638/449
f 1211/2637/2181 411/2638/449 410/2639/445
f 542/2640/2396 1201/2641/2397 543/2642/2398
f 543/2642/2398 1201/2641/2397 1200/2643/2399
f 543/2642/2398 1200/2643/2399 1199/2644/2400
f 541/2645/2401 1203/2646/2402 542/2640/2396
f 542/2640/2396 1203/2646/2402 1202/2647/2403
f 542/2640/2396 1202/2647/2403 1201/2641/2397
f 540/2648/2404 1205/2649/2405 541/2645/2401
f 541/2645/2401 1205/2649/2405 1204/2650/2406
f 541/2645/2401 1204/2650/2406 1203/2646/2402
f 1210/2651/2407 1208/2652/2408 540/2648/2404
f 540/2648/2404 1208/2652/2408 1207/2653/2409
f 540/2648/2404 1207/2653/2409 1206/2654/2410
f 1210/2651/2407 1209/2655/2411 1208/2652/2408
f 1206/2654/2410 1205/2649/2405 540/2648/2404
f 1198/2656/2412 1197/2657/2413 1199/2644/2400
f 1199/2644/2400 1197/2657/2413 543/2642/2398
f 1361/2658/2360 1219/2659/2386 1362/2660/2414
f 1362/2660/2414 1219/2659/2386 901/2661/2415
f 1362/2660/2414 901/2661/2415 900/2662/2416
f 901/2661/2415 1219/2659/2386 902/2663/2417
f 902/2663/2417 1219/2659/2386 1218/2664/2418
f 902/2663/2417 1218/2664/2418 903/2665/2419
f 903/2665/2419 1218/2664/2418 904/2666/2420
f 904/2666/2420 1218/2664/2418 1217/2667/2421
f 904/2666/2420 1217/2667/2421 905/2668/2422
f 905/2668/2422 1217/2667/2421 1216/2669/2423
f 905/2668/2422 1216/2669/2423 906/2670/2424
f 906/2670/2424 1216/2669/2423 890/2671/2425
f 890/2671/2425 1216/2669/2423 1215/2672/2426
f 890/2671/2425 1215/2672/2426 891/2673/2427
f 891/2673/2427 1215/2672/2426 892/2674/2428
f 892/2674/2428 1215/2672/2426 1391/2675/2429
f 892/2674/2428 1391/2675/2429 893/2676/2430
f 893/2676/2430 1391/2675/2429 894/2677/2431
f 894/2677/2431 1391/2675/2429 1392/2678/2432
f 894/2677/2431 1392/2678/2432 895/2679/2433
f 895/2679/2433 1392/2678/2432 896/2680/2434
f 896/2680/2434 1392/2678/2432 897/2681/2435
f 897/2681/2435 1392/2678/2432 898/2682/2436
f 898/2682/2436 1392/2678/2432 1362/2660/2414
f 898/2682/2436 1362/2660/2414 899/2683/2437
f 899/2683/2437 1362/2660/2414 900/2662/2416
f 1215/2672/2426 1214/2684/2438 1391/2675/2429
f 1391/2675/2429 1214/2684/2438 464/2685/503
f 464/2685/503 1214/2684/2438 465/2686/504
f 471/2687/510 1393/2688/2439 598/2689/667
f 598/2689/667 1393/2688/2439 1396/2690/2440
f 598/2689/667 1396/2690/2440 599/2691/664
f 599/2691/664 1396/2690/2440 1391/2692/2429
f 599/2691/664 1391/2692/2429 464/2693/503
f 1393/2688/2439 1394/2694/2441 1396/2690/2440
f 1396/2690/2440 1394/2694/2441 1395/2695/2442
f 1396/2690/2440 1395/2695/2442 1391/2692/2429
f 1391/2692/2429 1395/2695/2442 1392/2696/2432
f 1392/2696/2432 1395/2695/2442 1363/2697/2443
f 1392/2696/2432 1363/2697/2443 1362/2698/2414
f 1394/2694/2441 1366/2699/2444 1395/2695/2442
f 1395/2695/2442 1366/2699/2444 1365/2700/2445
f 1395/2695/2442 1365/2700/2445 1364/2701/2446
f 1364/2701/2446 1363/2697/2443 1395/2695/2442
f 470/2702/508 1397/2703/2447 471/2704/510
f 471/2704/510 1397/2703/2447 1393/2705/2439
f 1393/2705/2439 1397/2703/2447 1398/2706/2448
f 1393/2705/2439 1398/2706/2448 1394/2707/2441
f 1394/2707/2441 1398/2706/2448 1369/2708/2449
f 1394/2707/2441 1369/2708/2449 1368/2709/2450
f 1368/2709/2450 1367/2710/2451 1394/2707/2441
f 1394/2707/2441 1367/2710/2451 1366/2711/2444
f 479/2712/523 1399/2713/2452 1055/2714/1900
f 1055/2714/1900 1399/2713/2452 1401/2715/2453
f 1055/2714/1900 1401/2715/2453 1056/2716/1897
f 1056/2716/1897 1401/2715/2453 1403/2717/2454
f 1056/2716/1897 1403/2717/2454 470/2718/508
f 470/2718/508 1403/2717/2454 1397/2719/2447
f 1397/2719/2447 1403/2717/2454 1402/2720/2455
f 1397/2719/2447 1402/2720/2455 1398/2721/2448
f 1398/2721/2448 1402/2720/2455 1370/2722/2456
f 1398/2721/2448 1370/2722/2456 1369/2723/2449
f 1399/2713/2452 1400/2724/2457 1401/2715/2453
f 1401/2715/2453 1400/2724/2457 1371/2725/2458
f 1401/2715/2453 1371/2725/2458 1402/2720/2455
f 1402/2720/2455 1371/2725/2458 1370/2722/2456
f 1402/2720/2455 1403/2717/2454 1401/2715/2453
f 1399/2726/2459 479/2727/2460 1404/2728/2461
f 1404/2728/2461 479/2727/2460 478/2729/2462
f 1404/2728/2461 478/2729/2462 477/2730/2463
f 476/2731/2464 1374/2732/2465 477/2730/2463
f 477/2730/2463 1374/2732/2465 1404/2728/2461
f 1374/2732/2465 1373/2733/2466 1404/2728/2461
f 1404/2728/2461 1373/2733/2466 1405/2734/2467
f 1404/2728/2461 1405/2734/2467 1399/2726/2459
f 1399/2726/2459 1405/2734/2467 1406/2735/2468
f 1399/2726/2459 1406/2735/2468 1400/2736/2469
f 1400/2736/2469 1406/2735/2468 1372/2737/2470
f 1400/2736/2469 1372/2737/2470 1371/2738/2471
f 1405/2734/2467 1373/2733/2466 1406/2735/2468
f 1406/2735/2468 1373/2733/2466 1372/2737/2470
f 1407/2739/2472 1408/2740/2473 1412/2741/2474
f 1412/2741/2474 1408/2740/2473 1411/2742/2475
f 1411/2742/2475 1408/2740/2473 1409/2743/2476
f 1411/2742/2475 1409/2743/2476 1410/2744/2477
f 1410/2744/2477 1409/2743/2476 494/2745/540
f 1410/2744/2477 494/2745/540 493/2746/538
f 1413/2747/2478 1414/2748/2479 1418/2749/2480
f 1418/2749/2480 1414/2748/2479 1415/2750/2481
f 1418/2749/2480 1415/2750/2481 1417/2751/2482
f 1417/2751/2482 1415/2750/2481 1416/2752/2483
f 1417/2751/2482 1416/2752/2483 490/2753/533
f 490/2753/533 1416/2752/2483 487/2754/527
f 1419/2755/2484 1420/2756/2485 1407/2757/2486
f 1407/2757/2486 1420/2756/2485 1408/2758/2487
f 1408/2758/2487 1420/2756/2485 1426/2759/2488
f 1408/2758/2487 1426/2759/2488 1427/2760/2489
f 1427/2760/2489 1426/2759/2488 1424/2761/2490
f 1427/2760/2489 1424/2761/2490 1409/2762/2491
f 1409/2762/2491 1424/2761/2490 494/2763/540
f 1426/2759/2488 1420/2756/2485 1425/2764/2492
f 1425/2764/2492 1420/2756/2485 1421/2765/2493
f 1425/2764/2492 1421/2765/2493 1422/2766/2494
f 1423/2767/2495 1424/2761/2490 1422/2766/2494
f 1422/2766/2494 1424/2761/2490 1425/2764/2492
f 1409/2762/2491 1408/2758/2487 1427/2760/2489
f 1424/2761/2490 1426/2759/2488 1425/2764/2492
f 1413/2768/2496 1436/2769/2497 1428/2770/2498
f 1428/2770/2498 1436/2769/2497 1437/2771/2499
f 1428/2770/2498 1437/2771/2499 1433/2772/2500
f 1433/2772/2500 1437/2771/2499 1432/2773/2501
f 1432/2773/2501 1437/2771/2499 1436/2769/2497
f 1432/2773/2501 1436/2769/2497 1431/2774/2502
f 1431/2774/2502 1436/2769/2497 1435/2775/2503
f 1431/2774/2502 1435/2775/2503 1430/2776/2504
f 1430/2776/2504 1435/2775/2503 1434/2777/2505
f 1430/2776/2504 1434/2777/2505 1417/2778/2506
f 1417/2778/2506 1434/2777/2505 1418/2779/2507
f 1418/2779/2507 1434/2777/2505 1413/2768/2496
f 1413/2768/2496 1434/2777/2505 1435/2775/2503
f 1413/2768/2496 1435/2775/2503 1436/2769/2497
f 490/2780/533 1429/2781/2508 1417/2778/2506
f 1417/2778/2506 1429/2781/2508 1430/2776/2504
f 92/2782/2509 1450/2783/2510 93/2784/89
f 93/2784/89 1450/2783/2510 1451/2785/2511
f 93/2784/89 1451/2785/2511 1452/2786/2512
f 1452/2786/2512 1451/2785/2511 1438/2787/2513
f 1452/2786/2512 1438/2787/2513 93/2784/89
f 93/2784/89 1438/2787/2513 1484/2788/2514
f 93/2784/89 1484/2788/2514 1473/2789/2515
f 1473/2789/2515 1484/2788/2514 1483/2790/2516
f 1473/2789/2515 1483/2790/2516 1494/2791/2517
f 1494/2791/2517 1483/2790/2516 1482/2792/2518
f 1494/2791/2517 1482/2792/2518 1493/2793/2519
f 1493/2793/2519 1482/2792/2518 1481/2794/2520
f 1493/2793/2519 1481/2794/2520 1492/2795/2521
f 1492/2795/2521 1481/2794/2520 1480/2796/2522
f 1492/2795/2521 1480/2796/2522 1491/2797/2523
f 1491/2797/2523 1480/2796/2522 1479/2798/2524
f 1491/2797/2523 1479/2798/2524 1490/2799/2525
f 1490/2799/2525 1479/2798/2524 1478/2800/2526
f 1490/2799/2525 1478/2800/2526 1489/2801/2527
f 1489/2801/2527 1478/2800/2526 1477/2802/2528
f 1489/2801/2527 1477/2802/2528 1488/2803/2529
f 1488/2803/2529 1477/2802/2528 1476/2804/2530
f 1488/2803/2529 1476/2804/2530 1487/2805/2531
f 1487/2805/2531 1476/2804/2530 1475/2806/2532
f 1487/2805/2531 1475/2806/2532 1486/2807/2533
f 1486/2807/2533 1475/2806/2532 1474/2808/2534
f 1486/2807/2533 1474/2808/2534 1485/2809/2535
f 1485/2809/2535 1474/2808/2534 1428/2810/2536
f 1485/2809/2535 1428/2810/2536 1441/2811/2537
f 1441/2811/2537 1428/2810/2536 1463/2812/2538
f 1441/2811/2537 1463/2812/2538 1462/2813/2539
f 1462/2813/2539 1463/2812/2538 1428/2810/2536
f 1462/2813/2539 1428/2810/2536 1461/2814/2540
f 1461/2814/2540 1428/2810/2536 1460/2815/2541
f 1461/2814/2540 1460/2815/2541 1496/2816/2542
f 1496/2816/2542 1460/2815/2541 1497/2817/2543
f 1496/2816/2542 1497/2817/2543 1487/2805/2531
f 1487/2805/2531 1497/2817/2543 1488/2803/2529
f 91/2818/2544 1444/2819/2545 92/2782/2509
f 92/2782/2509 1444/2819/2545 1445/2820/2546
f 92/2782/2509 1445/2820/2546 1446/2821/2547
f 1446/2821/2547 1445/2820/2546 1467/2822/2548
f 1446/2821/2547 1467/2822/2548 1468/2823/2549
f 1468/2823/2549 1467/2822/2548 1479/2798/2524
f 1468/2823/2549 1479/2798/2524 1480/2796/2522
f 1428/2810/2536 1440/2824/2550 91/2818/2544
f 91/2818/2544 1440/2824/2550 1442/2825/2551
f 91/2818/2544 1442/2825/2551 1443/2826/2552
f 1443/2826/2552 1442/2825/2551 1464/2827/2553
f 1443/2826/2552 1464/2827/2553 1465/2828/2554
f 1465/2828/2554 1464/2827/2553 1476/2804/2530
f 1465/2828/2554 1476/2804/2530 1477/2802/2528
f 1428/2810/2536 1433/2829/2555 1460/2815/2541
f 1460/2815/2541 1433/2829/2555 1459/2830/2556
f 1460/2815/2541 1459/2830/2556 1497/2817/2543
f 1497/2817/2543 1459/2830/2556 1498/2831/2557
f 1497/2817/2543 1498/2831/2557 1488/2803/2529
f 1488/2803/2529 1498/2831/2557 1489/2801/2527
f 1432/2832/2558 1455/2833/2559 1433/2829/2555
f 1433/2829/2555 1455/2833/2559 1456/2834/2560
f 1433/2829/2555 1456/2834/2560 1457/2835/2561
f 1457/2835/2561 1456/2834/2560 1500/2836/2562
f 1457/2835/2561 1500/2836/2562 1499/2837/2563
f 1499/2837/2563 1500/2836/2562 1490/2799/2525
f 1499/2837/2563 1490/2799/2525 1489/2801/2527
f 93/2784/89 1473/2789/2515 1432/2832/2558
f 1432/2832/2558 1473/2789/2515 1439/2838/2564
f 1432/2832/2558 1439/2838/2564 1453/2839/2565
f 1453/2839/2565 1439/2838/2564 1503/2840/2566
f 1453/2839/2565 1503/2840/2566 1454/2841/2567
f 1454/2841/2567 1503/2840/2566 1502/2842/2568
f 1454/2841/2567 1502/2842/2568 1455/2833/2559
f 1455/2833/2559 1502/2842/2568 1501/2843/2569
f 1455/2833/2559 1501/2843/2569 1456/2834/2560
f 1456/2834/2560 1501/2843/2569 1500/2836/2562
f 1428/2810/2536 1474/2808/2534 1440/2824/2550
f 1440/2824/2550 1474/2808/2534 1475/2806/2532
f 1440/2824/2550 1475/2806/2532 1464/2827/2553
f 1464/2827/2553 1475/2806/2532 1476/2804/2530
f 1444/2819/2545 91/2818/2544 1443/2826/2552
f 1440/2824/2550 1464/2827/2553 1442/2825/2551
f 1443/2826/2552 1465/2828/2554 1444/2819/2545
f 1444/2819/2545 1465/2828/2554 1466/2844/2570
f 1444/2819/2545 1466/2844/2570 1445/2820/2546
f 1445/2820/2546 1466/2844/2570 1467/2822/2548
f 1446/2821/2547 1447/2845/2571 92/2782/2509
f 92/2782/2509 1447/2845/2571 1448/2846/2572
f 92/2782/2509 1448/2846/2572 1449/2847/2573
f 1449/2847/2573 1448/2846/2572 1470/2848/2574
f 1449/2847/2573 1470/2848/2574 1471/2849/2575
f 1471/2849/2575 1470/2848/2574 1482/2792/2518
f 1471/2849/2575 1482/2792/2518 1483/2790/2516
f 1446/2821/2547 1468/2823/2549 1447/2845/2571
f 1447/2845/2571 1468/2823/2549 1469/2850/2576
f 1447/2845/2571 1469/2850/2576 1448/2846/2572
f 1448/2846/2572 1469/2850/2576 1470/2848/2574
f 1450/2783/2510 92/2782/2509 1449/2847/2573
f 1449/2847/2573 1471/2849/2575 1450/2783/2510
f 1450/2783/2510 1471/2849/2575 1472/2851/2577
f 1450/2783/2510 1472/2851/2577 1451/2785/2511
f 1451/2785/2511 1472/2851/2577 1438/2787/2513
f 1455/2833/2559 1432/2832/2558 1454/2841/2567
f 1454/2841/2567 1432/2832/2558 1453/2839/2565
f 1459/2830/2556 1433/2829/2555 1458/2852/2578
f 1458/2852/2578 1433/2829/2555 1457/2835/2561
f 1458/2852/2578 1457/2835/2561 1499/2837/2563
f 1498/2831/2557 1459/2830/2556 1458/2852/2578
f 1498/2831/2557 1458/2852/2578 1499/2837/2563
f 1462/2813/2539 1461/2814/2540 1495/2853/2579
f 1495/2853/2579 1461/2814/2540 1496/2816/2542
f 1495/2853/2579 1496/2816/2542 1486/2807/2533
f 1486/2807/2533 1496/2816/2542 1487/2805/2531
f 1465/2828/2554 1477/2802/2528 1466/2844/2570
f 1466/2844/2570 1477/2802/2528 1478/2800/2526
f 1466/2844/2570 1478/2800/2526 1467/2822/2548
f 1467/2822/2548 1478/2800/2526 1479/2798/2524
f 1468/2823/2549 1480/2796/2522 1469/2850/2576
f 1469/2850/2576 1480/2796/2522 1481/2794/2520
f 1469/2850/2576 1481/2794/2520 1470/2848/2574
f 1470/2848/2574 1481/2794/2520 1482/2792/2518
f 1484/2788/2514 1438/2787/2513 1472/2851/2577
f 1484/2788/2514 1472/2851/2577 1483/2790/2516
f 1483/2790/2516 1472/2851/2577 1471/2849/2575
f 1495/2853/2579 1486/2807/2533 1485/2809/2535
f 1499/2837/2563 1489/2801/2527 1498/2831/2557
f 1490/2799/2525 1500/2836/2562 1491/2797/2523
f 1491/2797/2523 1500/2836/2562 1501/2843/2569
f 1491/2797/2523 1501/2843/2569 1492/2795/2521
f 1492/2795/2521 1501/2843/2569 1502/2842/2568
f 1492/2795/2521 1502/2842/2568 1493/2793/2519
f 1493/2793/2519 1502/2842/2568 1503/2840/2566
f 1493/2793/2519 1503/2840/2566 1494/2791/2517
f 1494/2791/2517 1503/2840/2566 1439/2838/2564
f 1494/2791/2517 1439/2838/2564 1473/2789/2515
f 1462/2813/2539 1495/2853/2579 1441/2811/2537
f 1441/2811/2537 1495/2853/2579 1485/2809/2535
f 1423/2854/2580 1504/2855/2581 1424/2856/2582
f 1424/2856/2582 1504/2855/2581 495/2857/541
f 1424/2856/2582 495/2857/541 494/2858/540
f 93/2859/89 1432/2860/2583 97/2861/97
f 97/2861/97 1432/2860/2583 105/2862/2584
f 105/2862/2584 1432/2860/2583 1431/2863/2585
f 105/2862/2584 1431/2863/2585 106/2864/2586
f 106/2864/2586 1431/2863/2585 1430/2865/2587
f 106/2864/2586 1430/2865/2587 1429/2866/2588
f 490/2867/533 107/2868/532 1429/2866/2588
f 1429/2866/2588 107/2868/532 106/2864/2586
f 406/2869/439 1180/2870/2589 407/2871/438
f 407/2871/438 1180/2870/2589 1506/2872/2590
f 1506/2872/2590 1180/2870/2589 1179/2873/2591
f 1506/2872/2590 1179/2873/2591 1178/2874/2592
f 1506/2872/2590 1178/2874/2592 1505/2875/2593
f 1505/2875/2593 1178/2874/2592 1177/2876/2594
f 1505/2875/2593 1177/2876/2594 1176/2877/2595
f 1505/2875/2593 1176/2877/2595 1390/2878/2596
f 1390/2878/2596 1176/2877/2595 1175/2879/2597
f 1390/2878/2596 1175/2879/2597 1375/2880/2361
f 1390/2881/2596 1389/2882/2598 1505/2883/2593
f 1505/2883/2593 1389/2882/2598 1509/2884/2599
f 1505/2883/2593 1509/2884/2599 1510/2885/2600
f 1510/2885/2600 1509/2884/2599 1507/2886/2601
f 1510/2885/2600 1507/2886/2601 1508/2887/2602
f 1389/2882/2598 1388/2888/2603 1509/2884/2599
f 1509/2884/2599 1388/2888/2603 1387/2889/2604
f 1509/2884/2599 1387/2889/2604 1507/2886/2601
f 1507/2886/2601 1387/2889/2604 1386/2890/2605
f 547/2891/599 595/2892/660 1508/2887/2602
f 1508/2887/2602 595/2892/660 1510/2885/2600
f 595/2892/660 594/2893/663 1510/2885/2600
f 1510/2885/2600 594/2893/663 1506/2894/2590
f 1510/2885/2600 1506/2894/2590 1505/2883/2593
f 594/2893/663 407/2895/438 1506/2894/2590
f 1386/2896/2605 1385/2897/2606 1507/2898/2601
f 1507/2898/2601 1385/2897/2606 1384/2899/2607
f 1507/2898/2601 1384/2899/2607 1383/2900/2608
f 1383/2900/2608 1511/2901/2609 1507/2898/2601
f 1507/2898/2601 1511/2901/2609 1508/2902/2602
f 1508/2902/2602 1511/2901/2609 1512/2903/2610
f 1508/2902/2602 1512/2903/2610 547/2904/599
f 547/2904/599 1512/2903/2610 548/2905/600
f 1383/2906/2608 1382/2907/2611 1511/2908/2609
f 1511/2908/2609 1382/2907/2611 1515/2909/2612
f 1511/2908/2609 1515/2909/2612 1516/2910/2613
f 1516/2910/2613 1515/2909/2612 1517/2911/2614
f 1516/2910/2613 1517/2911/2614 1052/2912/1888
f 1052/2912/1888 1517/2911/2614 1514/2913/2615
f 1052/2912/1888 1514/2913/2615 504/2914/556
f 1382/2907/2611 1381/2915/2616 1515/2909/2612
f 1515/2909/2612 1381/2915/2616 1513/2916/2617
f 1515/2909/2612 1513/2916/2617 1517/2911/2614
f 1517/2911/2614 1513/2916/2617 1514/2913/2615
f 1052/2912/1888 1051/2917/1892 1516/2910/2613
f 1516/2910/2613 1051/2917/1892 1512/2918/2610
f 1516/2910/2613 1512/2918/2610 1511/2908/2609
f 1051/2917/1892 548/2919/600 1512/2918/2610
f 1381/2920/2618 1380/2921/2619 1513/2922/2620
f 1513/2922/2620 1380/2921/2619 1518/2923/2621
f 1513/2922/2620 1518/2923/2621 1514/2924/2622
f 1514/2924/2622 1518/2923/2621 1519/2925/2623
f 1514/2924/2622 1519/2925/2623 505/2926/2624
f 505/2926/2624 1519/2925/2623 506/2927/2625
f 506/2927/2625 1519/2925/2623 1378/2928/2626
f 506/2927/2625 1378/2928/2626 507/2929/2627
f 1380/2921/2619 1379/2930/2628 1518/2923/2621
f 1518/2923/2621 1379/2930/2628 1519/2925/2623
f 1379/2930/2628 1378/2928/2626 1519/2925/2623
f 505/2926/2624 504/2931/2629 1514/2924/2622
f 509/2932/2630 1377/2933/2631 510/2934/2632
f 510/2934/2632 1377/2933/2631 1523/2935/2633
f 510/2934/2632 1523/2935/2633 1525/2936/2634
f 1525/2936/2634 1523/2935/2633 1522/2937/2635
f 1525/2936/2634 1522/2937/2635 1526/2938/2636
f 1526/2938/2636 1522/2937/2635 1309/2939/2637
f 1526/2938/2636 1309/2939/2637 1520/2940/2638
f 1520/2940/2638 1309/2939/2637 1321/2941/2639
f 1520/2940/2638 1321/2941/2639 1411/2942/2640
f 1411/2942/2640 1321/2941/2639 1412/2943/2641
f 1377/2933/2631 1376/2944/2642 1523/2935/2633
f 1523/2935/2633 1376/2944/2642 1522/2937/2635
f 1376/2944/2642 1309/2939/2637 1522/2937/2635
f 1520/2940/2638 1411/2942/2640 1524/2945/2643
f 1524/2945/2643 1411/2942/2640 1410/2946/2644
f 1524/2945/2643 1410/2946/2644 1521/2947/2645
f 1521/2947/2645 1410/2946/2644 493/2948/538
f 1521/2947/2645 493/2948/538 511/2949/2646
f 1521/2947/2645 511/2949/2646 1525/2936/2634
f 1525/2936/2634 511/2949/2646 510/2934/2632
f 1526/2938/2636 1520/2940/2638 1524/2945/2643
f 1525/2936/2634 1526/2938/2636 1521/2947/2645
f 1521/2947/2645 1526/2938/2636 1524/2945/2643
f 1415/2950/2647 1414/2951/2648 1529/2952/2649
f 1529/2952/2649 1414/2951/2648 1227/2953/2650
f 1529/2952/2649 1227/2953/2650 1239/2954/2651
f 1360/2955/2652 1532/2956/2653 1239/2954/2651
f 1239/2954/2651 1532/2956/2653 1528/2957/2654
f 1239/2954/2651 1528/2957/2654 1529/2952/2649
f 1529/2952/2649 1528/2957/2654 1530/2958/2655
f 1529/2952/2649 1530/2958/2655 1415/2950/2647
f 1415/2950/2647 1530/2958/2655 1416/2959/2656
f 1416/2959/2656 1530/2958/2655 1531/2960/2657
f 1416/2959/2656 1531/2960/2657 487/2961/527
f 487/2961/527 1531/2960/2657 488/2962/2658
f 488/2962/2658 1531/2960/2657 1533/2963/2659
f 488/2962/2658 1533/2963/2659 489/2964/2660
f 489/2964/2660 1533/2963/2659 1527/2965/2661
f 489/2964/2660 1527/2965/2661 1359/2966/2662
f 1359/2966/2662 1527/2965/2661 1360/2955/2652
f 1360/2955/2652 1527/2965/2661 1532/2956/2653
f 1359/2966/2662 474/2967/2663 489/2964/2660
f 1533/2963/2659 1531/2960/2657 1530/2958/2655
f 1533/2963/2659 1530/2958/2655 1528/2957/2654
f 1528/2957/2654 1532/2956/2653 1527/2965/2661
f 1533/2963/2659 1528/2957/2654 1527/2965/2661
f 545/2968/2387 1159/2969/2664 536/2970/2665
f 536/2970/2665 1159/2969/2664 1158/2971/2666
f 536/2970/2665 1158/2971/2666 1157/2972/2667
f 1219/2973/2386 1125/2974/2668 545/2968/2387
f 545/2968/2387 1125/2974/2668 1136/2975/2669
f 545/2968/2387 1136/2975/2669 1135/2976/2670
f 1361/2977/2360 1152/2978/2671 1219/2973/2386
f 1219/2973/2386 1152/2978/2671 1129/2979/2672
f 1219/2973/2386 1129/2979/2672 1128/2980/2673
f 1152/2978/2671 1361/2977/2360 1153/2981/2674
f 1153/2981/2674 1361/2977/2360 1233/2982/2356
f 1153/2981/2674 1233/2982/2356 1154/2983/2675
f 1154/2983/2675 1233/2982/2356 1155/2984/2676
f 1155/2984/2676 1233/2982/2356 536/2970/2665
f 1155/2984/2676 536/2970/2665 1156/2985/2677
f 1156/2985/2677 536/2970/2665 1157/2972/2667
f 1135/2976/2670 1134/2986/2678 545/2968/2387
f 545/2968/2387 1134/2986/2678 1133/2987/2679
f 545/2968/2387 1133/2987/2679 1160/2988/2680
f 1160/2988/2680 1133/2987/2679 1161/2989/2681
f 1161/2989/2681 1133/2987/2679 1132/2990/2682
f 1161/2989/2681 1132/2990/2682 1150/2991/2683
f 1150/2991/2683 1132/2990/2682 1131/2992/2684
f 1150/2991/2683 1131/2992/2684 1151/2993/2685
f 1151/2993/2685 1131/2992/2684 1130/2994/2686
f 1151/2993/2685 1130/2994/2686 1152/2978/2671
f 1152/2978/2671 1130/2994/2686 1129/2979/2672
f 1128/2980/2673 1127/2995/2687 1219/2973/2386
f 1219/2973/2386 1127/2995/2687 1126/2996/2688
f 1219/2973/2386 1126/2996/2688 1125/2974/2668
f 1160/2988/2680 1159/2969/2664 545/2968/2387
f 1171/2997/2689 398/2998/2690 1172/2999/2691
f 1172/2999/2691 398/2998/2690 397/3000/2692
f 1172/2999/2691 397/3000/2692 1173/3001/2693
f 1173/3001/2693 397/3000/2692 1174/3002/2694
f 1174/3002/2694 397/3000/2692 396/3003/2695
f 1174/3002/2694 396/3003/2695 1175/3004/2696
f 414/3005/478 402/3006/477 1167/3007/2125
f 1167/3007/2125 402/3006/477 401/3008/2697
f 1167/3007/2125 401/3008/2697 1181/3009/2698
f 1182/3010/2699 1181/3011/2700 1183/3012/2701
f 1183/3012/2701 1181/3011/2700 401/3013/2702
f 1183/3012/2701 401/3013/2702 1184/3014/2703
f 1184/3014/2703 401/3013/2702 1185/3015/2704
f 1185/3015/2704 401/3013/2702 1186/3016/2705
f 1186/3016/2705 401/3013/2702 400/3017/2706
f 1186/3016/2705 400/3017/2706 1187/3018/2707
f 1187/3018/2707 400/3017/2706 1188/3019/2708
f 1188/3019/2708 400/3017/2706 399/3020/2709
f 1188/3019/2708 399/3020/2709 1189/3021/2710
f 1189/3021/2710 399/3020/2709 1190/3022/2711
f 1190/3022/2711 399/3020/2709 398/3023/2712
f 1190/3022/2711 398/3023/2712 1191/3024/2713
f 1191/3024/2713 398/3023/2712 1192/3025/2714
f 1192/3025/2714 398/3023/2712 1171/3026/2715
f 1192/3025/2714 1171/3026/2715 1193/3027/2716
f 91/3028/2717 90/3029/2718 1428/3030/2719
f 1428/3030/2719 90/3029/2718 1228/3031/2720
f 1428/3030/2719 1228/3031/2720 1227/3032/2721
f 90/3029/2718 89/3033/2722 1228/3031/2720
f 1228/3031/2720 89/3033/2722 1229/3034/2723
f 1229/3034/2723 89/3033/2722 88/3035/2724
f 1229/3034/2723 88/3035/2724 1230/3036/2725
f 1230/3036/2725 88/3035/2724 1534/3037/2726
f 1230/3036/2725 1534/3037/2726 1535/3038/2727
f 88/3035/2724 87/3039/2728 1534/3037/2726
f 1534/3037/2726 87/3039/2728 86/3040/2729
f 1535/3038/2727 1536/3041/2730 1230/3036/2725
f 1230/3036/2725 1536/3041/2730 1231/3042/2731
f 1231/3042/2731 1536/3041/2730 1537/3043/2732
f 1231/3042/2731 1537/3043/2732 1163/3044/2733
f 1163/3044/2733 1537/3043/2732 1164/3045/2734
f 1164/3045/2734 1537/3043/2732 1317/3046/2735
f 1164/3045/2734 1317/3046/2735 1545/3047/2736
f 1545/3047/2736 1317/3046/2735 1544/3048/2737
f 1544/3048/2737 1317/3046/2735 1316/3049/2738
f 1544/3048/2737 1316/3049/2738 1543/3050/2739
f 1543/3050/2739 1316/3049/2738 394/3051/2740
f 394/3051/2740 1316/3049/2738 395/3052/2741
f 395/3052/2741 1316/3049/2738 1315/3053/2362
f 1317/3046/2735 1537/3043/2732 1318/3054/2742
f 1318/3054/2742 1537/3043/2732 1538/3055/2743
f 1318/3054/2742 1538/3055/2743 1539/3056/2744
f 1539/3056/2744 1540/3057/2745 1318/3054/2742
f 1318/3054/2742 1540/3057/2745 1319/3058/2746
f 1319/3058/2746 1540/3057/2745 1541/3059/2747
f 1319/3058/2746 1541/3059/2747 1320/3060/2748
f 1320/3060/2748 1541/3059/2747 1542/3061/2749
f 1320/3060/2748 1542/3061/2749 1321/3062/2750
f 1321/3062/2750 1542/3061/2749 1419/3063/2751
f 1321/3062/2750 1419/3063/2751 1407/3064/2752
f 1407/3064/2752 1412/3065/2753 1321/3062/2750
f 1163/3044/2733 1546/3066/2754 1231/3042/2731
f 1231/3042/2731 1546/3066/2754 1547/3067/2755
f 1231/3042/2731 1547/3067/2755 1232/3068/2756
f 1232/3068/2756 1547/3067/2755 1548/3069/2757
f 1232/3068/2756 1548/3069/2757 537/3070/2758
f 537/3070/2758 536/3071/2665 1232/3068/2756
f 1232/3068/2756 536/3071/2665 1233/3072/2356
f 1414/3073/2759 1413/3074/2760 1227/3032/2721
f 1227/3032/2721 1413/3074/2760 1428/3030/2719
f 396/3075/2695 1075/3076/2761 1175/3077/2597
f 1175/3077/2597 1075/3076/2761 1086/3078/2762
f 1175/3077/2597 1086/3078/2762 1085/3079/2763
f 395/3080/2741 1103/3081/2764 396/3075/2695
f 396/3075/2695 1103/3081/2764 1102/3082/2765
f 396/3075/2695 1102/3082/2765 1079/3083/2766
f 1079/3083/2766 1102/3082/2765 1080/3084/2767
f 1080/3084/2767 1102/3082/2765 1101/3085/2768
f 1080/3084/2767 1101/3085/2768 1081/3086/2769
f 1081/3086/2769 1101/3085/2768 1100/3087/2770
f 1081/3086/2769 1100/3087/2770 1082/3088/2771
f 1082/3088/2771 1100/3087/2770 1111/3089/2772
f 1082/3088/2771 1111/3089/2772 1083/3090/2773
f 1083/3090/2773 1111/3089/2772 1110/3091/2774
f 1083/3090/2773 1110/3091/2774 1175/3077/2597
f 1175/3077/2597 1110/3091/2774 1375/3092/2361
f 1375/3092/2361 1110/3091/2774 1109/3093/2775
f 1375/3092/2361 1109/3093/2775 1315/3094/2362
f 1315/3094/2362 1109/3093/2775 1108/3095/2776
f 1315/3094/2362 1108/3095/2776 1107/3096/2777
f 1315/3094/2362 1107/3096/2777 395/3080/2741
f 395/3080/2741 1107/3096/2777 1106/3097/2778
f 395/3080/2741 1106/3097/2778 1105/3098/2779
f 1085/3079/2763 1084/3099/2780 1175/3077/2597
f 1175/3077/2597 1084/3099/2780 1083/3090/2773
f 1079/3083/2766 1078/3100/2781 396/3075/2695
f 396/3075/2695 1078/3100/2781 1077/3101/2782
f 396/3075/2695 1077/3101/2782 1076/3102/2783
f 1076/3102/2783 1075/3076/2761 396/3075/2695
f 1105/3098/2779 1104/3103/2784 395/3080/2741
f 395/3080/2741 1104/3103/2784 1103/3081/2764
f 1504/3104/2785 161/3105/2786 495/3106/2787
f 495/3106/2787 161/3105/2786 1054/3107/2788
f 495/3106/2787 1054/3107/2788 1053/3108/2789
f 161/3105/2786 1504/3104/2785 162/3109/2790
f 162/3109/2790 1504/3104/2785 1549/3110/2791
f 162/3109/2790 1549/3110/2791 1550/3111/2792
f 940/3112/2793 939/3113/2794 1550/3111/2792
f 1550/3111/2792 939/3113/2794 938/3114/2795
f 1550/3111/2792 938/3114/2795 164/3115/2796
f 164/3115/2796 163/3116/2797 1550/3111/2792
f 1550/3111/2792 163/3116/2797 162/3109/2790
f 1053/3108/2789 496/3117/2798 495/3106/2787
f 392/3118/2799 589/3119/2800 393/3120/2801
f 393/3120/2801 589/3119/2800 588/3121/2802
f 393/3120/2801 588/3121/2802 587/3122/2803
f 587/3122/2803 586/3123/2804 393/3120/2801
f 393/3120/2801 586/3123/2804 585/3124/2805
f 393/3120/2801 585/3124/2805 584/3125/2806
f 583/3126/2807 1553/3127/2808 584/3125/2806
f 584/3125/2806 1553/3127/2808 1554/3128/2809
f 584/3125/2806 1554/3128/2809 393/3120/2801
f 1553/3127/2808 583/3126/2807 1165/3129/2810
f 1165/3129/2810 583/3126/2807 582/3130/2811
f 1165/3129/2810 582/3130/2811 1166/3131/2812
f 1166/3131/2812 582/3130/2811 581/3132/2813
f 1166/3131/2812 581/3132/2813 580/3133/2814
f 1166/3131/2812 580/3133/2814 1552/3134/2815
f 1552/3134/2815 580/3133/2814 579/3135/2816
f 1552/3134/2815 579/3135/2816 1551/3136/2817
f 1551/3136/2817 579/3135/2816 538/3137/2818
f 538/3137/2818 579/3135/2816 578/3138/2819
f 538/3137/2818 578/3138/2819 577/3139/2820
f 577/3139/2820 576/3140/2821 538/3137/2818
f 538/3137/2818 576/3140/2821 591/3141/2822
f 538/3137/2818 591/3141/2822 590/3142/2823
f 590/3142/2823 539/3143/2824 538/3137/2818
f 563/3144/2825 559/3145/2826 552/3146/2827
f 552/3146/2827 559/3145/2826 558/3147/2828
f 552/3146/2827 558/3147/2828 553/3148/2829
f 553/3148/2829 558/3147/2828 557/3149/2830
f 553/3148/2829 557/3149/2830 554/3150/2831
f 554/3150/2831 557/3149/2830 556/3151/2832
f 554/3150/2831 556/3151/2832 555/3152/2833
f 559/3145/2826 563/3144/2825 560/3153/2834
f 560/3153/2834 563/3144/2825 562/3154/2835
f 560/3153/2834 562/3154/2835 561/3155/2836
f 523/3156/2837 519/3157/2838 512/3158/2839
f 512/3158/2839 519/3157/2838 518/3159/2840
f 512/3158/2839 518/3159/2840 513/3160/2841
f 513/3160/2841 518/3159/2840 517/3161/2842
f 513/3160/2841 517/3161/2842 514/3162/2843
f 514/3162/2843 517/3161/2842 516/3163/2844
f 514/3162/2843 516/3163/2844 515/3164/2845
f 519/3157/2838 523/3156/2837 520/3165/2846
f 520/3165/2846 523/3156/2837 522/3166/2847
f 520/3165/2846 522/3166/2847 521/3167/2848
f 394/3168/2849 393/3169/420 1543/3170/2850
f 1543/3170/2850 393/3169/420 1554/3171/2851
f 1543/3170/2850 1554/3171/2851 1544/3172/2852
f 1544/3172/2852 1554/3171/2851 1553/3173/2853
f 1544/3172/2852 1553/3173/2853 1545/3174/2854
f 1545/3174/2854 1553/3173/2853 1165/3175/2120
f 1545/3174/2854 1165/3175/2120 1164/3176/2119
f 1163/3177/2121 1166/3178/2122 1546/3179/2855
f 1546/3179/2855 1166/3178/2122 1552/3180/2856
f 1546/3179/2855 1552/3180/2856 1547/3181/2857
f 1547/3181/2857 1552/3180/2856 1551/3182/2858
f 1547/3181/2857 1551/3182/2858 1548/3183/2859
f 1548/3183/2859 1551/3182/2858 538/3184/582
f 1548/3183/2859 538/3184/582 537/3185/2860
f 1550/3186/2861 1556/3187/2862 940/3188/2863
f 940/3188/2863 1556/3187/2862 1557/3189/2864
f 940/3188/2863 1557/3189/2864 849/3190/2865
f 849/3190/2865 1557/3189/2864 850/3191/2866
f 850/3191/2866 1557/3189/2864 185/3192/198
f 850/3191/2866 185/3192/198 201/3193/197
f 1556/3187/2862 1550/3186/2861 1555/3194/2867
f 1555/3194/2867 1550/3186/2861 1549/3195/2868
f 1555/3194/2867 1549/3195/2868 1423/3196/2869
f 1423/3196/2869 1549/3195/2868 1504/3197/2870
f 849/3190/2865 848/3198/2871 940/3188/2863
f 83/3199/83 100/3200/100 1559/3201/2872
f 1559/3201/2872 100/3200/100 104/3202/2873
f 1559/3201/2872 104/3202/2873 1558/3203/2874
f 1558/3203/2874 104/3202/2873 103/3204/2875
f 1558/3203/2874 103/3204/2875 909/3205/1392
f 909/3205/1392 103/3204/2875 102/3206/1393
f 1555/3207/2876 1423/3208/2580 1568/3209/2877
f 1568/3209/2877 1423/3208/2580 1422/3210/2878
f 1568/3209/2877 1422/3210/2878 1567/3211/2879
f 1567/3211/2879 1422/3210/2878 1421/3212/2880
f 1567/3211/2879 1421/3212/2880 1566/3213/2881
f 1566/3213/2881 1421/3212/2880 1420/3214/2882
f 1566/3213/2881 1420/3214/2882 1560/3215/2883
f 1560/3215/2883 1420/3214/2882 1542/3216/2884
f 1542/3216/2884 1420/3214/2882 1419/3217/2885
f 1566/3213/2881 1560/3215/2883 1564/3218/2886
f 1564/3218/2886 1560/3215/2883 1561/3219/2887
f 1564/3218/2886 1561/3219/2887 1572/3220/2888
f 1572/3220/2888 1561/3219/2887 1573/3221/2889
f 1572/3220/2888 1573/3221/2889 1571/3222/2890
f 1571/3222/2890 1573/3221/2889 1574/3223/2891
f 1571/3222/2890 1574/3223/2891 1570/3224/2892
f 1570/3224/2892 1574/3223/2891 1575/3225/2893
f 1570/3224/2892 1575/3225/2893 1556/3226/2894
f 1556/3226/2894 1575/3225/2893 1557/3227/2895
f 1557/3227/2895 1575/3225/2893 1565/3228/2896
f 1557/3227/2895 1565/3228/2896 185/3229/198
f 185/3229/198 1565/3228/2896 1576/3230/2897
f 185/3229/198 1576/3230/2897 186/3231/2898
f 186/3231/2898 1576/3230/2897 1577/3232/2899
f 186/3231/2898 1577/3232/2899 1562/3233/2900
f 1562/3233/2900 1577/3232/2899 1573/3221/2889
f 1562/3233/2900 1573/3221/2889 1561/3219/2887
f 1570/3224/2892 1556/3226/2894 1563/3234/2901
f 1563/3234/2901 1556/3226/2894 1555/3207/2876
f 1563/3234/2901 1555/3207/2876 1568/3209/2877
f 1563/3234/2901 1568/3209/2877 1567/3211/2879
f 1567/3211/2879 1566/3213/2881 1569/3235/2902
f 1569/3235/2902 1566/3213/2881 1564/3218/2886
f 1569/3235/2902 1564/3218/2886 1572/3220/2888
f 1567/3211/2879 1569/3235/2902 1563/3234/2901
f 1563/3234/2901 1569/3235/2902 1571/3222/2890
f 1563/3234/2901 1571/3222/2890 1570/3224/2892
f 1571/3222/2890 1569/3235/2902 1572/3220/2888
f 1565/3228/2896 1575/3225/2893 1574/3223/2891
f 1577/3232/2899 1576/3230/2897 1573/3221/2889
f 1573/3221/2889 1576/3230/2897 1574/3223/2891
f 1576/3230/2897 1565/3228/2896 1574/3223/2891
f 84/3236/2903 83/3237/83 1581/3238/2904
f 1581/3238/2904 83/3237/83 1559/3239/2905
f 1581/3238/2904 1559/3239/2905 1584/3240/2906
f 1584/3240/2906 1559/3239/2905 1558/3241/2907
f 1584/3240/2906 1558/3241/2907 1587/3242/2908
f 1587/3242/2908 1558/3241/2907 909/3243/1392
f 1587/3242/2908 909/3243/1392 908/3244/2909
f 907/3245/2910 1589/3246/2911 908/3244/2909
f 908/3244/2909 1589/3246/2911 1588/3247/2912
f 908/3244/2909 1588/3247/2912 1587/3242/2908
f 1587/3242/2908 1588/3247/2912 1585/3248/2913
f 1587/3242/2908 1585/3248/2913 1584/3240/2906
f 1584/3240/2906 1585/3248/2913 1581/3238/2904
f 907/3245/2910 1578/3249/2914 1589/3246/2911
f 1589/3246/2911 1578/3249/2914 1586/3250/2915
f 1589/3246/2911 1586/3250/2915 1588/3247/2912
f 1588/3247/2912 1586/3250/2915 1585/3248/2913
f 1578/3249/2914 1579/3251/2916 1586/3250/2915
f 1586/3250/2915 1579/3251/2916 1583/3252/2917
f 1586/3250/2915 1583/3252/2917 1582/3253/2918
f 1582/3253/2918 1583/3252/2917 84/3236/2903
f 1582/3253/2918 84/3236/2903 1581/3238/2904
f 1579/3251/2916 1580/3254/2919 1583/3252/2917
f 1583/3252/2917 1580/3254/2919 85/3255/2920
f 1583/3252/2917 85/3255/2920 84/3236/2903
f 1586/3250/2915 1582/3253/2918 1585/3248/2913
f 1585/3248/2913 1582/3253/2918 1581/3238/2904
f 187/3256/2921 186/3257/2922 1593/3258/2923
f 1593/3258/2923 186/3257/2922 1562/3259/2924
f 1593/3258/2923 1562/3259/2924 1599/3260/2925
f 1599/3260/2925 1562/3259/2924 1561/3261/2926
f 1599/3260/2925 1561/3261/2926 1560/3262/2927
f 1542/3263/2928 1541/3264/2929 1560/3262/2927
f 1560/3262/2927 1541/3264/2929 1605/3265/2930
f 1560/3262/2927 1605/3265/2930 1599/3260/2925
f 1599/3260/2925 1605/3265/2930 1606/3266/2931
f 1599/3260/2925 1606/3266/2931 1600/3267/2932
f 1600/3267/2932 1606/3266/2931 1607/3268/2933
f 1600/3267/2932 1607/3268/2933 1601/3269/2934
f 1601/3269/2934 1607/3268/2933 1608/3270/2935
f 1601/3269/2934 1608/3270/2935 1602/3271/2936
f 1602/3271/2936 1608/3270/2935 1609/3272/2937
f 1602/3271/2936 1609/3272/2937 1603/3273/2938
f 1603/3273/2938 1609/3272/2937 1592/3274/2939
f 1603/3273/2938 1592/3274/2939 1604/3275/2940
f 1604/3275/2940 1592/3274/2939 1590/3276/2941
f 1604/3275/2940 1590/3276/2941 1591/3277/2942
f 1541/3264/2929 1540/3278/2943 1605/3265/2930
f 1605/3265/2930 1540/3278/2943 1606/3266/2931
f 1540/3278/2943 1539/3279/2944 1606/3266/2931
f 1606/3266/2931 1539/3279/2944 1607/3268/2933
f 1539/3279/2944 1538/3280/2945 1607/3268/2933
f 1607/3268/2933 1538/3280/2945 1608/3270/2935
f 1538/3280/2945 1537/3281/2946 1608/3270/2935
f 1608/3270/2935 1537/3281/2946 1609/3272/2937
f 1537/3281/2946 1536/3282/2947 1609/3272/2937
f 1609/3272/2937 1536/3282/2947 1535/3283/2948
f 1609/3272/2937 1535/3283/2948 1592/3274/2939
f 1592/3274/2939 1535/3283/2948 1534/3284/2726
f 1592/3274/2939 1534/3284/2726 1590/3276/2941
f 1604/3275/2940 1591/3277/2942 1598/3285/2949
f 1598/3285/2949 1591/3277/2942 194/3286/213
f 1598/3285/2949 194/3286/213 193/3287/2950
f 193/3287/2950 192/3288/2951 1598/3285/2949
f 1598/3285/2949 192/3288/2951 1597/3289/2952
f 1598/3285/2949 1597/3289/2952 1604/3275/2940
f 1604/3275/2940 1597/3289/2952 1603/3273/2938
f 192/3288/2951 191/3290/2953 1597/3289/2952
f 1597/3289/2952 191/3290/2953 1596/3291/2954
f 1597/3289/2952 1596/3291/2954 1603/3273/2938
f 1603/3273/2938 1596/3291/2954 1602/3271/2936
f 191/3290/2953 190/3292/2955 1596/3291/2954
f 1596/3291/2954 190/3292/2955 1595/3293/2956
f 1596/3291/2954 1595/3293/2956 1602/3271/2936
f 1602/3271/2936 1595/3293/2956 1601/3269/2934
f 190/3292/2955 189/3294/2957 1595/3293/2956
f 1595/3293/2956 189/3294/2957 1594/3295/2958
f 1595/3293/2956 1594/3295/2958 1601/3269/2934
f 1601/3269/2934 1594/3295/2958 1600/3267/2932
f 189/3294/2957 188/3296/2959 1594/3295/2958
f 1594/3295/2958 188/3296/2959 1593/3258/2923
f 1594/3295/2958 1593/3258/2923 1600/3267/2932
f 1600/3267/2932 1593/3258/2923 1599/3260/2925
f 188/3296/2959 187/3256/2921 1593/3258/2923
f 86/3297/2960 85/3298/2961 1610/3299/2962
f 1610/3299/2962 85/3298/2961 1580/3300/2963
f 1610/3299/2962 1580/3300/2963 1613/3301/2964
f 1613/3301/2964 1580/3300/2963 1579/3302/2965
f 1613/3301/2964 1579/3302/2965 1616/3303/2966
f 1616/3303/2966 1579/3302/2965 1578/3304/2967
f 1616/3303/2966 1578/3304/2967 907/3305/2968
f 1616/3303/2966 907/3305/2968 1617/3306/2969
f 1617/3306/2969 907/3305/2968 194/3307/213
f 1617/3306/2969 194/3307/213 1618/3308/2970
f 1618/3308/2970 194/3307/213 1591/3309/2971
f 1618/3308/2970 1591/3309/2971 1615/3310/2972
f 1615/3310/2972 1591/3309/2971 1590/3311/2973
f 1615/3310/2972 1590/3311/2973 1612/3312/2974
f 1612/3312/2974 1590/3311/2973 1534/3313/2726
f 1612/3312/2974 1534/3313/2726 1611/3314/2975
f 1611/3314/2975 1534/3313/2726 86/3297/2960
f 1611/3314/2975 86/3297/2960 1610/3299/2962
f 1615/3310/2972 1612/3312/2974 1611/3314/2975
f 1611/3314/2975 1610/3299/2962 1614/3315/2976
f 1614/3315/2976 1610/3299/2962 1613/3301/2964
f 1614/3315/2976 1613/3301/2964 1617/3306/2969
f 1617/3306/2969 1613/3301/2964 1616/3303/2966
f 1618/3308/2970 1615/3310/2972 1614/3315/2976
f 1614/3315/2976 1615/3310/2972 1611/3314/2975
f 1618/3308/2970 1614/3315/2976 1617/3306/2969
f 450/3316/2977 67/3317/2978 439/3318/2979
f 439/3318/2979 67/3317/2978 66/3319/2980
f 439/3318/2979 66/3319/2980 82/3320/2981
f 67/3317/2978 450/3316/2977 68/3321/2982
f 68/3321/2982 450/3316/2977 449/3322/2983
f 68/3321/2982 449/3322/2983 69/3323/2984
f 69/3323/2984 449/3322/2983 448/3324/2985
f 69/3323/2984 448/3324/2985 70/3325/2986
f 70/3325/2986 448/3324/2985 447/3326/2987
f 70/3325/2986 447/3326/2987 71/3327/2988
f 71/3327/2988 447/3326/2987 72/3328/2989
f 72/3328/2989 447/3326/2987 446/3329/2990
f 72/3328/2989 446/3329/2990 73/3330/2991
f 73/3330/2991 446/3329/2990 445/3331/2992
f 73/3330/2991 445/3331/2992 74/3332/2993
f 74/3333/2993 445/3334/2992 444/3335/2994
f 74/3333/2993 444/3335/2994 75/3336/2995
f 75/3336/2995 444/3335/2994 76/3337/2996
f 76/3337/2996 444/3335/2994 443/3338/2997
f 76/3337/2996 443/3338/2997 77/3339/2998
f 77/3339/2998 443/3338/2997 442/3340/2999
f 77/3339/2998 442/3340/2999 78/3341/3000
f 78/3341/3000 442/3340/2999 79/3342/3001
f 79/3342/3001 442/3340/2999 441/3343/3002
f 79/3342/3001 441/3343/3002 80/3344/3003
f 80/3344/3003 441/3343/3002 81/3345/3004
f 81/3345/3004 441/3343/3002 440/3346/3005
f 81/3345/3004 440/3346/3005 82/3320/2981
f 82/3320/2981 440/3346/3005 439/3318/2979
f 462/3347/3006 26/3348/3007 451/3349/3008
f 451/3349/3008 26/3348/3007 25/3350/3009
f 451/3349/3008 25/3350/3009 41/3351/3010
f 26/3348/3007 462/3347/3006 27/3352/3011
f 27/3352/3011 462/3347/3006 461/3353/3012
f 27/3352/3011 461/3353/3012 28/3354/3013
f 28/3354/3013 461/3353/3012 460/3355/3014
f 28/3354/3013 460/3355/3014 29/3356/3015
f 29/3356/3015 460/3355/3014 30/3357/3016
f 30/3357/3016 460/3355/3014 31/3358/3017
f 31/3358/3017 460/3355/3014 459/3359/3018
f 31/3358/3017 459/3359/3018 32/3360/3019
f 32/3360/3019 459/3359/3018 458/3361/3020
f 32/3360/3019 458/3361/3020 33/3362/3021
f 33/3362/3021 458/3361/3020 34/3363/3022
f 34/3363/3022 458/3361/3020 457/3364/3023
f 34/3363/3022 457/3364/3023 35/3365/3024
f 35/3366/3024 457/3367/3023 456/3368/3025
f 35/3366/3024 456/3368/3025 36/3369/3026
f 36/3369/3026 456/3368/3025 455/3370/3027
f 36/3369/3026 455/3370/3027 37/3371/3028
f 37/3371/3028 455/3370/3027 38/3372/3029
f 38/3372/3029 455/3370/3027 454/3373/3030
f 38/3372/3029 454/3373/3030 39/3374/3031
f 39/3374/3031 454/3373/3030 453/3375/3032
f 39/3374/3031 453/3375/3032 40/3376/3033
f 40/3376/3033 453/3375/3032 452/3377/3034
f 40/3376/3033 452/3377/3034 41/3351/3010
f 41/3351/3010 452/3377/3034 451/3349/3008
f 1620/3378/3035 1631/3379/3036 1619/3380/3037
f 1622/3381/3038 1631/3382/3039 1621/3383/3040
f 1624/3384/3041 1631/3385/3042 1623/3386/3043
f 1626/3387/3044 1631/3388/3045 1625/3389/3046
f 1628/3390/3047 1631/3391/3048 1627/3392/3049
f 1630/3393/3050 1631/3394/3051 1629/3395/3052
f 1619/3396/3037 1631/3397/3053 1630/3393/3050
f 1627/3392/3049 1631/3398/3054 1626/3387/3044
f 1623/3386/3043 1631/3399/3055 1622/3381/3038
f 1629/3395/3052 1631/3400/3056 1628/3390/3047
f 1625/3389/3046 1631/3401/3057 1624/3384/3041
f 1621/3383/3040 1631/3402/3058 1620/3378/3035
f 438/3403/3059 1620/3404/3060 427/3405/3061
f 427/3405/3061 1620/3404/3060 1619/3406/3062
f 427/3405/3061 1619/3406/3062 428/3407/3063
f 428/3407/3063 1619/3406/3062 1630/3408/3064
f 428/3407/3063 1630/3408/3064 429/3409/3065
f 429/3409/3065 1630/3408/3064 1629/3410/3066
f 429/3409/3065 1629/3410/3066 430/3411/3067
f 430/3411/3067 1629/3410/3066 1628/3412/3068
f 430/3411/3067 1628/3412/3068 431/3413/3069
f 431/3413/3069 1628/3412/3068 1627/3414/3070
f 431/3413/3069 1627/3414/3070 432/3415/3071
f 432/3415/3071 1627/3414/3070 1626/3416/3072
f 432/3415/3071 1626/3416/3072 433/3417/3073
f 433/3417/3073 1626/3416/3072 1625/3418/3074
f 433/3419/3073 1625/3420/3074 434/3421/3075
f 434/3421/3075 1625/3420/3074 1624/3422/3076
f 434/3421/3075 1624/3422/3076 435/3423/3077
f 435/3423/3077 1624/3422/3076 1623/3424/3078
f 435/3423/3077 1623/3424/3078 436/3425/3079
f 436/3425/3079 1623/3424/3078 1622/3426/3080
f 436/3425/3079 1622/3426/3080 437/3427/3081
f 437/3427/3081 1622/3426/3080 1621/3428/3082
f 437/3427/3081 1621/3428/3082 438/3403/3059
f 438/3403/3059 1621/3428/3082 1620/3404/3060
f 1633/3429/3083 1644/3430/3084 1632/3431/3085
f 1635/3432/3086 1644/3433/3087 1634/3434/3088
f 1637/3435/3089 1644/3436/3090 1636/3437/3091
f 1639/3438/3092 1644/3439/3093 1638/3440/3094
f 1641/3441/3095 1644/3442/3096 1640/3443/3097
f 1643/3444/3098 1644/3445/3099 1642/3446/3100
f 1632/3447/3085 1644/3448/3101 1643/3444/3098
f 1640/3443/3097 1644/3449/3102 1639/3438/3092
f 1636/3437/3091 1644/3450/3103 1635/3432/3086
f 1642/3446/3100 1644/3451/3104 1641/3441/3095
f 1638/3440/3094 1644/3452/3105 1637/3435/3089
f 1634/3434/3088 1644/3453/3106 1633/3429/3083
f 426/3454/3107 1633/3455/3108 415/3456/3109
f 415/3456/3109 1633/3455/3108 1632/3457/3110
f 415/3456/3109 1632/3457/3110 416/3458/3111
f 416/3458/3111 1632/3457/3110 1643/3459/3112
f 416/3458/3111 1643/3459/3112 417/3460/3113
f 417/3460/3113 1643/3459/3112 1642/3461/3114
f 417/3460/3113 1642/3461/3114 418/3462/3115
f 418/3462/3115 1642/3461/3114 1641/3463/3116
f 418/3462/3115 1641/3463/3116 419/3464/3117
f 419/3464/3117 1641/3463/3116 1640/3465/3118
f 419/3464/3117 1640/3465/3118 420/3466/3119
f 420/3466/3119 1640/3465/3118 1639/3467/3120
f 420/3466/3119 1639/3467/3120 421/3468/3121
f 421/3468/3121 1639/3467/3120 1638/3469/3122
f 421/3470/3121 1638/3471/3122 422/3472/3123
f 422/3472/3123 1638/3471/3122 1637/3473/3124
f 422/3472/3123 1637/3473/3124 423/3474/3125
f 423/3474/3125 1637/3473/3124 1636/3475/3126
f 423/3474/3125 1636/3475/3126 424/3476/3127
f 424/3476/3127 1636/3475/3126 1635/3477/3128
f 424/3476/3127 1635/3477/3128 425/3478/3129
f 425/3478/3129 1635/3477/3128 1634/3479/3130
f 425/3478/3129 1634/3479/3130 426/3454/3107
f 426/3454/3107 1634/3479/3130 1633/3455/3108
# 1644 vertices
# 3479 texture params
# 3130 normals
# 3312 facets

# 1 groups
