# WaveFront *.obj file (generated by Autodesk ATF)

mtllib WJ-WK00-0122TOPCABINETCASE_95_1.mtl

g Body1

v 5.150000 4.900000 -10.000000
v 5.431347 4.900000 -8.950000
v 6.200000 4.900000 -8.181347
v 7.250000 4.900000 -7.900000
v 8.106219 4.900000 -7.900000
v 8.856219 4.900000 -7.699038
v 9.405257 4.900000 -7.150000
v 9.606219 4.900000 -6.400000
v 9.606220 4.900000 -10.166475
v 9.312839 4.900000 -11.261388
v 8.511307 4.900000 -12.062920
v 7.416393 4.900000 -12.356301
v 3.650027 4.900000 -12.356300
v 4.400016 4.900000 -12.155330
v 4.949043 4.900000 -11.606293
v 5.150000 4.900000 -10.856301
v 7.250000 4.900000 -9.000000
v 6.750000 4.900000 -9.133975
v 6.383975 4.900000 -9.500000
v 6.250000 4.900000 -10.000000
v 6.383975 4.900000 -10.500000
v 6.750000 4.900000 -10.866025
v 7.250000 4.900000 -11.000000
v 7.750000 4.900000 -10.866025
v 8.116025 4.900000 -10.500000
v 8.250000 4.900000 -10.000000
v 8.116025 4.900000 -9.500000
v 7.750000 4.900000 -9.133975
v 5.149999 6.100000 -10.000000
v 5.150000 6.100003 -10.856294
v 4.850000 6.399999 -10.000000
v 4.850004 6.400000 -10.856292
v -15.845825 6.400000 -6.249236
v -15.647656 6.400000 -6.637714
v -15.302992 6.400000 -6.904907
v -14.877383 6.400000 -7.000000
v 8.606219 6.400000 -7.000000
v 8.836867 6.400000 -6.973037
v 9.055077 6.400000 -6.893603
v 9.249082 6.400000 -6.765982
v 9.000286 6.400000 -7.200451
v 8.595867 6.400000 -7.495592
v 8.106219 6.399974 -7.600003
v 7.250003 6.400000 -7.599994
v 6.050000 6.400000 -7.921534
v 5.171536 6.400000 -8.799997
v 4.689236 6.400000 -11.456301
v 4.249999 6.400000 -11.895538
v 3.649990 6.399999 -12.056305
v -19.538517 6.400001 -12.056296
v -19.638511 6.400000 -12.029496
v -19.711712 6.400000 -11.956296
v -19.738511 6.400000 -11.856302
v -19.738516 6.400000 -10.067309
v -19.726809 6.400000 -9.999892
v -19.693063 6.400000 -9.940366
v -19.641131 6.400078 -9.895742
v -18.193188 6.400000 -8.880683
v -16.918048 6.400000 -7.655465
v 3.500000 6.400000 -11.250000
v 3.924561 6.400000 -11.155399
v 4.268794 6.400000 -10.889496
v 4.467571 6.400000 -10.502600
v 4.483282 6.400000 -10.067911
v 4.464783 6.400000 -9.986953
v 4.439631 6.400000 -9.907810
v 4.194000 6.400000 -9.530025
v 3.807447 6.400000 -9.298435
v 3.498565 6.400000 -9.250001
v 3.189822 6.400000 -9.299321
v 2.911401 6.400000 -9.441575
v 2.690518 6.400000 -9.662855
v 2.548765 6.400000 -9.941532
v 2.500000 6.400000 -10.250363
v 2.548989 6.400000 -10.559158
v 2.690944 6.400000 -10.837731
v 3.045980 6.400000 -11.140991
v -17.200000 6.400000 -11.250000
v -16.738211 6.400000 -11.136990
v -16.380796 6.400000 -10.823502
v -16.208537 6.400000 -10.380392
v -16.260369 6.400000 -9.907810
v -16.505999 6.400000 -9.530026
v -16.892550 6.400000 -9.298436
v -17.201433 6.400000 -9.250001
v -17.510176 6.400000 -9.299321
v -17.788598 6.400000 -9.441574
v -18.009481 6.400000 -9.662854
v -18.151234 6.400000 -9.941531
v -18.200000 6.400000 -10.250362
v -18.151011 6.400000 -10.559157
v -18.009056 6.400000 -10.837731
v -17.654020 6.400000 -11.140991
v -15.748089 6.099744 -5.508197
v -15.829642 6.122715 -5.695488
v -15.871513 6.188071 -5.892248
v -19.793315 6.099931 -9.637025
v -18.211048 6.099744 -8.503598
v -16.848939 6.099744 -7.113307
v -19.793281 4.900000 -9.637082
v -15.769757 4.900000 -5.546384
v -14.300000 4.900000 0.000000
v -15.769757 4.900000 5.546384
v -19.793281 4.900000 9.637082
v -19.793314 6.099930 9.637027
v -18.211048 6.099744 8.503598
v -16.848939 6.099744 7.113307
v -15.748089 6.099744 5.508197
v -15.748135 7.200061 5.508171
v -14.464088 7.200113 1.910146
v -14.464088 7.200113 -1.910146
v -15.748043 7.200025 -5.508223
v -15.877358 7.199978 -6.007079
v -15.741039 7.199984 -6.504082
v -15.375338 7.199988 -6.867203
v -14.877383 7.199995 -7.000001
v 8.606220 7.199998 -7.000001
v 8.606220 7.500000 -6.700000
v -14.877383 7.500002 -6.699995
v -15.486897 7.499957 -5.655726
v -14.168598 7.500000 -1.961291
v -14.168598 7.500000 1.961291
v -15.486944 7.500039 5.655700
v -15.577349 7.500000 6.004957
v -15.481929 7.500000 6.352852
v -15.225944 7.500000 6.607033
v -14.877383 7.500002 6.699995
v 8.606220 7.500000 6.700000
v 8.956220 7.500000 6.606217
v 9.212437 7.500000 6.350000
v 9.306219 7.500000 6.000000
v 9.306219 7.500000 -6.000000
v 9.212436 7.500000 -6.350000
v 8.956219 7.500000 -6.606217
v -15.225944 7.500000 -6.607033
v -15.481929 7.500000 -6.352852
v -15.577349 7.500000 -6.004957
v -15.877358 7.199978 6.007079
v -15.741039 7.199984 6.504082
v -15.375338 7.199988 6.867203
v -14.877383 7.199995 7.000000
v 8.606220 7.199998 7.000001
v 8.988904 7.199999 6.923879
v 9.313327 7.199999 6.707107
v 9.530100 7.199999 6.382684
v 9.606220 7.200000 6.000000
v 9.606220 7.200000 -6.000000
v 9.530099 7.199999 -6.382684
v 9.313326 7.199999 -6.707107
v 8.988903 7.199999 -6.923879
v 9.606220 6.100040 -6.000000
v 9.585126 6.121133 -6.204310
v 9.522734 6.183523 -6.400000
v 9.606219 6.100040 -6.400000
v 9.405257 6.100040 -7.150000
v 8.856219 6.100040 -7.699038
v 8.106219 6.100017 -7.899977
v 7.250001 6.099995 -7.899999
v 6.446365 6.099995 -8.059853
v 5.765076 6.099996 -8.515075
v 5.309853 6.099996 -9.196365
v 9.606220 6.100040 6.000000
v 9.606220 6.100034 6.399998
v 9.606220 4.900000 6.400000
v 9.606220 4.900000 10.166394
v 9.606220 -1.200000 10.166394
v 9.606220 -1.200000 -10.166475
v 7.416393 -1.200000 -12.356301
v 9.312839 -1.200000 -11.261388
v 8.511307 -1.200000 -12.062920
v -34.968275 -1.200000 10.336808
v -35.316279 -1.200000 9.883280
v -35.535043 -1.200000 9.355136
v -35.609660 -1.200000 8.788367
v -35.609660 -1.200000 -8.788367
v -35.535043 -1.200000 -9.355136
v -35.316279 -1.200000 -9.883280
v -34.968275 -1.200000 -10.336808
v -33.586808 -1.200000 -11.718275
v -33.133280 -1.200000 -12.066279
v -32.605136 -1.200000 -12.285043
v -32.038367 -1.200000 -12.359660
v -20.095617 -1.200000 -12.359760
v -19.999476 -1.200000 -12.357973
v -19.903336 -1.200000 -12.356828
v -19.807190 -1.200000 -12.356301
v 9.312839 -1.200000 11.261307
v 8.511307 -1.200000 12.062839
v 7.416393 -1.200000 12.356220
v -19.807290 -1.200000 12.356220
v -19.903119 -1.200000 12.356745
v -19.998941 -1.200000 12.357884
v -20.094755 -1.200000 12.359661
v -32.038367 -1.200000 12.359660
v -32.605136 -1.200000 12.285043
v -33.133280 -1.200000 12.066279
v -33.586808 -1.200000 11.718275
v 8.853781 -1.200000 -10.250000
v 8.672409 -1.200000 -10.926891
v 8.176891 -1.200000 -11.422409
v 7.500000 -1.200000 -11.603781
v -32.071573 -1.200000 -11.603781
v -32.421957 -1.200000 -11.557652
v -32.748463 -1.200000 -11.422409
v -33.028841 -1.200000 -11.207268
v -34.457268 -1.200000 -9.778841
v -34.672409 -1.200000 -9.498463
v -34.807652 -1.200000 -9.171957
v -34.853781 -1.200000 -8.821573
v -34.853781 -1.200000 8.821573
v -34.807652 -1.200000 9.171957
v -34.672409 -1.200000 9.498463
v -34.457268 -1.200000 9.778841
v -33.028841 -1.200000 11.207268
v -32.748463 -1.200000 11.422409
v -32.421957 -1.200000 11.557652
v -32.071573 -1.200000 11.603781
v 7.500000 -1.200000 11.603781
v 8.176891 -1.200000 11.422409
v 8.672409 -1.200000 10.926891
v 8.853781 -1.200000 10.250000
v 8.853781 -1.200000 3.250000
v 7.833781 -1.200000 3.250000
v 7.833781 -1.200000 2.993148
v 7.844900 -1.200000 2.844439
v 7.878010 -1.200000 2.699036
v 7.932375 -1.200000 2.560174
v 8.280792 -1.200000 1.727999
v 8.542177 -1.200000 0.864525
v 8.713781 -1.200000 -0.021173
v 8.713781 -1.200000 -2.478827
v 8.673408 -1.200000 -2.737275
v 8.625372 -1.200000 -2.994408
v 8.569714 -1.200000 -3.250000
v 8.853781 -1.200000 -3.250000
v -34.968019 4.700001 10.337064
v -33.587064 4.700001 11.718019
v -34.826343 4.900000 10.195899
v -33.445898 4.900000 11.576343
v -19.937898 4.900000 12.157045
v -19.992921 4.900000 12.064827
v -20.026985 4.900000 11.962987
v -20.038516 4.900000 11.856222
v -20.038516 4.900000 10.067309
v -20.008989 4.900000 9.898029
v -19.923893 4.900000 9.748743
v -19.923893 4.900000 -9.748743
v -20.008989 4.900000 -9.898029
v -20.038516 4.900000 -10.067309
v -20.038516 4.900000 -11.856301
v -20.026991 4.900000 -11.963037
v -19.992946 4.900000 -12.064853
v -19.937951 4.900000 -12.157053
v -20.096532 4.899713 -12.159183
v -32.037644 4.900000 -12.159661
v -32.553101 4.900000 -12.091800
v -33.033430 4.900000 -11.892841
v -33.445899 4.900000 -11.576343
v -34.826343 4.900000 -10.195898
v -35.142841 4.900000 -9.783430
v -35.341800 4.900000 -9.303101
v -35.409661 4.900000 -8.787644
v -35.409661 4.900000 8.787644
v -35.341800 4.900000 9.303101
v -35.142841 4.900000 9.783430
v -33.033430 4.900000 11.892841
v -32.553101 4.900000 12.091800
v -32.037644 4.900000 12.159661
v -20.096529 4.900180 12.159459
v -30.600000 4.900000 9.350000
v -30.829230 4.900000 10.279717
v -31.464374 4.900000 10.996315
v -32.359837 4.900000 11.335528
v -33.310353 4.900000 11.219598
v -34.014213 4.900000 10.764214
v -34.469598 4.900000 10.060354
v -34.594380 4.900000 9.200173
v -34.342483 4.900000 8.368290
v -33.761482 4.900000 7.721823
v -32.961112 4.900000 7.382871
v -32.092538 4.900000 7.415450
v -31.319809 4.900000 7.813409
v -30.788870 4.900000 8.501584
v -30.600000 4.900000 -9.350000
v -30.788870 4.900000 -8.501584
v -31.319809 4.900000 -7.813409
v -32.092538 4.900000 -7.415450
v -32.961112 4.900000 -7.382871
v -33.761482 4.900000 -7.721823
v -34.342483 4.900000 -8.368290
v -34.594380 4.900000 -9.200173
v -34.469598 4.900000 -10.060353
v -34.014214 4.900000 -10.764213
v -33.310354 4.900000 -11.219598
v -32.359838 4.900000 -11.335528
v -31.464374 4.900000 -10.996315
v -30.829230 4.900000 -10.279717
v -20.250000 4.900000 0.000000
v -20.953367 4.900000 2.625000
v -22.875000 4.900000 4.546633
v -25.500000 4.900000 5.250000
v -28.125000 4.900000 4.546633
v -30.046633 4.900000 2.625000
v -30.750000 4.900000 -0.000000
v -30.046633 4.900000 -2.625000
v -28.125000 4.900000 -4.546633
v -25.500000 4.900000 -5.250000
v -22.875000 4.900000 -4.546633
v -20.953367 4.900000 -2.625000
v -19.807297 4.699745 12.356480
v -19.807352 4.778173 12.278050
v -20.095685 4.699774 12.359791
v 7.416393 4.900000 12.356220
v 3.650000 4.900000 12.356220
v 3.649993 6.100004 12.356219
v -19.538521 6.099994 12.356222
v -19.538517 4.700001 12.356221
v -19.678439 4.719977 12.336244
v -19.729860 6.099991 12.318161
v -19.892070 6.099992 12.209775
v -20.000455 6.099991 12.047566
v -20.038518 6.099993 11.856226
v -20.038517 6.099998 10.067309
v -19.738514 6.400000 10.067309
v -19.738511 6.400000 11.856222
v 9.249069 6.400000 6.765993
v 9.055067 6.400000 6.893609
v 8.836862 6.400000 6.973039
v 8.606220 6.400000 7.000000
v -14.877383 6.400000 7.000000
v -15.302992 6.400000 6.904907
v -15.647656 6.400000 6.637714
v -15.845825 6.400000 6.249236
v -16.918037 6.400000 7.655453
v -18.193163 6.400000 8.880663
v -19.641144 6.400076 9.895741
v -19.693041 6.400000 9.940342
v -19.726802 6.400000 9.999877
v -19.711712 6.400000 11.956216
v -19.638511 6.400000 12.029417
v -19.538517 6.400001 12.056215
v 3.649990 6.400000 12.056225
v 4.250000 6.400000 11.895456
v 4.689237 6.400000 11.456219
v 4.850004 6.399999 10.856209
v 4.850000 6.399998 10.000000
v 5.171536 6.400000 8.799997
v 6.050000 6.400000 7.921534
v 7.250003 6.400000 7.599994
v 8.106220 6.399985 7.600009
v 8.595861 6.400000 7.495585
v 9.000273 6.400000 7.200452
v 3.500000 6.400000 9.250000
v 3.840004 6.400000 9.309576
v 4.139496 6.400000 9.481206
v 4.362791 6.400000 9.744439
v 4.483282 6.400000 10.067911
v 4.496552 6.400000 10.332972
v 4.439631 6.400000 10.592190
v 4.194001 6.400000 10.969974
v 3.807450 6.400000 11.201564
v 3.498567 6.400000 11.249999
v 3.189824 6.400000 11.200679
v 2.911402 6.400000 11.058426
v 2.690519 6.400000 10.837146
v 2.548766 6.400000 10.558469
v 2.500000 6.400000 10.249638
v 2.548989 6.400000 9.940843
v 2.690944 6.400000 9.662269
v 3.045980 6.400000 9.359009
v -17.200000 6.400000 9.250000
v -16.738211 6.400000 9.363010
v -16.380796 6.400000 9.676498
v -16.208537 6.400000 10.119608
v -16.260369 6.400000 10.592190
v -16.505999 6.400000 10.969974
v -16.892550 6.400000 11.201564
v -17.201433 6.400000 11.249999
v -17.510176 6.400000 11.200679
v -17.788598 6.400000 11.058426
v -18.009481 6.400000 10.837146
v -18.151234 6.400000 10.558469
v -18.200000 6.400000 10.249638
v -18.151011 6.400000 9.940843
v -18.009056 6.400000 9.662269
v -17.654020 6.400000 9.359009
v 9.522739 6.183512 6.399990
v 8.106220 6.100011 7.899983
v 8.856221 6.100028 7.699038
v 9.405259 6.100028 7.149999
v 8.106220 4.900000 7.900000
v 8.856220 4.900000 7.699038
v 9.405258 4.900000 7.150000
v 7.250000 4.900000 7.900000
v 6.200000 4.900000 8.181347
v 5.431347 4.900000 8.950000
v 5.150000 4.900000 10.000000
v 5.150000 4.900000 10.856219
v 4.949038 4.900000 11.606219
v 4.400000 4.900000 12.155258
v 8.511307 4.900000 12.062839
v 9.312839 4.900000 11.261307
v 6.250000 4.900000 10.000000
v 6.383975 4.900000 9.500000
v 6.750000 4.900000 9.133975
v 7.250000 4.900000 9.000000
v 7.750000 4.900000 9.133975
v 8.116025 4.900000 9.500000
v 8.250000 4.900000 10.000000
v 8.116025 4.900000 10.500000
v 7.750000 4.900000 10.866025
v 7.250000 4.900000 11.000000
v 6.750000 4.900000 10.866025
v 6.383975 4.900000 10.500000
v 7.250001 6.099995 7.899999
v 5.149999 6.100000 10.000000
v 5.309853 6.099996 9.196365
v 5.765076 6.099996 8.515075
v 6.446365 6.099995 8.059853
v 5.150001 6.100002 10.856212
v 4.399998 6.100003 12.155259
v 4.949039 6.100003 11.606217
v 7.250000 -2.200000 9.000000
v 7.750000 -2.200000 9.133975
v 8.116025 -2.200000 9.500000
v 8.250000 -2.200000 10.000000
v 8.116025 -2.200000 10.500000
v 7.750000 -2.200000 10.866025
v 7.250000 -2.200000 11.000000
v 6.750000 -2.200000 10.866025
v 6.383975 -2.200000 10.500000
v 6.250000 -2.200000 10.000000
v 6.383975 -2.200000 9.500000
v 6.750000 -2.200000 9.133975
v -13.680465 -2.200000 -10.583781
v -29.859955 -2.200000 -10.583781
v -30.262209 -2.200000 -10.499309
v -30.596505 -2.200000 -10.260165
v -30.806365 -2.200000 -9.906749
v -30.856335 -2.200000 -9.498770
v -30.956183 -2.200000 -8.749695
v -31.362563 -2.200000 -8.112563
v -31.999695 -2.200000 -7.706183
v -32.748770 -2.200000 -7.606335
v -33.156749 -2.200000 -7.556365
v -33.510165 -2.200000 -7.346505
v -33.749309 -2.200000 -7.012209
v -33.833781 -2.200000 -6.609955
v -33.833781 -2.200000 -4.052526
v -33.849281 -2.200000 -3.804015
v -33.895539 -2.200000 -3.559356
v -33.971839 -2.200000 -3.322341
v -34.529477 -2.200000 -1.130724
v -34.529477 -2.200000 1.130724
v -33.971839 -2.200000 3.322341
v -33.895539 -2.200000 3.559356
v -33.849281 -2.200000 3.804015
v -33.833781 -2.200000 4.052526
v -33.833781 -2.200000 6.609955
v -33.749309 -2.200000 7.012209
v -33.510165 -2.200000 7.346505
v -33.156749 -2.200000 7.556365
v -32.748770 -2.200000 7.606335
v -31.999695 -2.200000 7.706183
v -31.362563 -2.200000 8.112563
v -30.956183 -2.200000 8.749695
v -30.856335 -2.200000 9.498770
v -30.806365 -2.200000 9.906749
v -30.596505 -2.200000 10.260165
v -30.262209 -2.200000 10.499309
v -29.859955 -2.200000 10.583781
v -18.550734 -2.200000 10.583781
v -18.257305 -2.200000 10.598166
v -17.966690 -2.200000 10.641182
v -17.681675 -2.200000 10.712416
v -16.252196 -2.200000 10.996138
v -14.794831 -2.200000 10.996138
v -13.365352 -2.200000 10.712416
v -13.080337 -2.200000 10.641182
v -12.789722 -2.200000 10.598166
v -12.496293 -2.200000 10.583781
v -8.922988 -2.200000 10.583781
v -7.328950 -2.200000 10.937109
v -5.696223 -2.200000 10.937109
v -4.102186 -2.200000 10.583781
v 4.531680 -2.200000 10.583781
v 4.987198 -2.200000 10.474008
v 5.342708 -2.200000 10.168789
v 5.520160 -2.200000 9.735134
v 5.780695 -2.200000 9.049399
v 6.299399 -2.200000 8.530695
v 6.985134 -2.200000 8.270160
v 7.418789 -2.200000 8.092708
v 7.724008 -2.200000 7.737198
v 7.833781 -2.200000 7.281680
v 7.833781 -2.200000 3.250000
v 8.853781 -2.200000 3.250000
v 8.853781 -2.200000 10.250000
v 8.672409 -2.200000 10.926891
v 8.176891 -2.200000 11.422409
v 7.500000 -2.200000 11.603781
v -32.071573 -2.200000 11.603781
v -32.421957 -2.200000 11.557652
v -32.748463 -2.200000 11.422409
v -33.028841 -2.200000 11.207268
v -34.457268 -2.200000 9.778841
v -34.672409 -2.200000 9.498463
v -34.807652 -2.200000 9.171957
v -34.853781 -2.200000 8.821573
v -34.853781 -2.200000 -8.821573
v -34.807652 -2.200000 -9.171957
v -34.672409 -2.200000 -9.498463
v -34.457268 -2.200000 -9.778841
v -33.028841 -2.200000 -11.207268
v -32.748463 -2.200000 -11.422409
v -32.421957 -2.200000 -11.557652
v -32.071573 -2.200000 -11.603781
v 7.500000 -2.200000 -11.603781
v 8.176891 -2.200000 -11.422409
v 8.672409 -2.200000 -10.926891
v 8.853781 -2.200000 -10.250000
v 8.853781 -2.200000 -3.250000
v 8.569714 -2.200000 -3.250000
v 8.401444 -2.200000 -3.868345
v 8.188622 -2.200000 -4.472805
v 7.932375 -2.200000 -5.060174
v 7.878010 -2.200000 -5.199036
v 7.844900 -2.200000 -5.344439
v 7.833781 -2.200000 -5.493148
v 7.833781 -2.200000 -7.281680
v 7.724008 -2.200000 -7.737198
v 7.418789 -2.200000 -8.092708
v 6.985134 -2.200000 -8.270160
v 6.299399 -2.200000 -8.530695
v 5.780695 -2.200000 -9.049399
v 5.520160 -2.200000 -9.735134
v 5.342708 -2.200000 -10.168789
v 4.987198 -2.200000 -10.474008
v 4.531680 -2.200000 -10.583781
v -8.532769 -2.200000 -10.583781
v -10.232630 -2.200000 -10.991072
v -11.980604 -2.200000 -10.991072
v -31.600000 -2.200000 -9.350000
v -31.733975 -2.200000 -9.850000
v -32.100000 -2.200000 -10.216025
v -32.600000 -2.200000 -10.350000
v -33.100000 -2.200000 -10.216025
v -33.466025 -2.200000 -9.850000
v -33.600000 -2.200000 -9.350000
v -33.466025 -2.200000 -8.850000
v -33.100000 -2.200000 -8.483975
v -32.600000 -2.200000 -8.350000
v -32.100000 -2.200000 -8.483975
v -31.733975 -2.200000 -8.850000
v -31.600000 -2.200000 9.350000
v -31.733975 -2.200000 8.850000
v -32.100000 -2.200000 8.483975
v -32.600000 -2.200000 8.350000
v -33.100000 -2.200000 8.483975
v -33.466025 -2.200000 8.850000
v -33.600000 -2.200000 9.350000
v -33.466025 -2.200000 9.850000
v -33.100000 -2.200000 10.216025
v -32.600000 -2.200000 10.350000
v -32.100000 -2.200000 10.216025
v -31.733975 -2.200000 9.850000
v 7.250000 -2.200000 -11.000000
v 6.750000 -2.200000 -10.866025
v 6.383975 -2.200000 -10.500000
v 6.250000 -2.200000 -10.000000
v 6.383975 -2.200000 -9.500000
v 6.750000 -2.200000 -9.133975
v 7.250000 -2.200000 -9.000000
v 7.750000 -2.200000 -9.133975
v 8.116025 -2.200000 -9.500000
v 8.250000 -2.200000 -10.000000
v 8.116025 -2.200000 -10.500000
v 7.750000 -2.200000 -10.866025
v -13.680465 4.800000 -10.583781
v -8.532769 4.800000 -10.583781
v -10.232630 4.800000 -10.991072
v -11.980604 4.800000 -10.991072
v 7.833781 4.800000 6.021714
v 7.716654 4.800000 6.491325
v 7.392711 4.800000 6.850929
v 6.937836 4.800000 7.016285
v 6.152347 4.800000 7.208019
v 5.446591 4.800000 7.602561
v 4.871833 4.800000 8.171251
v 4.592775 4.800000 8.419659
v 4.242020 4.800000 8.548309
v 3.868525 4.800000 8.539243
v 2.981863 4.800000 8.578463
v 2.228472 4.800000 9.047621
v 1.802131 4.800000 9.826043
v 1.605243 4.800000 10.217793
v 1.259698 4.800000 10.487665
v 0.831920 4.800000 10.583781
v -4.102186 4.800000 10.583781
v -5.696223 4.800000 10.937109
v -7.328950 4.800000 10.937109
v -8.922988 4.800000 10.583781
v -13.840504 4.800000 10.583781
v -14.563968 4.800000 10.448345
v -15.189449 4.800000 10.060381
v -15.632235 4.800000 9.472431
v -15.658162 4.800000 9.422210
v -15.685697 4.800000 9.372853
v -15.714812 4.800000 9.324411
v -15.856182 4.800000 8.936223
v -15.828575 4.800000 8.524017
v -15.636703 4.800000 8.158147
v -15.005541 4.800000 7.328460
v -14.443989 4.800000 6.450164
v -13.955771 4.800000 5.529084
v -13.884926 4.800000 5.329032
v -13.857893 4.800000 5.118534
v -13.875890 4.800000 4.907071
v -14.000337 4.800000 3.053183
v -13.665216 4.800000 1.225593
v -12.891097 4.800000 -0.463529
v -12.810920 4.800000 -0.623632
v -12.760581 4.800000 -0.795468
v -12.741694 4.800000 -0.973526
v -12.726943 4.800000 -1.114150
v -12.687665 4.800000 -1.249980
v -12.625087 4.800000 -1.376774
v -12.491624 4.800000 -1.739718
v -12.505844 4.800000 -2.126162
v -12.665621 4.800000 -2.478316
v -12.898762 4.800000 -2.914172
v -13.012656 4.800000 -3.395164
v -12.999725 4.800000 -3.889287
v -13.016305 4.800000 -4.281795
v -13.182800 4.800000 -4.637626
v -13.473515 4.800000 -4.901864
v -13.633727 4.800000 -5.021162
v -13.767032 4.800000 -5.169921
v -13.868112 4.800000 -5.342208
v -14.375284 4.800000 -6.330932
v -14.966299 4.800000 -7.271943
v -15.636703 4.800000 -8.158147
v -15.828575 4.800000 -8.524017
v -15.856182 4.800000 -8.936223
v -15.714812 4.800000 -9.324411
v -15.685697 4.800000 -9.372853
v -15.658162 4.800000 -9.422210
v -15.632235 4.800000 -9.472431
v -15.189449 4.800000 -10.060381
v -14.563968 4.800000 -10.448345
v -13.840504 4.800000 -10.583781
v 0.831920 4.800000 -10.583781
v 1.259698 4.800000 -10.487665
v 1.605243 4.800000 -10.217793
v 1.802131 4.800000 -9.826043
v 2.228472 4.800000 -9.047621
v 2.981863 4.800000 -8.578463
v 3.868525 4.800000 -8.539243
v 4.242020 4.800000 -8.548309
v 4.592775 4.800000 -8.419659
v 4.871833 4.800000 -8.171251
v 5.446591 4.800000 -7.602561
v 6.152347 4.800000 -7.208019
v 6.937836 4.800000 -7.016285
v 7.392711 4.800000 -6.850929
v 7.716654 4.800000 -6.491325
v 7.833781 4.800000 -6.021714
v 7.833781 4.800000 -6.000000
v 7.833781 4.800000 -5.258974
v 7.864473 4.800000 -5.198426
v 7.894697 4.800000 -5.137643
v 7.924451 4.800000 -5.076628
v 7.924451 4.800000 -5.077074
v 7.927057 4.800000 -5.071425
v 7.929698 4.800000 -5.065791
v 7.932375 4.800000 -5.060174
v 8.280792 4.800000 -4.227999
v 8.542177 4.800000 -3.364525
v 8.713781 4.800000 -2.478827
v 8.713781 4.800000 -0.021173
v 8.542177 4.800000 0.864525
v 8.280792 4.800000 1.727999
v 7.932375 4.800000 2.560174
v 7.929698 4.800000 2.565791
v 7.927057 4.800000 2.571425
v 7.924451 4.800000 2.577074
v 7.924451 4.800000 2.576628
v 7.894697 4.800000 2.637643
v 7.864473 4.800000 2.698426
v 7.833781 4.800000 2.758974
v 7.833781 4.800000 6.000000
v 7.833781 4.790000 6.000000
v 7.833781 4.790000 2.993148
v 7.833781 2.800000 7.281680
v 7.833781 2.800000 6.021714
v 7.716654 2.800000 6.491325
v 7.392711 2.800000 6.850929
v 6.937836 2.800000 7.016285
v 6.152347 2.800000 7.208019
v 5.446591 2.800000 7.602561
v 4.871833 2.800000 8.171251
v 4.592775 2.800000 8.419659
v 4.242020 2.800000 8.548309
v 3.868525 2.800000 8.539243
v 4.132879 2.800000 8.618448
v 4.381496 2.800000 8.738224
v 4.608191 2.800000 8.895595
v 4.608191 1.300000 8.895595
v 3.818097 1.300000 8.529153
v 2.949216 1.300000 8.588935
v 2.216754 1.300000 9.060134
v 1.802131 1.300000 9.826043
v 1.605243 1.300000 10.217793
v 1.259698 1.300000 10.487665
v 0.831920 1.300000 10.583781
v 4.531680 1.300000 10.583781
v -12.496293 1.300000 10.583781
v -13.840504 1.300000 10.583781
v -14.563968 1.300000 10.448345
v -15.189449 1.300000 10.060381
v -15.632235 1.300000 9.472431
v -16.118460 1.300000 8.874220
v -16.814555 1.300000 8.542976
v -17.585445 1.300000 8.542976
v -18.281540 1.300000 8.874220
v -18.767765 1.300000 9.472431
v -18.767765 3.400000 9.472431
v -18.307996 3.400000 8.895436
v -17.651298 3.400000 8.559193
v -16.914389 3.400000 8.523464
v -16.228243 3.400000 8.794600
v -15.714812 3.400000 9.324411
v -15.856182 3.400000 8.936223
v -15.828575 3.400000 8.524017
v -15.636703 3.400000 8.158147
v -15.000611 3.400000 7.321396
v -14.435317 3.400000 6.435276
v -13.944631 3.400000 5.505764
v -13.944960 3.500000 5.505805
v -13.948516 3.500000 5.513598
v -13.952110 3.500000 5.521357
v -13.955771 3.500000 5.529084
v -13.881091 3.500000 5.312313
v -13.857746 3.500000 5.109959
v -13.875890 3.500000 4.907071
v -12.891097 3.400000 -0.463529
v -13.864519 3.500000 4.964607
v -13.852697 3.500000 5.022053
v -13.840428 3.500000 5.079404
v -13.840427 3.400000 5.079407
v -14.006122 3.400000 3.170339
v -13.682640 3.400000 1.281595
v -12.999725 3.400000 -3.889287
v -13.012656 3.400000 -3.395164
v -12.898762 3.400000 -2.914172
v -12.665621 3.400000 -2.478316
v -12.505844 3.400000 -2.126162
v -12.491624 3.400000 -1.739718
v -12.625087 3.400000 -1.376774
v -12.687665 3.400000 -1.249980
v -12.726943 3.400000 -1.114150
v -12.741694 3.400000 -0.973526
v -12.760581 3.400000 -0.795468
v -12.810920 3.400000 -0.623632
v -13.830895 3.400000 5.229987
v -13.866717 3.400000 5.376556
v -19.210551 3.400000 10.060381
v -19.836032 3.400000 10.448345
v -20.559496 3.400000 10.583781
v -28.606838 3.400000 10.583781
v -29.002986 3.400000 10.501968
v -29.334314 3.400000 10.269913
v -29.546607 3.400000 9.925589
v -29.605128 3.400000 9.525336
v -29.795983 3.400000 8.283470
v -30.478680 3.400000 7.228680
v -31.533470 3.400000 6.545983
v -32.775336 3.400000 6.355128
v -33.175589 3.400000 6.296607
v -33.519913 3.400000 6.084314
v -33.751968 3.400000 5.752986
v -33.833781 3.400000 5.356838
v -33.833781 3.400000 4.052526
v -33.849281 3.400000 3.804015
v -33.895539 3.400000 3.559356
v -33.971839 3.400000 3.322341
v -34.529477 3.400000 1.130724
v -34.529477 3.400000 -1.130724
v -33.971839 3.400000 -3.322341
v -33.895539 3.400000 -3.559356
v -33.849281 3.400000 -3.804015
v -33.833781 3.400000 -4.052526
v -33.833781 3.400000 -5.356838
v -33.751968 3.400000 -5.752986
v -33.519913 3.400000 -6.084314
v -33.175589 3.400000 -6.296607
v -32.775336 3.400000 -6.355128
v -31.533470 3.400000 -6.545983
v -30.478680 3.400000 -7.228680
v -29.795983 3.400000 -8.283470
v -29.605128 3.400000 -9.525336
v -29.546607 3.400000 -9.925589
v -29.334314 3.400000 -10.269913
v -29.002986 3.400000 -10.501968
v -28.606838 3.400000 -10.583781
v -20.559496 3.400000 -10.583781
v -19.836032 3.400000 -10.448345
v -19.210551 3.400000 -10.060381
v -18.767765 3.400000 -9.472431
v -18.307996 3.400000 -8.895436
v -17.651298 3.400000 -8.559193
v -16.914389 3.400000 -8.523464
v -16.228243 3.400000 -8.794600
v -15.714812 3.400000 -9.324411
v -15.856182 3.400000 -8.936223
v -15.828575 3.400000 -8.524017
v -15.636703 3.400000 -8.158147
v -14.966299 3.400000 -7.271943
v -14.375284 3.400000 -6.330932
v -13.868112 3.400000 -5.342208
v -13.767032 3.400000 -5.169921
v -13.633727 3.400000 -5.021162
v -13.473515 3.400000 -4.901864
v -13.182800 3.400000 -4.637626
v -13.016305 3.400000 -4.281795
v -19.750000 3.400000 0.000000
v -20.520354 3.400000 -2.875000
v -22.625000 3.400000 -4.979646
v -25.500000 3.400000 -5.750000
v -28.375000 3.400000 -4.979646
v -30.479646 3.400000 -2.875000
v -31.250000 3.400000 0.000000
v -30.479646 3.400000 2.875000
v -28.375000 3.400000 4.979646
v -25.500000 3.400000 5.750000
v -22.625000 3.400000 4.979646
v -20.520354 3.400000 2.875000
v -19.750000 1.200000 0.000000
v -20.520354 1.200000 -2.875000
v -22.625000 1.200000 -4.979646
v -25.500000 1.200000 -5.750000
v -28.375000 1.200000 -4.979646
v -30.479646 1.200000 -2.875000
v -31.250000 1.200000 -0.000000
v -30.479646 1.200000 2.875000
v -28.375000 1.200000 4.979646
v -25.500000 1.200000 5.750000
v -22.625000 1.200000 4.979646
v -20.520354 1.200000 2.875000
v -20.500000 1.200000 0.000000
v -21.169873 1.200000 -2.500000
v -23.000000 1.200000 -4.330127
v -25.500000 1.200000 -5.000000
v -28.000000 1.200000 -4.330127
v -29.830127 1.200000 -2.500000
v -30.500000 1.200000 0.000000
v -29.830127 1.200000 2.500000
v -28.000000 1.200000 4.330127
v -25.500000 1.200000 5.000000
v -23.000000 1.200000 4.330127
v -21.169873 1.200000 2.500000
v -20.500000 3.680000 0.000000
v -21.169873 3.680000 -2.500000
v -23.000000 3.680000 -4.330127
v -25.500000 3.680000 -5.000000
v -28.000000 3.680000 -4.330127
v -29.830127 3.680000 -2.500000
v -30.500000 3.680000 -0.000000
v -29.830127 3.680000 2.500000
v -28.000000 3.680000 4.330127
v -25.500000 3.680000 5.000000
v -23.000000 3.680000 4.330127
v -21.169873 3.680000 2.500000
v -21.500000 3.680000 0.000000
v -22.035898 3.680000 -2.000000
v -23.500000 3.680000 -3.464102
v -25.500000 3.680000 -4.000000
v -27.500000 3.680000 -3.464102
v -28.964102 3.680000 -2.000000
v -29.500000 3.680000 0.000000
v -28.964102 3.680000 2.000000
v -27.500000 3.680000 3.464102
v -25.500000 3.680000 4.000000
v -23.500000 3.680000 3.464102
v -22.035898 3.680000 2.000000
v -21.500000 3.700000 0.000000
v -22.035898 3.700000 -2.000000
v -23.500000 3.700000 -3.464102
v -25.500000 3.700000 -4.000000
v -27.500000 3.700000 -3.464102
v -28.964102 3.700000 -2.000000
v -29.500000 3.700000 -0.000000
v -28.964102 3.700000 2.000000
v -27.500000 3.700000 3.464102
v -25.500000 3.700000 4.000000
v -23.500000 3.700000 3.464102
v -22.035898 3.700000 2.000000
v -28.550000 3.700000 0.000000
v -28.141377 3.700000 1.525000
v -27.025000 3.700000 2.641377
v -25.500000 3.700000 3.050000
v -23.975000 3.700000 2.641377
v -22.858623 3.700000 1.525000
v -22.450000 3.700000 -0.000000
v -22.858623 3.700000 -1.525000
v -23.975000 3.700000 -2.641377
v -25.500000 3.700000 -3.050000
v -27.025000 3.700000 -2.641377
v -28.141377 3.700000 -1.525000
v -28.550000 4.400000 0.000000
v -28.141377 4.400000 1.525000
v -27.025000 4.400000 2.641377
v -25.500000 4.400000 3.050000
v -23.975000 4.400000 2.641377
v -22.858623 4.400000 1.525000
v -22.450000 4.400000 0.000000
v -22.858623 4.400000 -1.525000
v -23.975000 4.400000 -2.641377
v -25.500000 4.400000 -3.050000
v -27.025000 4.400000 -2.641377
v -28.141377 4.400000 -1.525000
v -30.750000 4.400000 0.000000
v -30.046633 4.400000 2.625000
v -28.125000 4.400000 4.546633
v -25.500000 4.400000 5.250000
v -22.875000 4.400000 4.546633
v -20.953367 4.400000 2.625000
v -20.250000 4.400000 -0.000000
v -20.953367 4.400000 -2.625000
v -22.875000 4.400000 -4.546633
v -25.500000 4.400000 -5.250000
v -28.125000 4.400000 -4.546633
v -30.046633 4.400000 -2.625000
v -18.767765 1.300000 -9.472431
v -18.281540 1.300000 -8.874220
v -17.585445 1.300000 -8.542976
v -16.814555 1.300000 -8.542976
v -16.118460 1.300000 -8.874220
v -15.632235 1.300000 -9.472431
v -15.189449 1.300000 -10.060381
v -14.563968 1.300000 -10.448345
v -13.840504 1.300000 -10.583781
v -20.559496 1.300000 -10.583781
v -28.606838 2.000000 -10.583781
v -29.859955 2.000000 -10.583781
v -30.262209 2.000000 -10.499309
v -30.596505 2.000000 -10.260165
v -30.806365 2.000000 -9.906749
v -30.856335 2.000000 -9.498770
v -30.956183 2.000000 -8.749695
v -31.362563 2.000000 -8.112563
v -31.999695 2.000000 -7.706183
v -32.748770 2.000000 -7.606335
v -33.833781 2.000000 -6.609955
v -33.156749 2.000000 -7.556365
v -33.510165 2.000000 -7.346505
v -33.749309 2.000000 -7.012209
v -29.002986 2.000000 -10.501968
v -29.334314 2.000000 -10.269913
v -29.546607 2.000000 -9.925589
v -29.605128 2.000000 -9.525336
v -29.795983 2.000000 -8.283470
v -30.478680 2.000000 -7.228680
v -31.533470 2.000000 -6.545983
v -32.775336 2.000000 -6.355128
v -33.175589 2.000000 -6.296607
v -33.519913 2.000000 -6.084314
v -33.751968 2.000000 -5.752986
v -33.833781 2.000000 -5.356838
v -33.833781 2.000000 5.356838
v -33.833781 2.000000 6.609955
v -33.749309 2.000000 7.012209
v -33.510165 2.000000 7.346505
v -33.156749 2.000000 7.556365
v -32.748770 2.000000 7.606335
v -31.999695 2.000000 7.706183
v -31.362563 2.000000 8.112563
v -30.956183 2.000000 8.749695
v -30.856335 2.000000 9.498770
v -29.859955 2.000000 10.583781
v -30.806365 2.000000 9.906749
v -30.596505 2.000000 10.260165
v -30.262209 2.000000 10.499309
v -29.605128 2.000000 9.525336
v -29.546607 2.000000 9.925589
v -29.334314 2.000000 10.269913
v -29.002986 2.000000 10.501968
v -28.606838 2.000000 10.583781
v -33.751968 2.000000 5.752986
v -33.519913 2.000000 6.084314
v -33.175589 2.000000 6.296607
v -32.775336 2.000000 6.355128
v -31.533470 2.000000 6.545983
v -30.478680 2.000000 7.228680
v -29.795983 2.000000 8.283470
v -20.559496 1.300000 10.583781
v -18.550734 1.300000 10.583781
v -18.257305 1.300000 10.598166
v -17.966690 1.300000 10.641182
v -17.681675 1.300000 10.712416
v -15.739570 1.300000 11.028726
v -13.782392 1.300000 10.825546
v -13.365352 1.300000 10.712416
v -13.080337 1.300000 10.641182
v -12.789722 1.300000 10.598166
v -19.836032 1.300000 10.448345
v -19.210551 1.300000 10.060381
v -19.836032 1.300000 -10.448345
v -19.210551 1.300000 -10.060381
v -13.830899 3.500000 5.230036
v -13.866755 3.500000 5.376648
v 5.520160 1.300000 9.735134
v 4.987198 1.300000 10.474008
v 5.342708 1.300000 10.168789
v 5.058279 1.300000 9.104732
v 5.553484 1.300000 9.071718
v 5.971828 1.300000 8.804686
v 5.759841 1.300000 9.082434
v 5.607258 1.300000 9.396760
v 5.971828 2.800000 8.804686
v 6.266838 2.800000 8.552280
v 6.610241 2.800000 8.371133
v 6.985134 2.800000 8.270160
v 5.058279 2.800000 9.104732
v 5.553484 2.800000 9.071718
v 7.724008 2.800000 7.737198
v 7.418789 2.800000 8.092708
v 7.844451 4.790000 2.847456
v 7.876234 4.790000 2.704873
v 7.928451 4.790000 2.568441
v 7.928451 4.790000 6.000000
v 7.833781 5.026673 6.000000
v 7.833781 5.026673 2.758974
v 7.928451 4.790000 -5.068441
v 7.876234 4.790000 -5.204873
v 7.844451 4.790000 -5.347456
v 7.833781 4.790000 -5.493148
v 7.833781 2.800000 -6.021714
v 7.833781 2.800000 -7.281680
v 7.833781 4.790000 -6.000000
v 7.928451 4.790000 -6.000000
v 7.833781 5.026673 -6.000000
v 7.833781 5.026673 -5.258974
v 6.985134 2.800000 -8.270160
v 7.724008 2.800000 -7.737198
v 7.418789 2.800000 -8.092708
v 5.971828 2.800000 -8.804686
v 6.266838 2.800000 -8.552280
v 6.610241 2.800000 -8.371133
v 7.716654 2.800000 -6.491325
v 7.392711 2.800000 -6.850929
v 6.937836 2.800000 -7.016285
v 6.152347 2.800000 -7.208019
v 5.446591 2.800000 -7.602561
v 4.871833 2.800000 -8.171251
v 4.592775 2.800000 -8.419659
v 4.242020 2.800000 -8.548309
v 3.868525 2.800000 -8.539243
v 4.132879 2.800000 -8.618448
v 4.381496 2.800000 -8.738224
v 4.608191 2.800000 -8.895595
v 5.058279 2.800000 -9.104732
v 5.553484 2.800000 -9.071718
v 4.608191 1.300000 -8.895595
v 5.058279 1.300000 -9.104732
v 5.553484 1.300000 -9.071718
v 5.971828 1.300000 -8.804686
v 1.802131 1.300000 -9.826043
v 2.216754 1.300000 -9.060134
v 2.949216 1.300000 -8.588935
v 3.818097 1.300000 -8.529153
v 0.831920 1.300000 -10.583781
v 1.259698 1.300000 -10.487665
v 1.605243 1.300000 -10.217793
v 4.531680 1.300000 -10.583781
v 4.987198 1.300000 -10.474008
v 5.342708 1.300000 -10.168789
v 5.520160 1.300000 -9.735134
v 5.607258 1.300000 -9.396760
v 5.759841 1.300000 -9.082434
v -32.600000 3.400000 -10.350000
v -33.100000 3.400000 -10.216025
v -33.466025 3.400000 -9.850000
v -33.600000 3.400000 -9.350000
v -33.466025 3.400000 -8.850000
v -33.100000 3.400000 -8.483975
v -32.600000 3.400000 -8.350000
v -32.100000 3.400000 -8.483975
v -31.733975 3.400000 -8.850000
v -31.600000 3.400000 -9.350000
v -31.733975 3.400000 -9.850000
v -32.100000 3.400000 -10.216025
v -34.600000 3.400000 -9.350000
v -34.332051 3.400000 -8.350000
v -33.600000 3.400000 -7.617949
v -32.600000 3.400000 -7.350000
v -31.600000 3.400000 -7.617949
v -30.867949 3.400000 -8.350000
v -30.600000 3.400000 -9.350000
v -30.867949 3.400000 -10.350000
v -31.600000 3.400000 -11.082051
v -32.600000 3.400000 -11.350000
v -33.600000 3.400000 -11.082051
v -34.332051 3.400000 -10.350000
v -32.600000 3.400000 8.350000
v -33.100000 3.400000 8.483975
v -33.466025 3.400000 8.850000
v -33.600000 3.400000 9.350000
v -33.466025 3.400000 9.850000
v -33.100000 3.400000 10.216025
v -32.600000 3.400000 10.350000
v -32.100000 3.400000 10.216025
v -31.733975 3.400000 9.850000
v -31.600000 3.400000 9.350000
v -31.733975 3.400000 8.850000
v -32.100000 3.400000 8.483975
v -34.600000 3.400000 9.350000
v -34.332051 3.400000 10.350000
v -33.600000 3.400000 11.082051
v -32.600000 3.400000 11.350000
v -31.600000 3.400000 11.082051
v -30.867949 3.400000 10.350000
v -30.600000 3.400000 9.350000
v -30.867949 3.400000 8.350000
v -31.600000 3.400000 7.617949
v -32.600000 3.400000 7.350000
v -33.600000 3.400000 7.617949
v -34.332051 3.400000 8.350000
v 9.585128 6.121131 6.204304
v -15.829642 6.122715 5.695488
v -15.871513 6.188071 5.892248
v -19.971988 6.099996 9.818310
v 4.413549 6.372243 10.582692
v 4.156383 6.349248 10.935736
v 3.770030 6.325670 11.135415
v 3.333811 6.301238 11.135756
v 3.127666 6.288845 11.057102
v 2.929681 6.275111 10.913769
v 2.765262 6.258777 10.694551
v 2.675945 6.242073 10.423300
v 2.694981 6.221318 10.087240
v 2.852765 6.199956 9.779822
v 3.136785 6.200000 9.537206
v 3.500000 6.200000 9.450000
v 3.869431 6.200000 9.540408
v 4.155363 6.200000 9.791198
v 4.293170 6.200000 10.145687
v 4.251705 6.200000 10.523752
v 4.055203 6.200000 10.825977
v 3.746042 6.200269 11.011507
v 4.130112 6.289553 10.877904
v 4.314749 6.353976 10.782120
v 4.172345 6.335709 10.952840
v 3.994168 6.317442 11.086863
v 3.790662 6.299176 11.178094
v 3.492821 6.274392 11.222855
v 3.195031 6.249608 11.172908
v 2.926172 6.224825 11.035933
v 2.713859 6.200041 10.822101
v 2.576144 6.175257 10.553192
v 2.526939 6.150474 10.255957
v 2.573029 6.125690 9.957718
v 2.706558 6.100906 9.686940
v 2.934849 6.074329 9.458676
v 3.226039 6.047752 9.317098
v 3.546566 6.021175 9.278081
v 3.862398 5.994598 9.348131
v 4.138851 5.968020 9.515934
v 4.343177 5.941443 9.766076
v 4.455690 5.914866 10.069657
v 4.462313 5.888289 10.392380
v 4.361607 5.861712 10.699989
v 4.167411 5.835134 10.958301
v 3.897975 5.808557 11.136811
v 3.584963 5.781980 11.219115
v 3.263202 5.755403 11.193243
v 2.966803 5.728826 11.062956
v 2.729305 5.702249 10.844106
v 2.578188 5.675671 10.558151
v 2.526998 5.649094 10.238752
v 2.585063 5.622517 9.921097
v 2.743624 5.595940 9.638800
v 2.985089 5.569363 9.424545
v 3.284672 5.542785 9.302155
v 3.607342 5.516208 9.282741
v 3.917802 5.489631 9.372301
v 4.183220 5.463054 9.557600
v 4.372085 5.436477 9.819361
v 4.464651 5.409899 10.129590
v 4.451886 5.383322 10.452366
v 4.331911 5.356745 10.752633
v 4.121625 5.330168 10.998524
v 3.842139 5.303591 11.160166
v 3.524322 5.277014 11.222055
v 3.204616 5.250436 11.177057
v 2.917425 5.223859 11.028028
v 2.693566 5.197282 10.794716
v 2.560645 5.170705 10.500291
v 2.530040 5.144128 10.178001
v 2.606927 5.117550 9.864510
v 2.783425 5.090973 9.593153
v 3.037604 5.064396 9.393672
v 3.343998 5.037819 9.290609
v 3.667609 5.011242 9.291648
v 3.971815 4.984664 9.399684
v 4.224719 4.958087 9.601856
v 4.397698 4.931510 9.874528
v 4.470089 4.904933 10.189807
v 4.437302 4.878356 10.511561
v 4.299239 4.851779 10.803528
v 4.073389 4.825201 11.035513
v 3.784829 4.798624 11.180189
v 3.463798 4.772047 11.221348
v 3.147083 4.745470 11.156961
v 2.870154 4.718893 10.990364
v 2.661387 4.692315 10.743023
v 2.546472 4.665738 10.441377
v 2.536849 4.639161 10.117756
v 2.632415 4.612584 9.809244
v 2.825718 4.586007 9.549973
v 3.092186 4.559429 9.366542
v 3.403960 4.532852 9.282457
v 3.727000 4.506275 9.304418
v 4.024218 4.479698 9.430418
v 4.263367 4.453121 9.648445
v 4.419563 4.426544 9.931440
v 4.472172 4.400052 10.250018
v 4.300006 4.499532 10.249971
v 4.269830 4.521909 10.032373
v 4.181603 4.543422 9.831171
v 4.041944 4.565226 9.661530
v 3.861498 4.587682 9.536334
v 3.653692 4.609194 9.464902
v 3.434391 4.631059 9.452695
v 3.220125 4.653442 9.500553
v 3.026784 4.674894 9.604968
v 2.869226 4.696836 9.757939
v 2.759208 4.719188 9.947962
v 2.704978 4.740613 10.160898
v 2.710697 4.762623 10.380385
v 2.775888 4.784923 10.590091
v 2.895723 4.806333 10.774260
v 3.061005 4.828412 10.918792
v 3.259446 4.850655 11.012977
v 3.476062 4.872060 11.049642
v 3.694432 4.894213 11.026013
v 3.898188 4.916387 10.943863
v 4.071951 4.937810 10.809350
v 4.202425 4.960013 10.632882
v 4.280085 4.982100 10.427389
v 4.298921 5.003545 10.208458
v 4.257557 5.025809 9.992886
v 4.159051 5.047813 9.796511
v 4.010798 5.069294 9.634301
v 3.824249 5.091608 9.518657
v 3.613098 5.113522 9.458035
v 3.393346 5.135046 9.457141
v 3.181826 5.157411 9.515994
v 2.994143 5.179238 9.630235
v 2.844587 5.200816 9.791270
v 2.744582 5.223210 9.986668
v 2.701436 5.244949 10.202084
v 2.718533 5.266586 10.421199
v 2.794511 5.289010 10.627207
v 2.923721 5.310667 10.804889
v 3.096444 5.332366 10.940755
v 3.299488 5.354807 11.024464
v 3.517791 5.376399 11.049802
v 3.734673 5.398159 11.014806
v 3.933814 5.420597 10.922164
v 4.100277 5.442118 10.778837
v 4.221467 5.463941 10.595668
v 4.288283 5.486363 10.386416
v 4.295672 5.507831 10.166899
v 4.243081 5.529730 9.953637
v 4.134469 5.552117 9.762712
v 3.978049 5.573548 9.608542
v 3.785564 5.595523 9.502703
v 3.571552 5.617862 9.453206
v 3.352266 5.639263 9.463759
v 3.143997 5.661311 9.533577
v 2.962542 5.683592 9.657430
v 2.821624 5.704996 9.825965
v 2.731852 5.727125 10.026507
v 2.700024 5.749328 10.243818
v 2.728474 5.770727 10.461537
v 2.815105 5.792919 10.663424
v 2.953376 5.815048 10.834125
v 3.132698 5.836457 10.960696
v 3.339847 5.858710 11.033806
v 3.559094 5.880755 11.047814
v 3.773890 5.902214 11.001654
v 4.082912 5.939934 10.797918
v 4.267151 5.976606 10.476890
v 4.287171 6.014005 10.107304
v 4.138761 6.051164 9.768352
v 3.853675 6.088043 9.532425
v 3.492868 6.125694 9.450032
v 3.133674 6.162259 9.538800
v 4.187174 4.504594 9.692651
v 3.682376 4.558866 9.383807
v 3.095327 4.613137 9.462173
v 2.688875 4.667409 9.893567
v 2.647683 4.722259 10.490920
v 2.995781 4.777109 10.977584
v 3.573427 4.831958 11.131833
v 4.117334 4.886808 10.883996
v 4.379950 4.941658 10.346838
v 4.241037 4.996507 9.764798
v 3.763147 5.051357 9.403999
v 3.164972 5.106207 9.430141
v 2.720474 5.161056 9.830617
v 2.631984 5.215906 10.421887
v 2.939249 5.270756 10.934576
v 3.502504 5.325606 11.135302
v 4.065322 5.380455 10.931935
v 4.370181 5.435305 10.416536
v 4.277047 5.490155 9.825107
v 3.829262 5.545004 9.428379
v 3.231825 5.599854 9.406757
v 2.756818 5.654704 9.769576
v 2.620526 5.709553 10.351826
v 2.885790 5.764403 10.888305
v 3.432178 5.819253 11.133361
v 4.009380 5.874102 10.974425
v 4.353339 5.928952 10.484993
v 4.307829 5.983802 9.888924
v 3.894028 6.038651 9.457590
v 3.300126 6.093501 9.387461
v 2.796771 6.148351 9.711284
v 2.614626 6.203201 10.281745
v 2.837342 6.258050 10.837418
v 4.239094 4.468639 10.556171
v 4.065676 4.436871 10.815695
v 3.806075 4.406208 10.989133
v 3.499921 4.374384 11.050000
v 3.193850 4.343743 10.989102
v 2.934310 4.311868 10.815680
v 2.760839 4.281235 10.556008
v 2.700000 4.249358 10.249877
v 2.760970 4.218712 9.943675
v 2.934429 4.186872 9.684200
v 3.194040 4.156172 9.510819
v 3.500171 4.124403 9.450000
v 3.806354 4.093615 9.510982
v 4.065823 4.061945 9.684452
v 4.239142 4.031061 9.943947
v 4.300000 3.999513 10.250084
v 4.239031 3.968481 10.556323
v 4.065532 3.937067 10.815839
v 3.805900 3.905901 10.989206
v 3.499731 3.874634 11.050000
v 3.193584 3.843327 10.988992
v 2.934116 3.812209 10.815487
v 2.760793 3.780761 10.555897
v 2.700000 3.749787 10.249752
v 2.760975 3.718209 9.943664
v 2.934459 3.687360 9.684170
v 3.193996 3.655667 9.510837
v 3.500025 3.624936 9.450000
v 3.806129 3.593148 9.510889
v 4.065577 3.562496 9.684206
v 4.239018 3.530646 9.943648
v 4.300000 3.500014 10.249861
v 4.239165 3.468134 10.555999
v 4.065776 3.437506 10.815595
v 3.806455 3.405662 10.988976
v 3.500265 3.374990 11.050000
v 3.194150 3.343185 10.989226
v 2.934503 3.312442 10.815874
v 2.761054 3.280739 10.556527
v 2.700000 3.249888 10.250340
v 2.760728 3.218295 9.944261
v 2.934025 3.187325 9.684605
v 3.193424 3.155859 9.511074
v 3.499514 3.124759 9.450000
v 3.805694 3.093429 9.510709
v 4.065282 3.062194 9.683911
v 4.238901 3.031005 9.943364
v 4.300000 2.999632 10.249346
v 4.239331 2.968585 10.555598
v 4.066205 2.937077 10.815165
v 3.806783 2.906167 10.988840
v 3.500691 2.874520 11.050000
v 3.194427 2.843724 10.989341
v 2.934769 2.811974 10.816139
v 2.761108 2.781267 10.556656
v 2.700000 2.749436 10.250546
v 2.760731 2.718787 9.944252
v 2.934061 2.686904 9.684569
v 3.193642 2.656272 9.510984
v 3.499625 2.624419 9.450000
v 3.805950 2.593756 9.510815
v 4.065558 2.561871 9.684187
v 4.239080 2.531183 9.943796
v 4.300000 2.499463 10.250000
v 4.299983 2.300231 10.250024
v 4.192813 2.300000 10.650012
v 3.899988 2.300000 10.942827
v 3.499986 2.300000 11.050000
v 3.099988 2.300000 10.942813
v 2.807173 2.300000 10.649988
v 2.700000 2.300000 10.249986
v 2.807187 2.300000 9.849988
v 3.100012 2.300000 9.557173
v 3.500014 2.300000 9.450000
v 3.900012 2.300000 9.557187
v 4.192827 2.300000 9.850012
v 4.239087 2.331363 9.943814
v 4.065631 2.363135 9.684261
v 3.806009 2.393800 9.510839
v 3.499903 2.425618 9.450000
v 3.193724 2.456271 9.510950
v 2.934250 2.488140 9.684379
v 2.760845 2.518764 9.943976
v 2.700000 2.550639 10.250100
v 2.760888 2.581267 10.556126
v 2.934261 2.613104 10.815632
v 3.193830 2.643806 10.989094
v 3.499966 2.675577 11.050000
v 3.806020 2.706350 10.989156
v 4.065575 2.738019 10.815795
v 4.239047 2.768915 10.556284
v 4.300000 2.800464 10.250138
v 4.239145 2.831489 9.943954
v 4.065776 2.862898 9.684406
v 3.806266 2.894061 9.510946
v 3.500164 2.925322 9.450000
v 3.194027 2.956628 9.510824
v 2.934416 2.987748 9.684214
v 2.760954 3.019198 9.943713
v 2.700000 3.050169 10.249824
v 2.760805 3.081749 10.555925
v 2.934129 3.112593 10.815500
v 3.193540 3.144286 10.988974
v 3.499651 3.175026 11.050000
v 3.805759 3.206813 10.989264
v 4.065278 3.237462 10.816092
v 4.238844 3.269309 10.556774
v 4.300000 3.299938 10.250620
v 4.239362 3.331814 9.944479
v 4.066160 3.362440 9.684789
v 3.807007 3.394278 9.511253
v 3.500889 3.424949 9.450000
v 3.194886 3.456732 9.510470
v 2.935087 3.487477 9.683543
v 2.761390 3.519174 9.942665
v 2.700001 3.550020 10.248714
v 2.760378 3.581618 10.554892
v 2.933363 3.612584 10.814733
v 3.192552 3.644050 10.988563
v 3.498612 3.675153 11.049999
v 3.804830 3.706478 10.989648
v 4.064696 3.737726 10.816673
v 4.238581 3.768911 10.557405
v 4.299999 3.800306 10.251291
v 4.239556 3.831354 9.944948
v 4.066492 3.862883 9.685122
v 3.807097 3.893798 9.511291
v 3.501003 3.925449 9.450001
v 3.194651 3.956251 9.510567
v 2.934856 3.988014 9.683774
v 2.761115 4.018731 9.943327
v 2.700000 4.050565 10.249469
v 2.760747 4.081218 10.555786
v 2.933949 4.113081 10.815319
v 3.193527 4.143715 10.988968
v 3.499541 4.175572 11.050000
v 3.805871 4.206236 10.989218
v 4.065495 4.238119 10.815876
v 4.239057 4.268811 10.556259
v 4.299976 4.300520 10.250034
v 4.255836 4.326584 9.987869
v 4.128145 4.353772 9.754587
v 3.931118 4.379840 9.576103
v 3.686315 4.406680 9.471998
v 3.420987 4.433278 9.453911
v 3.164342 4.459547 9.523823
v 2.944807 4.486629 9.674013
v 2.786689 4.512638 9.887801
v 2.707364 4.539698 10.141702
v 2.715653 4.566055 10.407480
v 2.810653 4.592566 10.655957
v 2.981891 4.619484 10.859560
v 3.210389 4.645523 10.995738
v 3.470923 4.672681 11.049471
v 3.734594 4.698844 11.014830
v 3.972458 4.725624 10.895587
v 4.158022 4.752310 10.704980
v 4.270831 4.778501 10.464056
v 4.298403 4.805625 10.199471
v 4.237686 4.831670 9.940452
v 4.095365 4.858676 9.715640
v 3.887254 4.885121 9.549975
v 3.636231 4.911552 9.461685
v 3.370131 4.938541 9.460612
v 3.118506 4.964558 9.546820
v 2.909005 4.991700 9.710811
v 2.764872 5.017935 9.934426
v 2.702030 5.044634 10.193043
v 2.727493 5.071409 10.457926
v 2.838415 5.097544 10.699783
v 3.022540 5.124701 10.891897
v 3.259415 5.150777 11.012967
v 3.522984 5.177718 11.049670
v 3.783996 5.204254 10.997893
v 4.013661 5.230609 10.863313
v 4.186477 5.257670 10.660791
v 4.283282 5.283713 10.412695
v 4.293298 5.310839 10.146661
v 4.215401 5.337171 9.891948
v 4.058259 5.363799 9.676985
v 3.839404 5.390652 9.525566
v 3.582771 5.416764 9.454293
v 3.317200 5.443933 9.471165
v 3.071644 5.470080 9.574344
v 2.873640 5.496965 9.752333
v 2.745018 5.523589 9.985420
v 2.700003 5.549883 10.247864
v 2.743548 5.576968 10.510347
v 2.870921 5.603017 10.744226
v 3.067861 5.630092 10.923243
v 3.312732 5.656481 11.027773
v 3.578370 5.683031 11.046152
v 3.835184 5.709944 10.976396
v 4.055012 5.736015 10.826162
v 4.213257 5.763174 10.612305
v 4.292660 5.789363 10.358124
v 4.284254 5.816170 10.092058
v 4.189063 5.842855 9.843561
v 4.017506 5.869083 9.639928
v 3.788841 5.896200 9.503963
v 3.527999 5.922261 9.450490
v 3.264183 5.949285 9.485546
v 3.026407 5.975738 9.605245
v 2.841078 6.002199 9.796324
v 2.733948 6.027315 10.019426
v 2.700138 6.051507 10.264845
v 2.742986 6.076659 10.508709
v 2.858364 6.101335 10.727811
v 3.035292 6.125743 10.901188
v 3.256595 6.150983 11.012072
v 3.501391 6.175253 11.049999
v 4.187596 4.404188 9.692325
v 3.682494 4.458460 9.383286
v 3.095087 4.512732 9.461696
v 2.688385 4.567004 9.893352
v 2.647169 4.621854 10.491065
v 2.995477 4.676704 10.978023
v 3.573471 4.731554 11.132365
v 4.117706 4.786403 10.884379
v 4.380481 4.841253 10.346897
v 4.241484 4.896103 9.764505
v 3.763306 4.950952 9.403489
v 3.164770 5.005802 9.429646
v 2.720004 5.060652 9.830364
v 2.631460 5.115501 10.421991
v 2.938910 5.170351 10.934990
v 3.502506 5.225201 11.135836
v 4.065663 5.280050 10.932347
v 4.370706 5.334900 10.416637
v 4.277516 5.389750 9.824851
v 3.829461 5.444599 9.427883
v 3.231663 5.499449 9.406248
v 2.756369 5.554299 9.769286
v 2.619995 5.609149 10.351888
v 2.885420 5.663998 10.888691
v 3.432137 5.718848 11.133894
v 4.009687 5.773698 10.974862
v 4.353854 5.828547 10.485135
v 4.308316 5.883397 9.888707
v 3.894266 5.938247 9.457112
v 3.300005 5.993096 9.386941
v 2.796347 6.047946 9.710959
v 2.614092 6.102796 10.281764
v 2.836942 6.157645 10.837772
v 3.362154 6.212495 11.124830
v 3.949676 6.267345 11.012602
v 4.472151 2.399964 10.250000
v 4.399196 2.431215 9.878239
v 4.187422 2.462466 9.563000
v 3.872891 2.493717 9.351123
v 3.500328 2.524968 9.278086
v 3.127955 2.556219 9.350724
v 2.813030 2.587471 9.562529
v 2.600999 2.618722 9.877292
v 2.528106 2.649973 10.249594
v 2.600856 2.681224 10.622222
v 2.812418 2.712475 10.936953
v 3.127536 2.743726 11.148941
v 3.499522 2.774977 11.222020
v 3.872305 2.806228 11.148871
v 4.187041 2.837480 10.937749
v 4.398749 2.868731 10.622220
v 4.472250 2.899982 10.250510
v 4.398549 2.931233 9.877701
v 4.187942 2.962484 9.562771
v 3.872025 2.993735 9.351507
v 3.500480 3.024986 9.277453
v 3.127774 3.056237 9.351751
v 2.812505 3.087489 9.561885
v 2.601765 3.118740 9.878096
v 2.527145 3.149991 10.249621
v 2.601976 3.181242 10.622113
v 2.811777 3.212493 10.937794
v 3.128133 3.243744 11.148028
v 3.499788 3.274995 11.223102
v 3.871994 3.306246 11.147907
v 4.188062 3.337498 10.938218
v 4.397910 3.368749 10.621904
v 4.473205 3.400000 10.250002
v 4.397911 3.431251 9.878099
v 4.188065 3.462502 9.561785
v 3.871997 3.493753 9.352094
v 3.499792 3.525004 9.276898
v 3.128137 3.556255 9.351971
v 2.811780 3.587507 9.562203
v 2.601977 3.618758 9.877884
v 2.527145 3.650009 10.250376
v 2.601763 3.681260 10.621901
v 2.812502 3.712511 10.938113
v 3.127771 3.743762 11.148247
v 3.500476 3.775013 11.222547
v 3.872021 3.806264 11.148495
v 4.187939 3.837516 10.937232
v 4.398547 3.868767 10.622303
v 4.472250 3.900018 10.249494
v 4.398751 3.931269 9.877783
v 4.187044 3.962520 9.562254
v 3.872309 3.993771 9.351130
v 3.499526 4.025022 9.277980
v 3.127540 4.056274 9.351057
v 2.812421 4.087525 9.563044
v 2.600858 4.118776 9.877774
v 2.528106 4.150027 10.250402
v 2.600998 4.181278 10.622704
v 2.813028 4.212529 10.937468
v 3.127952 4.243780 11.149274
v 3.500324 4.275031 11.221914
v 3.872887 4.306283 11.148879
v 4.187420 4.337534 10.937003
v 4.399195 4.368785 10.621764
v 4.182372 2.404923 9.686055
v 3.666443 2.459933 9.380106
v 3.073378 2.514944 9.473247
v 2.675733 2.569954 9.923649
v 2.659395 2.625580 10.530706
v 3.037469 2.681206 11.005352
v 3.631775 2.736832 11.125496
v 4.164075 2.792458 10.835565
v 4.385497 2.848084 10.271085
v 4.191764 2.903710 9.695986
v 3.672850 2.959336 9.380494
v 3.072770 3.014962 9.473579
v 2.673841 3.070588 9.930788
v 2.662457 3.126214 10.536985
v 3.043323 3.181841 11.008521
v 3.638432 3.237467 11.124897
v 4.169368 3.293093 10.830920
v 4.386410 3.348719 10.263719
v 4.186947 3.404345 9.690178
v 3.665507 3.459971 9.379950
v 3.067155 3.515597 9.477688
v 2.671733 3.571223 9.937091
v 2.664205 3.626849 10.543453
v 3.048860 3.682475 11.012919
v 3.645858 3.738101 11.124427
v 4.174165 3.793727 10.825099
v 4.385599 3.849354 10.256422
v 4.181930 3.904980 9.685396
v 3.658944 3.960606 9.378962
v 3.061073 4.016232 9.480538
v 2.668383 4.071858 9.943350
v 2.666051 4.127484 10.550678
v 3.055474 4.183110 11.016530
v 3.652871 4.238736 11.122321
v 4.177931 4.294362 10.819266
v 4.248004 4.405061 10.724081
v 3.877466 4.360041 11.052157
v 3.392201 4.315354 11.129072
v 2.941103 4.270666 10.936797
v 2.660243 4.225979 10.533958
v 2.638684 4.181291 10.042923
v 2.881299 4.136604 9.616696
v 3.313251 4.091916 9.383592
v 3.803678 4.047229 9.417572
v 4.199542 4.002541 9.707380
v 4.381798 3.957854 10.162879
v 4.292746 3.913166 10.646349
v 3.959542 3.868479 11.006759
v 3.486371 3.823791 11.135755
v 3.016125 3.779104 10.992757
v 2.695783 3.734416 10.620534
v 2.621748 3.689729 10.135806
v 2.816916 3.645041 9.684904
v 3.223261 3.600354 9.408702
v 3.713276 3.555666 9.390597
v 4.138932 3.510979 9.635517
v 4.367512 3.466291 10.070638
v 4.329464 3.421604 10.559600
v 4.037875 3.376916 10.954436
v 3.579655 3.332229 11.132503
v 3.098072 3.287541 11.038828
v 2.739220 3.242854 10.704280
v 2.613945 3.198166 10.228907
v 2.761981 3.153479 9.760928
v 3.135196 3.108791 9.442742
v 3.621573 3.064104 9.371909
v 4.069911 3.019416 9.572312
v 4.343287 2.974729 9.979384
v 4.358679 2.930041 10.470471
v 3.927090 2.865041 11.026873
v 3.226047 2.800041 11.093141
v 2.697843 2.735041 10.627466
v 2.675724 2.670041 9.923646
v 3.073364 2.615032 9.473245
v 3.666423 2.560023 9.380094
v 4.182357 2.505014 9.686023
v -16.286451 6.372243 10.582692
v -16.543617 6.349248 10.935736
v -16.929970 6.325670 11.135415
v -17.366189 6.301238 11.135756
v -17.572334 6.288845 11.057102
v -17.770319 6.275111 10.913769
v -17.934738 6.258777 10.694551
v -18.024055 6.242073 10.423300
v -18.005019 6.221318 10.087240
v -17.847235 6.199956 9.779822
v -17.563215 6.200000 9.537206
v -17.200000 6.200000 9.450000
v -16.830569 6.200000 9.540408
v -16.544637 6.200000 9.791198
v -16.406830 6.200000 10.145687
v -16.448295 6.200000 10.523752
v -16.644797 6.200000 10.825977
v -16.953958 6.200269 11.011507
v -16.569888 6.289553 10.877904
v -16.385251 6.353976 10.782120
v -16.527655 6.335709 10.952840
v -16.705832 6.317442 11.086863
v -16.909338 6.299176 11.178094
v -17.207179 6.274392 11.222855
v -17.504969 6.249608 11.172908
v -17.773828 6.224825 11.035933
v -17.986141 6.200041 10.822101
v -18.123856 6.175257 10.553192
v -18.173061 6.150474 10.255957
v -18.126971 6.125690 9.957718
v -17.993442 6.100906 9.686940
v -17.765151 6.074329 9.458676
v -17.473961 6.047752 9.317098
v -17.153434 6.021175 9.278081
v -16.837602 5.994598 9.348131
v -16.561149 5.968020 9.515934
v -16.356823 5.941443 9.766076
v -16.244310 5.914866 10.069657
v -16.237687 5.888289 10.392380
v -16.338393 5.861712 10.699989
v -16.532589 5.835134 10.958301
v -16.802025 5.808557 11.136811
v -17.115037 5.781980 11.219115
v -17.436798 5.755403 11.193243
v -17.733197 5.728826 11.062956
v -17.970695 5.702249 10.844106
v -18.121812 5.675671 10.558151
v -18.173002 5.649094 10.238752
v -18.114937 5.622517 9.921097
v -17.956376 5.595940 9.638800
v -17.714911 5.569363 9.424545
v -17.415327 5.542785 9.302155
v -17.092658 5.516208 9.282741
v -16.782198 5.489631 9.372301
v -16.516780 5.463054 9.557600
v -16.327915 5.436477 9.819361
v -16.235349 5.409899 10.129590
v -16.248114 5.383322 10.452366
v -16.368089 5.356745 10.752633
v -16.578375 5.330168 10.998524
v -16.857862 5.303591 11.160166
v -17.175678 5.277014 11.222055
v -17.495384 5.250436 11.177057
v -17.782575 5.223859 11.028028
v -18.006434 5.197282 10.794716
v -18.139355 5.170705 10.500291
v -18.169960 5.144128 10.178001
v -18.093073 5.117550 9.864510
v -17.916575 5.090973 9.593153
v -17.662396 5.064396 9.393672
v -17.356002 5.037819 9.290609
v -17.032391 5.011242 9.291648
v -16.728185 4.984664 9.399684
v -16.475281 4.958087 9.601856
v -16.302302 4.931510 9.874528
v -16.229911 4.904933 10.189807
v -16.262698 4.878356 10.511561
v -16.400761 4.851779 10.803529
v -16.626611 4.825201 11.035513
v -16.915171 4.798624 11.180189
v -17.236202 4.772047 11.221348
v -17.552917 4.745470 11.156961
v -17.829846 4.718893 10.990364
v -18.038613 4.692315 10.743023
v -18.153528 4.665738 10.441377
v -18.163151 4.639161 10.117756
v -18.067585 4.612584 9.809244
v -17.874282 4.586007 9.549973
v -17.607814 4.559429 9.366542
v -17.296040 4.532852 9.282457
v -16.973000 4.506275 9.304418
v -16.675782 4.479698 9.430418
v -16.436633 4.453121 9.648445
v -16.280437 4.426544 9.931440
v -16.227828 4.400052 10.250018
v -16.399994 4.499532 10.249971
v -16.430170 4.521909 10.032372
v -16.518381 4.543419 9.831198
v -16.658035 4.565222 9.661549
v -16.838453 4.587677 9.536359
v -17.046255 4.609188 9.464912
v -17.265556 4.631054 9.452691
v -17.479826 4.653436 9.500535
v -17.673175 4.674889 9.604937
v -17.830743 4.696831 9.757900
v -17.940774 4.719183 9.947916
v -17.995017 4.740608 10.160849
v -17.989311 4.762618 10.380338
v -17.924132 4.784918 10.590049
v -17.804307 4.806328 10.774226
v -17.639033 4.828407 10.918768
v -17.440596 4.850650 11.012964
v -17.223981 4.872056 11.049640
v -17.005609 4.894209 11.026023
v -16.801848 4.916383 10.943884
v -16.628077 4.937806 10.809379
v -16.497594 4.960008 10.632917
v -16.419923 4.982096 10.427427
v -16.401077 5.003542 10.208496
v -16.442431 5.025805 9.992921
v -16.540929 5.047810 9.796541
v -16.689175 5.069290 9.634323
v -16.875720 5.091604 9.518671
v -17.086870 5.113519 9.458039
v -17.306623 5.135042 9.457137
v -17.518145 5.157407 9.515981
v -17.705833 5.179235 9.630215
v -17.855396 5.200813 9.791245
v -17.955409 5.223207 9.986641
v -17.998562 5.244946 10.202057
v -17.981473 5.266584 10.421173
v -17.905501 5.289008 10.627184
v -17.776296 5.310665 10.804872
v -17.603576 5.332364 10.940743
v -17.400534 5.354804 11.024459
v -17.182231 5.376397 11.049803
v -16.965347 5.398156 11.014812
v -16.766203 5.420595 10.922175
v -16.599736 5.442116 10.778851
v -16.478541 5.463939 10.595684
v -16.411720 5.486361 10.386433
v -16.404326 5.507830 10.166915
v -16.456914 5.529729 9.953651
v -16.565522 5.552116 9.762724
v -16.721940 5.573546 9.608550
v -16.914424 5.595522 9.502707
v -17.128436 5.617861 9.453207
v -17.347724 5.639262 9.463757
v -17.555994 5.661310 9.533573
v -17.737451 5.683591 9.657424
v -17.878372 5.704996 9.825958
v -17.968146 5.727124 10.026500
v -17.999976 5.749327 10.243812
v -17.971527 5.770727 10.461532
v -17.884897 5.792919 10.663420
v -17.746627 5.815047 10.834123
v -17.567305 5.836456 10.960695
v -17.360154 5.858710 11.033805
v -17.140907 5.880755 11.047814
v -16.926110 5.902214 11.001654
v -16.617088 5.939934 10.797918
v -16.432849 5.976606 10.476890
v -16.412829 6.014005 10.107304
v -16.561239 6.051164 9.768352
v -16.846325 6.088043 9.532425
v -17.207132 6.125694 9.450032
v -17.566326 6.162259 9.538800
v -16.512827 4.504594 9.692651
v -17.017624 4.558866 9.383807
v -17.604673 4.613137 9.462173
v -18.011125 4.667409 9.893567
v -18.052317 4.722259 10.490920
v -17.704219 4.777109 10.977584
v -17.126573 4.831958 11.131833
v -16.582666 4.886808 10.883996
v -16.320050 4.941658 10.346838
v -16.458963 4.996507 9.764798
v -16.936853 5.051357 9.403999
v -17.535028 5.106207 9.430141
v -17.979526 5.161056 9.830617
v -18.068016 5.215906 10.421887
v -17.760751 5.270756 10.934576
v -17.197496 5.325606 11.135302
v -16.634678 5.380455 10.931935
v -16.329819 5.435305 10.416536
v -16.422953 5.490155 9.825107
v -16.870738 5.545004 9.428379
v -17.468175 5.599854 9.406757
v -17.943182 5.654704 9.769576
v -18.079474 5.709553 10.351826
v -17.814210 5.764403 10.888305
v -17.267822 5.819253 11.133361
v -16.690620 5.874102 10.974425
v -16.346661 5.928952 10.484993
v -16.392171 5.983802 9.888924
v -16.805972 6.038651 9.457590
v -17.399874 6.093501 9.387461
v -17.903229 6.148351 9.711284
v -18.085374 6.203201 10.281745
v -17.862658 6.258050 10.837418
v -16.460902 4.468640 10.556161
v -16.634308 4.436874 10.815679
v -16.893887 4.406212 10.989117
v -17.200026 4.374389 11.050000
v -17.506045 4.343754 10.989146
v -17.765563 4.311886 10.815808
v -17.939047 4.281264 10.556284
v -18.000000 4.249390 10.250196
v -17.939232 4.218764 9.944164
v -17.765951 4.186926 9.684581
v -17.506630 4.156243 9.511097
v -17.200573 4.124478 9.450000
v -16.894339 4.093688 9.510695
v -16.634701 4.062021 9.683928
v -16.461137 4.031132 9.943273
v -16.400000 3.999587 10.249365
v -16.460698 3.968549 10.555668
v -16.633975 3.937138 10.815346
v -16.893466 3.905967 10.988943
v -17.199594 3.874704 11.050000
v -17.505802 3.843391 10.989247
v -17.765421 3.812276 10.815949
v -17.938961 3.780824 10.556491
v -18.000000 3.749852 10.250384
v -17.939263 3.718269 9.944238
v -17.765972 3.687422 9.684601
v -17.506557 3.655726 9.511066
v -17.200563 3.624996 9.450000
v -16.894405 3.593204 9.510668
v -16.634824 3.562553 9.683805
v -16.461195 3.530701 9.943134
v -16.400000 3.500068 10.249316
v -16.460631 3.468188 10.555505
v -16.633854 3.437558 10.815224
v -16.893072 3.405713 10.988779
v -17.199233 3.375039 11.050000
v -17.505397 3.343234 10.989414
v -17.765158 3.312489 10.816213
v -17.938767 3.280786 10.556959
v -18.000000 3.249933 10.250798
v -17.939443 3.218340 9.944674
v -17.766283 3.187367 9.684913
v -17.506968 3.155902 9.511237
v -17.200900 3.124799 9.450001
v -16.894678 3.093470 9.510555
v -16.634996 3.062232 9.683634
v -16.461245 3.031044 9.943012
v -16.400001 2.999668 10.248976
v -16.460532 2.968622 10.555266
v -16.633548 2.937111 10.814918
v -16.892905 2.906202 10.988710
v -17.198983 2.874552 11.049999
v -17.505282 2.843756 10.989461
v -17.765016 2.812004 10.816354
v -17.938780 2.781297 10.556926
v -18.000000 2.749461 10.250789
v -17.939337 2.718804 9.944416
v -17.766103 2.686927 9.684733
v -17.506556 2.656293 9.511066
v -17.200549 2.624436 9.450000
v -16.894177 2.593769 9.510762
v -16.634522 2.561883 9.684107
v -16.460939 2.531188 9.943750
v -16.400000 2.499463 10.250000
v -16.400017 2.300230 10.250025
v -16.507187 2.300000 10.650013
v -16.800013 2.300000 10.942828
v -17.200015 2.300000 11.050000
v -17.600013 2.300000 10.942813
v -17.892828 2.300000 10.649987
v -18.000000 2.300000 10.249985
v -17.892813 2.300000 9.849987
v -17.599987 2.300000 9.557172
v -17.199985 2.300000 9.450000
v -16.799987 2.300000 9.557187
v -16.507172 2.300000 9.850013
v -16.460760 2.331322 9.944182
v -16.633894 2.363069 9.684735
v -16.893126 2.393705 9.511198
v -17.198992 2.425509 9.450001
v -17.505085 2.456142 9.510458
v -17.764736 2.487998 9.683367
v -17.938544 2.518606 9.942506
v -17.999998 2.550468 10.248386
v -17.939756 2.581101 10.554568
v -17.766975 2.612928 10.814393
v -17.507904 2.643623 10.988373
v -17.201981 2.675380 11.049998
v -16.895734 2.706166 10.989880
v -16.635787 2.737824 10.817154
v -16.461705 2.768726 10.558091
v -16.400003 2.800263 10.252107
v -16.460086 2.831296 9.945816
v -16.632852 2.862699 9.685781
v -16.891932 2.893874 9.511695
v -17.198022 2.925136 9.450002
v -17.504330 2.956456 9.510147
v -17.764388 2.987576 9.683020
v -17.938420 3.019039 9.942208
v -17.999998 3.050022 10.248368
v -17.939690 3.081621 10.554728
v -17.766650 3.112480 10.814719
v -17.507287 3.144198 10.988630
v -17.201042 3.174956 11.049999
v -16.894671 3.206768 10.989442
v -16.634796 3.237452 10.816166
v -16.461118 3.269318 10.556681
v -16.400000 3.299958 10.250422
v -16.460758 3.331845 9.944187
v -16.634207 3.362492 9.684422
v -16.893819 3.394368 9.510911
v -17.200230 3.425059 9.450000
v -17.506467 3.456882 9.511029
v -17.766094 3.487640 9.684723
v -17.939367 3.519377 9.944489
v -18.000000 3.550229 10.250869
v -17.938728 3.581855 10.557051
v -17.764910 3.612821 10.816460
v -17.505025 3.644319 10.989567
v -17.198730 3.675410 11.049999
v -16.892573 3.706768 10.988572
v -16.633327 3.737996 10.814696
v -16.460327 3.769204 10.554770
v -16.400001 3.800573 10.248527
v -16.461487 3.831634 9.942432
v -16.635368 3.863139 9.683263
v -16.895272 3.894060 9.510310
v -17.201438 3.925688 9.450001
v -17.507508 3.956489 9.511462
v -17.766630 3.988220 9.685261
v -17.939619 4.018925 9.945101
v -17.999999 4.050734 10.251187
v -17.938655 4.081375 10.557228
v -17.764991 4.113229 10.816379
v -17.505287 4.143843 10.989459
v -17.199277 4.175691 11.050000
v -16.893262 4.206328 10.988859
v -16.634044 4.238184 10.815415
v -16.460791 4.268850 10.555891
v -16.400024 4.300520 10.250034
v -16.444164 4.326584 9.987870
v -16.571855 4.353772 9.754587
v -16.768882 4.379840 9.576103
v -17.013685 4.406680 9.471998
v -17.279012 4.433278 9.453911
v -17.535657 4.459547 9.523822
v -17.755192 4.486629 9.674013
v -17.913310 4.512638 9.887801
v -17.992636 4.539698 10.141701
v -17.984347 4.566055 10.407480
v -17.889347 4.592566 10.655956
v -17.718109 4.619483 10.859560
v -17.489611 4.645523 10.995738
v -17.229078 4.672681 11.049471
v -16.965406 4.698844 11.014831
v -16.727542 4.725624 10.895588
v -16.541978 4.752310 10.704980
v -16.429169 4.778501 10.464056
v -16.401597 4.805625 10.199471
v -16.462314 4.831670 9.940453
v -16.604635 4.858676 9.715640
v -16.812746 4.885121 9.549976
v -17.063769 4.911552 9.461685
v -17.329868 4.938541 9.460611
v -17.581493 4.964558 9.546819
v -17.790995 4.991700 9.710811
v -17.935128 5.017935 9.934425
v -17.997970 5.044634 10.193043
v -17.972507 5.071409 10.457925
v -17.861585 5.097544 10.699783
v -17.677461 5.124701 10.891897
v -17.440586 5.150777 11.012967
v -17.177017 5.177718 11.049670
v -16.916005 5.204254 10.997893
v -16.686340 5.230609 10.863313
v -16.513523 5.257670 10.660792
v -16.416718 5.283713 10.412696
v -16.406702 5.310839 10.146662
v -16.484599 5.337171 9.891948
v -16.641740 5.363799 9.676985
v -16.860596 5.390652 9.525566
v -17.117228 5.416764 9.454294
v -17.382799 5.443933 9.471165
v -17.628355 5.470080 9.574344
v -17.826360 5.496965 9.752332
v -17.954982 5.523589 9.985420
v -17.999997 5.549883 10.247863
v -17.956452 5.576968 10.510347
v -17.829080 5.603017 10.744225
v -17.632140 5.630092 10.923242
v -17.387269 5.656481 11.027773
v -17.121631 5.683031 11.046152
v -16.864816 5.709944 10.976396
v -16.644989 5.736015 10.826162
v -16.486744 5.763174 10.612305
v -16.407340 5.789363 10.358124
v -16.415746 5.816170 10.092058
v -16.510937 5.842855 9.843562
v -16.682494 5.869083 9.639929
v -16.911158 5.896200 9.503964
v -17.172000 5.922261 9.450490
v -17.435816 5.949285 9.485546
v -17.673593 5.975738 9.605244
v -17.858922 6.002199 9.796324
v -17.966052 6.027315 10.019426
v -17.999862 6.051507 10.264845
v -17.957014 6.076659 10.508709
v -17.841637 6.101335 10.727810
v -17.664709 6.125743 10.901188
v -17.443406 6.150983 11.012072
v -17.198609 6.175253 11.049999
v -16.512404 4.404188 9.692325
v -17.017506 4.458460 9.383286
v -17.604913 4.512732 9.461696
v -18.011615 4.567004 9.893352
v -18.052831 4.621854 10.491065
v -17.704523 4.676704 10.978023
v -17.126529 4.731554 11.132365
v -16.582294 4.786403 10.884379
v -16.319519 4.841253 10.346897
v -16.458516 4.896103 9.764505
v -16.936694 4.950952 9.403489
v -17.535230 5.005802 9.429646
v -17.979996 5.060652 9.830364
v -18.068540 5.115501 10.421991
v -17.761090 5.170351 10.934990
v -17.197494 5.225201 11.135836
v -16.634337 5.280050 10.932347
v -16.329294 5.334900 10.416637
v -16.422484 5.389750 9.824851
v -16.870539 5.444599 9.427883
v -17.468337 5.499449 9.406248
v -17.943631 5.554299 9.769286
v -18.080005 5.609149 10.351888
v -17.814580 5.663998 10.888691
v -17.267863 5.718848 11.133894
v -16.690313 5.773698 10.974862
v -16.346146 5.828547 10.485135
v -16.391684 5.883397 9.888707
v -16.805734 5.938247 9.457112
v -17.399995 5.993096 9.386941
v -17.903653 6.047946 9.710959
v -18.085908 6.102796 10.281764
v -17.863058 6.157645 10.837772
v -17.337846 6.212495 11.124830
v -16.750324 6.267345 11.012602
v -16.227849 2.399964 10.250000
v -16.300804 2.431215 9.878239
v -16.512578 2.462466 9.563000
v -16.827109 2.493717 9.351123
v -17.199672 2.524968 9.278086
v -17.572045 2.556219 9.350724
v -17.886970 2.587471 9.562529
v -18.099001 2.618722 9.877292
v -18.171894 2.649973 10.249594
v -18.099144 2.681224 10.622222
v -17.887582 2.712475 10.936953
v -17.572464 2.743726 11.148941
v -17.200478 2.774977 11.222020
v -16.827695 2.806228 11.148871
v -16.512959 2.837480 10.937749
v -16.301251 2.868731 10.622220
v -16.227750 2.899982 10.250510
v -16.301451 2.931233 9.877701
v -16.512058 2.962484 9.562771
v -16.827975 2.993735 9.351507
v -17.199520 3.024986 9.277453
v -17.572226 3.056237 9.351751
v -17.887495 3.087489 9.561885
v -18.098235 3.118740 9.878096
v -18.172855 3.149991 10.249621
v -18.098024 3.181242 10.622113
v -17.888223 3.212493 10.937794
v -17.571867 3.243744 11.148028
v -17.200212 3.274995 11.223102
v -16.828006 3.306246 11.147907
v -16.511938 3.337498 10.938218
v -16.302090 3.368749 10.621904
v -16.226795 3.400000 10.250002
v -16.302089 3.431251 9.878099
v -16.511935 3.462502 9.561785
v -16.828003 3.493753 9.352094
v -17.200208 3.525004 9.276898
v -17.571863 3.556255 9.351971
v -17.888220 3.587507 9.562203
v -18.098023 3.618758 9.877884
v -18.172855 3.650009 10.250376
v -18.098237 3.681260 10.621901
v -17.887498 3.712511 10.938113
v -17.572229 3.743762 11.148247
v -17.199524 3.775013 11.222547
v -16.827979 3.806264 11.148495
v -16.512061 3.837516 10.937232
v -16.301453 3.868767 10.622303
v -16.227750 3.900018 10.249494
v -16.301249 3.931269 9.877783
v -16.512956 3.962520 9.562254
v -16.827691 3.993771 9.351130
v -17.200474 4.025022 9.277980
v -17.572460 4.056273 9.351057
v -17.887579 4.087525 9.563044
v -18.099142 4.118776 9.877774
v -18.171894 4.150027 10.250402
v -18.099002 4.181278 10.622704
v -17.886973 4.212529 10.937468
v -17.572049 4.243780 11.149274
v -17.199676 4.275031 11.221914
v -16.827113 4.306283 11.148879
v -16.512580 4.337534 10.937003
v -16.300805 4.368785 10.621764
v -16.452004 2.394930 9.775932
v -16.822539 2.439951 9.447856
v -17.440777 2.496826 9.397036
v -17.940554 2.553701 9.763892
v -18.077550 2.610576 10.368065
v -17.785465 2.667451 10.914080
v -17.207149 2.724326 11.135429
v -16.624906 2.781201 10.923788
v -16.323589 2.838076 10.381976
v -16.451489 2.894951 9.774981
v -16.946258 2.951826 9.400807
v -17.564798 3.008701 9.442755
v -18.004204 3.065576 9.879471
v -18.050156 3.122451 10.496993
v -17.680473 3.179326 10.993762
v -17.075466 3.236201 11.127048
v -16.530738 3.293076 10.831036
v -16.313483 3.349951 10.250000
v -16.530738 3.406826 9.668964
v -17.075466 3.463701 9.372952
v -17.680473 3.520576 9.506238
v -18.050156 3.577451 10.003007
v -18.004204 3.634326 10.620529
v -17.564798 3.691201 11.057245
v -16.946258 3.748076 11.099193
v -16.451489 3.804951 10.725019
v -16.323589 3.861826 10.118024
v -16.624906 3.918701 9.576212
v -17.207149 3.975576 9.364571
v -17.785465 4.032451 9.585920
v -18.077550 4.089326 10.131935
v -17.940554 4.146201 10.736108
v -17.440777 4.203076 11.102964
v -16.822539 4.259951 11.052144
v -16.452021 4.304968 10.724093
v -16.451996 4.405061 10.724081
v -16.822534 4.360041 11.052157
v -17.307799 4.315354 11.129072
v -17.758897 4.270666 10.936797
v -18.039757 4.225979 10.533958
v -18.061316 4.181291 10.042923
v -17.818701 4.136604 9.616696
v -17.386749 4.091916 9.383592
v -16.896322 4.047229 9.417572
v -16.500458 4.002541 9.707380
v -16.318202 3.957854 10.162879
v -16.407254 3.913166 10.646349
v -16.740458 3.868479 11.006759
v -17.213629 3.823791 11.135755
v -17.683875 3.779104 10.992757
v -18.004217 3.734416 10.620534
v -18.078252 3.689729 10.135806
v -17.883084 3.645041 9.684904
v -17.476739 3.600354 9.408702
v -16.986724 3.555666 9.390597
v -16.561068 3.510979 9.635517
v -16.332488 3.466291 10.070638
v -16.370536 3.421604 10.559600
v -16.662125 3.376916 10.954436
v -17.120345 3.332229 11.132503
v -17.601928 3.287541 11.038828
v -17.960780 3.242854 10.704280
v -18.086055 3.198166 10.228907
v -17.938019 3.153479 9.760928
v -17.564804 3.108791 9.442742
v -17.078427 3.064104 9.371909
v -16.630089 3.019416 9.572312
v -16.356713 2.974729 9.979384
v -16.341321 2.930041 10.470471
v -16.772910 2.865041 11.026873
v -17.473953 2.800041 11.093141
v -18.002157 2.735041 10.627466
v -18.024276 2.670041 9.923646
v -17.626636 2.615032 9.473245
v -17.033577 2.560023 9.380094
v -16.517643 2.505014 9.686023
v -32.038005 4.700001 12.359660
v -33.133384 4.699874 12.066218
v -32.605019 4.699874 12.285074
v -35.609660 4.700001 8.788004
v -35.535074 4.699874 9.355019
v -35.316218 4.699874 9.883385
v -35.609660 4.700001 -8.788005
v -34.968019 4.700001 -10.337064
v -35.316218 4.699874 -9.883384
v -35.535074 4.699874 -9.355019
v -33.587064 4.700001 -11.718019
v -32.038004 4.700001 -12.359660
v -32.605019 4.699874 -12.285074
v -33.133385 4.699874 -12.066218
v -20.095911 4.699606 -12.359501
v -19.807230 4.778119 -12.278171
v -19.807195 4.699768 -12.356523
v -19.538554 4.700000 -12.356300
v -19.538521 6.099993 -12.356302
v 3.649993 6.100002 -12.356302
v -19.678429 4.719974 -12.336327
v -20.038518 6.099994 -11.856306
v -20.000455 6.099991 -12.047645
v -19.892070 6.099992 -12.209854
v -19.729860 6.099991 -12.318240
v -20.038517 6.099999 -10.067309
v -19.971988 6.099998 -9.818310
v 4.949039 6.100003 -11.606299
v 4.399998 6.100003 -12.155340
v 4.413549 6.372243 -9.917308
v 4.156382 6.349248 -9.564264
v 3.770028 6.325670 -9.364584
v 3.333810 6.301238 -9.364244
v 3.127665 6.288845 -9.442898
v 2.929680 6.275111 -9.586232
v 2.765261 6.258777 -9.805450
v 2.675945 6.242073 -10.076701
v 2.694981 6.221318 -10.412761
v 2.852765 6.199956 -10.720178
v 3.136785 6.200000 -10.962794
v 3.500000 6.200000 -11.050000
v 3.869431 6.200000 -10.959592
v 4.155363 6.200000 -10.708802
v 4.293170 6.200000 -10.354313
v 4.251705 6.200000 -9.976248
v 4.055202 6.200000 -9.674022
v 3.746040 6.200268 -9.488493
v 4.130112 6.289553 -9.622095
v 4.314749 6.353976 -9.717879
v 4.172344 6.335709 -9.547159
v 3.994167 6.317442 -9.413136
v 3.790659 6.299175 -9.321905
v 3.492819 6.274392 -9.277145
v 3.195029 6.249608 -9.327092
v 2.926171 6.224825 -9.464068
v 2.713858 6.200041 -9.677900
v 2.576143 6.175257 -9.946809
v 2.526939 6.150474 -10.244044
v 2.573029 6.125690 -10.542283
v 2.706558 6.100906 -10.813060
v 2.934849 6.074329 -11.041324
v 3.226039 6.047752 -11.182902
v 3.546566 6.021175 -11.221919
v 3.862398 5.994598 -11.151869
v 4.138851 5.968020 -10.984066
v 4.343177 5.941443 -10.733924
v 4.455690 5.914866 -10.430343
v 4.462313 5.888289 -10.107620
v 4.361607 5.861712 -9.800011
v 4.167411 5.835134 -9.541699
v 3.897975 5.808557 -9.363189
v 3.584963 5.781980 -9.280885
v 3.263202 5.755403 -9.306757
v 2.966803 5.728826 -9.437044
v 2.729305 5.702249 -9.655894
v 2.578188 5.675671 -9.941849
v 2.526998 5.649094 -10.261248
v 2.585063 5.622517 -10.578903
v 2.743624 5.595940 -10.861200
v 2.985089 5.569363 -11.075455
v 3.284672 5.542785 -11.197845
v 3.607342 5.516208 -11.217259
v 3.917802 5.489631 -11.127699
v 4.183220 5.463054 -10.942400
v 4.372085 5.436477 -10.680639
v 4.464651 5.409899 -10.370410
v 4.451886 5.383322 -10.047634
v 4.331911 5.356745 -9.747367
v 4.121625 5.330168 -9.501476
v 3.842139 5.303591 -9.339834
v 3.524322 5.277014 -9.277945
v 3.204616 5.250436 -9.322943
v 2.917425 5.223859 -9.471972
v 2.693566 5.197282 -9.705284
v 2.560645 5.170705 -9.999709
v 2.530040 5.144128 -10.321999
v 2.606927 5.117550 -10.635490
v 2.783425 5.090973 -10.906847
v 3.037604 5.064396 -11.106328
v 3.343998 5.037819 -11.209391
v 3.667609 5.011242 -11.208352
v 3.971815 4.984664 -11.100316
v 4.224719 4.958087 -10.898144
v 4.397698 4.931510 -10.625472
v 4.470089 4.904933 -10.310193
v 4.437302 4.878356 -9.988439
v 4.299239 4.851779 -9.696472
v 4.073389 4.825201 -9.464487
v 3.784829 4.798624 -9.319811
v 3.463798 4.772047 -9.278652
v 3.147083 4.745470 -9.343039
v 2.870154 4.718893 -9.509636
v 2.661387 4.692315 -9.756977
v 2.546472 4.665738 -10.058623
v 2.536849 4.639161 -10.382244
v 2.632415 4.612584 -10.690756
v 2.825718 4.586007 -10.950027
v 3.092186 4.559429 -11.133458
v 3.403960 4.532852 -11.217543
v 3.727000 4.506275 -11.195582
v 4.024218 4.479698 -11.069582
v 4.263367 4.453121 -10.851555
v 4.419563 4.426544 -10.568560
v 4.472172 4.400052 -10.249982
v 4.300006 4.499532 -10.250029
v 4.269830 4.521909 -10.467628
v 4.181602 4.543422 -10.668830
v 4.041944 4.565226 -10.838470
v 3.861498 4.587682 -10.963666
v 3.653691 4.609194 -11.035098
v 3.434391 4.631059 -11.047305
v 3.220125 4.653442 -10.999446
v 3.026784 4.674894 -10.895032
v 2.869226 4.696836 -10.742060
v 2.759208 4.719188 -10.552038
v 2.704977 4.740613 -10.339102
v 2.710697 4.762623 -10.119615
v 2.775888 4.784923 -9.909909
v 2.895723 4.806333 -9.725740
v 3.061005 4.828412 -9.581208
v 3.259446 4.850655 -9.487023
v 3.476062 4.872060 -9.450358
v 3.694432 4.894213 -9.473987
v 3.898188 4.916387 -9.556137
v 4.071951 4.937810 -9.690650
v 4.202425 4.960013 -9.867118
v 4.280085 4.982100 -10.072611
v 4.298921 5.003545 -10.291542
v 4.257557 5.025809 -10.507113
v 4.159051 5.047813 -10.703489
v 4.010798 5.069294 -10.865699
v 3.824250 5.091608 -10.981343
v 3.613098 5.113522 -11.041965
v 3.393346 5.135046 -11.042859
v 3.181826 5.157411 -10.984007
v 2.994144 5.179238 -10.869766
v 2.844587 5.200816 -10.708731
v 2.744582 5.223210 -10.513332
v 2.701436 5.244949 -10.297917
v 2.718533 5.266586 -10.078802
v 2.794511 5.289010 -9.872794
v 2.923720 5.310667 -9.695111
v 3.096444 5.332366 -9.559245
v 3.299488 5.354807 -9.475536
v 3.517790 5.376399 -9.450198
v 3.734672 5.398158 -9.485194
v 3.933814 5.420596 -9.577835
v 4.100276 5.442118 -9.721163
v 4.221466 5.463941 -9.904331
v 4.288283 5.486363 -10.113583
v 4.295672 5.507831 -10.333100
v 4.243081 5.529730 -10.546362
v 4.134469 5.552117 -10.737287
v 3.978050 5.573547 -10.891458
v 3.785566 5.595523 -10.997297
v 3.571554 5.617862 -11.046794
v 3.352267 5.639263 -11.036241
v 3.143998 5.661311 -10.966423
v 2.962543 5.683592 -10.842571
v 2.821624 5.704996 -10.674036
v 2.731853 5.727125 -10.473495
v 2.700024 5.749328 -10.256183
v 2.728474 5.770727 -10.038464
v 2.815104 5.792919 -9.836578
v 2.953375 5.815048 -9.665876
v 3.132696 5.836457 -9.539305
v 3.339845 5.858710 -9.466195
v 3.559092 5.880755 -9.452185
v 3.773888 5.902214 -9.498345
v 4.082910 5.939934 -9.702081
v 4.267151 5.976606 -10.023108
v 4.287171 6.014005 -10.392695
v 4.138761 6.051164 -10.731647
v 3.853676 6.088043 -10.967575
v 3.492869 6.125694 -11.049968
v 3.133674 6.162259 -10.961200
v 4.187174 4.504594 -10.807349
v 3.682376 4.558866 -11.116193
v 3.095327 4.613137 -11.037827
v 2.688875 4.667409 -10.606433
v 2.647683 4.722259 -10.009080
v 2.995781 4.777109 -9.522416
v 3.573427 4.831958 -9.368167
v 4.117334 4.886808 -9.616004
v 4.379950 4.941658 -10.153162
v 4.241037 4.996507 -10.735202
v 3.763147 5.051357 -11.096001
v 3.164972 5.106207 -11.069859
v 2.720474 5.161056 -10.669383
v 2.631984 5.215906 -10.078113
v 2.939249 5.270756 -9.565424
v 3.502504 5.325606 -9.364698
v 4.065322 5.380455 -9.568065
v 4.370181 5.435305 -10.083464
v 4.277047 5.490155 -10.674893
v 3.829262 5.545004 -11.071621
v 3.231825 5.599854 -11.093243
v 2.756818 5.654704 -10.730424
v 2.620526 5.709553 -10.148174
v 2.885790 5.764403 -9.611695
v 3.432178 5.819253 -9.366639
v 4.009380 5.874102 -9.525575
v 4.353339 5.928952 -10.015007
v 4.307829 5.983802 -10.611076
v 3.894028 6.038651 -11.042410
v 3.300126 6.093501 -11.112539
v 2.796771 6.148351 -10.788716
v 2.614626 6.203201 -10.218255
v 2.837342 6.258050 -9.662582
v 4.239094 4.468639 -9.943829
v 4.065676 4.436871 -9.684305
v 3.806075 4.406208 -9.510867
v 3.499921 4.374384 -9.450000
v 3.193850 4.343743 -9.510898
v 2.934310 4.311868 -9.684320
v 2.760839 4.281235 -9.943992
v 2.700000 4.249358 -10.250123
v 2.760970 4.218712 -10.556325
v 2.934429 4.186872 -10.815800
v 3.194040 4.156172 -10.989181
v 3.500171 4.124403 -11.050000
v 3.806354 4.093615 -10.989018
v 4.065823 4.061945 -10.815548
v 4.239142 4.031061 -10.556053
v 4.300000 3.999513 -10.249916
v 4.239031 3.968481 -9.943677
v 4.065532 3.937067 -9.684161
v 3.805900 3.905901 -9.510794
v 3.499731 3.874634 -9.450000
v 3.193584 3.843327 -9.511008
v 2.934116 3.812209 -9.684513
v 2.760793 3.780761 -9.944103
v 2.700000 3.749787 -10.250248
v 2.760975 3.718209 -10.556336
v 2.934459 3.687360 -10.815830
v 3.193996 3.655667 -10.989163
v 3.500025 3.624936 -11.050000
v 3.806129 3.593148 -10.989111
v 4.065577 3.562496 -10.815794
v 4.239018 3.530646 -10.556352
v 4.300000 3.500014 -10.250139
v 4.239165 3.468134 -9.944001
v 4.065776 3.437506 -9.684405
v 3.806455 3.405662 -9.511024
v 3.500265 3.374990 -9.450000
v 3.194150 3.343185 -9.510774
v 2.934503 3.312442 -9.684126
v 2.761054 3.280739 -9.943473
v 2.700000 3.249888 -10.249660
v 2.760728 3.218295 -10.555739
v 2.934025 3.187325 -10.815395
v 3.193424 3.155859 -10.988926
v 3.499514 3.124759 -11.050000
v 3.805694 3.093429 -10.989291
v 4.065282 3.062194 -10.816089
v 4.238901 3.031005 -10.556636
v 4.300000 2.999632 -10.250654
v 4.239331 2.968585 -9.944402
v 4.066205 2.937077 -9.684835
v 3.806783 2.906167 -9.511160
v 3.500691 2.874520 -9.450000
v 3.194427 2.843724 -9.510659
v 2.934769 2.811974 -9.683861
v 2.761108 2.781267 -9.943344
v 2.700000 2.749436 -10.249454
v 2.760731 2.718787 -10.555748
v 2.934061 2.686904 -10.815431
v 3.193642 2.656272 -10.989016
v 3.499625 2.624419 -11.050000
v 3.805950 2.593756 -10.989185
v 4.065558 2.561871 -10.815813
v 4.239080 2.531183 -10.556204
v 4.300000 2.499463 -10.250000
v 4.299983 2.300231 -10.249976
v 4.192813 2.300000 -9.849988
v 3.899988 2.300000 -9.557173
v 3.499986 2.300000 -9.450000
v 3.099988 2.300000 -9.557187
v 2.807173 2.300000 -9.850012
v 2.700000 2.300000 -10.250014
v 2.807187 2.300000 -10.650012
v 3.100012 2.300000 -10.942827
v 3.500014 2.300000 -11.050000
v 3.900012 2.300000 -10.942813
v 4.192827 2.300000 -10.649988
v 4.239088 2.331363 -10.556183
v 4.065658 2.363131 -10.815713
v 3.806047 2.393796 -10.989145
v 3.499878 2.425620 -11.050000
v 3.193840 2.456258 -10.989098
v 2.934299 2.488133 -10.815669
v 2.760835 2.518766 -10.555998
v 2.700000 2.550643 -10.249863
v 2.760972 2.581288 -9.943672
v 2.934439 2.613129 -9.684191
v 3.194059 2.643830 -9.510811
v 3.500212 2.675602 -9.450000
v 3.806215 2.706371 -9.510925
v 4.065712 2.738039 -9.684341
v 4.239118 2.768933 -9.943887
v 4.300000 2.800481 -10.250028
v 4.239089 2.831503 -10.556183
v 4.065685 2.862912 -10.815686
v 3.806164 2.894071 -10.989096
v 3.500072 2.925331 -11.050000
v 3.193959 2.956635 -10.989147
v 2.934377 2.987753 -10.815748
v 2.760940 3.019202 -10.556253
v 2.700000 3.050171 -10.250159
v 2.760804 3.081749 -9.944076
v 2.934115 3.112591 -9.684514
v 3.193505 3.144283 -9.511041
v 3.499595 3.175020 -9.450000
v 3.805689 3.206806 -9.510707
v 4.065212 3.237452 -9.683841
v 4.238801 3.269297 -9.943123
v 4.300000 3.299925 -10.249248
v 4.239420 3.331799 -10.555383
v 4.066279 3.362424 -10.815092
v 3.807179 3.394259 -10.988675
v 3.501095 3.424929 -11.049999
v 3.195093 3.456709 -10.989616
v 2.935259 3.487454 -10.816628
v 2.761490 3.519147 -10.557576
v 2.700002 3.549993 -10.251566
v 2.760264 3.581588 -9.945384
v 2.933140 3.612553 -9.685492
v 3.192242 3.644016 -9.511566
v 3.498258 3.675119 -9.450002
v 3.804486 3.706440 -9.510211
v 4.064419 3.737688 -9.683051
v 4.238424 3.768869 -9.942217
v 4.299998 3.800264 -10.248280
v 4.239726 3.831309 -10.554639
v 4.066821 3.862838 -10.814548
v 3.807545 3.893749 -10.988523
v 3.501506 3.925400 -11.049999
v 3.195133 3.956198 -10.989633
v 2.935240 3.987961 -10.816609
v 2.761330 4.018674 -10.557190
v 2.700001 4.050509 -10.251097
v 2.760537 4.081163 -9.944721
v 2.933680 4.113043 -9.684950
v 3.193165 4.143677 -9.511182
v 3.499372 4.175556 -9.450000
v 3.805765 4.206224 -9.510738
v 4.065449 4.238113 -9.684078
v 4.239041 4.268807 -9.943703
v 4.299976 4.300520 -10.249966
v 4.255836 4.326584 -10.512130
v 4.128147 4.353771 -10.745410
v 3.931120 4.379840 -10.923896
v 3.686320 4.406679 -11.028001
v 3.420993 4.433277 -11.046089
v 3.164347 4.459547 -10.976180
v 2.944812 4.486628 -10.825992
v 2.786692 4.512638 -10.612205
v 2.707365 4.539697 -10.358306
v 2.715652 4.566054 -10.092527
v 2.810649 4.592565 -9.844050
v 2.981885 4.619483 -9.640446
v 3.210382 4.645522 -9.504265
v 3.470914 4.672680 -9.450529
v 3.734586 4.698843 -9.485167
v 3.972451 4.725623 -9.604407
v 4.158017 4.752309 -9.795013
v 4.270828 4.778500 -10.035936
v 4.298403 4.805624 -10.300520
v 4.237689 4.831669 -10.559539
v 4.095371 4.858675 -10.784353
v 3.887262 4.885120 -10.950020
v 3.636240 4.911551 -11.038314
v 3.370141 4.938540 -11.039390
v 3.118515 4.964557 -10.953185
v 2.909011 4.991699 -10.789196
v 2.764876 5.017935 -10.565583
v 2.702031 5.044633 -10.306966
v 2.727491 5.071408 -10.042084
v 2.838409 5.097543 -9.800225
v 3.022532 5.124700 -9.608109
v 3.259405 5.150777 -9.487036
v 3.522974 5.177717 -9.450330
v 3.783987 5.204253 -9.502104
v 4.013653 5.230608 -9.636681
v 4.186472 5.257669 -9.839200
v 4.283280 5.283712 -10.087295
v 4.293299 5.310838 -10.353329
v 4.215406 5.337170 -10.608043
v 4.058267 5.363798 -10.823008
v 3.839413 5.390651 -10.974430
v 3.582782 5.416763 -11.045705
v 3.317211 5.443932 -11.028838
v 3.071653 5.470079 -10.925662
v 2.873646 5.496964 -10.747676
v 2.745022 5.523588 -10.514590
v 2.700003 5.549882 -10.252147
v 2.743545 5.576967 -9.989663
v 2.870914 5.603016 -9.755783
v 3.067852 5.630091 -9.576763
v 3.312721 5.656480 -9.472230
v 3.578360 5.683030 -9.453847
v 3.835175 5.709943 -9.523599
v 4.055005 5.736014 -9.673832
v 4.213252 5.763173 -9.887686
v 4.292658 5.789362 -10.141867
v 4.284256 5.816169 -10.407934
v 4.189067 5.842854 -10.656431
v 4.017511 5.869082 -10.860068
v 3.788848 5.896199 -10.996034
v 3.528004 5.922260 -11.049510
v 3.264188 5.949284 -11.014456
v 3.026410 5.975737 -10.894757
v 2.841078 6.002199 -10.703676
v 2.733948 6.027315 -10.480574
v 2.700138 6.051507 -10.235156
v 2.742986 6.076659 -9.991292
v 2.858363 6.101335 -9.772191
v 3.035290 6.125743 -9.598813
v 3.256592 6.150982 -9.487929
v 3.501389 6.175252 -9.450001
v 4.187596 4.404188 -10.807675
v 3.682494 4.458460 -11.116714
v 3.095087 4.512732 -11.038304
v 2.688385 4.567004 -10.606648
v 2.647169 4.621854 -10.008935
v 2.995477 4.676704 -9.521977
v 3.573471 4.731554 -9.367635
v 4.117706 4.786403 -9.615621
v 4.380481 4.841253 -10.153103
v 4.241484 4.896103 -10.735495
v 3.763306 4.950952 -11.096511
v 3.164770 5.005802 -11.070354
v 2.720004 5.060652 -10.669636
v 2.631460 5.115501 -10.078009
v 2.938910 5.170351 -9.565010
v 3.502506 5.225201 -9.364164
v 4.065663 5.280050 -9.567653
v 4.370706 5.334900 -10.083363
v 4.277516 5.389750 -10.675149
v 3.829461 5.444599 -11.072117
v 3.231663 5.499449 -11.093752
v 2.756369 5.554299 -10.730714
v 2.619995 5.609149 -10.148112
v 2.885420 5.663998 -9.611309
v 3.432137 5.718848 -9.366106
v 4.009687 5.773698 -9.525138
v 4.353854 5.828547 -10.014865
v 4.308316 5.883397 -10.611293
v 3.894266 5.938247 -11.042888
v 3.300005 5.993096 -11.113059
v 2.796347 6.047946 -10.789041
v 2.614092 6.102796 -10.218236
v 2.836942 6.157645 -9.662228
v 3.362154 6.212495 -9.375170
v 3.949676 6.267345 -9.487398
v 4.472151 2.399964 -10.250000
v 4.399196 2.431215 -10.621761
v 4.187422 2.462466 -10.937000
v 3.872891 2.493717 -11.148877
v 3.500328 2.524968 -11.221914
v 3.127955 2.556219 -11.149276
v 2.813030 2.587471 -10.937471
v 2.600999 2.618722 -10.622708
v 2.528106 2.649973 -10.250406
v 2.600856 2.681224 -9.877778
v 2.812418 2.712475 -9.563047
v 3.127536 2.743726 -9.351059
v 3.499522 2.774977 -9.277980
v 3.872305 2.806228 -9.351129
v 4.187041 2.837480 -9.562251
v 4.398749 2.868731 -9.877780
v 4.472250 2.899982 -10.249490
v 4.398549 2.931233 -10.622299
v 4.187942 2.962484 -10.937229
v 3.872025 2.993735 -11.148493
v 3.500480 3.024986 -11.222547
v 3.127774 3.056237 -11.148249
v 2.812505 3.087489 -10.938115
v 2.601765 3.118740 -10.621904
v 2.527145 3.149991 -10.250379
v 2.601976 3.181242 -9.877887
v 2.811777 3.212493 -9.562206
v 3.128133 3.243744 -9.351972
v 3.499788 3.274995 -9.276898
v 3.871994 3.306246 -9.352093
v 4.188062 3.337498 -9.561782
v 4.397910 3.368749 -9.878096
v 4.473205 3.400000 -10.249998
v 4.397911 3.431251 -10.621901
v 4.188065 3.462502 -10.938215
v 3.871997 3.493753 -11.147906
v 3.499792 3.525004 -11.223102
v 3.128137 3.556255 -11.148029
v 2.811780 3.587507 -10.937797
v 2.601977 3.618758 -10.622116
v 2.527145 3.650009 -10.249624
v 2.601763 3.681260 -9.878099
v 2.812502 3.712511 -9.561887
v 3.127771 3.743762 -9.351753
v 3.500476 3.775013 -9.277453
v 3.872021 3.806264 -9.351505
v 4.187939 3.837516 -9.562768
v 4.398547 3.868767 -9.877697
v 4.472250 3.900018 -10.250506
v 4.398751 3.931269 -10.622217
v 4.187044 3.962520 -10.937746
v 3.872309 3.993771 -11.148870
v 3.499526 4.025022 -11.222020
v 3.127540 4.056274 -11.148943
v 2.812421 4.087525 -10.936956
v 2.600858 4.118776 -10.622226
v 2.528106 4.150027 -10.249598
v 2.600998 4.181278 -9.877296
v 2.813028 4.212529 -9.562532
v 3.127952 4.243780 -9.350726
v 3.500324 4.275031 -9.278086
v 3.872887 4.306283 -9.351121
v 4.187420 4.337534 -9.562997
v 4.399195 4.368785 -9.878236
v 4.182372 2.404923 -10.813945
v 3.666443 2.459933 -11.119894
v 3.073378 2.514944 -11.026753
v 2.675733 2.569954 -10.576351
v 2.659395 2.625580 -9.969294
v 3.037469 2.681206 -9.494648
v 3.631775 2.736832 -9.374504
v 4.164075 2.792458 -9.664435
v 4.385497 2.848084 -10.228915
v 4.191764 2.903710 -10.804014
v 3.672850 2.959336 -11.119506
v 3.072770 3.014962 -11.026421
v 2.673841 3.070588 -10.569212
v 2.662457 3.126214 -9.963015
v 3.043323 3.181841 -9.491479
v 3.638432 3.237467 -9.375103
v 4.169368 3.293093 -9.669080
v 4.386410 3.348719 -10.236281
v 4.186947 3.404345 -10.809822
v 3.665507 3.459971 -11.120050
v 3.067155 3.515597 -11.022312
v 2.671733 3.571223 -10.562909
v 2.664205 3.626849 -9.956547
v 3.048860 3.682475 -9.487081
v 3.645858 3.738101 -9.375573
v 4.174165 3.793727 -9.674901
v 4.385599 3.849354 -10.243578
v 4.181930 3.904980 -10.814604
v 3.658944 3.960606 -11.121038
v 3.061073 4.016232 -11.019462
v 2.668383 4.071858 -10.556650
v 2.666051 4.127484 -9.949322
v 3.055474 4.183110 -9.483470
v 3.652871 4.238736 -9.377679
v 4.177931 4.294362 -9.680734
v 4.248004 4.405061 -9.775919
v 3.877466 4.360041 -9.447843
v 3.392201 4.315354 -9.370928
v 2.941103 4.270666 -9.563203
v 2.660243 4.225979 -9.966042
v 2.638684 4.181291 -10.457077
v 2.881299 4.136604 -10.883304
v 3.313251 4.091916 -11.116408
v 3.803678 4.047229 -11.082428
v 4.199542 4.002541 -10.792620
v 4.381798 3.957854 -10.337121
v 4.292746 3.913166 -9.853651
v 3.959542 3.868479 -9.493241
v 3.486371 3.823791 -9.364245
v 3.016125 3.779104 -9.507243
v 2.695783 3.734416 -9.879466
v 2.621748 3.689729 -10.364194
v 2.816916 3.645041 -10.815096
v 3.223261 3.600354 -11.091298
v 3.713276 3.555666 -11.109403
v 4.138932 3.510979 -10.864483
v 4.367512 3.466291 -10.429362
v 4.329464 3.421604 -9.940400
v 4.037875 3.376916 -9.545564
v 3.579655 3.332229 -9.367497
v 3.098072 3.287541 -9.461172
v 2.739220 3.242854 -9.795720
v 2.613945 3.198166 -10.271093
v 2.761981 3.153479 -10.739072
v 3.135196 3.108791 -11.057258
v 3.621573 3.064104 -11.128091
v 4.069911 3.019416 -10.927688
v 4.343287 2.974729 -10.520616
v 4.358679 2.930041 -10.029529
v 3.927090 2.865041 -9.473127
v 3.226047 2.800041 -9.406859
v 2.697843 2.735041 -9.872534
v 2.675724 2.670041 -10.576354
v 3.073364 2.615032 -11.026755
v 3.666423 2.560023 -11.119906
v 4.182357 2.505014 -10.813977
v -16.286451 6.372243 -9.917308
v -16.543617 6.349248 -9.564264
v -16.929970 6.325670 -9.364585
v -17.366189 6.301238 -9.364244
v -17.572334 6.288845 -9.442898
v -17.770319 6.275111 -9.586231
v -17.934738 6.258777 -9.805449
v -18.024055 6.242073 -10.076700
v -18.005019 6.221318 -10.412760
v -17.847235 6.199956 -10.720178
v -17.563215 6.200000 -10.962794
v -17.200000 6.200000 -11.050000
v -16.830569 6.200000 -10.959592
v -16.544637 6.200000 -10.708802
v -16.406830 6.200000 -10.354313
v -16.448295 6.200000 -9.976248
v -16.644797 6.200000 -9.674023
v -16.953958 6.200269 -9.488493
v -16.569888 6.289553 -9.622096
v -16.385251 6.353976 -9.717880
v -16.527655 6.335709 -9.547160
v -16.705832 6.317442 -9.413137
v -16.909338 6.299176 -9.321906
v -17.207179 6.274392 -9.277145
v -17.504969 6.249608 -9.327092
v -17.773828 6.224825 -9.464067
v -17.986141 6.200041 -9.677899
v -18.123856 6.175257 -9.946808
v -18.173061 6.150474 -10.244043
v -18.126971 6.125690 -10.542282
v -17.993442 6.100906 -10.813060
v -17.765151 6.074329 -11.041324
v -17.473961 6.047752 -11.182902
v -17.153434 6.021175 -11.221919
v -16.837602 5.994598 -11.151869
v -16.561149 5.968020 -10.984066
v -16.356823 5.941443 -10.733924
v -16.244310 5.914866 -10.430343
v -16.237687 5.888289 -10.107620
v -16.338393 5.861712 -9.800011
v -16.532589 5.835134 -9.541699
v -16.802025 5.808557 -9.363189
v -17.115037 5.781980 -9.280885
v -17.436798 5.755403 -9.306757
v -17.733197 5.728826 -9.437044
v -17.970695 5.702249 -9.655894
v -18.121812 5.675671 -9.941849
v -18.173002 5.649094 -10.261248
v -18.114937 5.622517 -10.578903
v -17.956376 5.595940 -10.861200
v -17.714911 5.569363 -11.075455
v -17.415327 5.542785 -11.197845
v -17.092658 5.516208 -11.217259
v -16.782198 5.489631 -11.127699
v -16.516780 5.463054 -10.942400
v -16.327915 5.436477 -10.680639
v -16.235349 5.409899 -10.370410
v -16.248114 5.383322 -10.047634
v -16.368089 5.356745 -9.747367
v -16.578375 5.330168 -9.501476
v -16.857862 5.303591 -9.339834
v -17.175678 5.277014 -9.277945
v -17.495384 5.250436 -9.322943
v -17.782575 5.223859 -9.471972
v -18.006434 5.197282 -9.705284
v -18.139355 5.170705 -9.999709
v -18.169960 5.144128 -10.321999
v -18.093073 5.117550 -10.635490
v -17.916575 5.090973 -10.906847
v -17.662396 5.064396 -11.106328
v -17.356002 5.037819 -11.209391
v -17.032391 5.011242 -11.208352
v -16.728185 4.984664 -11.100316
v -16.475281 4.958087 -10.898144
v -16.302302 4.931510 -10.625472
v -16.229911 4.904933 -10.310193
v -16.262698 4.878356 -9.988439
v -16.400761 4.851779 -9.696471
v -16.626611 4.825201 -9.464487
v -16.915171 4.798624 -9.319811
v -17.236202 4.772047 -9.278652
v -17.552917 4.745470 -9.343039
v -17.829846 4.718893 -9.509636
v -18.038613 4.692315 -9.756977
v -18.153528 4.665738 -10.058623
v -18.163151 4.639161 -10.382244
v -18.067585 4.612584 -10.690756
v -17.874282 4.586007 -10.950027
v -17.607814 4.559429 -11.133458
v -17.296040 4.532852 -11.217543
v -16.973000 4.506275 -11.195582
v -16.675782 4.479698 -11.069582
v -16.436633 4.453121 -10.851555
v -16.280437 4.426544 -10.568560
v -16.227828 4.400052 -10.249982
v -16.399994 4.499532 -10.250029
v -16.430170 4.521909 -10.467628
v -16.518381 4.543419 -10.668802
v -16.658035 4.565222 -10.838451
v -16.838453 4.587677 -10.963641
v -17.046255 4.609188 -11.035088
v -17.265556 4.631054 -11.047309
v -17.479826 4.653436 -10.999465
v -17.673175 4.674889 -10.895063
v -17.830743 4.696831 -10.742100
v -17.940773 4.719183 -10.552084
v -17.995017 4.740608 -10.339151
v -17.989311 4.762618 -10.119662
v -17.924132 4.784918 -9.909951
v -17.804308 4.806328 -9.725774
v -17.639033 4.828407 -9.581232
v -17.440596 4.850650 -9.487036
v -17.223981 4.872056 -9.450360
v -17.005609 4.894209 -9.473977
v -16.801848 4.916383 -9.556116
v -16.628077 4.937806 -9.690621
v -16.497594 4.960008 -9.867083
v -16.419923 4.982096 -10.072573
v -16.401077 5.003542 -10.291504
v -16.442431 5.025805 -10.507079
v -16.540929 5.047810 -10.703459
v -16.689175 5.069290 -10.865677
v -16.875720 5.091604 -10.981329
v -17.086870 5.113519 -11.041961
v -17.306622 5.135042 -11.042863
v -17.518145 5.157407 -10.984019
v -17.705833 5.179235 -10.869785
v -17.855396 5.200813 -10.708755
v -17.955409 5.223207 -10.513359
v -17.998562 5.244946 -10.297943
v -17.981473 5.266584 -10.078827
v -17.905501 5.289008 -9.872816
v -17.776296 5.310665 -9.695128
v -17.603576 5.332364 -9.559257
v -17.400534 5.354804 -9.475541
v -17.182231 5.376397 -9.450197
v -16.965347 5.398156 -9.485188
v -16.766203 5.420595 -9.577825
v -16.599736 5.442116 -9.721149
v -16.478541 5.463939 -9.904316
v -16.411720 5.486361 -10.113567
v -16.404326 5.507830 -10.333085
v -16.456914 5.529729 -10.546349
v -16.565522 5.552116 -10.737276
v -16.721940 5.573546 -10.891450
v -16.914424 5.595522 -10.997293
v -17.128436 5.617861 -11.046793
v -17.347724 5.639262 -11.036243
v -17.555994 5.661310 -10.966427
v -17.737451 5.683591 -10.842576
v -17.878372 5.704996 -10.674042
v -17.968146 5.727124 -10.473500
v -17.999976 5.749327 -10.256188
v -17.971527 5.770727 -10.038468
v -17.884897 5.792919 -9.836580
v -17.746627 5.815047 -9.665877
v -17.567305 5.836456 -9.539305
v -17.360154 5.858710 -9.466195
v -17.140907 5.880755 -9.452186
v -16.926110 5.902214 -9.498346
v -16.617088 5.939934 -9.702082
v -16.432849 5.976606 -10.023110
v -16.412829 6.014005 -10.392696
v -16.561239 6.051164 -10.731648
v -16.846325 6.088043 -10.967575
v -17.207132 6.125694 -11.049968
v -17.566326 6.162259 -10.961200
v -16.512827 4.504594 -10.807349
v -17.017624 4.558866 -11.116193
v -17.604673 4.613137 -11.037827
v -18.011125 4.667409 -10.606433
v -18.052317 4.722259 -10.009080
v -17.704219 4.777109 -9.522416
v -17.126573 4.831958 -9.368167
v -16.582666 4.886808 -9.616004
v -16.320050 4.941658 -10.153162
v -16.458963 4.996507 -10.735202
v -16.936853 5.051357 -11.096001
v -17.535028 5.106207 -11.069859
v -17.979526 5.161056 -10.669383
v -18.068016 5.215906 -10.078113
v -17.760751 5.270756 -9.565424
v -17.197496 5.325606 -9.364698
v -16.634678 5.380455 -9.568065
v -16.329819 5.435305 -10.083464
v -16.422953 5.490155 -10.674893
v -16.870738 5.545004 -11.071621
v -17.468175 5.599854 -11.093243
v -17.943182 5.654704 -10.730424
v -18.079474 5.709553 -10.148174
v -17.814210 5.764403 -9.611695
v -17.267822 5.819253 -9.366639
v -16.690620 5.874102 -9.525575
v -16.346661 5.928952 -10.015007
v -16.392171 5.983802 -10.611076
v -16.805972 6.038651 -11.042410
v -17.399874 6.093501 -11.112539
v -17.903229 6.148351 -10.788716
v -18.085374 6.203201 -10.218255
v -17.862658 6.258050 -9.662582
v -16.460902 4.468640 -9.943839
v -16.634308 4.436874 -9.684321
v -16.893887 4.406212 -9.510883
v -17.200026 4.374389 -9.450000
v -17.506045 4.343754 -9.510854
v -17.765563 4.311886 -9.684192
v -17.939047 4.281264 -9.943716
v -18.000000 4.249390 -10.249804
v -17.939232 4.218764 -10.555836
v -17.765951 4.186926 -10.815419
v -17.506630 4.156243 -10.988903
v -17.200573 4.124478 -11.050000
v -16.894339 4.093688 -10.989305
v -16.634701 4.062021 -10.816072
v -16.461137 4.031132 -10.556727
v -16.400000 3.999587 -10.250635
v -16.460698 3.968549 -9.944332
v -16.633975 3.937138 -9.684654
v -16.893466 3.905967 -9.511057
v -17.199594 3.874704 -9.450000
v -17.505802 3.843391 -9.510753
v -17.765421 3.812276 -9.684051
v -17.938961 3.780824 -9.943509
v -18.000000 3.749852 -10.249616
v -17.939263 3.718269 -10.555762
v -17.765972 3.687422 -10.815399
v -17.506557 3.655726 -10.988934
v -17.200563 3.624996 -11.050000
v -16.894405 3.593204 -10.989332
v -16.634824 3.562553 -10.816195
v -16.461195 3.530701 -10.556866
v -16.400000 3.500068 -10.250684
v -16.460631 3.468188 -9.944495
v -16.633854 3.437558 -9.684776
v -16.893072 3.405713 -9.511221
v -17.199233 3.375039 -9.450000
v -17.505397 3.343234 -9.510586
v -17.765158 3.312489 -9.683787
v -17.938767 3.280786 -9.943041
v -18.000000 3.249933 -10.249202
v -17.939443 3.218340 -10.555326
v -17.766283 3.187367 -10.815087
v -17.506968 3.155902 -10.988763
v -17.200900 3.124799 -11.049999
v -16.894678 3.093470 -10.989445
v -16.634996 3.062232 -10.816366
v -16.461245 3.031044 -10.556988
v -16.400001 2.999668 -10.251024
v -16.460532 2.968622 -9.944734
v -16.633548 2.937111 -9.685082
v -16.892905 2.906202 -9.511290
v -17.198983 2.874552 -9.450001
v -17.505282 2.843756 -9.510539
v -17.765016 2.812004 -9.683646
v -17.938780 2.781297 -9.943074
v -18.000000 2.749461 -10.249211
v -17.939337 2.718804 -10.555584
v -17.766103 2.686927 -10.815267
v -17.506556 2.656293 -10.988934
v -17.200549 2.624436 -11.050000
v -16.894177 2.593769 -10.989238
v -16.634522 2.561883 -10.815893
v -16.460939 2.531188 -10.556250
v -16.400000 2.499463 -10.250000
v -16.400017 2.300230 -10.249975
v -16.507187 2.300000 -9.849987
v -16.800013 2.300000 -9.557172
v -17.200015 2.300000 -9.450000
v -17.600013 2.300000 -9.557187
v -17.892828 2.300000 -9.850013
v -18.000000 2.300000 -10.250015
v -17.892813 2.300000 -10.650013
v -17.599987 2.300000 -10.942828
v -17.199985 2.300000 -11.050000
v -16.799987 2.300000 -10.942813
v -16.507172 2.300000 -10.649987
v -16.460760 2.331322 -10.555818
v -16.633894 2.363069 -10.815265
v -16.893126 2.393705 -10.988802
v -17.198992 2.425509 -11.049999
v -17.505085 2.456142 -10.989542
v -17.764736 2.487998 -10.816633
v -17.938544 2.518606 -10.557494
v -17.999998 2.550468 -10.251614
v -17.939756 2.581101 -9.945432
v -17.766975 2.612928 -9.685607
v -17.507904 2.643623 -9.511627
v -17.201981 2.675380 -9.450002
v -16.895734 2.706166 -9.510120
v -16.635787 2.737824 -9.682846
v -16.461705 2.768726 -9.941909
v -16.400003 2.800263 -10.247893
v -16.460086 2.831296 -10.554184
v -16.632852 2.862699 -10.814219
v -16.891932 2.893874 -10.988305
v -17.198022 2.925136 -11.049998
v -17.504330 2.956456 -10.989853
v -17.764388 2.987576 -10.816980
v -17.938420 3.019039 -10.557792
v -17.999998 3.050022 -10.251632
v -17.939690 3.081621 -9.945272
v -17.766650 3.112480 -9.685281
v -17.507287 3.144198 -9.511370
v -17.201042 3.174956 -9.450001
v -16.894671 3.206768 -9.510558
v -16.634796 3.237452 -9.683834
v -16.461118 3.269318 -9.943319
v -16.400000 3.299958 -10.249578
v -16.460758 3.331845 -10.555813
v -16.634207 3.362492 -10.815578
v -16.893819 3.394368 -10.989089
v -17.200230 3.425059 -11.050000
v -17.506467 3.456882 -10.988971
v -17.766094 3.487640 -10.815277
v -17.939367 3.519377 -10.555511
v -18.000000 3.550229 -10.249131
v -17.938728 3.581855 -9.942949
v -17.764910 3.612821 -9.683540
v -17.505025 3.644319 -9.510433
v -17.198730 3.675410 -9.450001
v -16.892573 3.706768 -9.511428
v -16.633327 3.737996 -9.685304
v -16.460327 3.769204 -9.945230
v -16.400001 3.800573 -10.251473
v -16.461487 3.831634 -10.557568
v -16.635368 3.863139 -10.816737
v -16.895272 3.894060 -10.989690
v -17.201438 3.925688 -11.049999
v -17.507508 3.956489 -10.988538
v -17.766630 3.988220 -10.814739
v -17.939619 4.018925 -10.554899
v -17.999999 4.050734 -10.248813
v -17.938655 4.081375 -9.942772
v -17.764991 4.113229 -9.683621
v -17.505287 4.143843 -9.510541
v -17.199277 4.175691 -9.450000
v -16.893262 4.206328 -9.511141
v -16.634044 4.238184 -9.684585
v -16.460791 4.268850 -9.944109
v -16.400024 4.300520 -10.249966
v -16.444164 4.326584 -10.512130
v -16.571855 4.353772 -10.745413
v -16.768882 4.379840 -10.923897
v -17.013685 4.406680 -11.028002
v -17.279012 4.433278 -11.046089
v -17.535657 4.459547 -10.976178
v -17.755192 4.486629 -10.825987
v -17.913310 4.512638 -10.612199
v -17.992636 4.539698 -10.358299
v -17.984347 4.566055 -10.092520
v -17.889347 4.592566 -9.844044
v -17.718109 4.619483 -9.640440
v -17.489611 4.645523 -9.504262
v -17.229078 4.672681 -9.450529
v -16.965406 4.698844 -9.485169
v -16.727542 4.725624 -9.604412
v -16.541978 4.752310 -9.795020
v -16.429169 4.778501 -10.035944
v -16.401597 4.805625 -10.300529
v -16.462314 4.831670 -10.559547
v -16.604635 4.858676 -10.784360
v -16.812746 4.885121 -10.950024
v -17.063769 4.911552 -11.038315
v -17.329868 4.938541 -11.039389
v -17.581493 4.964558 -10.953181
v -17.790995 4.991700 -10.789189
v -17.935128 5.017935 -10.565575
v -17.997970 5.044634 -10.306957
v -17.972507 5.071409 -10.042075
v -17.861585 5.097544 -9.800217
v -17.677461 5.124701 -9.608103
v -17.440586 5.150777 -9.487033
v -17.177017 5.177718 -9.450330
v -16.916005 5.204254 -9.502107
v -16.686340 5.230609 -9.636687
v -16.513523 5.257670 -9.839208
v -16.416718 5.283713 -10.087304
v -16.406702 5.310839 -10.353338
v -16.484599 5.337171 -10.608052
v -16.641740 5.363799 -10.823015
v -16.860596 5.390652 -10.974434
v -17.117228 5.416764 -11.045706
v -17.382799 5.443933 -11.028835
v -17.628355 5.470080 -10.925656
v -17.826360 5.496965 -10.747668
v -17.954982 5.523589 -10.514580
v -17.999997 5.549883 -10.252137
v -17.956452 5.576968 -9.989653
v -17.829080 5.603017 -9.755775
v -17.632140 5.630092 -9.576758
v -17.387269 5.656481 -9.472227
v -17.121631 5.683031 -9.453848
v -16.864816 5.709944 -9.523604
v -16.644989 5.736015 -9.673838
v -16.486744 5.763174 -9.887695
v -16.407340 5.789363 -10.141876
v -16.415746 5.816170 -10.407942
v -16.510937 5.842855 -10.656438
v -16.682494 5.869083 -10.860071
v -16.911158 5.896200 -10.996036
v -17.172000 5.922261 -11.049510
v -17.435816 5.949285 -11.014454
v -17.673593 5.975738 -10.894756
v -17.858922 6.002199 -10.703676
v -17.966052 6.027315 -10.480574
v -17.999862 6.051507 -10.235155
v -17.957014 6.076659 -9.991291
v -17.841637 6.101335 -9.772190
v -17.664709 6.125743 -9.598812
v -17.443406 6.150983 -9.487928
v -17.198609 6.175253 -9.450001
v -16.512404 4.404188 -10.807675
v -17.017506 4.458460 -11.116714
v -17.604913 4.512732 -11.038304
v -18.011615 4.567004 -10.606648
v -18.052831 4.621854 -10.008935
v -17.704523 4.676704 -9.521977
v -17.126529 4.731554 -9.367635
v -16.582294 4.786403 -9.615621
v -16.319519 4.841253 -10.153103
v -16.458516 4.896103 -10.735495
v -16.936694 4.950952 -11.096511
v -17.535230 5.005802 -11.070354
v -17.979996 5.060652 -10.669636
v -18.068540 5.115501 -10.078009
v -17.761090 5.170351 -9.565010
v -17.197494 5.225201 -9.364164
v -16.634337 5.280050 -9.567653
v -16.329294 5.334900 -10.083363
v -16.422484 5.389750 -10.675149
v -16.870539 5.444599 -11.072117
v -17.468337 5.499449 -11.093752
v -17.943631 5.554299 -10.730714
v -18.080005 5.609149 -10.148112
v -17.814580 5.663998 -9.611309
v -17.267863 5.718848 -9.366106
v -16.690313 5.773698 -9.525138
v -16.346146 5.828547 -10.014865
v -16.391684 5.883397 -10.611293
v -16.805734 5.938247 -11.042888
v -17.399995 5.993096 -11.113059
v -17.903653 6.047946 -10.789041
v -18.085908 6.102796 -10.218236
v -17.863058 6.157645 -9.662228
v -17.337846 6.212495 -9.375170
v -16.750324 6.267345 -9.487398
v -16.227849 2.399964 -10.250000
v -16.300804 2.431215 -10.621761
v -16.512578 2.462466 -10.937000
v -16.827109 2.493717 -11.148877
v -17.199672 2.524968 -11.221914
v -17.572045 2.556219 -11.149276
v -17.886970 2.587471 -10.937471
v -18.099001 2.618722 -10.622708
v -18.171894 2.649973 -10.250406
v -18.099144 2.681224 -9.877778
v -17.887582 2.712475 -9.563047
v -17.572464 2.743726 -9.351059
v -17.200478 2.774977 -9.277980
v -16.827695 2.806228 -9.351129
v -16.512959 2.837480 -9.562251
v -16.301251 2.868731 -9.877780
v -16.227750 2.899982 -10.249490
v -16.301451 2.931233 -10.622299
v -16.512058 2.962484 -10.937229
v -16.827975 2.993735 -11.148493
v -17.199520 3.024986 -11.222547
v -17.572226 3.056237 -11.148249
v -17.887495 3.087489 -10.938115
v -18.098235 3.118740 -10.621904
v -18.172855 3.149991 -10.250379
v -18.098024 3.181242 -9.877887
v -17.888223 3.212493 -9.562206
v -17.571867 3.243744 -9.351972
v -17.200212 3.274995 -9.276898
v -16.828006 3.306246 -9.352093
v -16.511938 3.337498 -9.561782
v -16.302090 3.368749 -9.878096
v -16.226795 3.400000 -10.249998
v -16.302089 3.431251 -10.621901
v -16.511935 3.462502 -10.938215
v -16.828003 3.493753 -11.147906
v -17.200208 3.525004 -11.223102
v -17.571863 3.556255 -11.148029
v -17.888220 3.587507 -10.937797
v -18.098023 3.618758 -10.622116
v -18.172855 3.650009 -10.249624
v -18.098237 3.681260 -9.878099
v -17.887498 3.712511 -9.561887
v -17.572229 3.743762 -9.351753
v -17.199524 3.775013 -9.277453
v -16.827979 3.806264 -9.351505
v -16.512061 3.837516 -9.562768
v -16.301453 3.868767 -9.877697
v -16.227750 3.900018 -10.250506
v -16.301249 3.931269 -10.622217
v -16.512956 3.962520 -10.937746
v -16.827691 3.993771 -11.148870
v -17.200474 4.025022 -11.222020
v -17.572460 4.056273 -11.148943
v -17.887579 4.087525 -10.936956
v -18.099142 4.118776 -10.622226
v -18.171894 4.150027 -10.249598
v -18.099002 4.181278 -9.877296
v -17.886973 4.212529 -9.562532
v -17.572049 4.243780 -9.350726
v -17.199676 4.275031 -9.278086
v -16.827113 4.306283 -9.351121
v -16.512580 4.337534 -9.562997
v -16.300805 4.368785 -9.878236
v -16.452004 2.394930 -10.724068
v -16.822539 2.439951 -11.052144
v -17.440777 2.496826 -11.102964
v -17.940554 2.553701 -10.736108
v -18.077550 2.610576 -10.131935
v -17.785465 2.667451 -9.585920
v -17.207149 2.724326 -9.364571
v -16.624906 2.781201 -9.576212
v -16.323589 2.838076 -10.118024
v -16.451489 2.894951 -10.725019
v -16.946258 2.951826 -11.099193
v -17.564798 3.008701 -11.057245
v -18.004204 3.065576 -10.620529
v -18.050156 3.122451 -10.003007
v -17.680473 3.179326 -9.506238
v -17.075466 3.236201 -9.372952
v -16.530738 3.293076 -9.668964
v -16.313483 3.349951 -10.250000
v -16.530738 3.406826 -10.831036
v -17.075466 3.463701 -11.127048
v -17.680473 3.520576 -10.993762
v -18.050156 3.577451 -10.496993
v -18.004204 3.634326 -9.879471
v -17.564798 3.691201 -9.442755
v -16.946258 3.748076 -9.400807
v -16.451489 3.804951 -9.774981
v -16.323589 3.861826 -10.381976
v -16.624906 3.918701 -10.923788
v -17.207149 3.975576 -11.135429
v -17.785465 4.032451 -10.914080
v -18.077550 4.089326 -10.368065
v -17.940554 4.146201 -9.763892
v -17.440777 4.203076 -9.397036
v -16.822539 4.259951 -9.447856
v -16.452021 4.304968 -9.775907
v -16.451996 4.405061 -9.775919
v -16.822534 4.360041 -9.447843
v -17.307799 4.315354 -9.370928
v -17.758897 4.270666 -9.563203
v -18.039757 4.225979 -9.966042
v -18.061316 4.181291 -10.457077
v -17.818701 4.136604 -10.883304
v -17.386749 4.091916 -11.116408
v -16.896322 4.047229 -11.082428
v -16.500458 4.002541 -10.792620
v -16.318202 3.957854 -10.337121
v -16.407254 3.913166 -9.853651
v -16.740458 3.868479 -9.493241
v -17.213629 3.823791 -9.364245
v -17.683875 3.779104 -9.507243
v -18.004217 3.734416 -9.879466
v -18.078252 3.689729 -10.364194
v -17.883084 3.645041 -10.815096
v -17.476739 3.600354 -11.091298
v -16.986724 3.555666 -11.109403
v -16.561068 3.510979 -10.864483
v -16.332488 3.466291 -10.429362
v -16.370536 3.421604 -9.940400
v -16.662125 3.376916 -9.545564
v -17.120345 3.332229 -9.367497
v -17.601928 3.287541 -9.461172
v -17.960780 3.242854 -9.795720
v -18.086055 3.198166 -10.271093
v -17.938019 3.153479 -10.739072
v -17.564804 3.108791 -11.057258
v -17.078427 3.064104 -11.128091
v -16.630089 3.019416 -10.927688
v -16.356713 2.974729 -10.520616
v -16.341321 2.930041 -10.029529
v -16.772910 2.865041 -9.473127
v -17.473953 2.800041 -9.406859
v -18.002157 2.735041 -9.872534
v -18.024276 2.670041 -10.576354
v -17.626636 2.615032 -11.026755
v -17.033577 2.560023 -11.119906
v -16.517643 2.505014 -10.813977
vt 0.515000 1.085630 0.000000
vt 0.515000 1.000000 0.000000
vt 0.625000 1.000000 0.000000
vt 0.543135 0.895000 0.000000
vt 0.638397 0.950000 0.000000
vt 0.620000 0.818135 0.000000
vt 0.675000 0.913397 0.000000
vt 0.725000 0.790000 0.000000
vt 0.725000 0.900000 0.000000
vt 0.810622 0.790000 0.000000
vt 0.775000 0.913397 0.000000
vt 0.811603 0.950000 0.000000
vt 0.885622 0.769904 0.000000
vt 0.960622 1.016647 0.000000
vt 0.940526 0.715000 0.000000
vt 0.960622 0.640000 0.000000
vt 0.931284 1.126139 0.000000
vt 0.811603 1.050000 0.000000
vt 0.825000 1.000000 0.000000
vt 0.775000 1.086603 0.000000
vt 0.851131 1.206292 0.000000
vt 0.741639 1.235630 0.000000
vt 0.365003 1.235630 0.000000
vt 0.440002 1.215533 0.000000
vt 0.494904 1.160629 0.000000
vt 0.675000 1.086603 0.000000
vt 0.638397 1.050000 0.000000
vt 0.725000 1.100000 0.000000
vt 2.000000 -0.030000 0.000000
vt 2.000000 -0.150000 0.000000
vt 2.085629 -0.030000 0.000000
vt 2.085630 -0.150000 0.000000
vt -0.021213 2.042811 0.000000
vt 0.021213 2.042811 0.000000
vt -0.021213 2.128440 0.000000
vt 0.021213 2.128440 0.000000
vt -1.584583 0.624924 0.000000
vt -1.564766 0.663771 0.000000
vt -1.691805 0.765546 0.000000
vt -1.530299 0.690491 0.000000
vt -1.487738 0.700000 0.000000
vt 0.860622 0.700000 0.000000
vt 0.725000 0.759999 0.000000
vt 0.605000 0.792153 0.000000
vt 0.318982 0.929932 0.000000
vt 0.517154 0.880000 0.000000
vt 0.349856 0.925000 0.000000
vt 0.380745 0.929843 0.000000
vt 0.419400 0.953002 0.000000
vt 0.485000 1.000000 0.000000
vt 0.443963 0.990781 0.000000
vt 0.446478 0.998695 0.000000
vt 0.448328 1.006791 0.000000
vt 0.446757 1.050260 0.000000
vt 0.485000 1.085629 0.000000
vt 0.426879 1.088950 0.000000
vt 0.392456 1.115540 0.000000
vt 0.468924 1.145630 0.000000
vt 0.350000 1.125000 0.000000
vt 0.425000 1.189554 0.000000
vt 0.364999 1.205630 0.000000
vt 0.900029 0.720045 0.000000
vt 0.883687 0.697304 0.000000
vt 0.905508 0.689360 0.000000
vt 0.924908 0.676598 0.000000
vt 0.859587 0.749559 0.000000
vt 0.810622 0.760000 0.000000
vt -1.953852 1.205630 0.000000
vt -1.720000 1.125000 0.000000
vt -1.673821 1.113699 0.000000
vt 0.304598 1.114099 0.000000
vt 0.269094 1.083773 0.000000
vt -1.638080 1.082350 0.000000
vt 0.254899 1.055916 0.000000
vt -1.620854 1.038039 0.000000
vt 0.250000 1.025036 0.000000
vt -1.626037 0.990781 0.000000
vt 0.254877 0.994153 0.000000
vt 0.269052 0.966286 0.000000
vt -1.650600 0.953003 0.000000
vt 0.291140 0.944157 0.000000
vt -1.689255 0.929844 0.000000
vt -1.963851 1.202950 0.000000
vt -1.971171 1.195630 0.000000
vt -1.973851 1.185630 0.000000
vt -1.765402 1.114099 0.000000
vt -1.800906 1.083773 0.000000
vt -1.973852 1.006731 0.000000
vt -1.815101 1.055916 0.000000
vt -1.820000 1.025036 0.000000
vt -1.815123 0.994153 0.000000
vt -1.972681 0.999989 0.000000
vt -1.969306 0.994037 0.000000
vt -1.964113 0.989574 0.000000
vt -1.800948 0.966285 0.000000
vt -1.778860 0.944157 0.000000
vt -1.819319 0.888068 0.000000
vt -1.751018 0.929932 0.000000
vt -1.720143 0.925000 0.000000
vt -0.021232 -1.199297 0.000000
vt -0.017985 -1.178747 0.000000
vt -0.021232 -1.001804 0.000000
vt -0.008740 -1.159562 0.000000
vt 0.021232 -1.130831 0.000000
vt 0.021232 -0.956130 0.000000
vt -0.021232 -0.804312 0.000000
vt 0.021232 -0.781428 0.000000
vt -0.021223 -0.606820 0.000000
vt 0.021225 -0.606733 0.000000
vt 0.119993 -2.358085 0.000000
vt 0.000000 -2.358085 0.000000
vt 0.119974 -2.552965 0.000000
vt 0.000000 -2.938334 0.000000
vt 0.119974 -2.747845 0.000000
vt 0.119974 -2.942725 0.000000
vt 0.000000 -3.518584 0.000000
vt 0.230011 -3.326631 0.000000
vt 0.230011 -3.710537 0.000000
vt 0.000000 -4.098833 0.000000
vt 0.119974 -4.094443 0.000000
vt 0.119974 -4.289323 0.000000
vt 0.119974 -4.484203 0.000000
vt 0.000000 -4.679083 0.000000
vt 0.119993 -4.679083 0.000000
vt 0.230006 -4.094443 0.000000
vt 0.230003 -2.942725 0.000000
vt -1.294494 0.052124 0.000000
vt -1.395685 0.040619 0.000000
vt -1.294489 -0.000000 0.000000
vt -1.402220 0.020466 0.000000
vt -1.404518 -0.000000 0.000000
vt -1.374492 0.076605 0.000000
vt -1.294494 0.104248 0.000000
vt -1.374492 0.120569 0.000000
vt -1.294493 0.156372 0.000000
vt -1.374492 0.164532 0.000000
vt -1.294493 0.208496 0.000000
vt -1.374492 0.208496 0.000000
vt 0.018905 -0.030000 0.000000
vt 0.018905 -0.110000 0.000000
vt 2.367266 -0.030001 0.000000
vt 2.367266 -0.110000 0.000000
vt 0.021213 -1.174180 0.000000
vt 0.021214 1.174180 0.000000
vt -0.021213 -1.174180 0.000000
vt -0.021214 1.174180 0.000000
vt -1.557735 0.600496 0.000000
vt -1.548690 0.565573 0.000000
vt -1.487738 0.669999 0.000000
vt -1.416860 0.196129 0.000000
vt 0.860622 0.670000 0.000000
vt 0.930622 0.600000 0.000000
vt 0.921244 0.635000 0.000000
vt -1.416860 -0.196129 0.000000
vt 0.930622 -0.600000 0.000000
vt 0.860622 -0.670000 0.000000
vt 0.921244 -0.635000 0.000000
vt 0.895622 -0.660622 0.000000
vt -1.487738 -0.669999 0.000000
vt -1.548694 -0.565570 0.000000
vt -1.557735 -0.600496 0.000000
vt -1.548193 -0.635285 0.000000
vt -1.522594 -0.660703 0.000000
vt 0.895622 0.660622 0.000000
vt -1.522594 0.660703 0.000000
vt -1.548193 0.635285 0.000000
vt 0.021213 -0.000000 0.000000
vt -0.021214 -0.000000 0.000000
vt 0.021214 -0.044305 0.000000
vt -0.021214 -0.044305 0.000000
vt 0.021214 -0.088609 0.000000
vt -0.021214 -0.088610 0.000000
vt 0.021215 -0.132914 0.000000
vt -0.021214 -0.132915 0.000000
vt -0.021207 -0.177220 0.000000
vt 0.021209 -0.177219 0.000000
vt 0.021209 -1.199276 0.000000
vt -0.021208 -1.199276 0.000000
vt 0.021205 -1.588321 0.000000
vt -0.021205 -1.588321 0.000000
vt -0.021205 -1.977366 0.000000
vt -0.021213 -2.366411 0.000000
vt 0.021211 -2.366411 0.000000
vt 0.021205 -1.977366 0.000000
vt -0.021212 -0.089813 0.000000
vt -0.021214 -0.134118 0.000000
vt 0.021211 -0.089813 0.000000
vt 0.021215 -0.134119 0.000000
vt -0.021214 -0.178423 0.000000
vt 0.021214 -0.178424 0.000000
vt -0.021214 -0.222728 0.000000
vt 0.021214 -0.222728 0.000000
vt -0.021214 -0.267033 0.000000
vt 0.021213 -0.267033 0.000000
vt -0.021214 -1.174180 0.000000
vt 0.021214 -1.174180 0.000000
vt -0.021213 1.174180 0.000000
vt 0.021213 1.174180 0.000000
vt -0.021213 0.267035 0.000000
vt -0.021213 0.233656 0.000000
vt 0.021213 0.267035 0.000000
vt 0.021213 0.222529 0.000000
vt -0.021213 0.200277 0.000000
vt 0.021213 0.178024 0.000000
vt -0.021213 0.166897 0.000000
vt 0.021213 0.133518 0.000000
vt -0.021213 0.133518 0.000000
vt -0.021213 -0.600000 0.000000
vt 0.021213 -0.600000 0.000000
vt -0.021213 0.600000 0.000000
vt 0.021213 0.600000 0.000000
vt -0.021213 0.133518 0.000000
vt -0.021213 0.100138 0.000000
vt 0.021213 0.133518 0.000000
vt 0.021213 0.089012 0.000000
vt -0.021213 0.066759 0.000000
vt 0.021213 0.044506 0.000000
vt -0.021213 0.033379 0.000000
vt 0.021213 0.000000 0.000000
vt -0.021213 0.000000 0.000000
vt -1.374492 0.000000 0.000000
vt -1.294492 0.000000 0.000000
vt -1.374492 0.023274 0.000000
vt -1.294492 0.039270 0.000000
vt -1.374492 0.046549 0.000000
vt -1.374492 0.069823 0.000000
vt -1.294492 0.078540 0.000000
vt -1.396140 0.115928 0.000000
vt -1.294492 0.117810 0.000000
vt -1.402379 0.136504 0.000000
vt -1.294492 0.157080 0.000000
vt -1.404488 0.157080 0.000000
vt 0.021211 0.113481 0.000000
vt 0.021211 0.170221 0.000000
vt -0.021211 0.141373 0.000000
vt -0.009404 0.212060 0.000000
vt -0.021211 0.212060 0.000000
vt -0.021211 0.070687 0.000000
vt 0.021211 0.056740 0.000000
vt -0.021211 0.000000 0.000000
vt 0.021211 0.000000 0.000000
vt -0.021211 -0.042811 0.000000
vt 0.021210 -0.042811 0.000000
vt -0.021214 0.042811 0.000000
vt 0.021214 0.042811 0.000000
vt -0.021213 -0.706859 0.000000
vt -0.021213 -0.795217 0.000000
vt 0.021214 -0.706859 0.000000
vt 0.021214 -0.824669 0.000000
vt -0.021213 -0.883574 0.000000
vt 0.021213 -0.942479 0.000000
vt -0.021213 -0.971931 0.000000
vt 0.021213 -1.060289 0.000000
vt -0.021213 -1.060289 0.000000
vt -0.030001 -0.329867 0.000000
vt -0.150000 -0.329867 0.000000
vt -0.030000 -0.412334 0.000000
vt -0.150000 -0.439823 0.000000
vt -0.030000 -0.494801 0.000000
vt -0.150000 -0.549779 0.000000
vt -0.030000 -0.577268 0.000000
vt -0.150000 -0.659734 0.000000
vt -0.030000 -0.659734 0.000000
vt -0.085622 -0.029998 0.000000
vt -0.085622 -0.150000 0.000000
vt -0.000000 -0.030001 0.000000
vt -0.000000 -0.150000 0.000000
vt -1.524492 0.235619 0.000000
vt -1.524492 0.157080 0.000000
vt -1.404488 0.235619 0.000000
vt -1.404488 0.157080 0.000000
vt -1.404488 0.078540 0.000000
vt -1.524492 0.078540 0.000000
vt -1.404490 0.000000 0.000000
vt -1.524492 -0.000000 0.000000
vt 0.416618 -0.840000 0.000000
vt 1.616618 -0.840000 0.000000
vt 0.416618 -0.730004 0.000000
vt 1.616618 -0.730004 0.000000
vt 0.376618 -0.610000 0.000000
vt 1.656618 -0.610000 0.000000
vt 2.033257 0.000000 0.000000
vt 2.033257 -0.610000 0.000000
vt 1.656617 -0.730003 0.000000
vt -0.000030 0.000000 0.000000
vt -0.000030 -0.610000 0.000000
vt 0.376618 -0.730004 0.000000
vt 0.009404 0.640000 0.000000
vt 0.018227 0.620431 0.000000
vt 0.021210 0.640000 0.000000
vt 0.021210 0.600000 0.000000
vt -0.000000 0.347441 0.000000
vt -0.610000 0.347441 0.000000
vt -0.000000 0.232782 0.000000
vt -0.610000 0.232782 0.000000
vt -0.000000 0.118123 0.000000
vt -0.610000 0.118123 0.000000
vt -0.000000 0.003464 0.000000
vt -0.610000 0.003464 0.000000
vt 0.881163 3.213328 0.000000
vt 0.967064 3.202884 0.000000
vt 0.915963 3.258681 0.000000
vt 1.109907 3.345727 0.000000
vt 1.054110 3.396827 0.000000
vt 1.137944 3.367241 0.000000
vt 1.099463 3.431628 0.000000
vt 1.170595 3.380765 0.000000
vt 1.152277 3.453504 0.000000
vt 1.205633 3.385378 0.000000
vt 1.208954 3.460966 0.000000
vt 2.403315 3.460966 0.000000
vt 2.412897 3.460788 0.000000
vt 2.422479 3.460675 0.000000
vt 2.432062 3.460622 0.000000
vt 5.162791 3.385378 0.000000
vt 5.154430 3.460622 0.000000
vt 5.263921 3.431284 0.000000
vt 5.230480 3.367241 0.000000
vt 5.344075 3.351131 0.000000
vt 5.280032 3.317689 0.000000
vt 5.373413 3.241639 0.000000
vt 5.298169 3.250000 0.000000
vt 5.298169 2.550000 0.000000
vt 0.945550 3.174846 0.000000
vt 0.859286 3.160514 0.000000
vt 0.932026 3.142196 0.000000
vt 0.851825 3.103837 0.000000
vt 0.927413 3.107157 0.000000
vt 0.851825 1.346163 0.000000
vt 0.927413 1.342843 0.000000
vt 0.932026 1.307804 0.000000
vt 0.859286 1.289486 0.000000
vt 0.945550 1.275154 0.000000
vt 0.881163 1.236672 0.000000
vt 0.967064 1.247116 0.000000
vt 0.915963 1.191319 0.000000
vt 1.109907 1.104273 0.000000
vt 1.054110 1.053173 0.000000
vt 1.137944 1.082759 0.000000
vt 1.099463 1.018372 0.000000
vt 1.170595 1.069235 0.000000
vt 1.152277 0.996496 0.000000
vt 1.205633 1.064622 0.000000
vt 1.208954 0.989034 0.000000
vt 2.403229 0.989024 0.000000
vt 2.412843 0.989203 0.000000
vt 2.422457 0.989317 0.000000
vt 2.432072 0.989370 0.000000
vt 5.162791 1.064622 0.000000
vt 5.154430 0.989370 0.000000
vt 5.263921 1.018708 0.000000
vt 5.230480 1.082759 0.000000
vt 5.344075 1.098861 0.000000
vt 5.280032 1.132311 0.000000
vt 5.373413 1.208353 0.000000
vt 5.298169 1.200000 0.000000
vt 5.298169 1.900000 0.000000
vt 5.196169 2.550000 0.000000
vt 5.196169 2.524315 0.000000
vt 5.197281 2.509444 0.000000
vt 5.200592 2.494904 0.000000
vt 5.206028 2.481017 0.000000
vt 5.240870 2.397800 0.000000
vt 5.267008 2.311453 0.000000
vt 5.284169 2.222883 0.000000
vt 5.284169 1.977117 0.000000
vt 5.280132 1.951273 0.000000
vt 5.275328 1.925559 0.000000
vt 5.269762 1.900000 0.000000
vt 0.195368 0.000000 0.000000
vt -0.000001 0.000000 0.000000
vt 0.195332 -0.590000 0.000000
vt 0.000036 -0.590000 0.000000
vt 0.014142 -0.097648 0.000000
vt 0.014142 0.097648 0.000000
vt -0.014142 -0.097612 0.000000
vt -0.014142 0.097612 0.000000
vt -1.993790 -1.215705 0.000000
vt -1.999292 -1.206483 0.000000
vt -2.009653 -1.215946 0.000000
vt -2.002698 -1.196299 0.000000
vt -2.003852 -1.185622 0.000000
vt -2.003852 -1.006731 0.000000
vt -2.550000 -0.525000 0.000000
vt -3.060000 -0.935000 0.000000
vt -2.812500 -0.454663 0.000000
vt -3.078887 -0.850158 0.000000
vt -3.131981 -0.781341 0.000000
vt -3.004663 -0.262500 0.000000
vt -3.209254 -0.741545 0.000000
vt -3.296111 -0.738287 0.000000
vt -3.075000 0.000000 0.000000
vt -3.376148 -0.772182 0.000000
vt -3.540966 -0.878764 0.000000
vt -3.434248 -0.836829 0.000000
vt -3.459438 -0.920017 0.000000
vt -3.534180 -0.930310 0.000000
vt -3.514284 -0.978343 0.000000
vt -2.000899 -0.989803 0.000000
vt -2.287500 -0.454663 0.000000
vt -1.992389 -0.974874 0.000000
vt -1.979328 -0.963708 0.000000
vt -2.095337 -0.262500 0.000000
vt -1.576976 -0.554638 0.000000
vt -2.025000 0.000000 0.000000
vt -1.430000 -0.000000 0.000000
vt -1.576976 0.554638 0.000000
vt -2.095337 0.262500 0.000000
vt -1.979328 0.963708 0.000000
vt -2.287500 0.454663 0.000000
vt -1.992389 0.974874 0.000000
vt -2.000899 0.989803 0.000000
vt -2.550000 0.525000 0.000000
vt -2.003852 1.006731 0.000000
vt -2.009653 1.215918 0.000000
vt -2.003852 1.185630 0.000000
vt -2.002699 1.196304 0.000000
vt -1.999295 1.206485 0.000000
vt -1.993795 1.215705 0.000000
vt -3.203764 1.215966 0.000000
vt -3.082923 1.027972 0.000000
vt -3.060000 0.935000 0.000000
vt -2.812500 0.454663 0.000000
vt -3.078887 0.850158 0.000000
vt -3.131981 0.781341 0.000000
vt -3.255310 1.209180 0.000000
vt -3.235984 1.133553 0.000000
vt -3.146437 1.099632 0.000000
vt -3.303343 1.189284 0.000000
vt -3.331035 1.121960 0.000000
vt -3.344590 1.157634 0.000000
vt -3.401421 1.076421 0.000000
vt -3.482634 1.019590 0.000000
vt -3.446960 1.006035 0.000000
vt -3.514284 0.978343 0.000000
vt -3.459438 0.920017 0.000000
vt -3.534180 0.930310 0.000000
vt -3.540966 0.878764 0.000000
vt -3.376148 0.772182 0.000000
vt -3.434248 0.836829 0.000000
vt -3.446960 -1.006035 0.000000
vt -3.482634 -1.019590 0.000000
vt -3.401421 -1.076421 0.000000
vt -3.344590 -1.157634 0.000000
vt -3.331035 -1.121960 0.000000
vt -3.303343 -1.189284 0.000000
vt -3.235984 -1.133553 0.000000
vt -3.255310 -1.209180 0.000000
vt -3.203764 -1.215966 0.000000
vt -3.082923 -1.027972 0.000000
vt -3.146437 -1.099632 0.000000
vt -3.004663 0.262500 0.000000
vt -3.209254 0.741545 0.000000
vt -3.296111 0.738287 0.000000
vt 0.014115 0.013535 0.000000
vt 0.003024 0.013530 0.000000
vt 0.014347 -0.015304 0.000000
vt -0.014147 0.000475 0.000000
vt -0.013989 -0.015389 0.000000
vt 0.000000 -0.014366 0.000000
vt -0.000000 -0.004783 0.000000
vt -0.589977 -0.014459 0.000000
vt -0.000000 0.004800 0.000000
vt -0.589975 0.014382 0.000000
vt 0.000000 0.014383 0.000000
vt 2.722347 -0.589975 0.000000
vt 2.722347 0.000000 0.000000
vt 2.695469 -0.590000 0.000000
vt 0.376618 -0.610000 0.000000
vt 2.695470 -0.729999 0.000000
vt 0.376618 -0.730000 0.000000
vt -0.000022 0.000000 0.000000
vt -0.000022 -0.610000 0.000000
vt 0.014142 -1.334296 0.000000
vt 0.011317 -1.348288 0.000000
vt 0.014178 -1.361174 0.000000
vt 0.003087 -1.361180 0.000000
vt -1.544509 0.000000 0.000000
vt -1.404509 0.000000 0.000000
vt -1.542511 0.014182 0.000000
vt -1.404510 0.019635 0.000000
vt -1.536692 0.028370 0.000000
vt -1.404510 0.039270 0.000000
vt -1.524509 0.046262 0.000000
vt -1.404510 0.058905 0.000000
vt -1.524509 0.057021 0.000000
vt -1.524509 0.067780 0.000000
vt -1.404510 0.078539 0.000000
vt -1.524509 0.078540 0.000000
vt -0.027978 -0.150000 0.000000
vt 0.150914 -0.150000 0.000000
vt -0.027978 -0.030000 0.000000
vt 0.150914 -0.030001 0.000000
vt -0.021213 -0.089446 0.000000
vt 0.021213 -0.089446 0.000000
vt -0.021214 0.089446 0.000000
vt 0.021214 0.089446 0.000000
vt 0.924907 -0.676599 0.000000
vt 0.905507 -0.689361 0.000000
vt 0.900027 -0.720045 0.000000
vt 0.883686 -0.697304 0.000000
vt 0.860622 -0.700000 0.000000
vt 0.725000 -0.759999 0.000000
vt -1.487738 -0.700000 0.000000
vt 0.605000 -0.792153 0.000000
vt 0.350000 -0.925000 0.000000
vt 0.517154 -0.880000 0.000000
vt 0.384000 -0.930958 0.000000
vt 0.413950 -0.948121 0.000000
vt -1.530299 -0.690491 0.000000
vt -1.691804 -0.765545 0.000000
vt 0.304598 -0.935901 0.000000
vt -1.564766 -0.663771 0.000000
vt -1.584583 -0.624924 0.000000
vt -1.819316 -0.888066 0.000000
vt -1.720000 -0.925000 0.000000
vt -1.673821 -0.936301 0.000000
vt 0.269094 -0.966227 0.000000
vt -1.638080 -0.967650 0.000000
vt 0.254899 -0.994084 0.000000
vt -1.620854 -1.011961 0.000000
vt 0.250000 -1.024964 0.000000
vt -1.626037 -1.059219 0.000000
vt 0.254877 -1.055847 0.000000
vt 0.269052 -1.083715 0.000000
vt -1.650600 -1.096997 0.000000
vt 0.291140 -1.105843 0.000000
vt -1.689255 -1.120156 0.000000
vt 0.364999 -1.205622 0.000000
vt -1.953852 -1.205621 0.000000
vt -1.720143 -1.125000 0.000000
vt -1.973851 -1.185622 0.000000
vt -1.751018 -1.120068 0.000000
vt -1.778860 -1.105843 0.000000
vt -1.765402 -0.935901 0.000000
vt -1.964114 -0.989574 0.000000
vt -1.800906 -0.966227 0.000000
vt -1.815101 -0.994084 0.000000
vt -1.969304 -0.994034 0.000000
vt -1.972680 -0.999988 0.000000
vt -1.973851 -1.006731 0.000000
vt -1.820000 -1.024964 0.000000
vt -1.815123 -1.055847 0.000000
vt -1.800948 -1.083715 0.000000
vt -1.971171 -1.195622 0.000000
vt -1.963851 -1.202942 0.000000
vt 0.425000 -1.189546 0.000000
vt 0.349857 -1.125000 0.000000
vt 0.318982 -1.120068 0.000000
vt 0.468924 -1.145622 0.000000
vt 0.380745 -1.120156 0.000000
vt 0.419400 -1.096997 0.000000
vt 0.485000 -1.085621 0.000000
vt 0.443963 -1.059219 0.000000
vt 0.449655 -1.033297 0.000000
vt 0.485000 -1.000000 0.000000
vt 0.448328 -1.006791 0.000000
vt 0.436279 -0.974444 0.000000
vt 0.810622 -0.760001 0.000000
vt 0.859586 -0.749558 0.000000
vt -0.009405 0.212058 0.000000
vt 0.021211 0.253900 0.000000
vt -0.021211 0.212059 0.000000
vt -0.021211 0.282746 0.000000
vt 0.021211 0.310639 0.000000
vt -0.021211 0.353432 0.000000
vt 0.021211 0.367379 0.000000
vt -0.021211 0.424119 0.000000
vt 0.021211 0.424119 0.000000
vt -1.524492 0.235619 0.000000
vt -1.524492 0.157080 0.000000
vt -1.404491 0.235619 0.000000
vt -1.404489 0.157080 0.000000
vt -1.524492 0.078540 0.000000
vt -1.404489 0.078540 0.000000
vt -1.524492 -0.000000 0.000000
vt -1.404489 -0.000000 0.000000
vt 0.620000 -0.818135 0.000000
vt 0.675000 -0.913397 0.000000
vt 0.725000 -0.790000 0.000000
vt 0.725000 -0.900000 0.000000
vt 0.810622 -0.790000 0.000000
vt 0.775000 -0.913397 0.000000
vt 0.811603 -0.950000 0.000000
vt 0.638397 -0.950000 0.000000
vt 0.543135 -0.895000 0.000000
vt 0.625000 -1.000000 0.000000
vt 0.515000 -1.000000 0.000000
vt 0.515000 -1.085622 0.000000
vt 0.494904 -1.160622 0.000000
vt 0.675000 -1.086603 0.000000
vt 0.638397 -1.050000 0.000000
vt 0.741639 -1.235622 0.000000
vt 0.440000 -1.215526 0.000000
vt 0.365000 -1.235622 0.000000
vt 0.851131 -1.206284 0.000000
vt 0.775000 -1.086603 0.000000
vt 0.725000 -1.100000 0.000000
vt 0.931284 -1.126131 0.000000
vt 0.811603 -1.050000 0.000000
vt 0.960622 -1.016639 0.000000
vt 0.825000 -1.000000 0.000000
vt 0.885622 -0.769904 0.000000
vt 0.960622 -0.640000 0.000000
vt 0.940526 -0.715000 0.000000
vt -0.372964 -0.150000 0.000000
vt -0.287342 -0.150000 0.000000
vt -0.372964 -0.030001 0.000000
vt -0.287342 -0.029999 0.000000
vt 0.021214 -0.042811 0.000000
vt 0.021211 0.042811 0.000000
vt -0.021214 -0.042811 0.000000
vt -0.021211 0.042811 0.000000
vt -0.021213 0.353430 0.000000
vt -0.021213 0.265072 0.000000
vt 0.021213 0.353430 0.000000
vt 0.021213 0.235620 0.000000
vt -0.021213 0.176715 0.000000
vt 0.021214 0.117810 0.000000
vt -0.021213 0.088357 0.000000
vt 0.021214 -0.000000 0.000000
vt -0.021213 -0.000000 0.000000
vt -0.030000 -0.659734 0.000000
vt -0.150000 -0.659734 0.000000
vt -0.030000 -0.742201 0.000000
vt -0.150000 -0.769690 0.000000
vt -0.030000 -0.824668 0.000000
vt -0.150000 -0.879646 0.000000
vt -0.030000 -0.907135 0.000000
vt -0.150000 -0.989602 0.000000
vt -0.030001 -0.989602 0.000000
vt -0.085622 -0.150000 0.000000
vt -0.000000 -0.150000 0.000000
vt -0.085621 -0.030000 0.000000
vt -0.000000 -0.030000 0.000000
vt 0.021213 -0.042810 0.000000
vt 0.021213 0.042811 0.000000
vt -0.021213 -0.042810 0.000000
vt -0.021213 0.042811 0.000000
vt 0.021214 -0.424115 0.000000
vt -0.021212 -0.424116 0.000000
vt 0.021214 -0.494802 0.000000
vt -0.021211 -0.494802 0.000000
vt -0.021211 -0.565489 0.000000
vt -0.021212 -0.636175 0.000000
vt 0.021214 -0.636176 0.000000
vt 0.021214 -0.565489 0.000000
vt -1.404492 0.235620 0.000000
vt -1.524492 0.235619 0.000000
vt -1.404492 0.157080 0.000000
vt -1.524492 0.157080 0.000000
vt -1.404492 0.078540 0.000000
vt -1.524492 0.078540 0.000000
vt -1.524492 -0.000000 0.000000
vt -1.404492 -0.000001 0.000000
vt -0.021214 -1.159426 0.000000
vt 0.021214 -1.159426 0.000000
vt -0.021213 1.159425 0.000000
vt 0.021213 1.159425 0.000000
vt -0.021213 -0.054977 0.000000
vt -0.021213 -0.068721 0.000000
vt 0.021214 -0.054977 0.000000
vt 0.021215 -0.073303 0.000000
vt -0.021213 -0.082465 0.000000
vt 0.021215 -0.091628 0.000000
vt -0.021213 -0.096210 0.000000
vt 0.021214 -0.109953 0.000000
vt -0.021213 -0.109954 0.000000
vt 0.304998 0.347440 0.000000
vt -0.305002 0.347440 0.000000
vt 0.304998 0.232781 0.000000
vt -0.305002 0.232781 0.000000
vt 0.304998 0.118122 0.000000
vt -0.305002 0.118122 0.000000
vt 0.304998 0.003463 0.000000
vt -0.305002 0.003463 0.000000
vt -0.210000 0.261799 0.000000
vt 0.500000 0.261799 0.000000
vt -0.210000 0.314159 0.000000
vt 0.500000 0.314159 0.000000
vt -0.210000 -0.314159 0.000000
vt 0.500000 -0.314159 0.000000
vt -0.210000 -0.261799 0.000000
vt 0.500000 -0.261799 0.000000
vt -0.210000 -0.209440 0.000000
vt 0.500000 -0.209440 0.000000
vt -0.210000 -0.157080 0.000000
vt 0.500000 -0.157080 0.000000
vt -0.210000 -0.104720 0.000000
vt 0.500000 -0.104720 0.000000
vt -0.210000 -0.052360 0.000000
vt 0.500000 -0.052360 0.000000
vt -0.210000 0.000000 0.000000
vt 0.500000 0.000000 0.000000
vt -0.210000 0.052360 0.000000
vt 0.500000 0.052360 0.000000
vt -0.210000 0.104720 0.000000
vt 0.500000 0.104720 0.000000
vt -0.210000 0.157080 0.000000
vt 0.500000 0.157080 0.000000
vt -0.210000 0.209440 0.000000
vt 0.500000 0.209440 0.000000
vt -1.198060 -1.099107 0.000000
vt -1.368047 -1.058378 0.000000
vt -3.207157 -1.160378 0.000000
vt -2.985996 -1.058378 0.000000
vt -3.026221 -1.049931 0.000000
vt -3.210000 -1.021603 0.000000
vt -3.059650 -1.026016 0.000000
vt -3.080637 -0.990675 0.000000
vt -3.173397 -0.985000 0.000000
vt -3.085634 -0.949877 0.000000
vt -3.160000 -0.935000 0.000000
vt -3.095618 -0.874970 0.000000
vt -3.173397 -0.885000 0.000000
vt -3.210000 -0.848397 0.000000
vt -3.136256 -0.811256 0.000000
vt -3.199970 -0.770618 0.000000
vt -3.260000 -0.835000 0.000000
vt -3.274877 -0.760634 0.000000
vt -3.315675 -0.755637 0.000000
vt -3.351016 -0.734650 0.000000
vt -3.485378 -0.882157 0.000000
vt -3.310000 -0.848397 0.000000
vt -3.374931 -0.701221 0.000000
vt -3.383378 -0.660996 0.000000
vt -3.383378 -0.405253 0.000000
vt -3.397184 -0.332234 0.000000
vt -3.384928 -0.380402 0.000000
vt -3.389554 -0.355936 0.000000
vt -3.452948 -0.113072 0.000000
vt -3.452948 0.113072 0.000000
vt -3.485378 0.882157 0.000000
vt -3.397184 0.332234 0.000000
vt -3.383378 0.405253 0.000000
vt -3.384928 0.380402 0.000000
vt -3.389554 0.355936 0.000000
vt -3.383378 0.660996 0.000000
vt -3.374931 0.701221 0.000000
vt -3.351016 0.734650 0.000000
vt -3.315675 0.755637 0.000000
vt -3.310000 0.848397 0.000000
vt -3.346603 0.885000 0.000000
vt -3.260000 0.835000 0.000000
vt -3.274877 0.760634 0.000000
vt -3.199970 0.770618 0.000000
vt -3.210000 0.848397 0.000000
vt -3.136256 0.811256 0.000000
vt -3.095618 0.874970 0.000000
vt -3.085634 0.949877 0.000000
vt -3.160000 0.935000 0.000000
vt -3.173397 0.885000 0.000000
vt -3.173397 0.985000 0.000000
vt -3.080637 0.990675 0.000000
vt -3.210000 1.021603 0.000000
vt -3.059650 1.026016 0.000000
vt -3.026221 1.049931 0.000000
vt -3.207157 1.160378 0.000000
vt -2.985996 1.058378 0.000000
vt -1.855073 1.058378 0.000000
vt -1.825730 1.059817 0.000000
vt -1.796669 1.064118 0.000000
vt -1.768168 1.071242 0.000000
vt -1.625220 1.099614 0.000000
vt -1.479483 1.099614 0.000000
vt 0.750000 1.160378 0.000000
vt -0.732895 1.093711 0.000000
vt -0.569622 1.093711 0.000000
vt -1.336535 1.071242 0.000000
vt -1.249629 1.058378 0.000000
vt -0.892299 1.058378 0.000000
vt -1.308034 1.064118 0.000000
vt -1.278972 1.059817 0.000000
vt -0.410219 1.058378 0.000000
vt 0.453168 1.058378 0.000000
vt 0.675000 1.086603 0.000000
vt 0.498720 1.047401 0.000000
vt 0.638397 1.050000 0.000000
vt 0.534271 1.016879 0.000000
vt 0.625000 1.000000 0.000000
vt 0.552016 0.973513 0.000000
vt 0.638397 0.950000 0.000000
vt 0.578069 0.904940 0.000000
vt 0.675000 0.913397 0.000000
vt 0.629940 0.853069 0.000000
vt 0.725000 0.900000 0.000000
vt 0.698513 0.827016 0.000000
vt 0.741879 0.809271 0.000000
vt 0.775000 0.913397 0.000000
vt 0.772401 0.773720 0.000000
vt 0.811603 0.950000 0.000000
vt 0.885378 1.025000 0.000000
vt 0.825000 1.000000 0.000000
vt 0.811603 1.050000 0.000000
vt 0.867241 1.092689 0.000000
vt 0.775000 1.086603 0.000000
vt 0.817689 1.142241 0.000000
vt 0.725000 1.100000 0.000000
vt 0.783378 0.728168 0.000000
vt 0.885378 0.325000 0.000000
vt 0.783378 0.325000 0.000000
vt -3.242196 1.155765 0.000000
vt -3.274846 1.142241 0.000000
vt -3.302884 1.120727 0.000000
vt -3.260000 1.035000 0.000000
vt -3.310000 1.021603 0.000000
vt -3.445727 0.977884 0.000000
vt -3.346603 0.985000 0.000000
vt -3.360000 0.935000 0.000000
vt -3.467241 0.949846 0.000000
vt -3.480765 0.917196 0.000000
vt -3.346603 -0.885000 0.000000
vt -3.480765 -0.917196 0.000000
vt -3.360000 -0.935000 0.000000
vt -3.467241 -0.949846 0.000000
vt -3.445727 -0.977884 0.000000
vt -3.302884 -1.120727 0.000000
vt -3.310000 -1.021603 0.000000
vt -3.346603 -0.985000 0.000000
vt -3.260000 -1.035000 0.000000
vt -3.274846 -1.142241 0.000000
vt -3.242196 -1.155765 0.000000
vt 0.750000 -1.160378 0.000000
vt -1.023263 -1.099107 0.000000
vt -0.853277 -1.058378 0.000000
vt 0.453168 -1.058378 0.000000
vt 0.675000 -1.086603 0.000000
vt 0.498720 -1.047401 0.000000
vt 0.638397 -1.050000 0.000000
vt 0.534271 -1.016879 0.000000
vt 0.625000 -1.000000 0.000000
vt 0.552016 -0.973513 0.000000
vt 0.638397 -0.950000 0.000000
vt 0.578069 -0.904940 0.000000
vt 0.675000 -0.913397 0.000000
vt 0.629940 -0.853069 0.000000
vt 0.725000 -0.900000 0.000000
vt 0.698513 -0.827016 0.000000
vt 0.741879 -0.809271 0.000000
vt 0.775000 -0.913397 0.000000
vt 0.772401 -0.773720 0.000000
vt 0.811603 -0.950000 0.000000
vt 0.885378 -1.025000 0.000000
vt 0.825000 -1.000000 0.000000
vt 0.811603 -1.050000 0.000000
vt 0.725000 -1.100000 0.000000
vt 0.817689 -1.142241 0.000000
vt 0.775000 -1.086603 0.000000
vt 0.867241 -1.092689 0.000000
vt 0.885378 -0.325000 0.000000
vt 0.818862 -0.447280 0.000000
vt 0.783378 -0.728168 0.000000
vt 0.856971 -0.325000 0.000000
vt 0.840144 -0.386834 0.000000
vt 0.783378 -0.549315 0.000000
vt 0.793237 -0.506017 0.000000
vt 0.784490 -0.534444 0.000000
vt 0.787801 -0.519904 0.000000
vt 0.010000 -1.433045 0.000000
vt 0.710000 -1.433045 0.000000
vt 0.010000 -1.257844 0.000000
vt 0.710000 -1.257844 0.000000
vt 0.710000 -1.082643 0.000000
vt 0.710000 -0.907442 0.000000
vt 0.010000 -0.907442 0.000000
vt 0.010000 -1.082643 0.000000
vt -0.783378 -0.600000 0.000000
vt -0.783378 -0.602171 0.000000
vt -0.693784 -0.701629 0.000000
vt -0.771665 -0.649133 0.000000
vt -0.739271 -0.685093 0.000000
vt -0.615235 -0.720802 0.000000
vt -0.783378 -0.275897 0.000000
vt -0.544659 -0.760256 0.000000
vt -0.298186 -0.857846 0.000000
vt -0.386853 -0.853924 0.000000
vt -0.487183 -0.817125 0.000000
vt -0.459278 -0.841966 0.000000
vt -0.424202 -0.854831 0.000000
vt -0.222847 -0.904762 0.000000
vt 1.276058 0.079547 0.000000
vt 1.249162 0.173972 0.000000
vt -0.298186 0.857846 0.000000
vt -0.786447 -0.269843 0.000000
vt -0.789470 -0.263764 0.000000
vt -0.792445 -0.257663 0.000000
vt -0.793237 -0.256017 0.000000
vt -0.792970 -0.256579 0.000000
vt -0.180213 -0.982604 0.000000
vt -0.083192 -1.058378 0.000000
vt 0.410219 -1.058378 0.000000
vt 1.281092 0.062363 0.000000
vt 1.289110 0.046353 0.000000
vt 1.366522 -0.122559 0.000000
vt 1.400034 -0.305318 0.000000
vt 1.387589 -0.490707 0.000000
vt 0.569622 -1.093711 0.000000
vt 0.732895 -1.093711 0.000000
vt -0.160524 -1.021779 0.000000
vt -0.125970 -1.048766 0.000000
vt 0.892299 -1.058378 0.000000
vt 1.385789 -0.511853 0.000000
vt 1.388493 -0.532903 0.000000
vt 1.395577 -0.552908 0.000000
vt 1.444399 -0.645016 0.000000
vt 1.384050 -1.058378 0.000000
vt 1.500554 -0.732846 0.000000
vt 1.456397 -1.044835 0.000000
vt 1.518945 -1.006038 0.000000
vt 1.563224 -0.947243 0.000000
vt 1.563670 -0.815815 0.000000
vt 1.565816 -0.942221 0.000000
vt 1.568570 -0.937285 0.000000
vt 1.571481 -0.932441 0.000000
vt 1.585618 -0.893622 0.000000
vt 1.582858 -0.852402 0.000000
vt 1.262509 0.137677 0.000000
vt 1.274169 0.097353 0.000000
vt 1.272694 0.111415 0.000000
vt 1.268766 0.124998 0.000000
vt 1.250584 0.212616 0.000000
vt 1.301630 0.428179 0.000000
vt 1.318280 0.463763 0.000000
vt 1.299973 0.388929 0.000000
vt 1.266562 0.247832 0.000000
vt 1.301266 0.339516 0.000000
vt 1.289876 0.291417 0.000000
vt 1.437528 0.633093 0.000000
vt 1.347352 0.490186 0.000000
vt 1.386811 0.534221 0.000000
vt 1.376703 0.516992 0.000000
vt 1.363373 0.502116 0.000000
vt 1.496630 0.727194 0.000000
vt 1.582858 0.852402 0.000000
vt 0.853277 1.058378 0.000000
vt 1.023263 1.099107 0.000000
vt 1.198060 1.099107 0.000000
vt 1.368047 1.058378 0.000000
vt 1.563224 0.947243 0.000000
vt 1.384050 1.058378 0.000000
vt 1.518945 1.006038 0.000000
vt 1.456397 1.044835 0.000000
vt 1.563670 0.815815 0.000000
vt 1.585618 0.893622 0.000000
vt 1.571481 0.932441 0.000000
vt 1.568570 0.937285 0.000000
vt 1.565816 0.942221 0.000000
vt -0.222847 0.904762 0.000000
vt -0.083192 1.058378 0.000000
vt -0.180213 0.982604 0.000000
vt -0.160524 1.021779 0.000000
vt -0.125970 1.048766 0.000000
vt -0.386853 0.853924 0.000000
vt -0.544659 0.760256 0.000000
vt -0.828079 0.422800 0.000000
vt -0.854218 0.336453 0.000000
vt -0.424202 0.854831 0.000000
vt -0.459278 0.841966 0.000000
vt -0.487183 0.817125 0.000000
vt -0.615235 0.720802 0.000000
vt -0.783378 0.525897 0.000000
vt -0.786447 0.519843 0.000000
vt -0.789470 0.513764 0.000000
vt -0.693784 0.701629 0.000000
vt -0.783378 0.600000 0.000000
vt -0.783378 0.602171 0.000000
vt -0.771665 0.649133 0.000000
vt -0.739271 0.685093 0.000000
vt -0.792445 0.507663 0.000000
vt -0.793237 0.506017 0.000000
vt -0.792445 0.507707 0.000000
vt -0.792706 0.507142 0.000000
vt -0.792970 0.506579 0.000000
vt -0.871378 0.247883 0.000000
vt -0.871378 0.002117 0.000000
vt -0.854218 -0.086453 0.000000
vt -0.828079 -0.172800 0.000000
vt -0.792706 -0.257142 0.000000
vt -0.792445 -0.257707 0.000000
vt -0.023417 0.001000 0.000000
vt -0.326274 0.200000 0.000000
vt -0.324103 0.001000 0.000000
vt -0.326274 0.000000 0.000000
vt -0.324103 0.000000 0.000000
vt -0.023417 0.600000 0.000000
vt -0.049103 0.600000 0.000000
vt -0.049103 0.700000 0.000000
vt -0.452271 0.700000 0.000000
vt -0.452271 0.200000 0.000000
vt 1.548856 0.000000 0.000000
vt 1.748856 0.000000 0.000000
vt 1.548856 0.048885 0.000000
vt 1.748856 0.048885 0.000000
vt 1.548856 0.097770 0.000000
vt 1.748856 0.097770 0.000000
vt 1.548856 0.146655 0.000000
vt 1.748856 0.146655 0.000000
vt 0.160000 -0.439966 0.000000
vt 0.360000 -0.439966 0.000000
vt 0.160000 -0.358864 0.000000
vt 0.360000 -0.358864 0.000000
vt 0.360000 -0.277762 0.000000
vt 0.360000 -0.196660 0.000000
vt 0.160000 -0.196660 0.000000
vt 0.160000 -0.277762 0.000000
vt 1.972620 0.112744 0.000000
vt 1.772620 0.112744 0.000000
vt 1.972620 0.075162 0.000000
vt 1.772620 0.075162 0.000000
vt 1.972620 0.037581 0.000000
vt 1.772620 0.037581 0.000000
vt 1.972620 0.000000 0.000000
vt 1.772620 0.000000 0.000000
vt 0.510000 0.506957 0.000000
vt 0.160000 0.506957 0.000000
vt 0.510000 0.418939 0.000000
vt 0.160000 0.417224 0.000000
vt 0.510000 0.330920 0.000000
vt 0.160000 0.327492 0.000000
vt 0.510000 0.242902 0.000000
vt 0.160000 0.237759 0.000000
vt 0.360000 0.237759 0.000000
vt 0.360000 0.210134 0.000000
vt 0.510000 0.154883 0.000000
vt 0.360000 0.182509 0.000000
vt 0.360000 0.154883 0.000000
vt 1.972620 0.132610 0.000000
vt 1.622620 0.132610 0.000000
vt 1.972620 0.088407 0.000000
vt 1.622620 0.088407 0.000000
vt 1.972620 0.044203 0.000000
vt 1.622620 0.044203 0.000000
vt 1.972620 0.000000 0.000000
vt 1.622620 0.000000 0.000000
vt -0.296832 0.350000 0.000000
vt -0.296832 0.700000 0.000000
vt -0.666808 0.350000 0.000000
vt -1.160219 0.700000 0.000000
vt -1.160219 0.000000 0.000000
vt -0.666808 0.000000 0.000000
vt 0.000000 0.932702 0.000000
vt 0.700000 0.932702 0.000000
vt 0.000000 1.096299 0.000000
vt 0.700000 1.096299 0.000000
vt 0.700000 1.259896 0.000000
vt 0.700000 1.423492 0.000000
vt 0.000000 1.423492 0.000000
vt 0.000000 1.259896 0.000000
vt -2.134050 0.350000 0.000000
vt -2.134050 0.000000 0.000000
vt -1.999629 0.350000 0.000000
vt -1.642299 0.000000 0.000000
vt -1.642299 0.700000 0.000000
vt -1.999629 0.700000 0.000000
vt 1.972620 0.222075 0.000000
vt 1.622620 0.222075 0.000000
vt 1.972620 0.148050 0.000000
vt 1.622620 0.148050 0.000000
vt 1.622620 0.074025 0.000000
vt 1.972620 0.074025 0.000000
vt 1.622620 0.000000 0.000000
vt 1.972620 -0.000000 0.000000
vt 0.510000 0.158300 0.000000
vt 0.300000 0.097530 0.000000
vt 0.510000 0.080574 0.000000
vt 0.160000 0.086226 0.000000
vt 0.160000 0.080574 0.000000
vt 0.300000 0.171865 0.000000
vt 0.510000 0.236026 0.000000
vt 0.300000 0.246200 0.000000
vt 0.510000 0.313753 0.000000
vt 0.300000 0.320535 0.000000
vt 0.510000 0.391479 0.000000
vt 0.300000 0.394870 0.000000
vt 0.510000 0.469205 0.000000
vt 0.300000 0.469205 0.000000
vt 0.160000 0.097530 0.000000
vt 0.160000 0.091878 0.000000
vt 1.972620 0.124837 0.000000
vt 1.832620 0.124837 0.000000
vt 1.972620 0.083225 0.000000
vt 1.832620 0.083225 0.000000
vt 1.972620 0.041612 0.000000
vt 1.832620 0.041612 0.000000
vt 1.972620 0.000000 0.000000
vt 1.832620 -0.000000 0.000000
vt 0.300000 -0.571731 0.000000
vt 0.170000 -0.571731 0.000000
vt 0.310000 -0.674284 0.000000
vt 0.170000 -0.676007 0.000000
vt 0.310000 -0.779421 0.000000
vt 0.170000 -0.780282 0.000000
vt 0.310000 -0.884558 0.000000
vt 0.170000 -0.884558 0.000000
vt 0.310000 -0.569146 0.000000
vt 0.300000 -0.570876 0.000000
vt 0.300000 -0.570020 0.000000
vt 0.300000 -0.569164 0.000000
vt -1.842620 0.022978 0.000000
vt -1.972620 0.021263 0.000000
vt -1.842620 0.002567 0.000000
vt -1.972620 0.000000 0.000000
vt -1.842620 0.001710 0.000000
vt -1.842620 0.000855 0.000000
vt -1.842620 -0.000000 0.000000
vt -1.972620 0.042525 0.000000
vt -1.842620 0.043383 0.000000
vt -1.972620 0.063788 0.000000
vt -1.842620 0.063788 0.000000
vt 0.000000 -1.940753 0.000000
vt 0.000000 -2.127038 0.000000
vt 0.140000 -1.940753 0.000000
vt 0.140000 -2.132903 0.000000
vt -0.000000 -2.313322 0.000000
vt 0.140000 -2.325052 0.000000
vt 0.000000 -2.499607 0.000000
vt 0.130000 -2.499607 0.000000
vt 0.140000 -2.517202 0.000000
vt 0.130000 -2.505472 0.000000
vt 0.130000 -2.511337 0.000000
vt 0.130000 -2.517202 0.000000
vt -1.301266 -0.339516 0.000000
vt -1.363373 -0.502116 0.000000
vt -1.299973 -0.388929 0.000000
vt -1.347352 -0.490186 0.000000
vt -1.301630 -0.428179 0.000000
vt -1.318280 -0.463763 0.000000
vt -1.289876 -0.291417 0.000000
vt -2.052035 -0.287500 0.000000
vt -1.376703 -0.516992 0.000000
vt -1.266562 -0.247832 0.000000
vt -1.268766 -0.124998 0.000000
vt -1.272694 -0.111415 0.000000
vt -1.975000 0.000000 0.000000
vt -1.289110 -0.046353 0.000000
vt -1.368264 0.128159 0.000000
vt -1.250584 -0.212616 0.000000
vt -1.249162 -0.173972 0.000000
vt -1.262509 -0.137677 0.000000
vt -1.274169 -0.097353 0.000000
vt -1.276058 -0.079547 0.000000
vt -1.281092 -0.062363 0.000000
vt -1.400612 0.317034 0.000000
vt -2.052035 0.287500 0.000000
vt -1.384043 0.507941 0.000000
vt -1.394463 0.550576 0.000000
vt -1.383090 0.522999 0.000000
vt -1.386672 0.537656 0.000000
vt -1.443532 0.643528 0.000000
vt -1.500061 0.732140 0.000000
vt -1.765130 0.855919 0.000000
vt -1.691439 0.852346 0.000000
vt -1.563670 0.815815 0.000000
vt -1.582858 0.852402 0.000000
vt -1.622824 0.879460 0.000000
vt -1.585618 0.893622 0.000000
vt -1.571481 0.932441 0.000000
vt -2.262500 0.497965 0.000000
vt -1.830800 0.889544 0.000000
vt -1.876776 0.947243 0.000000
vt -2.055950 1.058378 0.000000
vt -1.921055 1.006038 0.000000
vt -1.983603 1.044835 0.000000
vt -2.550000 0.575000 0.000000
vt -2.860684 1.058378 0.000000
vt -2.960513 0.952534 0.000000
vt -2.954661 0.992559 0.000000
vt -2.933431 1.026991 0.000000
vt -2.900299 1.050197 0.000000
vt -2.979598 0.828347 0.000000
vt -2.837500 0.497965 0.000000
vt -3.047868 0.722868 0.000000
vt -3.153347 0.654598 0.000000
vt -3.047965 0.287500 0.000000
vt -3.277534 0.635513 0.000000
vt -3.383378 0.535684 0.000000
vt -3.375197 0.575299 0.000000
vt -3.351991 0.608431 0.000000
vt -3.317559 0.629661 0.000000
vt -3.383378 0.405253 0.000000
vt -3.384928 0.380402 0.000000
vt -3.389554 0.355936 0.000000
vt -3.397184 0.332234 0.000000
vt -3.125000 0.000000 0.000000
vt -3.452948 0.113072 0.000000
vt -3.452948 -0.113072 0.000000
vt -3.397184 -0.332234 0.000000
vt -3.047965 -0.287500 0.000000
vt -3.389554 -0.355936 0.000000
vt -3.384928 -0.380402 0.000000
vt -3.383378 -0.405253 0.000000
vt -3.383378 -0.535684 0.000000
vt -3.277534 -0.635513 0.000000
vt -3.375197 -0.575299 0.000000
vt -3.351991 -0.608431 0.000000
vt -3.317559 -0.629661 0.000000
vt -3.153347 -0.654598 0.000000
vt -2.837500 -0.497965 0.000000
vt -3.047868 -0.722868 0.000000
vt -2.979598 -0.828347 0.000000
vt -2.550000 -0.575000 0.000000
vt -2.960513 -0.952534 0.000000
vt -2.860684 -1.058378 0.000000
vt -2.954661 -0.992559 0.000000
vt -2.933431 -1.026991 0.000000
vt -2.900299 -1.050197 0.000000
vt -2.055950 -1.058378 0.000000
vt -2.262500 -0.497965 0.000000
vt -1.876776 -0.947243 0.000000
vt -1.830800 -0.889544 0.000000
vt -1.983603 -1.044835 0.000000
vt -1.921055 -1.006038 0.000000
vt -1.765130 -0.855919 0.000000
vt -1.496630 -0.727194 0.000000
vt -1.437528 -0.633093 0.000000
vt -1.691439 -0.852346 0.000000
vt -1.563670 -0.815815 0.000000
vt -1.582858 -0.852402 0.000000
vt -1.622824 -0.879460 0.000000
vt -1.585618 -0.893622 0.000000
vt -1.571481 -0.932441 0.000000
vt -1.386811 -0.534221 0.000000
vt 0.220000 0.301069 0.000000
vt -0.000000 0.301069 0.000000
vt 0.220000 0.000000 0.000000
vt -0.000000 0.000000 0.000000
vt 0.220000 -0.301069 0.000000
vt -0.000000 -0.301069 0.000000
vt 0.220000 -0.602139 0.000000
vt -0.000000 -0.602139 0.000000
vt 0.220000 -0.903208 0.000000
vt -0.000000 -0.903208 0.000000
vt 0.220000 -1.204277 0.000000
vt 0.000000 -1.204277 0.000000
vt 0.220000 -1.505346 0.000000
vt -0.000000 -1.505346 0.000000
vt 0.220000 -1.806416 0.000000
vt -0.000000 -1.806416 0.000000
vt 0.220000 1.806416 0.000000
vt -0.000000 1.806416 0.000000
vt 0.220000 1.505346 0.000000
vt -0.000000 1.505346 0.000000
vt 0.220000 1.204277 0.000000
vt -0.000000 1.204277 0.000000
vt 0.220000 0.903208 0.000000
vt -0.000000 0.903208 0.000000
vt 0.220000 0.602139 0.000000
vt -0.000000 0.602139 0.000000
vt -2.052035 0.287500 0.000000
vt -2.116987 0.250000 0.000000
vt -1.975000 0.000000 0.000000
vt -2.050000 0.000000 0.000000
vt -2.052035 -0.287500 0.000000
vt -2.116987 -0.250000 0.000000
vt -2.300000 -0.433013 0.000000
vt -2.300000 0.433013 0.000000
vt -2.262500 0.497965 0.000000
vt -2.550000 0.500000 0.000000
vt -2.550000 0.575000 0.000000
vt -2.837500 0.497965 0.000000
vt -2.800000 0.433013 0.000000
vt -3.047965 0.287500 0.000000
vt -2.983013 0.250000 0.000000
vt -3.125000 -0.000000 0.000000
vt -3.050000 0.000000 0.000000
vt -2.983013 -0.250000 0.000000
vt -3.047965 -0.287500 0.000000
vt -2.800000 -0.433013 0.000000
vt -2.837500 -0.497965 0.000000
vt -2.550000 -0.500000 0.000000
vt -2.550000 -0.575000 0.000000
vt -2.262500 -0.497965 0.000000
vt -0.018000 -0.261799 0.000000
vt 0.230000 -0.261799 0.000000
vt -0.018000 0.000000 0.000000
vt 0.230000 0.000000 0.000000
vt -0.018000 0.261799 0.000000
vt 0.230000 0.261799 0.000000
vt -0.018000 0.523599 0.000000
vt 0.230000 0.523599 0.000000
vt -0.018000 0.785398 0.000000
vt 0.230000 0.785398 0.000000
vt -0.018000 1.047198 0.000000
vt 0.230000 1.047198 0.000000
vt -0.018000 1.308997 0.000000
vt 0.230000 1.308997 0.000000
vt -0.018000 1.570796 0.000000
vt 0.230000 1.570796 0.000000
vt -0.018000 -1.570796 0.000000
vt 0.230000 -1.570796 0.000000
vt -0.018000 -1.308997 0.000000
vt 0.230000 -1.308997 0.000000
vt -0.018000 -1.047198 0.000000
vt 0.230000 -1.047198 0.000000
vt -0.018000 -0.785398 0.000000
vt 0.230000 -0.785398 0.000000
vt -0.018000 -0.523599 0.000000
vt 0.230000 -0.523599 0.000000
vt -2.116987 0.250000 0.000000
vt -2.203590 0.200000 0.000000
vt -2.050000 0.000000 0.000000
vt -2.150000 0.000000 0.000000
vt -2.116987 -0.250000 0.000000
vt -2.203590 -0.200000 0.000000
vt -2.350000 -0.346410 0.000000
vt -2.350000 0.346410 0.000000
vt -2.300000 0.433013 0.000000
vt -2.550000 0.400000 0.000000
vt -2.550000 0.500000 0.000000
vt -2.800000 0.433013 0.000000
vt -2.750000 0.346410 0.000000
vt -2.983013 0.250000 0.000000
vt -2.896410 0.200000 0.000000
vt -3.050000 -0.000000 0.000000
vt -2.950000 0.000000 0.000000
vt -2.896410 -0.200000 0.000000
vt -2.983013 -0.250000 0.000000
vt -2.750000 -0.346410 0.000000
vt -2.800000 -0.433013 0.000000
vt -2.550000 -0.400000 0.000000
vt -2.550000 -0.500000 0.000000
vt -2.300000 -0.433013 0.000000
vt 0.002000 0.209440 0.000000
vt 0.000000 0.000000 0.000000
vt 0.002000 0.000000 0.000000
vt 0.000000 -0.209440 0.000000
vt 0.002000 -0.209440 0.000000
vt 0.000000 -0.418879 0.000000
vt 0.002000 -0.418879 0.000000
vt 0.000000 -0.628319 0.000000
vt 0.002000 -0.628319 0.000000
vt -0.000000 -0.837758 0.000000
vt 0.002000 -0.837758 0.000000
vt -0.000000 -1.047198 0.000000
vt 0.002000 -1.047198 0.000000
vt -0.000000 -1.256637 0.000000
vt 0.002000 -1.256637 0.000000
vt 0.002000 1.256637 0.000000
vt -0.000000 1.256637 0.000000
vt 0.000000 1.047198 0.000000
vt 0.002000 1.047198 0.000000
vt 0.000000 0.837758 0.000000
vt 0.002000 0.837758 0.000000
vt 0.000000 0.628319 0.000000
vt 0.002000 0.628319 0.000000
vt 0.000000 0.418879 0.000000
vt 0.002000 0.418879 0.000000
vt 0.000000 0.209440 0.000000
vt -2.203590 0.200000 0.000000
vt -2.285862 0.152500 0.000000
vt -2.150000 0.000000 0.000000
vt -2.245000 -0.000000 0.000000
vt -2.203590 -0.200000 0.000000
vt -2.285862 -0.152500 0.000000
vt -2.397500 -0.264138 0.000000
vt -2.397500 0.264138 0.000000
vt -2.350000 0.346410 0.000000
vt -2.550000 0.305000 0.000000
vt -2.550000 0.400000 0.000000
vt -2.750000 0.346410 0.000000
vt -2.702500 0.264138 0.000000
vt -2.896410 0.200000 0.000000
vt -2.814138 0.152500 0.000000
vt -2.950000 -0.000000 0.000000
vt -2.855000 0.000000 0.000000
vt -2.814138 -0.152500 0.000000
vt -2.896410 -0.200000 0.000000
vt -2.702500 -0.264138 0.000000
vt -2.750000 -0.346410 0.000000
vt -2.550000 -0.305000 0.000000
vt -2.550000 -0.400000 0.000000
vt -2.350000 -0.346410 0.000000
vt -0.070000 -0.159698 0.000000
vt 0.000000 -0.159698 0.000000
vt -0.070000 0.000000 0.000000
vt 0.000000 0.000000 0.000000
vt -0.070000 0.159698 0.000000
vt 0.000000 0.159698 0.000000
vt -0.070000 0.319395 0.000000
vt 0.000000 0.319395 0.000000
vt -0.070000 0.479093 0.000000
vt 0.000000 0.479093 0.000000
vt -0.070000 0.638791 0.000000
vt 0.000000 0.638791 0.000000
vt -0.070000 0.798488 0.000000
vt 0.000000 0.798488 0.000000
vt -0.070000 0.958186 0.000000
vt 0.000000 0.958186 0.000000
vt -0.070000 -0.958186 0.000000
vt 0.000000 -0.958186 0.000000
vt -0.070000 -0.798488 0.000000
vt 0.000000 -0.798488 0.000000
vt -0.070000 -0.638791 0.000000
vt 0.000000 -0.638791 0.000000
vt -0.070000 -0.479093 0.000000
vt 0.000000 -0.479093 0.000000
vt -0.070000 -0.319395 0.000000
vt 0.000000 -0.319395 0.000000
vt 3.004663 0.262500 0.000000
vt 2.814138 0.152500 0.000000
vt 3.075000 0.000000 0.000000
vt 2.855000 0.000000 0.000000
vt 3.004663 -0.262500 0.000000
vt 2.814138 -0.152500 0.000000
vt 2.702500 -0.264138 0.000000
vt 2.702500 0.264138 0.000000
vt 2.812500 0.454663 0.000000
vt 2.550000 0.305000 0.000000
vt 2.550000 0.525000 0.000000
vt 2.287500 0.454663 0.000000
vt 2.397500 0.264138 0.000000
vt 2.095337 0.262500 0.000000
vt 2.285862 0.152500 0.000000
vt 2.025000 -0.000000 0.000000
vt 2.245000 0.000000 0.000000
vt 2.285862 -0.152500 0.000000
vt 2.095337 -0.262500 0.000000
vt 2.397500 -0.264138 0.000000
vt 2.287500 -0.454663 0.000000
vt 2.550000 -0.305000 0.000000
vt 2.550000 -0.525000 0.000000
vt 2.812500 -0.454663 0.000000
vt -0.050000 -0.274889 0.000000
vt 0.000000 -0.274889 0.000000
vt -0.050000 0.000000 0.000000
vt 0.000000 -0.000000 0.000000
vt -0.050000 0.274889 0.000000
vt 0.000000 0.274889 0.000000
vt -0.050000 0.549779 0.000000
vt 0.000000 0.549779 0.000000
vt -0.050000 0.824668 0.000000
vt 0.000000 0.824668 0.000000
vt -0.050000 1.099557 0.000000
vt 0.000000 1.099557 0.000000
vt -0.050000 1.374447 0.000000
vt 0.000000 1.374447 0.000000
vt -0.050000 1.649336 0.000000
vt 0.000000 1.649336 0.000000
vt -0.050000 -1.649336 0.000000
vt 0.000000 -1.649336 0.000000
vt -0.050000 -1.374447 0.000000
vt 0.000000 -1.374447 0.000000
vt -0.050000 -1.099557 0.000000
vt 0.000000 -1.099557 0.000000
vt -0.050000 -0.824668 0.000000
vt 0.000000 -0.824668 0.000000
vt -0.050000 -0.549779 0.000000
vt 0.000000 -0.549779 0.000000
vt -1.674500 -0.000000 0.000000
vt -1.534500 -0.000000 0.000000
vt -1.674500 0.039543 0.000000
vt -1.534500 0.039543 0.000000
vt -1.674500 0.079086 0.000000
vt -1.534500 0.079086 0.000000
vt -1.674500 0.118629 0.000000
vt -1.534500 0.118629 0.000000
vt 0.010000 0.483096 0.000000
vt 0.150000 0.483096 0.000000
vt 0.010000 0.532663 0.000000
vt 0.150000 0.532663 0.000000
vt 0.150000 0.582231 0.000000
vt 0.150000 0.631798 0.000000
vt 0.010000 0.631798 0.000000
vt 0.010000 0.582231 0.000000
vt -1.824496 0.116747 0.000000
vt -1.964496 0.116747 0.000000
vt -1.824496 0.077831 0.000000
vt -1.964496 0.077831 0.000000
vt -1.824496 0.038916 0.000000
vt -1.964496 0.038916 0.000000
vt -1.824496 0.000000 0.000000
vt -1.964496 0.000000 0.000000
vt 1.688856 0.042474 0.000000
vt 1.548856 0.042474 0.000000
vt 1.688856 0.028316 0.000000
vt 1.548856 0.028316 0.000000
vt 1.688856 0.014158 0.000000
vt 1.548856 0.014158 0.000000
vt 1.688856 0.000000 0.000000
vt 1.548856 0.000000 0.000000
vt -1.688856 0.009999 0.000000
vt -1.548856 0.009999 0.000000
vt -1.688856 0.027929 0.000000
vt -1.548856 0.027929 0.000000
vt -1.688856 0.045858 0.000000
vt -1.548856 0.045858 0.000000
vt -1.688856 0.063788 0.000000
vt -1.548856 0.063788 0.000000
vt 1.972620 0.060025 0.000000
vt 1.832620 0.060025 0.000000
vt 1.972620 0.040017 0.000000
vt 1.832620 0.040017 0.000000
vt 1.832620 0.020008 0.000000
vt 1.832620 -0.000000 0.000000
vt 1.972620 -0.000000 0.000000
vt 1.972620 0.020008 0.000000
vt 0.170000 0.551089 0.000000
vt 0.310000 0.551089 0.000000
vt 0.170000 0.662245 0.000000
vt 0.310000 0.662245 0.000000
vt 0.170000 0.773402 0.000000
vt 0.310000 0.773402 0.000000
vt 0.170000 0.884558 0.000000
vt 0.310000 0.884558 0.000000
vt 1.548856 0.000000 0.000000
vt 1.688856 -0.000000 0.000000
vt 1.548856 0.041612 0.000000
vt 1.688856 0.041612 0.000000
vt 1.548856 0.083225 0.000000
vt 1.688856 0.083225 0.000000
vt 1.548856 0.124837 0.000000
vt 1.688856 0.124837 0.000000
vt 0.510000 -0.080574 0.000000
vt 0.160000 -0.080574 0.000000
vt 0.300000 -0.097530 0.000000
vt 0.160000 -0.086226 0.000000
vt 0.160000 -0.091878 0.000000
vt 0.160000 -0.097530 0.000000
vt 0.510000 -0.158300 0.000000
vt 0.300000 -0.171865 0.000000
vt 0.510000 -0.236026 0.000000
vt 0.300000 -0.246200 0.000000
vt 0.510000 -0.313753 0.000000
vt 0.300000 -0.320535 0.000000
vt 0.510000 -0.391479 0.000000
vt 0.300000 -0.394870 0.000000
vt 0.510000 -0.469205 0.000000
vt 0.300000 -0.469205 0.000000
vt 1.548856 -0.000000 0.000000
vt 1.898856 0.000000 0.000000
vt 1.548856 0.074025 0.000000
vt 1.898856 0.074025 0.000000
vt 1.548856 0.148050 0.000000
vt 1.898856 0.148050 0.000000
vt 1.548856 0.222075 0.000000
vt 1.898856 0.222075 0.000000
vt -1.151208 0.350000 0.000000
vt -1.839111 0.700000 0.000000
vt -1.823107 0.350000 0.000000
vt -1.839111 0.000000 0.000000
vt -1.823107 0.000000 0.000000
vt -1.151208 0.140000 0.000000
vt -0.346474 0.280000 0.000000
vt -0.221162 0.700000 0.000000
vt -0.346474 0.140000 0.000000
vt -0.221162 0.280000 0.000000
vt 1.272620 0.000000 0.000000
vt 1.692620 0.000000 0.000000
vt 1.272620 0.041398 0.000000
vt 1.692620 0.041398 0.000000
vt 1.272620 0.082796 0.000000
vt 1.692620 0.082796 0.000000
vt 1.272620 0.124193 0.000000
vt 1.692620 0.124193 0.000000
vt 1.272620 0.165591 0.000000
vt 1.692620 0.165591 0.000000
vt -0.570000 -0.014895 0.000000
vt -0.150000 -0.014895 0.000000
vt -0.570000 0.061275 0.000000
vt -0.150000 0.061275 0.000000
vt -0.570000 0.137445 0.000000
vt -0.150000 0.137445 0.000000
vt -0.570000 0.213615 0.000000
vt -0.150000 0.213615 0.000000
vt -0.570000 0.289784 0.000000
vt -0.150000 0.289784 0.000000
vt 1.828856 0.000000 0.000000
vt 2.248856 0.000000 0.000000
vt 1.828856 0.041398 0.000000
vt 2.248856 0.041398 0.000000
vt 1.828856 0.082796 0.000000
vt 2.248856 0.082796 0.000000
vt 1.828856 0.124193 0.000000
vt 2.248856 0.124193 0.000000
vt 1.828856 0.165591 0.000000
vt 2.248856 0.165591 0.000000
vt -3.374931 -0.701221 0.000000
vt -3.317559 -0.629661 0.000000
vt -3.383378 -0.660996 0.000000
vt -3.351991 -0.608431 0.000000
vt -3.375197 -0.575299 0.000000
vt -3.351016 -0.734650 0.000000
vt -3.277534 -0.635513 0.000000
vt -3.315675 -0.755637 0.000000
vt -3.274877 -0.760634 0.000000
vt -3.199970 -0.770618 0.000000
vt -3.153347 -0.654598 0.000000
vt -3.136256 -0.811256 0.000000
vt -3.047868 -0.722868 0.000000
vt -2.979598 -0.828347 0.000000
vt -3.095618 -0.874970 0.000000
vt -2.960513 -0.952534 0.000000
vt -3.085634 -0.949877 0.000000
vt -3.080637 -0.990675 0.000000
vt -3.059650 -1.026016 0.000000
vt -2.954661 -0.992559 0.000000
vt -3.026221 -1.049931 0.000000
vt -2.985996 -1.058378 0.000000
vt -2.860684 -1.058378 0.000000
vt -2.900299 -1.050197 0.000000
vt -2.933431 -1.026991 0.000000
vt -3.383378 -0.535684 0.000000
vt -1.417841 0.140000 0.000000
vt -1.287410 0.140000 0.000000
vt -1.417841 0.280000 0.000000
vt -1.287410 0.700000 0.000000
vt -1.543153 0.700000 0.000000
vt -1.543153 0.280000 0.000000
vt 1.688856 0.000000 0.000000
vt 1.828856 0.000000 0.000000
vt 1.688856 0.040732 0.000000
vt 1.828856 0.040732 0.000000
vt 1.688856 0.081464 0.000000
vt 1.828856 0.081464 0.000000
vt 1.688856 0.122196 0.000000
vt 1.828856 0.122196 0.000000
vt 1.688856 0.162927 0.000000
vt 1.828856 0.162927 0.000000
vt -0.150000 -0.017544 0.000000
vt -0.010000 -0.017544 0.000000
vt -0.150000 0.109038 0.000000
vt -0.010000 0.109038 0.000000
vt -0.150000 0.235619 0.000000
vt -0.010000 0.235619 0.000000
vt -0.150000 0.362201 0.000000
vt -0.010000 0.362201 0.000000
vt -0.150000 0.488782 0.000000
vt -0.010000 0.488782 0.000000
vt 1.832620 0.162927 0.000000
vt 1.692620 0.162927 0.000000
vt 1.832620 0.122196 0.000000
vt 1.692620 0.122196 0.000000
vt 1.832620 0.081464 0.000000
vt 1.692620 0.081464 0.000000
vt 1.832620 0.040732 0.000000
vt 1.692620 0.040732 0.000000
vt 1.832620 0.000000 0.000000
vt 1.692620 0.000000 0.000000
vt -2.248856 0.000000 0.000000
vt -1.688856 0.000000 0.000000
vt -2.248856 0.024915 0.000000
vt -1.688856 0.024915 0.000000
vt -2.248856 0.049831 0.000000
vt -1.688856 0.049831 0.000000
vt -2.248856 0.074746 0.000000
vt -1.688856 0.074746 0.000000
vt -0.560000 2.518753 0.000000
vt 0.000000 2.518753 0.000000
vt -0.560000 2.745484 0.000000
vt 0.000000 2.745484 0.000000
vt 0.000000 2.972215 0.000000
vt 0.000000 3.198945 0.000000
vt -0.560000 3.198945 0.000000
vt -0.560000 2.972215 0.000000
vt -1.272620 0.074746 0.000000
vt -1.832620 0.074746 0.000000
vt -1.272620 0.049831 0.000000
vt -1.832620 0.049831 0.000000
vt -1.272620 0.024915 0.000000
vt -1.832620 0.024915 0.000000
vt -1.272620 0.000000 0.000000
vt -1.832620 0.000000 0.000000
vt -0.346474 0.140000 0.000000
vt -0.346474 0.280000 0.000000
vt -0.476905 0.140000 0.000000
vt -0.476905 0.700000 0.000000
vt -0.221162 0.700000 0.000000
vt -0.221162 0.280000 0.000000
vt 1.272620 0.000000 0.000000
vt 1.692620 0.000000 0.000000
vt 1.272620 0.041398 0.000000
vt 1.692620 0.041398 0.000000
vt 1.272620 0.082796 0.000000
vt 1.692620 0.082796 0.000000
vt 1.272620 0.124193 0.000000
vt 1.692620 0.124193 0.000000
vt 1.272620 0.165591 0.000000
vt 1.692620 0.165591 0.000000
vt -0.570000 -0.289784 0.000000
vt -0.150000 -0.289784 0.000000
vt -0.570000 -0.213615 0.000000
vt -0.150000 -0.213615 0.000000
vt -0.570000 -0.137445 0.000000
vt -0.150000 -0.137445 0.000000
vt -0.570000 -0.061275 0.000000
vt -0.150000 -0.061275 0.000000
vt -0.570000 0.014895 0.000000
vt -0.150000 0.014895 0.000000
vt 1.828856 0.000000 0.000000
vt 2.248856 0.000000 0.000000
vt 1.828856 0.041398 0.000000
vt 2.248856 0.041398 0.000000
vt 1.828856 0.082796 0.000000
vt 2.248856 0.082796 0.000000
vt 1.828856 0.124193 0.000000
vt 2.248856 0.124193 0.000000
vt 1.828856 0.165591 0.000000
vt 2.248856 0.165591 0.000000
vt -2.954661 0.992559 0.000000
vt -3.059650 1.026016 0.000000
vt -2.960513 0.952534 0.000000
vt -3.080637 0.990675 0.000000
vt -3.085634 0.949877 0.000000
vt -2.933431 1.026991 0.000000
vt -2.985996 1.058378 0.000000
vt -3.026221 1.049931 0.000000
vt -2.900299 1.050197 0.000000
vt -2.860684 1.058378 0.000000
vt -3.095618 0.874970 0.000000
vt -2.979598 0.828347 0.000000
vt -3.136256 0.811256 0.000000
vt -3.047868 0.722868 0.000000
vt -3.153347 0.654598 0.000000
vt -3.199970 0.770618 0.000000
vt -3.277534 0.635513 0.000000
vt -3.274877 0.760634 0.000000
vt -3.315675 0.755637 0.000000
vt -3.351016 0.734650 0.000000
vt -3.317559 0.629661 0.000000
vt -3.374931 0.701221 0.000000
vt -3.383378 0.660996 0.000000
vt -3.383378 0.535684 0.000000
vt -3.375197 0.575299 0.000000
vt -3.351991 0.608431 0.000000
vt -0.150000 -0.488782 0.000000
vt -0.010000 -0.488782 0.000000
vt -0.150000 -0.362201 0.000000
vt -0.010000 -0.362201 0.000000
vt -0.150000 -0.235619 0.000000
vt -0.010000 -0.235619 0.000000
vt -0.150000 -0.109038 0.000000
vt -0.010000 -0.109038 0.000000
vt -0.150000 0.017544 0.000000
vt -0.010000 0.017544 0.000000
vt 1.832620 0.162927 0.000000
vt 1.692620 0.162927 0.000000
vt 1.832620 0.122196 0.000000
vt 1.692620 0.122196 0.000000
vt 1.832620 0.081464 0.000000
vt 1.692620 0.081464 0.000000
vt 1.832620 0.040732 0.000000
vt 1.692620 0.040732 0.000000
vt 1.832620 0.000000 0.000000
vt 1.692620 0.000000 0.000000
vt 1.688856 0.000000 0.000000
vt 1.828856 0.000000 0.000000
vt 1.688856 0.040732 0.000000
vt 1.828856 0.040732 0.000000
vt 1.688856 0.081464 0.000000
vt 1.828856 0.081464 0.000000
vt 1.688856 0.122196 0.000000
vt 1.828856 0.122196 0.000000
vt 1.688856 0.162927 0.000000
vt 1.828856 0.162927 0.000000
vt -2.605073 0.350000 0.000000
vt -2.605073 0.700000 0.000000
vt -2.805950 0.350000 0.000000
vt -3.735996 0.700000 0.000000
vt -3.610684 0.280000 0.000000
vt -3.735996 0.280000 0.000000
vt -3.610684 0.140000 0.000000
vt -2.805950 0.140000 0.000000
vt -2.234509 0.000000 0.000000
vt -1.884509 0.000000 0.000000
vt -2.234509 0.029390 0.000000
vt -1.884509 0.029390 0.000000
vt -2.234509 0.058780 0.000000
vt -1.884509 0.058780 0.000000
vt -2.234509 0.088170 0.000000
vt -1.884509 0.088170 0.000000
vt 0.350000 1.389198 0.000000
vt 0.000000 1.389198 0.000000
vt 0.350000 1.243228 0.000000
vt 0.000000 1.191852 0.000000
vt 0.350000 1.097258 0.000000
vt 0.000000 0.994506 0.000000
vt 0.350000 0.951289 0.000000
vt 0.000000 0.951289 0.000000
vt -1.264502 0.088170 0.000000
vt -1.614502 0.088170 0.000000
vt -1.264502 0.058780 0.000000
vt -1.614502 0.058780 0.000000
vt -1.264502 0.029390 0.000000
vt -1.614502 0.029390 0.000000
vt -1.264502 0.000000 0.000000
vt -1.614502 0.000000 0.000000
vt -1.796669 1.064118 0.000000
vt -1.518945 1.006038 0.000000
vt -1.768168 1.071242 0.000000
vt -1.456397 1.044835 0.000000
vt -1.573957 1.102873 0.000000
vt -1.378239 1.082555 0.000000
vt -1.384050 1.058378 0.000000
vt -1.336535 1.071242 0.000000
vt -1.308034 1.064118 0.000000
vt -1.278972 1.059817 0.000000
vt -1.249629 1.058378 0.000000
vt -1.921055 1.006038 0.000000
vt -1.825730 1.059817 0.000000
vt -1.855073 1.058378 0.000000
vt -2.055950 1.058378 0.000000
vt -1.983603 1.044835 0.000000
vt -1.563224 0.947243 0.000000
vt -1.876776 0.947243 0.000000
vt -1.611846 0.887422 0.000000
vt -1.828154 0.887422 0.000000
vt -1.681456 0.854298 0.000000
vt -1.758544 0.854298 0.000000
vt 1.622620 0.222075 0.000000
vt 1.622620 0.148050 0.000000
vt 1.832620 0.222075 0.000000
vt 1.832620 0.148050 0.000000
vt 1.622620 0.074025 0.000000
vt 1.832620 0.074025 0.000000
vt 1.622620 0.000000 0.000000
vt 1.832620 0.000000 0.000000
vt 1.688856 0.000000 0.000000
vt 1.898856 0.000000 0.000000
vt 1.688856 0.074025 0.000000
vt 1.898856 0.074025 0.000000
vt 1.688856 0.148050 0.000000
vt 1.898856 0.148050 0.000000
vt 1.898856 0.222075 0.000000
vt 1.688856 0.222075 0.000000
vt -1.921055 -1.006038 0.000000
vt -1.518945 -1.006038 0.000000
vt -1.876776 -0.947243 0.000000
vt -1.563224 -0.947243 0.000000
vt -1.828154 -0.887422 0.000000
vt -1.611846 -0.887422 0.000000
vt -1.758544 -0.854298 0.000000
vt -1.681456 -0.854298 0.000000
vt -1.456397 -1.044835 0.000000
vt -1.983603 -1.044835 0.000000
vt -1.384050 -1.058378 0.000000
vt -2.055950 -1.058378 0.000000
vt -1.832620 0.057268 0.000000
vt -1.842620 0.057269 0.000000
vt -1.832620 0.042122 0.000000
vt -1.842620 0.042117 0.000000
vt -1.832620 0.026976 0.000000
vt -1.842620 0.026966 0.000000
vt -1.832620 0.011830 0.000000
vt -1.842620 0.011806 0.000000
vt 1.383090 0.523004 0.000000
vt 1.384043 0.507940 0.000000
vt 1.385775 0.510996 0.000000
vt 1.385270 0.502205 0.000000
vt 1.386452 0.496461 0.000000
vt 1.387589 0.490707 0.000000
vt 1.386676 0.537665 0.000000
vt 1.388109 0.531231 0.000000
vt 1.394496 0.550581 0.000000
vt 1.622620 0.141886 0.000000
vt 1.272620 0.141886 0.000000
vt 1.622620 0.094591 0.000000
vt 1.272620 0.094591 0.000000
vt 1.622620 0.047295 0.000000
vt 1.272620 0.047295 0.000000
vt 1.622620 0.000000 0.000000
vt 1.272620 0.000000 0.000000
vt 0.083192 1.058378 0.000000
vt 0.125970 1.048766 0.000000
vt 0.453168 1.058378 0.000000
vt 0.160524 1.021779 0.000000
vt 0.180213 0.982604 0.000000
vt 0.221675 0.906013 0.000000
vt 0.505828 0.910473 0.000000
vt 0.552016 0.973513 0.000000
vt 0.534271 1.016879 0.000000
vt 0.460819 0.889560 0.000000
vt 0.294922 0.858894 0.000000
vt 0.381810 0.852915 0.000000
vt 0.560726 0.939676 0.000000
vt 0.555348 0.907172 0.000000
vt 0.575984 0.908243 0.000000
vt 0.597183 0.880469 0.000000
vt 0.498720 1.047401 0.000000
vt -0.000000 -0.418194 0.000000
vt -0.000000 -0.379289 0.000000
vt -0.150000 -0.418194 0.000000
vt -0.500000 -0.375382 0.000000
vt -0.500000 -0.449286 0.000000
vt 0.000000 -0.340383 0.000000
vt -0.500000 -0.301478 0.000000
vt -0.000000 -0.301478 0.000000
vt -0.500000 -0.523190 0.000000
vt -0.150000 -0.488191 0.000000
vt -0.150000 -0.453193 0.000000
vt -0.150000 -0.523190 0.000000
vt 1.772620 0.150463 0.000000
vt 1.622620 0.150463 0.000000
vt 1.772620 0.100309 0.000000
vt 1.622620 0.100309 0.000000
vt 1.772620 0.050154 0.000000
vt 1.622620 0.050154 0.000000
vt 1.772620 -0.000000 0.000000
vt 1.622620 -0.000000 0.000000
vt 0.505828 0.910473 0.000000
vt 0.460819 0.889560 0.000000
vt 0.459278 0.841966 0.000000
vt 0.438150 0.873822 0.000000
vt 0.424202 0.854831 0.000000
vt 0.413288 0.861845 0.000000
vt 0.386853 0.853924 0.000000
vt 0.555348 0.907172 0.000000
vt 0.487183 0.817125 0.000000
vt 0.597183 0.880469 0.000000
vt 0.626684 0.855228 0.000000
vt 0.544659 0.760256 0.000000
vt 0.661024 0.837113 0.000000
vt 0.615235 0.720802 0.000000
vt 0.698513 0.827016 0.000000
vt 0.693784 0.701629 0.000000
vt 0.741879 0.809271 0.000000
vt 0.772401 0.773720 0.000000
vt 0.783378 0.728168 0.000000
vt 0.739271 0.685093 0.000000
vt 0.771665 0.649133 0.000000
vt 0.783378 0.602171 0.000000
vt 1.748856 0.000000 0.000000
vt 2.248856 0.000000 0.000000
vt 1.748856 0.047295 0.000000
vt 2.248856 0.047295 0.000000
vt 1.748856 0.094591 0.000000
vt 2.248856 0.094591 0.000000
vt 1.748856 0.141886 0.000000
vt 2.248856 0.141886 0.000000
vt -0.316622 0.000000 0.000000
vt -0.214622 0.000000 0.000000
vt -0.316622 0.100000 0.000000
vt -0.214622 0.100000 0.000000
vt 1.350000 0.010000 0.000000
vt 2.050000 0.010000 0.000000
vt 1.350000 0.110000 0.000000
vt 2.050000 0.110000 0.000000
vt -0.000000 0.000000 0.000000
vt 0.100000 0.000000 0.000000
vt -0.000000 0.070884 0.000000
vt 0.100000 0.070884 0.000000
vt -0.000000 0.141768 0.000000
vt 0.100000 0.141768 0.000000
vt -0.000000 0.212651 0.000000
vt 0.100000 0.212651 0.000000
vt 1.499649 0.110000 0.000000
vt -2.457508 0.110000 0.000000
vt 1.499649 0.010000 0.000000
vt -2.457508 0.010000 0.000000
vt -0.110000 0.212651 0.000000
vt -0.010000 0.212651 0.000000
vt -0.110000 0.248093 0.000000
vt -0.010000 0.248093 0.000000
vt -0.010000 0.283535 0.000000
vt -0.010000 0.318977 0.000000
vt -0.110000 0.318977 0.000000
vt -0.110000 0.283535 0.000000
vt -0.202010 -0.100000 0.000000
vt -0.000000 -0.100000 0.000000
vt -0.202010 0.000000 0.000000
vt -0.000000 0.000000 0.000000
vt -0.010000 -0.425303 0.000000
vt -0.110000 -0.425303 0.000000
vt -0.010000 -0.460745 0.000000
vt -0.110000 -0.460745 0.000000
vt -0.110000 -0.496187 0.000000
vt -0.110000 -0.531629 0.000000
vt -0.010000 -0.531629 0.000000
vt -0.010000 -0.496187 0.000000
vt 1.764315 0.110000 0.000000
vt 0.000000 0.110000 0.000000
vt 1.764315 0.010000 0.000000
vt 0.000000 0.010000 0.000000
vt -0.110000 0.425303 0.000000
vt -0.010000 0.425303 0.000000
vt -0.110000 0.460745 0.000000
vt -0.010000 0.460745 0.000000
vt -0.010000 0.496187 0.000000
vt -0.010000 0.531629 0.000000
vt -0.110000 0.531629 0.000000
vt -0.110000 0.496187 0.000000
vt -0.202010 -0.100000 0.000000
vt -0.000000 -0.100000 0.000000
vt -0.202010 0.000000 0.000000
vt -0.000000 0.000000 0.000000
vt -0.010000 -0.212651 0.000000
vt -0.110000 -0.212651 0.000000
vt -0.010000 -0.248093 0.000000
vt -0.110000 -0.248093 0.000000
vt -0.110000 -0.283535 0.000000
vt -0.110000 -0.318977 0.000000
vt -0.010000 -0.318977 0.000000
vt -0.010000 -0.283535 0.000000
vt 0.000000 0.010000 0.000000
vt 3.957157 0.010000 0.000000
vt 0.000000 0.110000 0.000000
vt 3.957157 0.110000 0.000000
vt -0.000000 -0.212651 0.000000
vt 0.100000 -0.212651 0.000000
vt -0.000000 -0.141768 0.000000
vt 0.100000 -0.141768 0.000000
vt -0.000000 -0.070884 0.000000
vt 0.100000 -0.070884 0.000000
vt -0.000000 0.000000 0.000000
vt 0.100000 0.000000 0.000000
vt 0.700000 0.110000 0.000000
vt 0.000000 0.110000 0.000000
vt 0.700000 0.010000 0.000000
vt 0.000000 0.010000 0.000000
vt -0.435378 0.000000 0.000000
vt -0.406971 0.000000 0.000000
vt -0.435378 0.100000 0.000000
vt -0.406971 0.100000 0.000000
vt 0.700000 -0.394055 0.000000
vt 0.700000 -0.329958 0.000000
vt 0.000000 -0.394055 0.000000
vt 0.000000 -0.303799 0.000000
vt 0.700000 -0.265860 0.000000
vt 0.000000 -0.213542 0.000000
vt 0.600000 -0.201763 0.000000
vt 0.600000 -0.175604 0.000000
vt 0.700000 -0.201763 0.000000
vt 0.000000 -0.123286 0.000000
vt 0.600000 -0.149445 0.000000
vt 0.600000 -0.123286 0.000000
vt -0.251526 0.600000 0.000000
vt -0.497291 0.600000 0.000000
vt -0.251526 0.000000 0.000000
vt -0.497291 0.000000 0.000000
vt 0.000000 0.123286 0.000000
vt 0.600000 0.123286 0.000000
vt 0.000000 0.213542 0.000000
vt 0.600000 0.213542 0.000000
vt 0.000000 0.303799 0.000000
vt 0.600000 0.303799 0.000000
vt 0.000000 0.394055 0.000000
vt 0.600000 0.394055 0.000000
vt -2.134509 0.029853 0.000000
vt -1.535509 0.043864 0.000000
vt -2.134509 0.044779 0.000000
vt -1.534509 0.044157 0.000000
vt -1.534509 0.044779 0.000000
vt -1.535509 0.029243 0.000000
vt -2.134509 0.014926 0.000000
vt -1.535509 0.014621 0.000000
vt -2.134509 0.000000 0.000000
vt -1.535509 0.000000 0.000000
vt -1.534509 0.042912 0.000000
vt -1.534509 0.043535 0.000000
vt 0.792845 -0.256844 0.000000
vt 0.787623 -0.270487 0.000000
vt 0.792845 -0.600000 0.000000
vt 0.783378 -0.600000 0.000000
vt 0.784445 -0.284746 0.000000
vt 0.783378 -0.299315 0.000000
vt 0.291622 -0.297333 0.000000
vt 0.282155 -0.321000 0.000000
vt 0.291622 -0.320000 0.000000
vt 0.291622 -0.321000 0.000000
vt -0.007134 -0.600000 0.000000
vt -0.007134 -0.275897 0.000000
vt -0.032625 -0.600000 0.000000
vt -0.031548 -0.257707 0.000000
vt -0.032625 -0.256844 0.000000
vt -0.031548 -0.257663 0.000000
vt -0.000000 0.395881 0.000000
vt 0.022667 0.416246 0.000000
vt -0.000000 0.402670 0.000000
vt -0.000000 0.409458 0.000000
vt -0.000000 0.416246 0.000000
vt 0.000000 -0.022667 0.000000
vt 0.324103 -0.022667 0.000000
vt 0.000000 0.000000 0.000000
vt 0.324103 0.000000 0.000000
vt -1.535509 0.044779 0.000000
vt -2.234509 0.044779 0.000000
vt -1.535509 0.030158 0.000000
vt -2.234509 0.029853 0.000000
vt -1.535509 0.015536 0.000000
vt -2.234509 0.014926 0.000000
vt -1.535509 0.000915 0.000000
vt -2.234509 -0.000000 0.000000
vt -1.534509 0.000622 0.000000
vt -1.534509 0.000000 0.000000
vt -1.534509 0.001244 0.000000
vt -1.534509 0.001867 0.000000
vt 0.875897 -0.000000 0.000000
vt 0.878069 0.000000 0.000000
vt 0.875897 0.001000 0.000000
vt 0.878069 0.200000 0.000000
vt 0.825212 0.001000 0.000000
vt 0.825212 0.700000 0.000000
vt 1.004065 0.700000 0.000000
vt 1.004065 0.200000 0.000000
vt 0.783378 0.600000 0.000000
vt 0.783378 0.549315 0.000000
vt 0.792845 0.600000 0.000000
vt 0.784445 0.534746 0.000000
vt 0.787623 0.520487 0.000000
vt 0.792845 0.506844 0.000000
vt 0.358378 -0.297333 0.000000
vt 0.358378 -0.320000 0.000000
vt 0.367845 -0.321000 0.000000
vt 0.358378 -0.321000 0.000000
vt -0.875897 -0.000000 0.000000
vt -0.875897 -0.022667 0.000000
vt -0.801795 0.000000 0.000000
vt -0.801795 -0.022667 0.000000
vt -0.000000 -0.416246 0.000000
vt 0.022667 -0.416246 0.000000
vt -0.000000 -0.409458 0.000000
vt -0.000000 -0.402670 0.000000
vt -0.000000 -0.395881 0.000000
vt -0.031548 0.507663 0.000000
vt -0.007134 0.525897 0.000000
vt -0.031548 0.507707 0.000000
vt -0.032625 0.600000 0.000000
vt -0.032625 0.506844 0.000000
vt -0.007134 0.600000 0.000000
vt 1.772620 0.141886 0.000000
vt 1.272620 0.141886 0.000000
vt 1.772620 0.094591 0.000000
vt 1.272620 0.094591 0.000000
vt 1.772620 0.047295 0.000000
vt 1.272620 0.047295 0.000000
vt 1.772620 0.000000 0.000000
vt 1.272620 0.000000 0.000000
vt 0.555348 -0.907172 0.000000
vt 0.597183 -0.880469 0.000000
vt 0.487183 -0.817125 0.000000
vt 0.626684 -0.855228 0.000000
vt 0.544659 -0.760256 0.000000
vt 0.661024 -0.837113 0.000000
vt 0.615235 -0.720802 0.000000
vt 0.698513 -0.827016 0.000000
vt 0.693784 -0.701629 0.000000
vt 0.741879 -0.809271 0.000000
vt 0.772401 -0.773720 0.000000
vt 0.783378 -0.728168 0.000000
vt 0.739271 -0.685093 0.000000
vt 0.771665 -0.649133 0.000000
vt 0.783378 -0.602171 0.000000
vt 0.459278 -0.841966 0.000000
vt 0.505828 -0.910473 0.000000
vt 0.460819 -0.889560 0.000000
vt 0.438150 -0.873822 0.000000
vt 0.424202 -0.854831 0.000000
vt 0.413288 -0.861845 0.000000
vt 0.386853 -0.853924 0.000000
vt 1.748856 -0.000000 0.000000
vt 1.898856 -0.000000 0.000000
vt 1.748856 0.050154 0.000000
vt 1.898856 0.050154 0.000000
vt 1.748856 0.100309 0.000000
vt 1.898856 0.100309 0.000000
vt 1.748856 0.150463 0.000000
vt 1.898856 0.150463 0.000000
vt 0.510000 -0.506957 0.000000
vt 0.510000 -0.418939 0.000000
vt 0.160000 -0.506957 0.000000
vt 0.160000 -0.417224 0.000000
vt 0.510000 -0.330920 0.000000
vt 0.160000 -0.327492 0.000000
vt 0.510000 -0.242902 0.000000
vt 0.160000 -0.237759 0.000000
vt 0.360000 -0.237759 0.000000
vt 0.360000 -0.210134 0.000000
vt 0.510000 -0.154883 0.000000
vt 0.360000 -0.182509 0.000000
vt 0.360000 -0.154883 0.000000
vt 1.548856 0.000000 0.000000
vt 1.898856 0.000000 0.000000
vt 1.548856 0.044203 0.000000
vt 1.898856 0.044203 0.000000
vt 1.548856 0.088407 0.000000
vt 1.898856 0.088407 0.000000
vt 1.548856 0.132610 0.000000
vt 1.898856 0.132610 0.000000
vt -2.353880 0.000000 0.000000
vt -2.353880 0.700000 0.000000
vt -3.290349 0.350000 0.000000
vt -3.660325 0.700000 0.000000
vt -3.660325 0.350000 0.000000
vt -3.290349 0.000000 0.000000
vt 0.160524 -1.021779 0.000000
vt 0.453168 -1.058378 0.000000
vt 0.180213 -0.982604 0.000000
vt 0.534271 -1.016879 0.000000
vt 0.552016 -0.973513 0.000000
vt 0.125970 -1.048766 0.000000
vt 0.083192 -1.058378 0.000000
vt 0.498720 -1.047401 0.000000
vt 0.505828 -0.910473 0.000000
vt 0.560726 -0.939676 0.000000
vt 0.555348 -0.907172 0.000000
vt 0.575984 -0.908243 0.000000
vt 0.597183 -0.880469 0.000000
vt 0.221675 -0.906013 0.000000
vt 0.460819 -0.889560 0.000000
vt 0.294922 -0.858894 0.000000
vt 0.381810 -0.852915 0.000000
vt -0.150000 0.453193 0.000000
vt -0.500000 0.449286 0.000000
vt -0.150000 0.418194 0.000000
vt -0.500000 0.375382 0.000000
vt -0.000000 0.379289 0.000000
vt -0.000000 0.340383 0.000000
vt -0.500000 0.301478 0.000000
vt -0.000000 0.301478 0.000000
vt -0.150000 0.488191 0.000000
vt -0.500000 0.523190 0.000000
vt -0.150000 0.523190 0.000000
vt -0.000000 0.418194 0.000000
vt 1.898856 0.000000 0.000000
vt 2.248856 0.000000 0.000000
vt 1.898856 0.047295 0.000000
vt 2.248856 0.047295 0.000000
vt 1.898856 0.094591 0.000000
vt 2.248856 0.094591 0.000000
vt 1.898856 0.141886 0.000000
vt 2.248856 0.141886 0.000000
vt 1.972620 0.112744 0.000000
vt 1.772620 0.112744 0.000000
vt 1.972620 0.075162 0.000000
vt 1.772620 0.075162 0.000000
vt 1.972620 0.037581 0.000000
vt 1.772620 0.037581 0.000000
vt 1.972620 0.000000 0.000000
vt 1.772620 -0.000000 0.000000
vt 0.160000 0.196660 0.000000
vt 0.360000 0.196660 0.000000
vt 0.160000 0.277762 0.000000
vt 0.360000 0.277762 0.000000
vt 0.360000 0.358864 0.000000
vt 0.360000 0.439966 0.000000
vt 0.160000 0.439966 0.000000
vt 0.160000 0.358864 0.000000
vt 1.548856 -0.000000 0.000000
vt 1.748856 0.000000 0.000000
vt 1.548856 0.048885 0.000000
vt 1.748856 0.048885 0.000000
vt 1.548856 0.097770 0.000000
vt 1.748856 0.097770 0.000000
vt 1.548856 0.146655 0.000000
vt 1.748856 0.146655 0.000000
vt 0.010000 -0.209440 0.000000
vt 0.570000 -0.209440 0.000000
vt 0.010000 -0.157080 0.000000
vt 0.570000 -0.157080 0.000000
vt 0.010000 -0.104720 0.000000
vt 0.570000 -0.104720 0.000000
vt 0.010000 -0.052360 0.000000
vt 0.570000 -0.052360 0.000000
vt 0.010000 0.000000 0.000000
vt 0.570000 0.000000 0.000000
vt 0.010000 0.052360 0.000000
vt 0.570000 0.052360 0.000000
vt 0.010000 0.104720 0.000000
vt 0.570000 0.104720 0.000000
vt 0.010000 0.157080 0.000000
vt 0.570000 0.157080 0.000000
vt 0.010000 0.209440 0.000000
vt 0.570000 0.209440 0.000000
vt 0.010000 0.261799 0.000000
vt 0.570000 0.261799 0.000000
vt 0.010000 0.314159 0.000000
vt 0.570000 0.314159 0.000000
vt 0.010000 -0.314159 0.000000
vt 0.570000 -0.314159 0.000000
vt 0.010000 -0.261799 0.000000
vt 0.570000 -0.261799 0.000000
vt 3.433205 -0.835000 0.000000
vt 3.346603 -0.885000 0.000000
vt 3.460000 -0.935000 0.000000
vt 3.360000 -0.935000 0.000000
vt 3.433205 -1.035000 0.000000
vt 3.346603 -0.985000 0.000000
vt 3.310000 -1.021603 0.000000
vt 3.310000 -0.848397 0.000000
vt 3.360000 -0.761795 0.000000
vt 3.260000 -0.835000 0.000000
vt 3.260000 -0.735000 0.000000
vt 3.160000 -0.761795 0.000000
vt 3.210000 -0.848397 0.000000
vt 3.086795 -0.835000 0.000000
vt 3.173397 -0.885000 0.000000
vt 3.060000 -0.935000 0.000000
vt 3.160000 -0.935000 0.000000
vt 3.173397 -0.985000 0.000000
vt 3.086795 -1.035000 0.000000
vt 3.210000 -1.021603 0.000000
vt 3.160000 -1.108205 0.000000
vt 3.260000 -1.035000 0.000000
vt 3.260000 -1.135000 0.000000
vt 3.360000 -1.108205 0.000000
vt 0.150000 0.540701 0.000000
vt 0.150000 0.628319 0.000000
vt 0.000000 0.628319 0.000000
vt 0.000000 -0.628319 0.000000
vt 0.150000 -0.628319 0.000000
vt 0.150000 -0.531624 0.000000
vt 0.000000 -0.523599 0.000000
vt 0.150000 -0.434929 0.000000
vt 0.000000 -0.418879 0.000000
vt 0.150000 -0.338234 0.000000
vt 0.000000 -0.314159 0.000000
vt 0.150000 -0.241539 0.000000
vt 0.000000 -0.209440 0.000000
vt 0.150000 -0.157080 0.000000
vt 0.000000 -0.104720 0.000000
vt 0.150000 -0.072621 0.000000
vt 0.000000 0.000000 0.000000
vt 0.150000 0.014997 0.000000
vt 0.000000 0.104720 0.000000
vt 0.150000 0.102614 0.000000
vt 0.150000 0.190232 0.000000
vt 0.000000 0.209440 0.000000
vt 0.150000 0.277849 0.000000
vt 0.000000 0.314159 0.000000
vt 0.150000 0.365466 0.000000
vt 0.000000 0.418879 0.000000
vt 0.150000 0.453084 0.000000
vt 0.000000 0.523599 0.000000
vt 0.010000 -0.209440 0.000000
vt 0.570000 -0.209440 0.000000
vt 0.010000 -0.157080 0.000000
vt 0.570000 -0.157080 0.000000
vt 0.010000 -0.104720 0.000000
vt 0.570000 -0.104720 0.000000
vt 0.010000 -0.052360 0.000000
vt 0.570000 -0.052360 0.000000
vt 0.010000 0.000000 0.000000
vt 0.570000 0.000000 0.000000
vt 0.010000 0.052360 0.000000
vt 0.570000 0.052360 0.000000
vt 0.010000 0.104720 0.000000
vt 0.570000 0.104720 0.000000
vt 0.010000 0.157080 0.000000
vt 0.570000 0.157080 0.000000
vt 0.010000 0.209440 0.000000
vt 0.570000 0.209440 0.000000
vt 0.010000 0.261799 0.000000
vt 0.570000 0.261799 0.000000
vt 0.010000 0.314159 0.000000
vt 0.570000 0.314159 0.000000
vt 0.010000 -0.314159 0.000000
vt 0.570000 -0.314159 0.000000
vt 0.010000 -0.261799 0.000000
vt 0.570000 -0.261799 0.000000
vt 3.433205 1.035000 0.000000
vt 3.346603 0.985000 0.000000
vt 3.460000 0.935000 0.000000
vt 3.360000 0.935000 0.000000
vt 3.433205 0.835000 0.000000
vt 3.346603 0.885000 0.000000
vt 3.310000 0.848397 0.000000
vt 3.310000 1.021603 0.000000
vt 3.360000 1.108205 0.000000
vt 3.260000 1.035000 0.000000
vt 3.260000 1.135000 0.000000
vt 3.160000 1.108205 0.000000
vt 3.210000 1.021603 0.000000
vt 3.086795 1.035000 0.000000
vt 3.173397 0.985000 0.000000
vt 3.060000 0.935000 0.000000
vt 3.160000 0.935000 0.000000
vt 3.173397 0.885000 0.000000
vt 3.086795 0.835000 0.000000
vt 3.210000 0.848397 0.000000
vt 3.160000 0.761795 0.000000
vt 3.260000 0.835000 0.000000
vt 3.260000 0.735000 0.000000
vt 3.360000 0.761795 0.000000
vt 0.150000 0.531624 0.000000
vt 0.150000 0.628319 0.000000
vt 0.000000 0.628319 0.000000
vt 0.000000 -0.628319 0.000000
vt 0.150000 -0.628319 0.000000
vt 0.150000 -0.540701 0.000000
vt 0.000000 -0.523599 0.000000
vt 0.150000 -0.453084 0.000000
vt 0.000000 -0.418879 0.000000
vt 0.150000 -0.365466 0.000000
vt 0.000000 -0.314159 0.000000
vt 0.150000 -0.277849 0.000000
vt 0.000000 -0.209440 0.000000
vt 0.150000 -0.190232 0.000000
vt 0.000000 -0.104720 0.000000
vt 0.150000 -0.102614 0.000000
vt 0.150000 -0.014997 0.000000
vt 0.000000 0.000000 0.000000
vt 0.150000 0.072621 0.000000
vt 0.000000 0.104720 0.000000
vt 0.150000 0.157080 0.000000
vt 0.000000 0.209440 0.000000
vt 0.150000 0.241539 0.000000
vt 0.000000 0.314159 0.000000
vt 0.150000 0.338234 0.000000
vt 0.000000 0.418879 0.000000
vt 0.150000 0.434929 0.000000
vt 0.000000 0.523599 0.000000
vt 0.150000 0.209440 0.000000
vt -0.560000 0.209440 0.000000
vt 0.150000 0.157080 0.000000
vt -0.560000 0.157080 0.000000
vt 0.150000 0.104720 0.000000
vt -0.560000 0.104720 0.000000
vt 0.150000 0.052360 0.000000
vt -0.560000 0.052360 0.000000
vt 0.150000 0.000000 0.000000
vt -0.560000 0.000000 0.000000
vt 0.150000 -0.052360 0.000000
vt -0.560000 -0.052360 0.000000
vt 0.150000 -0.104720 0.000000
vt -0.560000 -0.104720 0.000000
vt 0.150000 -0.157080 0.000000
vt -0.560000 -0.157080 0.000000
vt 0.150000 -0.209440 0.000000
vt -0.560000 -0.209440 0.000000
vt 0.150000 -0.261799 0.000000
vt -0.560000 -0.261799 0.000000
vt 0.150000 -0.314159 0.000000
vt -0.560000 -0.314159 0.000000
vt 0.150000 0.314159 0.000000
vt -0.560000 0.314159 0.000000
vt 0.150000 0.261799 0.000000
vt -0.560000 0.261799 0.000000
vt -1.404488 0.000000 0.000000
vt -1.294492 0.000000 0.000000
vt -1.402379 0.020575 0.000000
vt -1.294492 0.039270 0.000000
vt -1.396141 0.041151 0.000000
vt -1.294492 0.078540 0.000000
vt -1.374492 0.087258 0.000000
vt -1.294492 0.117810 0.000000
vt -1.374492 0.110532 0.000000
vt -1.374492 0.133806 0.000000
vt -1.294492 0.157080 0.000000
vt -1.374492 0.157080 0.000000
vt 0.021210 -0.600000 0.000000
vt 0.018228 -0.620430 0.000000
vt 0.021211 -0.640000 0.000000
vt 0.009405 -0.639999 0.000000
vt 0.124765 -0.110000 0.000000
vt 2.473125 -0.110000 0.000000
vt 0.124765 -0.030001 0.000000
vt 2.473125 -0.030000 0.000000
vt -1.374492 -0.000000 0.000000
vt -1.294493 0.000000 0.000000
vt -1.374492 0.043963 0.000000
vt -1.294493 0.052124 0.000000
vt -1.374492 0.087927 0.000000
vt -1.294494 0.104248 0.000000
vt -1.374492 0.131890 0.000000
vt -1.294494 0.156372 0.000000
vt -1.395685 0.167876 0.000000
vt -1.402220 0.188030 0.000000
vt -1.294486 0.208496 0.000000
vt -1.404518 0.208496 0.000000
vt 0.021232 -2.609618 0.000000
vt 0.021232 -2.434918 0.000000
vt -0.021232 -2.563945 0.000000
vt -0.008740 -2.406186 0.000000
vt -0.017985 -2.387002 0.000000
vt -0.021232 -2.366452 0.000000
vt -0.021232 -2.761437 0.000000
vt 0.021232 -2.784317 0.000000
vt -0.021223 -2.958929 0.000000
vt 0.021224 -2.959017 0.000000
vt 0.021225 -0.018867 0.000000
vt -0.021222 -0.018712 0.000000
vt 0.021214 -0.030904 0.000000
vt -0.021206 -0.036728 0.000000
vt 0.021214 -0.042940 0.000000
vt -0.021213 -0.054977 0.000000
vt 0.021214 -0.054977 0.000000
vt -1.524509 0.051808 0.000000
vt -1.524509 0.034539 0.000000
vt -1.404516 0.051808 0.000000
vt -1.404509 0.026070 0.000000
vt -1.524509 0.017269 0.000000
vt -1.404509 0.000000 0.000000
vt -1.524509 0.000000 0.000000
vt 0.014142 0.042414 0.000000
vt -0.014142 0.042414 0.000000
vt 0.014142 0.000000 0.000000
vt -0.014142 -0.000000 0.000000
vt 0.014142 -0.031222 0.000000
vt -0.014142 -0.043200 0.000000
vt 0.014142 -0.062445 0.000000
vt -0.014142 -0.086401 0.000000
vt 0.014142 -0.093667 0.000000
vt -0.014142 -0.129601 0.000000
vt 0.014142 -0.124890 0.000000
vt 0.014142 -0.148845 0.000000
vt -0.014142 -0.172801 0.000000
vt 0.010217 -0.172801 0.000000
vt -0.001477 -0.211896 0.000000
vt -0.014142 -0.213707 0.000000
vt -0.014104 -0.254613 0.000000
vt 0.014142 0.084828 0.000000
vt -0.014146 0.084828 0.000000
vt 0.014142 0.113082 0.000000
vt -0.011128 0.123415 0.000000
vt 0.014142 0.141337 0.000000
vt -0.008192 0.160025 0.000000
vt 0.014142 0.169592 0.000000
vt -0.005831 0.190340 0.000000
vt 0.014142 0.197846 0.000000
vt -0.003518 0.218856 0.000000
vt 0.014142 0.226101 0.000000
vt -0.001577 0.243839 0.000000
vt 0.014142 0.254355 0.000000
vt 0.000173 0.266047 0.000000
vt 0.014142 0.282610 0.000000
vt 0.003631 0.309380 0.000000
vt 0.014142 0.310865 0.000000
vt 0.003631 -0.256098 0.000000
vt 0.014142 -0.254613 0.000000
vt 0.006965 -0.214022 0.000000
vt 0.014142 -0.213707 0.000000
vt 0.014142 -0.172801 0.000000
vt 2.200682 0.026304 0.000000
vt 2.180300 0.026304 0.000000
vt 2.159945 0.023601 0.000000
vt 2.159918 0.026304 0.000000
vt 2.139536 0.026304 0.000000
vt 2.118488 0.020885 0.000000
vt 2.119154 0.026304 0.000000
vt 2.091500 0.026304 0.000000
vt 2.075691 0.018105 0.000000
vt 2.063846 0.026304 0.000000
vt 2.053822 0.016660 0.000000
vt 2.036192 0.026304 0.000000
vt 2.017077 0.016232 0.000000
vt 2.008538 0.026304 0.000000
vt 1.980884 0.026304 0.000000
vt 1.955875 0.016232 0.000000
vt 1.953231 0.026304 0.000000
vt 1.925577 0.026304 0.000000
vt 1.894673 0.016232 0.000000
vt 1.897923 0.026304 0.000000
vt 1.868268 0.026304 0.000000
vt 1.833471 0.016232 0.000000
vt 1.838613 0.026304 0.000000
vt 1.808958 0.026304 0.000000
vt 1.772270 0.016232 0.000000
vt 1.779302 0.026304 0.000000
vt 1.749647 0.026304 0.000000
vt 1.711068 0.016232 0.000000
vt 1.719992 0.026304 0.000000
vt 1.690337 0.026304 0.000000
vt 1.649866 0.016232 0.000000
vt 1.660682 0.026304 0.000000
vt 1.631027 0.026304 0.000000
vt 1.588664 0.016232 0.000000
vt 1.601372 0.026304 0.000000
vt 1.571717 0.026304 0.000000
vt 1.527462 0.016232 0.000000
vt 1.542062 0.026304 0.000000
vt 1.512407 0.026304 0.000000
vt 1.482751 0.026304 0.000000
vt 1.466260 0.016232 0.000000
vt 1.491923 0.006422 0.000000
vt 1.467498 0.006325 0.000000
vt 1.442993 0.006359 0.000000
vt 1.405059 0.016232 0.000000
vt 1.418568 0.006419 0.000000
vt 1.394127 0.006318 0.000000
vt 1.369630 0.006368 0.000000
vt 1.343857 0.016232 0.000000
vt 1.345206 0.006416 0.000000
vt 1.320744 0.006312 0.000000
vt 1.282655 0.016232 0.000000
vt 1.296244 0.006377 0.000000
vt 1.271829 0.006411 0.000000
vt 1.247377 0.006308 0.000000
vt 1.221453 0.016232 0.000000
vt 1.222885 0.006385 0.000000
vt 1.198472 0.006405 0.000000
vt 1.160251 0.016232 0.000000
vt 1.174002 0.006305 0.000000
vt 1.149518 0.006393 0.000000
vt 1.125107 0.006398 0.000000
vt 1.099049 0.016232 0.000000
vt 1.100628 0.006304 0.000000
vt 1.076150 0.006401 0.000000
vt 1.037848 0.016232 0.000000
vt 1.051741 0.006391 0.000000
vt 1.027253 0.006305 0.000000
vt 1.002785 0.006407 0.000000
vt 0.976646 0.016232 0.000000
vt 0.978369 0.006383 0.000000
vt 0.953864 0.006309 0.000000
vt 0.915444 0.016232 0.000000
vt 0.929404 0.006413 0.000000
vt 0.904978 0.006374 0.000000
vt 0.880476 0.006314 0.000000
vt 0.854242 0.016232 0.000000
vt 0.856030 0.006417 0.000000
vt 0.831597 0.006365 0.000000
vt 0.793040 0.016232 0.000000
vt 0.807092 0.006320 0.000000
vt 0.782661 0.006420 0.000000
vt 0.758225 0.006356 0.000000
vt 0.731838 0.016232 0.000000
vt 0.733714 0.006328 0.000000
vt 0.709284 0.006422 0.000000
vt 0.670637 0.016232 0.000000
vt 0.684846 0.006346 0.000000
vt 0.660337 0.006336 0.000000
vt 0.635922 0.006423 0.000000
vt 0.609435 0.016232 0.000000
vt 0.611478 0.006337 0.000000
vt 0.586968 0.006345 0.000000
vt 0.548233 0.016232 0.000000
vt 0.562556 0.006422 0.000000
vt 0.538107 0.006329 0.000000
vt 0.513600 0.006354 0.000000
vt 0.487031 0.016232 0.000000
vt 0.489198 0.006421 0.000000
vt 0.464741 0.006321 0.000000
vt 0.425829 0.016232 0.000000
vt 0.440235 0.006364 0.000000
vt 0.415817 0.006418 0.000000
vt 0.391358 0.006315 0.000000
vt 0.364627 0.016232 0.000000
vt 0.366860 0.006373 0.000000
vt 0.342455 0.006413 0.000000
vt 0.303426 0.016232 0.000000
vt 0.317985 0.006309 0.000000
vt 0.293498 0.006381 0.000000
vt 0.269095 0.006408 0.000000
vt 0.242224 0.016232 0.000000
vt 0.244617 0.006306 0.000000
vt 0.220138 0.006390 0.000000
vt 0.181667 0.016232 0.000000
vt 0.195732 0.006402 0.000000
vt 0.171247 0.006304 0.000000
vt 0.146779 0.006396 0.000000
vt 0.121110 0.016232 0.000000
vt 0.122369 0.006393 0.000000
vt 0.097875 0.006305 0.000000
vt 0.060552 0.016232 0.000000
vt 0.073406 0.006410 0.000000
vt 0.048988 0.006394 0.000000
vt 0.024488 0.006305 0.000000
vt 0.000000 0.006397 0.000000
vt -0.000005 0.026296 0.000000
vt 0.029652 0.026304 0.000000
vt 0.059307 0.026304 0.000000
vt 0.088962 0.026304 0.000000
vt 0.118617 0.026304 0.000000
vt 0.148272 0.026304 0.000000
vt 0.177927 0.026304 0.000000
vt 0.207582 0.026304 0.000000
vt 0.237238 0.026304 0.000000
vt 0.266893 0.026304 0.000000
vt 0.296548 0.026304 0.000000
vt 0.326203 0.026304 0.000000
vt 0.355858 0.026304 0.000000
vt 0.385513 0.026304 0.000000
vt 0.415168 0.026304 0.000000
vt 0.444823 0.026304 0.000000
vt 0.474478 0.026304 0.000000
vt 0.504133 0.026304 0.000000
vt 0.533788 0.026304 0.000000
vt 0.563444 0.026304 0.000000
vt 0.593099 0.026304 0.000000
vt 0.622754 0.026304 0.000000
vt 0.652409 0.026304 0.000000
vt 0.682064 0.026304 0.000000
vt 0.711719 0.026304 0.000000
vt 0.741374 0.026304 0.000000
vt 0.771029 0.026304 0.000000
vt 0.800684 0.026304 0.000000
vt 0.830339 0.026304 0.000000
vt 0.859995 0.026304 0.000000
vt 0.889650 0.026304 0.000000
vt 0.919305 0.026304 0.000000
vt 0.948960 0.026304 0.000000
vt 0.978615 0.026304 0.000000
vt 1.008270 0.026304 0.000000
vt 1.037925 0.026304 0.000000
vt 1.067580 0.026304 0.000000
vt 1.097235 0.026304 0.000000
vt 1.126890 0.026304 0.000000
vt 1.156545 0.026304 0.000000
vt 1.186201 0.026304 0.000000
vt 1.215856 0.026304 0.000000
vt 1.245511 0.026304 0.000000
vt 1.275166 0.026304 0.000000
vt 1.304821 0.026304 0.000000
vt 1.334476 0.026304 0.000000
vt 1.364131 0.026304 0.000000
vt 1.393786 0.026304 0.000000
vt 1.423441 0.026304 0.000000
vt 1.453096 0.026304 0.000000
vt 1.516351 0.006349 0.000000
vt 1.540860 0.006333 0.000000
vt 1.565302 0.006423 0.000000
vt 1.606770 0.006312 0.000000
vt 1.648195 0.006402 0.000000
vt 1.689699 0.006362 0.000000
vt 1.731091 0.006349 0.000000
vt 1.772581 0.006411 0.000000
vt 1.814011 0.006306 0.000000
vt 1.855452 0.006421 0.000000
vt 1.896937 0.006323 0.000000
vt 1.934967 0.008863 0.000000
vt 1.971131 0.011197 0.000000
vt 2.001005 0.013209 0.000000
vt 2.029146 0.014981 0.000000
vt -1.565600 -0.064301 0.000000
vt -1.595379 -0.097709 0.000000
vt -1.565573 -0.100663 0.000000
vt -1.597524 -0.119749 0.000000
vt -1.568075 -0.125525 0.000000
vt -1.599729 -0.141788 0.000000
vt -1.570502 -0.150396 0.000000
vt -1.601954 -0.163825 0.000000
vt -1.573026 -0.175249 0.000000
vt -1.604095 -0.185843 0.000000
vt -1.575466 -0.200121 0.000000
vt -1.606308 -0.207881 0.000000
vt -1.577934 -0.224983 0.000000
vt -1.608527 -0.229919 0.000000
vt -1.580449 -0.249843 0.000000
vt -1.580449 0.252812 0.000000
vt -1.608527 0.272736 0.000000
vt -1.610667 0.250709 0.000000
vt -1.582868 0.227938 0.000000
vt -1.612888 0.228677 0.000000
vt -1.615100 0.206635 0.000000
vt -1.591607 -0.060357 0.000000
vt -1.565600 -0.027940 0.000000
vt -1.587939 -0.023005 0.000000
vt -1.565600 0.010461 0.000000
vt -1.584199 0.014346 0.000000
vt -1.565600 0.048862 0.000000
vt -1.580484 0.051686 0.000000
vt -1.565600 0.087263 0.000000
vt -1.576796 0.089029 0.000000
vt -1.565600 0.125664 0.000000
vt -1.573031 0.126377 0.000000
vt -1.565600 0.163365 0.000000
vt -1.569374 0.163715 0.000000
vt -1.565604 0.201067 0.000000
vt -1.585380 0.203089 0.000000
vt -1.617241 0.184597 0.000000
vt -1.588026 0.176346 0.000000
vt -1.619469 0.162558 0.000000
vt -1.590672 0.149601 0.000000
vt -1.621674 0.140522 0.000000
vt -1.593374 0.122863 0.000000
vt -1.623814 0.118499 0.000000
vt -1.595980 0.096112 0.000000
vt -1.626048 0.096463 0.000000
vt -1.628245 0.074427 0.000000
vt -1.598692 0.069385 0.000000
vt -1.630388 0.052395 0.000000
vt -1.601314 0.042633 0.000000
vt -1.632627 0.030360 0.000000
vt -1.603983 0.015899 0.000000
vt -1.634817 0.008325 0.000000
vt -1.606664 -0.010846 0.000000
vt -1.636964 -0.013709 0.000000
vt -1.609283 -0.037600 0.000000
vt -1.639206 -0.035744 0.000000
vt -1.641388 -0.057777 0.000000
vt -1.611999 -0.064327 0.000000
vt -1.643540 -0.079813 0.000000
vt -1.614606 -0.091078 0.000000
vt -1.645784 -0.101846 0.000000
vt -1.617297 -0.117814 0.000000
vt -1.647960 -0.123884 0.000000
vt -1.619952 -0.144566 0.000000
vt -1.650119 -0.145931 0.000000
vt -1.652363 -0.167963 0.000000
vt -1.622591 -0.171315 0.000000
vt -1.654533 -0.190008 0.000000
vt -1.625298 -0.198054 0.000000
vt -1.656699 -0.212047 0.000000
vt -1.627903 -0.224810 0.000000
vt -1.658941 -0.234074 0.000000
vt -1.630612 -0.251541 0.000000
vt -1.661105 -0.256122 0.000000
vt -1.630612 0.251114 0.000000
vt -1.661105 0.246533 0.000000
vt -1.633241 0.224362 0.000000
vt -1.663279 0.224494 0.000000
vt -1.665518 0.202474 0.000000
vt -1.635903 0.197615 0.000000
vt -1.667676 0.180427 0.000000
vt -1.638592 0.170866 0.000000
vt -1.669859 0.158386 0.000000
vt -1.641207 0.144107 0.000000
vt -1.672095 0.136361 0.000000
vt -1.643924 0.117372 0.000000
vt -1.674248 0.114316 0.000000
vt -1.646535 0.090613 0.000000
vt -1.676439 0.092278 0.000000
vt -1.678671 0.070260 0.000000
vt -1.649220 0.063875 0.000000
vt -1.680819 0.048215 0.000000
vt -1.651883 0.037123 0.000000
vt -1.683019 0.026176 0.000000
vt -1.654516 0.010363 0.000000
vt -1.685245 0.004156 0.000000
vt -1.657229 -0.016384 0.000000
vt -1.687390 -0.017888 0.000000
vt -1.689599 -0.039925 0.000000
vt -1.659833 -0.043140 0.000000
vt -1.691819 -0.061941 0.000000
vt -1.662539 -0.069887 0.000000
vt -1.693961 -0.083985 0.000000
vt -1.665175 -0.096631 0.000000
vt -1.696179 -0.106024 0.000000
vt -1.667828 -0.123365 0.000000
vt -1.698394 -0.128058 0.000000
vt -1.670522 -0.150100 0.000000
vt -1.700535 -0.150097 0.000000
vt -1.702759 -0.172133 0.000000
vt -1.673130 -0.176827 0.000000
vt -1.704967 -0.194158 0.000000
vt -1.675846 -0.203561 0.000000
vt -1.707108 -0.216200 0.000000
vt -1.678459 -0.230293 0.000000
vt -1.709338 -0.238231 0.000000
vt -1.681137 -0.257028 0.000000
vt -1.711539 -0.260256 0.000000
vt -1.681137 0.245627 0.000000
vt -1.711539 0.242399 0.000000
vt -1.683806 0.218888 0.000000
vt -1.713681 0.220356 0.000000
vt -1.715916 0.198329 0.000000
vt -1.686430 0.192160 0.000000
vt -1.718111 0.176299 0.000000
vt -1.689144 0.165431 0.000000
vt -1.720256 0.154256 0.000000
vt -1.691746 0.138708 0.000000
vt -1.722494 0.132232 0.000000
vt -1.694445 0.111974 0.000000
vt -1.724681 0.110198 0.000000
vt -1.726832 0.088155 0.000000
vt -1.697088 0.085240 0.000000
vt -1.729077 0.066123 0.000000
vt -1.699732 0.058516 0.000000
vt -1.731258 0.044080 0.000000
vt -1.702433 0.031784 0.000000
vt -1.733409 0.022040 0.000000
vt -1.705037 0.005056 0.000000
vt -1.735647 0.000003 0.000000
vt -1.707750 -0.021670 0.000000
vt -1.738736 -0.031419 0.000000
vt -1.710369 -0.048396 0.000000
vt -1.741913 -0.062833 0.000000
vt -1.713038 -0.075122 0.000000
vt -1.744979 -0.094256 0.000000
vt -1.715716 -0.101854 0.000000
vt -1.748162 -0.125672 0.000000
vt -1.718332 -0.128572 0.000000
vt -1.751226 -0.157080 0.000000
vt -1.721048 -0.155298 0.000000
vt -1.723652 -0.182022 0.000000
vt -1.754413 -0.188496 0.000000
vt -1.726343 -0.208750 0.000000
vt -1.757476 -0.219926 0.000000
vt -1.728995 -0.235476 0.000000
vt -1.728995 0.267179 0.000000
vt -1.757476 0.282728 0.000000
vt -1.760664 0.251315 0.000000
vt -1.731630 0.240464 0.000000
vt -1.763729 0.219892 0.000000
vt -1.734336 0.213740 0.000000
vt -1.766913 0.188479 0.000000
vt -1.736937 0.187025 0.000000
vt -1.739645 0.160302 0.000000
vt -1.769983 0.157059 0.000000
vt -1.742272 0.133578 0.000000
vt -1.773160 0.125647 0.000000
vt -1.744932 0.106860 0.000000
vt -1.776238 0.094225 0.000000
vt -1.747616 0.080134 0.000000
vt -1.779405 0.062812 0.000000
vt -1.750223 0.053425 0.000000
vt -1.782494 0.031406 0.000000
vt -1.752942 0.026706 0.000000
vt -1.785649 -0.000008 0.000000
vt -1.755548 -0.000003 0.000000
vt -1.758719 -0.031428 0.000000
vt -1.788752 -0.031435 0.000000
vt -1.761788 -0.062859 0.000000
vt -1.791893 -0.062854 0.000000
vt -1.795010 -0.094275 0.000000
vt -1.764976 -0.094278 0.000000
vt -1.798137 -0.125691 0.000000
vt -1.768043 -0.125710 0.000000
vt -1.801267 -0.157109 0.000000
vt -1.771228 -0.157115 0.000000
vt -1.804379 -0.188524 0.000000
vt -1.774292 -0.188547 0.000000
vt -1.807524 -0.219939 0.000000
vt -1.777478 -0.219951 0.000000
vt -1.777478 0.282704 0.000000
vt -1.807524 0.282716 0.000000
vt -1.810621 0.251303 0.000000
vt -1.780544 0.251274 0.000000
vt -1.813779 0.219891 0.000000
vt -1.783727 0.219855 0.000000
vt -1.816864 0.188475 0.000000
vt -1.786799 0.188419 0.000000
vt -1.820033 0.157064 0.000000
vt -1.789975 0.156993 0.000000
vt -1.823106 0.125661 0.000000
vt -1.793055 0.125563 0.000000
vt -1.826285 0.094250 0.000000
vt -1.796220 0.094145 0.000000
vt -1.829350 0.062847 0.000000
vt -1.799312 0.062718 0.000000
vt -1.832535 0.031438 0.000000
vt -1.802465 0.031298 0.000000
vt -1.835599 0.000014 0.000000
vt -1.805569 -0.000129 0.000000
vt -1.838787 -0.031400 0.000000
vt -1.808709 -0.031552 0.000000
vt -1.841849 -0.062819 0.000000
vt -1.811827 -0.062972 0.000000
vt -1.845034 -0.094214 0.000000
vt -1.814952 -0.094390 0.000000
vt -1.848101 -0.125637 0.000000
vt -1.818085 -0.125802 0.000000
vt -1.851281 -0.157048 0.000000
vt -1.821195 -0.157221 0.000000
vt -1.854356 -0.188469 0.000000
vt -1.824342 -0.188630 0.000000
vt -1.857526 -0.219870 0.000000
vt -1.827438 -0.220047 0.000000
vt -1.860611 -0.251293 0.000000
vt -1.830598 -0.251456 0.000000
vt -1.863771 -0.282699 0.000000
vt -1.830598 0.251199 0.000000
vt -1.863771 0.219956 0.000000
vt -1.833683 0.219783 0.000000
vt -1.866867 0.188537 0.000000
vt -1.836852 0.188386 0.000000
vt -1.870014 0.157126 0.000000
vt -1.839927 0.156968 0.000000
vt -1.873124 0.125712 0.000000
vt -1.843105 0.125575 0.000000
vt -1.876257 0.094297 0.000000
vt -1.846172 0.094155 0.000000
vt -1.879381 0.062889 0.000000
vt -1.849356 0.062765 0.000000
vt -1.882499 0.031469 0.000000
vt -1.852419 0.031348 0.000000
vt -1.885637 0.000065 0.000000
vt -1.855606 -0.000062 0.000000
vt -1.888741 -0.031357 0.000000
vt -1.858669 -0.031484 0.000000
vt -1.891892 -0.062758 0.000000
vt -1.861854 -0.062889 0.000000
vt -1.894983 -0.094179 0.000000
vt -1.864919 -0.094290 0.000000
vt -1.898148 -0.125595 0.000000
vt -1.868097 -0.125699 0.000000
vt -1.901228 -0.157018 0.000000
vt -1.871171 -0.157114 0.000000
vt -1.904403 -0.188431 0.000000
vt -1.874341 -0.188522 0.000000
vt -1.907473 -0.219856 0.000000
vt -1.877425 -0.219935 0.000000
vt -1.910656 -0.251273 0.000000
vt -1.880583 -0.251345 0.000000
vt -1.913721 -0.282700 0.000000
vt -1.880583 0.251310 0.000000
vt -1.913721 0.219955 0.000000
vt -1.883680 0.219896 0.000000
vt -1.916910 0.188531 0.000000
vt -1.886825 0.188481 0.000000
vt -1.919973 0.157102 0.000000
vt -1.889937 0.157061 0.000000
vt -1.923158 0.125701 0.000000
vt -1.893068 0.125647 0.000000
vt -1.926224 0.094269 0.000000
vt -1.896194 0.094235 0.000000
vt -1.929413 0.062850 0.000000
vt -1.899310 0.062819 0.000000
vt -1.932482 0.031422 0.000000
vt -1.902451 0.031405 0.000000
vt -1.935654 0.000000 0.000000
vt -1.905554 -0.000014 0.000000
vt -1.955577 -0.000002 0.000000
vt -1.908709 -0.031431 0.000000
vt -1.955600 -0.041889 0.000000
vt -1.911798 -0.062847 0.000000
vt -1.955600 -0.083777 0.000000
vt -1.914965 -0.094261 0.000000
vt -1.955600 -0.125665 0.000000
vt -1.918042 -0.125667 0.000000
vt -1.921219 -0.157082 0.000000
vt -1.955600 -0.167553 0.000000
vt -1.924290 -0.188503 0.000000
vt -1.955600 -0.209441 0.000000
vt -1.927473 -0.219914 0.000000
vt -1.927473 0.282741 0.000000
vt -1.955600 0.293214 0.000000
vt -1.955600 0.251326 0.000000
vt -1.930536 0.251337 0.000000
vt -1.933724 0.219925 0.000000
vt -1.955600 0.209438 0.000000
vt -1.936786 0.188505 0.000000
vt -1.955600 0.167550 0.000000
vt -1.939973 0.157094 0.000000
vt -1.955600 0.125662 0.000000
vt -1.943038 0.125673 0.000000
vt -1.946220 0.094263 0.000000
vt -1.955600 0.083774 0.000000
vt -1.949287 0.062839 0.000000
vt -1.955600 0.041886 0.000000
vt -1.952464 0.031420 0.000000
vt 2.092330 0.026277 0.000000
vt 2.078298 0.016313 0.000000
vt 2.119972 0.026211 0.000000
vt 2.139500 0.016313 0.000000
vt 2.162065 0.015916 0.000000
vt 2.139556 0.006304 0.000000
vt 2.159938 0.006304 0.000000
vt 2.064750 0.026188 0.000000
vt 2.037176 0.026293 0.000000
vt 2.017096 0.016313 0.000000
vt 2.009532 0.026220 0.000000
vt 1.981986 0.026217 0.000000
vt 1.955894 0.016313 0.000000
vt 1.954356 0.026295 0.000000
vt 1.926754 0.026186 0.000000
vt 1.894692 0.016313 0.000000
vt 1.899203 0.026272 0.000000
vt 1.869470 0.026234 0.000000
vt 1.833489 0.016313 0.000000
vt 1.839835 0.026213 0.000000
vt 1.810120 0.026292 0.000000
vt 1.772287 0.016313 0.000000
vt 1.780444 0.026185 0.000000
vt 1.750792 0.026293 0.000000
vt 1.711085 0.016313 0.000000
vt 1.721064 0.026210 0.000000
vt 1.691439 0.026237 0.000000
vt 1.649883 0.016313 0.000000
vt 1.661705 0.026269 0.000000
vt 1.632046 0.026191 0.000000
vt 1.588681 0.016313 0.000000
vt 1.602369 0.026304 0.000000
vt 1.572663 0.026193 0.000000
vt 1.527478 0.016313 0.000000
vt 1.543027 0.026264 0.000000
vt 1.513283 0.026242 0.000000
vt 1.483641 0.026206 0.000000
vt 1.466276 0.016313 0.000000
vt 1.512423 0.006304 0.000000
vt 1.482767 0.006304 0.000000
vt 1.453112 0.006304 0.000000
vt 1.423457 0.006304 0.000000
vt 1.405074 0.016313 0.000000
vt 1.393802 0.006304 0.000000
vt 1.364146 0.006304 0.000000
vt 1.343872 0.016313 0.000000
vt 1.334491 0.006304 0.000000
vt 1.304836 0.006304 0.000000
vt 1.282670 0.016313 0.000000
vt 1.275180 0.006304 0.000000
vt 1.245525 0.006304 0.000000
vt 1.221467 0.016313 0.000000
vt 1.215870 0.006304 0.000000
vt 1.186215 0.006304 0.000000
vt 1.160265 0.016313 0.000000
vt 1.156559 0.006304 0.000000
vt 1.126904 0.006304 0.000000
vt 1.099063 0.016313 0.000000
vt 1.097249 0.006304 0.000000
vt 1.067594 0.006304 0.000000
vt 1.037861 0.016313 0.000000
vt 1.037938 0.006304 0.000000
vt 1.008283 0.006304 0.000000
vt 0.976659 0.016313 0.000000
vt 0.978628 0.006304 0.000000
vt 0.948972 0.006304 0.000000
vt 0.915456 0.016313 0.000000
vt 0.919317 0.006304 0.000000
vt 0.889662 0.006304 0.000000
vt 0.854254 0.016313 0.000000
vt 0.860007 0.006304 0.000000
vt 0.830351 0.006304 0.000000
vt 0.793052 0.016313 0.000000
vt 0.800696 0.006304 0.000000
vt 0.771041 0.006304 0.000000
vt 0.731850 0.016313 0.000000
vt 0.741386 0.006304 0.000000
vt 0.711730 0.006304 0.000000
vt 0.670648 0.016313 0.000000
vt 0.682075 0.006304 0.000000
vt 0.652420 0.006304 0.000000
vt 0.609445 0.016313 0.000000
vt 0.622764 0.006304 0.000000
vt 0.593109 0.006304 0.000000
vt 0.548243 0.016313 0.000000
vt 0.563454 0.006304 0.000000
vt 0.533799 0.006304 0.000000
vt 0.504143 0.006304 0.000000
vt 0.487041 0.016313 0.000000
vt 0.474488 0.006304 0.000000
vt 0.444833 0.006304 0.000000
vt 0.425839 0.016313 0.000000
vt 0.415178 0.006304 0.000000
vt 0.385522 0.006304 0.000000
vt 0.364637 0.016313 0.000000
vt 0.355867 0.006304 0.000000
vt 0.326212 0.006304 0.000000
vt 0.303434 0.016313 0.000000
vt 0.296557 0.006304 0.000000
vt 0.266901 0.006304 0.000000
vt 0.242232 0.016313 0.000000
vt 0.237246 0.006304 0.000000
vt 0.207591 0.006304 0.000000
vt 0.181674 0.016313 0.000000
vt 0.177935 0.006304 0.000000
vt 0.148280 0.006304 0.000000
vt 0.121116 0.016313 0.000000
vt 0.118625 0.006304 0.000000
vt 0.088970 0.006304 0.000000
vt 0.060559 0.016313 0.000000
vt 0.059314 0.006304 0.000000
vt 0.059351 0.026180 0.000000
vt 0.029690 0.026301 0.000000
vt 1.453930 0.026297 0.000000
vt 1.424242 0.026185 0.000000
vt 1.394592 0.026288 0.000000
vt 1.364858 0.026217 0.000000
vt 1.335222 0.026229 0.000000
vt 1.305485 0.026277 0.000000
vt 1.275814 0.026188 0.000000
vt 1.246137 0.026302 0.000000
vt 1.216414 0.026197 0.000000
vt 1.186781 0.026256 0.000000
vt 1.157036 0.026250 0.000000
vt 1.127379 0.026201 0.000000
vt 1.097665 0.026300 0.000000
vt 1.067970 0.026186 0.000000
vt 1.038308 0.026282 0.000000
vt 1.008580 0.026224 0.000000
vt 0.978958 0.026222 0.000000
vt 0.949239 0.026283 0.000000
vt 0.919599 0.026186 0.000000
vt 0.889930 0.026299 0.000000
vt 0.860231 0.026202 0.000000
vt 0.830603 0.026248 0.000000
vt 0.800874 0.026259 0.000000
vt 0.771249 0.026196 0.000000
vt 0.741561 0.026303 0.000000
vt 0.711895 0.026189 0.000000
vt 0.682255 0.026274 0.000000
vt 0.652533 0.026232 0.000000
vt 0.622922 0.026214 0.000000
vt 0.593212 0.026290 0.000000
vt 0.563563 0.026185 0.000000
vt 0.533911 0.026295 0.000000
vt 0.504211 0.026209 0.000000
vt 0.474597 0.026239 0.000000
vt 0.444875 0.026267 0.000000
vt 0.415257 0.026191 0.000000
vt 0.385582 0.026304 0.000000
vt 0.355906 0.026192 0.000000
vt 0.326278 0.026265 0.000000
vt 0.296563 0.026241 0.000000
vt 0.266960 0.026207 0.000000
vt 0.237264 0.026296 0.000000
vt 0.207622 0.026185 0.000000
vt 0.177981 0.026288 0.000000
vt 0.148279 0.026218 0.000000
vt 0.118674 0.026232 0.000000
vt 0.088962 0.026274 0.000000
vt 0.029659 0.006304 0.000000
vt 0.000001 0.026207 0.000000
vt 0.000003 0.006303 0.000000
vt 1.542078 0.006304 0.000000
vt 1.571733 0.006304 0.000000
vt 1.601388 0.006304 0.000000
vt 1.631044 0.006304 0.000000
vt 1.660699 0.006304 0.000000
vt 1.690354 0.006304 0.000000
vt 1.720010 0.006304 0.000000
vt 1.749665 0.006304 0.000000
vt 1.779320 0.006304 0.000000
vt 1.808975 0.006304 0.000000
vt 1.838631 0.006304 0.000000
vt 1.868286 0.006304 0.000000
vt 1.897941 0.006304 0.000000
vt 1.925595 0.006304 0.000000
vt 1.953249 0.006304 0.000000
vt 1.980903 0.006304 0.000000
vt 2.008557 0.006304 0.000000
vt 2.036211 0.006304 0.000000
vt 2.063865 0.006304 0.000000
vt 2.091519 0.006304 0.000000
vt 2.119173 0.006304 0.000000
vt 2.180320 0.006304 0.000000
vt 2.200703 0.006304 0.000000
vt 0.000004 0.006304 0.000000
vt 0.034869 0.006304 0.000000
vt -0.000001 0.026217 0.000000
vt 0.034933 0.026286 0.000000
vt 0.061372 0.016313 0.000000
vt 0.069771 0.026176 0.000000
vt 0.104665 0.026299 0.000000
vt 0.122744 0.016313 0.000000
vt 0.139507 0.026181 0.000000
vt 0.184117 0.016313 0.000000
vt 0.174385 0.026303 0.000000
vt 0.209240 0.026178 0.000000
vt 0.245489 0.016313 0.000000
vt 0.244106 0.026303 0.000000
vt 0.278977 0.026179 0.000000
vt 0.307549 0.016313 0.000000
vt 0.313810 0.026298 0.000000
vt 0.348692 0.026184 0.000000
vt 0.369609 0.016313 0.000000
vt 0.383532 0.026289 0.000000
vt 0.418431 0.026191 0.000000
vt 0.431669 0.016313 0.000000
vt 0.453243 0.026277 0.000000
vt 0.493729 0.016313 0.000000
vt 0.488151 0.026201 0.000000
vt 0.522967 0.026263 0.000000
vt 0.555788 0.016313 0.000000
vt 0.557885 0.026213 0.000000
vt 0.592698 0.026249 0.000000
vt 0.617848 0.016313 0.000000
vt 0.627617 0.026227 0.000000
vt 0.662424 0.026234 0.000000
vt 0.679908 0.016313 0.000000
vt 0.697342 0.026241 0.000000
vt 0.741968 0.016313 0.000000
vt 0.732148 0.026219 0.000000
vt 0.767072 0.026256 0.000000
vt 0.804028 0.016313 0.000000
vt 0.801883 0.026207 0.000000
vt 0.836794 0.026271 0.000000
vt 0.866087 0.016313 0.000000
vt 0.871606 0.026196 0.000000
vt 0.906509 0.026284 0.000000
vt 0.928147 0.016313 0.000000
vt 0.941329 0.026187 0.000000
vt 0.990207 0.016313 0.000000
vt 0.976222 0.026294 0.000000
vt 1.011055 0.026181 0.000000
vt 1.052267 0.016313 0.000000
vt 1.045919 0.026301 0.000000
vt 1.080761 0.026178 0.000000
vt 1.114327 0.016313 0.000000
vt 1.115635 0.026304 0.000000
vt 1.150497 0.026178 0.000000
vt 1.176386 0.016313 0.000000
vt 1.185351 0.026301 0.000000
vt 1.220204 0.026181 0.000000
vt 1.238446 0.016313 0.000000
vt 1.255049 0.026294 0.000000
vt 1.300506 0.016313 0.000000
vt 1.289918 0.026188 0.000000
vt 1.324749 0.026283 0.000000
vt 1.362566 0.016313 0.000000
vt 1.359633 0.026196 0.000000
vt 1.394452 0.026270 0.000000
vt 1.424626 0.016313 0.000000
vt 1.429358 0.026207 0.000000
vt 1.464171 0.026255 0.000000
vt 1.486685 0.016313 0.000000
vt 1.499083 0.026220 0.000000
vt 1.533894 0.026240 0.000000
vt 1.548745 0.016313 0.000000
vt 1.568812 0.026235 0.000000
vt 1.610805 0.016313 0.000000
vt 1.603622 0.026226 0.000000
vt 1.638547 0.026249 0.000000
vt 1.672865 0.016313 0.000000
vt 1.673365 0.026212 0.000000
vt 1.708293 0.026264 0.000000
vt 1.734925 0.016313 0.000000
vt 1.743114 0.026200 0.000000
vt 1.778035 0.026278 0.000000
vt 1.796984 0.016313 0.000000
vt 1.812862 0.026191 0.000000
vt 1.859044 0.016313 0.000000
vt 1.847777 0.026289 0.000000
vt 1.882623 0.026184 0.000000
vt 1.921104 0.016313 0.000000
vt 1.917532 0.026298 0.000000
vt 1.952384 0.026179 0.000000
vt 1.983164 0.016313 0.000000
vt 1.987274 0.026303 0.000000
vt 2.022121 0.026178 0.000000
vt 2.045224 0.016313 0.000000
vt 2.056999 0.026303 0.000000
vt 2.091862 0.026181 0.000000
vt 2.107284 0.016313 0.000000
vt 2.126727 0.026299 0.000000
vt 2.169343 0.016313 0.000000
vt 2.161616 0.026176 0.000000
vt 2.196467 0.026286 0.000000
vt 2.231401 0.026206 0.000000
vt 2.231403 0.006301 0.000000
vt 2.196539 0.006304 0.000000
vt 2.161673 0.006304 0.000000
vt 2.126807 0.006304 0.000000
vt 2.091942 0.006304 0.000000
vt 2.057076 0.006304 0.000000
vt 2.022211 0.006304 0.000000
vt 1.987345 0.006304 0.000000
vt 1.952479 0.006304 0.000000
vt 1.917614 0.006304 0.000000
vt 1.882748 0.006304 0.000000
vt 1.847882 0.006304 0.000000
vt 1.813017 0.006304 0.000000
vt 1.778151 0.006304 0.000000
vt 1.743285 0.006304 0.000000
vt 1.708420 0.006304 0.000000
vt 1.673554 0.006304 0.000000
vt 1.638689 0.006304 0.000000
vt 1.603823 0.006304 0.000000
vt 1.568957 0.006304 0.000000
vt 1.534092 0.006304 0.000000
vt 1.499226 0.006304 0.000000
vt 1.464360 0.006304 0.000000
vt 1.429495 0.006304 0.000000
vt 1.394629 0.006304 0.000000
vt 1.359764 0.006304 0.000000
vt 1.324898 0.006304 0.000000
vt 1.290032 0.006304 0.000000
vt 1.255167 0.006304 0.000000
vt 1.220301 0.006304 0.000000
vt 1.185435 0.006304 0.000000
vt 1.150570 0.006304 0.000000
vt 1.115704 0.006304 0.000000
vt 1.080838 0.006304 0.000000
vt 1.045973 0.006304 0.000000
vt 1.011107 0.006304 0.000000
vt 0.976242 0.006304 0.000000
vt 0.941376 0.006304 0.000000
vt 0.906510 0.006304 0.000000
vt 0.871645 0.006304 0.000000
vt 0.836779 0.006304 0.000000
vt 0.801913 0.006304 0.000000
vt 0.767048 0.006304 0.000000
vt 0.732182 0.006304 0.000000
vt 0.697316 0.006304 0.000000
vt 0.662451 0.006304 0.000000
vt 0.627585 0.006304 0.000000
vt 0.592720 0.006304 0.000000
vt 0.557854 0.006304 0.000000
vt 0.522988 0.006304 0.000000
vt 0.488123 0.006304 0.000000
vt 0.453257 0.006304 0.000000
vt 0.418391 0.006304 0.000000
vt 0.383526 0.006304 0.000000
vt 0.348660 0.006304 0.000000
vt 0.313794 0.006304 0.000000
vt 0.278929 0.006304 0.000000
vt 0.244063 0.006304 0.000000
vt 0.209198 0.006304 0.000000
vt 0.174332 0.006304 0.000000
vt 0.139466 0.006304 0.000000
vt 0.104601 0.006304 0.000000
vt 0.069735 0.006304 0.000000
vt -0.419283 0.985001 0.000000
vt -0.390001 0.955719 0.000000
vt -0.429998 1.025002 0.000000
vt -0.350001 0.945000 0.000000
vt -0.310001 0.955717 0.000000
vt -0.280719 0.984999 0.000000
vt -0.270000 1.024999 0.000000
vt -0.280717 1.064999 0.000000
vt -0.309999 1.094281 0.000000
vt -0.349999 1.105000 0.000000
vt -0.389999 1.094283 0.000000
vt -0.419281 1.065001 0.000000
vt -2.070000 0.019946 0.000000
vt -2.087215 0.009996 0.000000
vt -2.069998 0.000023 0.000000
vt -0.000004 0.026304 0.000000
vt -0.000004 0.006404 0.000000
vt 0.061367 0.016296 0.000000
vt 0.034928 0.006322 0.000000
vt 0.069774 0.006431 0.000000
vt 0.104664 0.006309 0.000000
vt 0.122738 0.016296 0.000000
vt 0.104592 0.026304 0.000000
vt 0.139458 0.026304 0.000000
vt 0.184109 0.016296 0.000000
vt 0.174323 0.026304 0.000000
vt 0.209188 0.026304 0.000000
vt 0.245480 0.016296 0.000000
vt 0.244054 0.026304 0.000000
vt 0.278919 0.026304 0.000000
vt 0.317997 0.016296 0.000000
vt 0.313785 0.026304 0.000000
vt 0.348650 0.026304 0.000000
vt 0.390515 0.016296 0.000000
vt 0.383515 0.026304 0.000000
vt 0.418381 0.026304 0.000000
vt 0.463032 0.016296 0.000000
vt 0.453246 0.026304 0.000000
vt 0.488111 0.026304 0.000000
vt 0.535549 0.016296 0.000000
vt 0.522977 0.026304 0.000000
vt 0.557842 0.026304 0.000000
vt 0.585405 0.016296 0.000000
vt 0.592707 0.026304 0.000000
vt 0.635261 0.016296 0.000000
vt 0.627573 0.026304 0.000000
vt 0.662438 0.026304 0.000000
vt 0.685116 0.016296 0.000000
vt 0.697303 0.026304 0.000000
vt 0.734972 0.016296 0.000000
vt 0.732169 0.026304 0.000000
vt 0.767034 0.026304 0.000000
vt 0.784828 0.016296 0.000000
vt 0.801899 0.026304 0.000000
vt 0.834683 0.016296 0.000000
vt 0.836765 0.026304 0.000000
vt 0.871630 0.026304 0.000000
vt 0.884539 0.016296 0.000000
vt 0.906495 0.026304 0.000000
vt 0.934394 0.016296 0.000000
vt 0.941361 0.026304 0.000000
vt 0.976226 0.026304 0.000000
vt 0.984250 0.016296 0.000000
vt 1.011092 0.026304 0.000000
vt 1.034106 0.016296 0.000000
vt 1.045957 0.026304 0.000000
vt 1.083961 0.016296 0.000000
vt 1.080822 0.026304 0.000000
vt 1.115688 0.026304 0.000000
vt 1.133817 0.016296 0.000000
vt 1.150553 0.026304 0.000000
vt 1.183673 0.016296 0.000000
vt 1.185418 0.026304 0.000000
vt 1.220284 0.026304 0.000000
vt 1.233528 0.016296 0.000000
vt 1.255149 0.026304 0.000000
vt 1.283384 0.016296 0.000000
vt 1.290014 0.026304 0.000000
vt 1.324880 0.026304 0.000000
vt 1.333240 0.016296 0.000000
vt 1.359745 0.026304 0.000000
vt 1.383095 0.016296 0.000000
vt 1.394610 0.026304 0.000000
vt 1.432951 0.016296 0.000000
vt 1.429476 0.026304 0.000000
vt 1.464341 0.026304 0.000000
vt 1.482807 0.016296 0.000000
vt 1.499206 0.026304 0.000000
vt 1.532662 0.016296 0.000000
vt 1.534072 0.026304 0.000000
vt 1.568937 0.026304 0.000000
vt 1.582518 0.016296 0.000000
vt 1.603803 0.026304 0.000000
vt 1.632374 0.016296 0.000000
vt 1.638668 0.026304 0.000000
vt 1.673533 0.026304 0.000000
vt 1.682229 0.016296 0.000000
vt 1.708399 0.026304 0.000000
vt 1.732085 0.016296 0.000000
vt 1.743264 0.026304 0.000000
vt 1.781941 0.016296 0.000000
vt 1.778129 0.026304 0.000000
vt 1.812995 0.026304 0.000000
vt 1.831796 0.016296 0.000000
vt 1.847860 0.026304 0.000000
vt 1.881652 0.016296 0.000000
vt 1.882725 0.026304 0.000000
vt 1.917591 0.026304 0.000000
vt 1.931508 0.016296 0.000000
vt 1.952456 0.026304 0.000000
vt 1.981363 0.016296 0.000000
vt 1.987321 0.026304 0.000000
vt 2.022187 0.026304 0.000000
vt 2.031219 0.016296 0.000000
vt 2.057052 0.026304 0.000000
vt 2.081075 0.016296 0.000000
vt 2.091917 0.026304 0.000000
vt 2.130930 0.016296 0.000000
vt 2.126783 0.026304 0.000000
vt 2.161648 0.026304 0.000000
vt 2.181156 0.016296 0.000000
vt 2.196514 0.026304 0.000000
vt 2.231382 0.006405 0.000000
vt 2.231378 0.026305 0.000000
vt 0.139529 0.006426 0.000000
vt 0.174386 0.006305 0.000000
vt 0.209261 0.006430 0.000000
vt 0.244130 0.006304 0.000000
vt 0.279017 0.006429 0.000000
vt 0.313864 0.006309 0.000000
vt 0.348762 0.006424 0.000000
vt 0.383594 0.006318 0.000000
vt 0.418501 0.006417 0.000000
vt 0.453324 0.006330 0.000000
vt 0.488238 0.006407 0.000000
vt 0.523038 0.006344 0.000000
vt 0.557961 0.006395 0.000000
vt 0.592757 0.006359 0.000000
vt 0.627682 0.006382 0.000000
vt 0.662480 0.006373 0.000000
vt 0.697401 0.006367 0.000000
vt 0.732207 0.006388 0.000000
vt 0.767120 0.006352 0.000000
vt 0.801935 0.006400 0.000000
vt 0.836837 0.006337 0.000000
vt 0.871664 0.006412 0.000000
vt 0.906553 0.006324 0.000000
vt 0.941387 0.006420 0.000000
vt 0.976275 0.006314 0.000000
vt 1.011123 0.006426 0.000000
vt 1.045981 0.006307 0.000000
vt 1.080838 0.006430 0.000000
vt 1.115703 0.006304 0.000000
vt 1.150580 0.006430 0.000000
vt 1.185426 0.006306 0.000000
vt 1.220292 0.006427 0.000000
vt 1.255127 0.006314 0.000000
vt 1.290007 0.006420 0.000000
vt 1.324830 0.006324 0.000000
vt 1.359734 0.006412 0.000000
vt 1.394549 0.006337 0.000000
vt 1.429459 0.006401 0.000000
vt 1.464270 0.006352 0.000000
vt 1.499188 0.006388 0.000000
vt 1.533998 0.006367 0.000000
vt 1.568920 0.006374 0.000000
vt 1.603733 0.006381 0.000000
vt 1.638656 0.006359 0.000000
vt 1.673478 0.006395 0.000000
vt 1.708392 0.006344 0.000000
vt 1.743197 0.006407 0.000000
vt 1.778103 0.006330 0.000000
vt 1.812933 0.006417 0.000000
vt 1.847829 0.006319 0.000000
vt 1.882667 0.006424 0.000000
vt 1.917551 0.006310 0.000000
vt 1.952406 0.006429 0.000000
vt 1.987277 0.006305 0.000000
vt 2.022154 0.006430 0.000000
vt 2.057014 0.006305 0.000000
vt 2.091879 0.006427 0.000000
vt 2.126727 0.006309 0.000000
vt 2.161620 0.006431 0.000000
vt 2.196452 0.006322 0.000000
vt 0.069727 0.026304 0.000000
vt 0.034862 0.026304 0.000000
vt 0.014142 0.042414 0.000000
vt -0.014142 0.042414 0.000000
vt 0.014142 0.000000 0.000000
vt -0.014142 -0.000000 0.000000
vt 0.014142 -0.043200 0.000000
vt -0.014142 -0.043200 0.000000
vt -0.014142 -0.086401 0.000000
vt 0.014142 0.084828 0.000000
vt -0.014146 0.084828 0.000000
vt 0.014142 0.113082 0.000000
vt -0.011128 0.123415 0.000000
vt 0.014142 0.141337 0.000000
vt -0.008192 0.160025 0.000000
vt 0.014142 0.169592 0.000000
vt -0.005831 0.190340 0.000000
vt 0.014142 0.197846 0.000000
vt -0.003518 0.218856 0.000000
vt 0.014142 0.226101 0.000000
vt -0.001577 0.243839 0.000000
vt 0.014142 0.254355 0.000000
vt 0.000173 0.266047 0.000000
vt 0.014142 0.282610 0.000000
vt 0.003631 0.309380 0.000000
vt 0.014142 0.310865 0.000000
vt 0.003631 -0.256098 0.000000
vt 0.014142 -0.254613 0.000000
vt 0.006965 -0.214022 0.000000
vt 0.014142 -0.213707 0.000000
vt 0.010217 -0.172801 0.000000
vt 0.014142 -0.172801 0.000000
vt 0.014142 -0.129601 0.000000
vt -0.014142 -0.129601 0.000000
vt 0.014142 -0.086401 0.000000
vt -0.014142 -0.172801 0.000000
vt -0.001477 -0.211896 0.000000
vt -0.014142 -0.213707 0.000000
vt -0.014104 -0.254613 0.000000
vt 2.200682 0.026304 0.000000
vt 2.180300 0.026304 0.000000
vt 2.159945 0.023601 0.000000
vt 2.159918 0.026304 0.000000
vt 2.139536 0.026304 0.000000
vt 2.118488 0.020885 0.000000
vt 2.119154 0.026304 0.000000
vt 2.091500 0.026304 0.000000
vt 2.075691 0.018105 0.000000
vt 2.063846 0.026304 0.000000
vt 2.053822 0.016660 0.000000
vt 2.036192 0.026304 0.000000
vt 2.017077 0.016232 0.000000
vt 2.008538 0.026304 0.000000
vt 1.980884 0.026304 0.000000
vt 1.955875 0.016232 0.000000
vt 1.953231 0.026304 0.000000
vt 1.925577 0.026304 0.000000
vt 1.894673 0.016232 0.000000
vt 1.897923 0.026304 0.000000
vt 1.868268 0.026304 0.000000
vt 1.833471 0.016232 0.000000
vt 1.838613 0.026304 0.000000
vt 1.808958 0.026304 0.000000
vt 1.772270 0.016232 0.000000
vt 1.779302 0.026304 0.000000
vt 1.749647 0.026304 0.000000
vt 1.711068 0.016232 0.000000
vt 1.719992 0.026304 0.000000
vt 1.690337 0.026304 0.000000
vt 1.649866 0.016232 0.000000
vt 1.660682 0.026304 0.000000
vt 1.631027 0.026304 0.000000
vt 1.588664 0.016232 0.000000
vt 1.601372 0.026304 0.000000
vt 1.571717 0.026304 0.000000
vt 1.527462 0.016232 0.000000
vt 1.542062 0.026304 0.000000
vt 1.512407 0.026304 0.000000
vt 1.482751 0.026304 0.000000
vt 1.466260 0.016232 0.000000
vt 1.491923 0.006422 0.000000
vt 1.467498 0.006325 0.000000
vt 1.442992 0.006359 0.000000
vt 1.405059 0.016232 0.000000
vt 1.418567 0.006419 0.000000
vt 1.394126 0.006318 0.000000
vt 1.369629 0.006368 0.000000
vt 1.343857 0.016232 0.000000
vt 1.345205 0.006416 0.000000
vt 1.320743 0.006312 0.000000
vt 1.282655 0.016232 0.000000
vt 1.296243 0.006377 0.000000
vt 1.271828 0.006411 0.000000
vt 1.247375 0.006307 0.000000
vt 1.221453 0.016232 0.000000
vt 1.222884 0.006385 0.000000
vt 1.198470 0.006405 0.000000
vt 1.160251 0.016232 0.000000
vt 1.174001 0.006305 0.000000
vt 1.149516 0.006394 0.000000
vt 1.125105 0.006398 0.000000
vt 1.099049 0.016232 0.000000
vt 1.100626 0.006304 0.000000
vt 1.076148 0.006401 0.000000
vt 1.037848 0.016232 0.000000
vt 1.051739 0.006391 0.000000
vt 1.027251 0.006305 0.000000
vt 1.002783 0.006407 0.000000
vt 0.976646 0.016232 0.000000
vt 0.978366 0.006383 0.000000
vt 0.953861 0.006309 0.000000
vt 0.915444 0.016232 0.000000
vt 0.929402 0.006413 0.000000
vt 0.904975 0.006374 0.000000
vt 0.880473 0.006314 0.000000
vt 0.854242 0.016232 0.000000
vt 0.856027 0.006417 0.000000
vt 0.831594 0.006365 0.000000
vt 0.793040 0.016232 0.000000
vt 0.807088 0.006320 0.000000
vt 0.782657 0.006420 0.000000
vt 0.758222 0.006356 0.000000
vt 0.731838 0.016232 0.000000
vt 0.733711 0.006328 0.000000
vt 0.709281 0.006422 0.000000
vt 0.670637 0.016232 0.000000
vt 0.684842 0.006346 0.000000
vt 0.660334 0.006336 0.000000
vt 0.635918 0.006423 0.000000
vt 0.609435 0.016232 0.000000
vt 0.611474 0.006337 0.000000
vt 0.586963 0.006345 0.000000
vt 0.548233 0.016232 0.000000
vt 0.562552 0.006422 0.000000
vt 0.538102 0.006329 0.000000
vt 0.513595 0.006354 0.000000
vt 0.487031 0.016232 0.000000
vt 0.489193 0.006421 0.000000
vt 0.464736 0.006321 0.000000
vt 0.425829 0.016232 0.000000
vt 0.440230 0.006364 0.000000
vt 0.415812 0.006418 0.000000
vt 0.391353 0.006315 0.000000
vt 0.364627 0.016232 0.000000
vt 0.366855 0.006373 0.000000
vt 0.342450 0.006413 0.000000
vt 0.303426 0.016232 0.000000
vt 0.317980 0.006309 0.000000
vt 0.293492 0.006381 0.000000
vt 0.269090 0.006408 0.000000
vt 0.242224 0.016232 0.000000
vt 0.244611 0.006306 0.000000
vt 0.220132 0.006390 0.000000
vt 0.181667 0.016232 0.000000
vt 0.195726 0.006402 0.000000
vt 0.171241 0.006304 0.000000
vt 0.146773 0.006396 0.000000
vt 0.121110 0.016232 0.000000
vt 0.122363 0.006393 0.000000
vt 0.097869 0.006305 0.000000
vt 0.060552 0.016232 0.000000
vt 0.073403 0.006410 0.000000
vt 0.048985 0.006394 0.000000
vt 0.024488 0.006305 0.000000
vt 0.000000 0.006397 0.000000
vt -0.000005 0.026296 0.000000
vt 0.029652 0.026304 0.000000
vt 0.059307 0.026304 0.000000
vt 0.088962 0.026304 0.000000
vt 0.118617 0.026304 0.000000
vt 0.148272 0.026304 0.000000
vt 0.177927 0.026304 0.000000
vt 0.207582 0.026304 0.000000
vt 0.237238 0.026304 0.000000
vt 0.266893 0.026304 0.000000
vt 0.296548 0.026304 0.000000
vt 0.326203 0.026304 0.000000
vt 0.355858 0.026304 0.000000
vt 0.385513 0.026304 0.000000
vt 0.415168 0.026304 0.000000
vt 0.444823 0.026304 0.000000
vt 0.474478 0.026304 0.000000
vt 0.504133 0.026304 0.000000
vt 0.533788 0.026304 0.000000
vt 0.563444 0.026304 0.000000
vt 0.593099 0.026304 0.000000
vt 0.622754 0.026304 0.000000
vt 0.652409 0.026304 0.000000
vt 0.682064 0.026304 0.000000
vt 0.711719 0.026304 0.000000
vt 0.741374 0.026304 0.000000
vt 0.771029 0.026304 0.000000
vt 0.800684 0.026304 0.000000
vt 0.830339 0.026304 0.000000
vt 0.859995 0.026304 0.000000
vt 0.889650 0.026304 0.000000
vt 0.919305 0.026304 0.000000
vt 0.948960 0.026304 0.000000
vt 0.978615 0.026304 0.000000
vt 1.008270 0.026304 0.000000
vt 1.037925 0.026304 0.000000
vt 1.067580 0.026304 0.000000
vt 1.097235 0.026304 0.000000
vt 1.126890 0.026304 0.000000
vt 1.156545 0.026304 0.000000
vt 1.186201 0.026304 0.000000
vt 1.215856 0.026304 0.000000
vt 1.245511 0.026304 0.000000
vt 1.275166 0.026304 0.000000
vt 1.304821 0.026304 0.000000
vt 1.334476 0.026304 0.000000
vt 1.364131 0.026304 0.000000
vt 1.393786 0.026304 0.000000
vt 1.423441 0.026304 0.000000
vt 1.453096 0.026304 0.000000
vt 1.516351 0.006349 0.000000
vt 1.540860 0.006333 0.000000
vt 1.565302 0.006423 0.000000
vt 1.606770 0.006312 0.000000
vt 1.648195 0.006402 0.000000
vt 1.689699 0.006362 0.000000
vt 1.731091 0.006349 0.000000
vt 1.772581 0.006411 0.000000
vt 1.814011 0.006306 0.000000
vt 1.855452 0.006421 0.000000
vt 1.896937 0.006323 0.000000
vt 1.934967 0.008863 0.000000
vt 1.971131 0.011197 0.000000
vt 2.001005 0.013209 0.000000
vt 2.029146 0.014981 0.000000
vt -1.565600 -0.064301 0.000000
vt -1.595379 -0.097709 0.000000
vt -1.565573 -0.100663 0.000000
vt -1.597524 -0.119749 0.000000
vt -1.568075 -0.125525 0.000000
vt -1.599729 -0.141788 0.000000
vt -1.570502 -0.150396 0.000000
vt -1.601954 -0.163825 0.000000
vt -1.573026 -0.175249 0.000000
vt -1.604095 -0.185844 0.000000
vt -1.575467 -0.200121 0.000000
vt -1.606308 -0.207881 0.000000
vt -1.577934 -0.224983 0.000000
vt -1.608527 -0.229920 0.000000
vt -1.580449 -0.249843 0.000000
vt -1.580449 0.252812 0.000000
vt -1.608527 0.272735 0.000000
vt -1.610667 0.250709 0.000000
vt -1.582868 0.227938 0.000000
vt -1.612888 0.228676 0.000000
vt -1.615100 0.206634 0.000000
vt -1.591607 -0.060357 0.000000
vt -1.565600 -0.027940 0.000000
vt -1.587939 -0.023005 0.000000
vt -1.565600 0.010461 0.000000
vt -1.584199 0.014346 0.000000
vt -1.565600 0.048862 0.000000
vt -1.580484 0.051686 0.000000
vt -1.565600 0.087263 0.000000
vt -1.576796 0.089029 0.000000
vt -1.565600 0.125664 0.000000
vt -1.573031 0.126377 0.000000
vt -1.565600 0.163365 0.000000
vt -1.569374 0.163715 0.000000
vt -1.565604 0.201067 0.000000
vt -1.585380 0.203089 0.000000
vt -1.617241 0.184596 0.000000
vt -1.588026 0.176346 0.000000
vt -1.619469 0.162557 0.000000
vt -1.590672 0.149601 0.000000
vt -1.621674 0.140521 0.000000
vt -1.593374 0.122863 0.000000
vt -1.623814 0.118498 0.000000
vt -1.595980 0.096112 0.000000
vt -1.626048 0.096462 0.000000
vt -1.628245 0.074426 0.000000
vt -1.598692 0.069385 0.000000
vt -1.630388 0.052394 0.000000
vt -1.601314 0.042633 0.000000
vt -1.632627 0.030358 0.000000
vt -1.603983 0.015899 0.000000
vt -1.634817 0.008323 0.000000
vt -1.606664 -0.010846 0.000000
vt -1.636964 -0.013710 0.000000
vt -1.609283 -0.037600 0.000000
vt -1.639206 -0.035746 0.000000
vt -1.641388 -0.057779 0.000000
vt -1.611999 -0.064328 0.000000
vt -1.643541 -0.079815 0.000000
vt -1.614606 -0.091078 0.000000
vt -1.645784 -0.101848 0.000000
vt -1.617297 -0.117814 0.000000
vt -1.647960 -0.123887 0.000000
vt -1.619952 -0.144566 0.000000
vt -1.650120 -0.145933 0.000000
vt -1.652364 -0.167965 0.000000
vt -1.622591 -0.171315 0.000000
vt -1.654533 -0.190011 0.000000
vt -1.625298 -0.198054 0.000000
vt -1.656699 -0.212050 0.000000
vt -1.627903 -0.224810 0.000000
vt -1.658942 -0.234077 0.000000
vt -1.630612 -0.251541 0.000000
vt -1.661105 -0.256125 0.000000
vt -1.630612 0.251114 0.000000
vt -1.661105 0.246530 0.000000
vt -1.633241 0.224362 0.000000
vt -1.663279 0.224491 0.000000
vt -1.665519 0.202471 0.000000
vt -1.635903 0.197615 0.000000
vt -1.667676 0.180424 0.000000
vt -1.638592 0.170866 0.000000
vt -1.669859 0.158383 0.000000
vt -1.641207 0.144107 0.000000
vt -1.672096 0.136358 0.000000
vt -1.643924 0.117372 0.000000
vt -1.674248 0.114313 0.000000
vt -1.646535 0.090613 0.000000
vt -1.676440 0.092275 0.000000
vt -1.678671 0.070257 0.000000
vt -1.649220 0.063875 0.000000
vt -1.680819 0.048212 0.000000
vt -1.651883 0.037123 0.000000
vt -1.683020 0.026172 0.000000
vt -1.654516 0.010363 0.000000
vt -1.685246 0.004152 0.000000
vt -1.657229 -0.016384 0.000000
vt -1.687390 -0.017891 0.000000
vt -1.689599 -0.039929 0.000000
vt -1.659833 -0.043140 0.000000
vt -1.691819 -0.061945 0.000000
vt -1.662539 -0.069888 0.000000
vt -1.693962 -0.083989 0.000000
vt -1.665175 -0.096631 0.000000
vt -1.696179 -0.106028 0.000000
vt -1.667828 -0.123365 0.000000
vt -1.698394 -0.128062 0.000000
vt -1.670522 -0.150101 0.000000
vt -1.700535 -0.150102 0.000000
vt -1.702759 -0.172137 0.000000
vt -1.673130 -0.176827 0.000000
vt -1.704967 -0.194163 0.000000
vt -1.675846 -0.203561 0.000000
vt -1.707108 -0.216205 0.000000
vt -1.678459 -0.230293 0.000000
vt -1.709338 -0.238235 0.000000
vt -1.681137 -0.257028 0.000000
vt -1.711539 -0.260261 0.000000
vt -1.681137 0.245627 0.000000
vt -1.711539 0.242394 0.000000
vt -1.683806 0.218888 0.000000
vt -1.713682 0.220351 0.000000
vt -1.715917 0.198324 0.000000
vt -1.686430 0.192160 0.000000
vt -1.718111 0.176294 0.000000
vt -1.689144 0.165431 0.000000
vt -1.720256 0.154251 0.000000
vt -1.691746 0.138708 0.000000
vt -1.722495 0.132227 0.000000
vt -1.694445 0.111974 0.000000
vt -1.724681 0.110193 0.000000
vt -1.726832 0.088149 0.000000
vt -1.697088 0.085240 0.000000
vt -1.729078 0.066120 0.000000
vt -1.699732 0.058516 0.000000
vt -1.731258 0.044077 0.000000
vt -1.702433 0.031784 0.000000
vt -1.733409 0.022041 0.000000
vt -1.705037 0.005056 0.000000
vt -1.735647 0.000003 0.000000
vt -1.707750 -0.021670 0.000000
vt -1.738736 -0.031418 0.000000
vt -1.710369 -0.048396 0.000000
vt -1.741913 -0.062831 0.000000
vt -1.713038 -0.075122 0.000000
vt -1.744979 -0.094251 0.000000
vt -1.715716 -0.101854 0.000000
vt -1.748161 -0.125666 0.000000
vt -1.718332 -0.128572 0.000000
vt -1.751225 -0.157069 0.000000
vt -1.721048 -0.155298 0.000000
vt -1.723652 -0.182022 0.000000
vt -1.754411 -0.188478 0.000000
vt -1.726343 -0.208750 0.000000
vt -1.757474 -0.219897 0.000000
vt -1.728995 -0.235476 0.000000
vt -1.760661 -0.251308 0.000000
vt -1.731630 -0.262191 0.000000
vt -1.763724 -0.282710 0.000000
vt -1.731630 0.240464 0.000000
vt -1.763724 0.219945 0.000000
vt -1.734336 0.213740 0.000000
vt -1.766907 0.188533 0.000000
vt -1.736937 0.187025 0.000000
vt -1.739645 0.160302 0.000000
vt -1.769976 0.157132 0.000000
vt -1.742272 0.133578 0.000000
vt -1.773152 0.125721 0.000000
vt -1.744932 0.106859 0.000000
vt -1.776231 0.094300 0.000000
vt -1.747616 0.080134 0.000000
vt -1.779398 0.062886 0.000000
vt -1.750223 0.053425 0.000000
vt -1.782487 0.031479 0.000000
vt -1.752942 0.026706 0.000000
vt -1.785641 0.000063 0.000000
vt -1.755548 -0.000003 0.000000
vt -1.788745 -0.031364 0.000000
vt -1.758715 -0.031388 0.000000
vt -1.791886 -0.062784 0.000000
vt -1.761782 -0.062794 0.000000
vt -1.764967 -0.094184 0.000000
vt -1.795003 -0.094206 0.000000
vt -1.768031 -0.125591 0.000000
vt -1.798130 -0.125623 0.000000
vt -1.771216 -0.156987 0.000000
vt -1.801261 -0.157042 0.000000
vt -1.774277 -0.188397 0.000000
vt -1.804372 -0.188458 0.000000
vt -1.777463 -0.219794 0.000000
vt -1.807518 -0.219874 0.000000
vt -1.780527 -0.251209 0.000000
vt -1.810615 -0.251289 0.000000
vt -1.783707 -0.282608 0.000000
vt -1.813773 -0.282702 0.000000
vt -1.783707 0.220047 0.000000
vt -1.813773 0.219953 0.000000
vt -1.786778 0.188629 0.000000
vt -1.816858 0.188536 0.000000
vt -1.789951 0.157227 0.000000
vt -1.820027 0.157124 0.000000
vt -1.793031 0.125808 0.000000
vt -1.823100 0.125720 0.000000
vt -1.796194 0.094401 0.000000
vt -1.826280 0.094308 0.000000
vt -1.799286 0.062981 0.000000
vt -1.829345 0.062904 0.000000
vt -1.802437 0.031570 0.000000
vt -1.832530 0.031494 0.000000
vt -1.805543 0.000147 0.000000
vt -1.835593 0.000068 0.000000
vt -1.808680 -0.031267 0.000000
vt -1.838781 -0.031346 0.000000
vt -1.811800 -0.062692 0.000000
vt -1.841844 -0.062767 0.000000
vt -1.814923 -0.094109 0.000000
vt -1.845029 -0.094163 0.000000
vt -1.818059 -0.125537 0.000000
vt -1.848096 -0.125587 0.000000
vt -1.821168 -0.156958 0.000000
vt -1.851277 -0.156999 0.000000
vt -1.824318 -0.188386 0.000000
vt -1.854351 -0.188421 0.000000
vt -1.827414 -0.219814 0.000000
vt -1.857521 -0.219824 0.000000
vt -1.830577 -0.251240 0.000000
vt -1.860607 -0.251248 0.000000
vt -1.863766 -0.282655 0.000000
vt -1.833662 -0.282675 0.000000
vt -1.833662 0.219980 0.000000
vt -1.863766 0.220000 0.000000
vt -1.866863 0.188580 0.000000
vt -1.836836 0.188553 0.000000
vt -1.870010 0.157169 0.000000
vt -1.839912 0.157114 0.000000
vt -1.873120 0.125754 0.000000
vt -1.843094 0.125687 0.000000
vt -1.876253 0.094337 0.000000
vt -1.846163 0.094244 0.000000
vt -1.879377 0.062928 0.000000
vt -1.849351 0.062817 0.000000
vt -1.882496 0.031507 0.000000
vt -1.852415 0.031380 0.000000
vt -1.885633 0.000102 0.000000
vt -1.855604 -0.000042 0.000000
vt -1.888738 -0.031321 0.000000
vt -1.858668 -0.031474 0.000000
vt -1.891889 -0.062723 0.000000
vt -1.861855 -0.062900 0.000000
vt -1.894980 -0.094145 0.000000
vt -1.864923 -0.094336 0.000000
vt -1.898145 -0.125562 0.000000
vt -1.868104 -0.125768 0.000000
vt -1.901224 -0.156986 0.000000
vt -1.871180 -0.157203 0.000000
vt -1.904400 -0.188401 0.000000
vt -1.874352 -0.188632 0.000000
vt -1.907470 -0.219827 0.000000
vt -1.877438 -0.220065 0.000000
vt -1.910654 -0.251248 0.000000
vt -1.880598 -0.251491 0.000000
vt -1.913720 -0.282682 0.000000
vt -1.880598 0.251164 0.000000
vt -1.913720 0.219972 0.000000
vt -1.883696 0.219733 0.000000
vt -1.916907 0.188555 0.000000
vt -1.886842 0.188312 0.000000
vt -1.919971 0.157124 0.000000
vt -1.889954 0.156883 0.000000
vt -1.923156 0.125719 0.000000
vt -1.893086 0.125466 0.000000
vt -1.926223 0.094283 0.000000
vt -1.896213 0.094040 0.000000
vt -1.929412 0.062861 0.000000
vt -1.899330 0.062625 0.000000
vt -1.932481 0.031427 0.000000
vt -1.902470 0.031204 0.000000
vt -1.935654 0.000000 0.000000
vt -1.905574 -0.000211 0.000000
vt -1.955577 -0.000002 0.000000
vt -1.908727 -0.031627 0.000000
vt -1.955600 -0.041889 0.000000
vt -1.911818 -0.063040 0.000000
vt -1.955600 -0.083777 0.000000
vt -1.914983 -0.094451 0.000000
vt -1.955600 -0.125665 0.000000
vt -1.918062 -0.125862 0.000000
vt -1.921238 -0.157270 0.000000
vt -1.955600 -0.167553 0.000000
vt -1.924307 -0.188678 0.000000
vt -1.955600 -0.209441 0.000000
vt -1.927490 -0.220082 0.000000
vt -1.927490 0.282573 0.000000
vt -1.955600 0.293214 0.000000
vt -1.955600 0.251326 0.000000
vt -1.930553 0.251166 0.000000
vt -1.933739 0.219766 0.000000
vt -1.955600 0.209438 0.000000
vt -1.936800 0.188361 0.000000
vt -1.955600 0.167550 0.000000
vt -1.939986 0.156965 0.000000
vt -1.955600 0.125662 0.000000
vt -1.943049 0.125563 0.000000
vt -1.946229 0.094169 0.000000
vt -1.955600 0.083774 0.000000
vt -1.949293 0.062772 0.000000
vt -1.955600 0.041886 0.000000
vt -1.952468 0.031380 0.000000
vt 2.092330 0.026277 0.000000
vt 2.078298 0.016313 0.000000
vt 2.119972 0.026211 0.000000
vt 2.139501 0.016313 0.000000
vt 2.162065 0.015916 0.000000
vt 2.139556 0.006304 0.000000
vt 2.159938 0.006304 0.000000
vt 2.064750 0.026188 0.000000
vt 2.037176 0.026293 0.000000
vt 2.017096 0.016313 0.000000
vt 2.009532 0.026220 0.000000
vt 1.981986 0.026217 0.000000
vt 1.955894 0.016313 0.000000
vt 1.954356 0.026295 0.000000
vt 1.926754 0.026186 0.000000
vt 1.894692 0.016313 0.000000
vt 1.899203 0.026272 0.000000
vt 1.869470 0.026234 0.000000
vt 1.833489 0.016313 0.000000
vt 1.839835 0.026213 0.000000
vt 1.810120 0.026292 0.000000
vt 1.772287 0.016313 0.000000
vt 1.780444 0.026185 0.000000
vt 1.750792 0.026293 0.000000
vt 1.711085 0.016313 0.000000
vt 1.721064 0.026210 0.000000
vt 1.691439 0.026237 0.000000
vt 1.649883 0.016313 0.000000
vt 1.661705 0.026269 0.000000
vt 1.632046 0.026191 0.000000
vt 1.588681 0.016313 0.000000
vt 1.602369 0.026304 0.000000
vt 1.572663 0.026193 0.000000
vt 1.527478 0.016313 0.000000
vt 1.543026 0.026264 0.000000
vt 1.513283 0.026242 0.000000
vt 1.483641 0.026206 0.000000
vt 1.466276 0.016313 0.000000
vt 1.512423 0.006304 0.000000
vt 1.482767 0.006304 0.000000
vt 1.453112 0.006304 0.000000
vt 1.423457 0.006304 0.000000
vt 1.405074 0.016313 0.000000
vt 1.393802 0.006304 0.000000
vt 1.364146 0.006304 0.000000
vt 1.343872 0.016313 0.000000
vt 1.334491 0.006304 0.000000
vt 1.304836 0.006304 0.000000
vt 1.282670 0.016313 0.000000
vt 1.275180 0.006304 0.000000
vt 1.245525 0.006304 0.000000
vt 1.221467 0.016313 0.000000
vt 1.215870 0.006304 0.000000
vt 1.186215 0.006304 0.000000
vt 1.160265 0.016313 0.000000
vt 1.156559 0.006304 0.000000
vt 1.126904 0.006304 0.000000
vt 1.099063 0.016313 0.000000
vt 1.097249 0.006304 0.000000
vt 1.067594 0.006304 0.000000
vt 1.037861 0.016313 0.000000
vt 1.037938 0.006304 0.000000
vt 1.008283 0.006304 0.000000
vt 0.976659 0.016313 0.000000
vt 0.978628 0.006304 0.000000
vt 0.948972 0.006304 0.000000
vt 0.915456 0.016313 0.000000
vt 0.919317 0.006304 0.000000
vt 0.889662 0.006304 0.000000
vt 0.854254 0.016313 0.000000
vt 0.860007 0.006304 0.000000
vt 0.830351 0.006304 0.000000
vt 0.793052 0.016313 0.000000
vt 0.800696 0.006304 0.000000
vt 0.771041 0.006304 0.000000
vt 0.731850 0.016313 0.000000
vt 0.741386 0.006304 0.000000
vt 0.711730 0.006304 0.000000
vt 0.670648 0.016313 0.000000
vt 0.682075 0.006304 0.000000
vt 0.652420 0.006304 0.000000
vt 0.609445 0.016313 0.000000
vt 0.622765 0.006304 0.000000
vt 0.593109 0.006304 0.000000
vt 0.548243 0.016313 0.000000
vt 0.563454 0.006304 0.000000
vt 0.533799 0.006304 0.000000
vt 0.504143 0.006304 0.000000
vt 0.487041 0.016313 0.000000
vt 0.474488 0.006304 0.000000
vt 0.444833 0.006304 0.000000
vt 0.425839 0.016313 0.000000
vt 0.415178 0.006304 0.000000
vt 0.385522 0.006304 0.000000
vt 0.364637 0.016313 0.000000
vt 0.355867 0.006304 0.000000
vt 0.326212 0.006304 0.000000
vt 0.303434 0.016313 0.000000
vt 0.296557 0.006304 0.000000
vt 0.266901 0.006304 0.000000
vt 0.242232 0.016313 0.000000
vt 0.237246 0.006304 0.000000
vt 0.207591 0.006304 0.000000
vt 0.181674 0.016313 0.000000
vt 0.177935 0.006304 0.000000
vt 0.148280 0.006304 0.000000
vt 0.121116 0.016313 0.000000
vt 0.118625 0.006304 0.000000
vt 0.088970 0.006304 0.000000
vt 0.060559 0.016313 0.000000
vt 0.059314 0.006304 0.000000
vt 0.059350 0.026180 0.000000
vt 0.029690 0.026301 0.000000
vt 1.453930 0.026297 0.000000
vt 1.424242 0.026185 0.000000
vt 1.394592 0.026288 0.000000
vt 1.364858 0.026217 0.000000
vt 1.335222 0.026229 0.000000
vt 1.305485 0.026277 0.000000
vt 1.275814 0.026188 0.000000
vt 1.246137 0.026302 0.000000
vt 1.216414 0.026197 0.000000
vt 1.186781 0.026256 0.000000
vt 1.157036 0.026250 0.000000
vt 1.127379 0.026201 0.000000
vt 1.097665 0.026300 0.000000
vt 1.067970 0.026186 0.000000
vt 1.038308 0.026282 0.000000
vt 1.008580 0.026224 0.000000
vt 0.978958 0.026222 0.000000
vt 0.949239 0.026283 0.000000
vt 0.919599 0.026186 0.000000
vt 0.889930 0.026299 0.000000
vt 0.860231 0.026202 0.000000
vt 0.830603 0.026248 0.000000
vt 0.800873 0.026259 0.000000
vt 0.771249 0.026196 0.000000
vt 0.741561 0.026303 0.000000
vt 0.711895 0.026189 0.000000
vt 0.682254 0.026274 0.000000
vt 0.652533 0.026232 0.000000
vt 0.622922 0.026214 0.000000
vt 0.593212 0.026290 0.000000
vt 0.563563 0.026185 0.000000
vt 0.533911 0.026295 0.000000
vt 0.504211 0.026209 0.000000
vt 0.474596 0.026239 0.000000
vt 0.444875 0.026267 0.000000
vt 0.415257 0.026191 0.000000
vt 0.385582 0.026304 0.000000
vt 0.355906 0.026192 0.000000
vt 0.326278 0.026265 0.000000
vt 0.296563 0.026241 0.000000
vt 0.266960 0.026207 0.000000
vt 0.237264 0.026296 0.000000
vt 0.207622 0.026185 0.000000
vt 0.177980 0.026288 0.000000
vt 0.148279 0.026218 0.000000
vt 0.118674 0.026232 0.000000
vt 0.088962 0.026274 0.000000
vt 0.029659 0.006304 0.000000
vt 0.000001 0.026207 0.000000
vt 0.000003 0.006303 0.000000
vt 1.542078 0.006304 0.000000
vt 1.571733 0.006304 0.000000
vt 1.601388 0.006304 0.000000
vt 1.631044 0.006304 0.000000
vt 1.660699 0.006304 0.000000
vt 1.690354 0.006304 0.000000
vt 1.720010 0.006304 0.000000
vt 1.749665 0.006304 0.000000
vt 1.779320 0.006304 0.000000
vt 1.808975 0.006304 0.000000
vt 1.838631 0.006304 0.000000
vt 1.868286 0.006304 0.000000
vt 1.897941 0.006304 0.000000
vt 1.925595 0.006304 0.000000
vt 1.953249 0.006304 0.000000
vt 1.980903 0.006304 0.000000
vt 2.008557 0.006304 0.000000
vt 2.036211 0.006304 0.000000
vt 2.063865 0.006304 0.000000
vt 2.091519 0.006304 0.000000
vt 2.119173 0.006304 0.000000
vt 2.180320 0.006304 0.000000
vt 2.200703 0.006304 0.000000
vt 0.000004 0.006304 0.000000
vt 0.034869 0.006304 0.000000
vt -0.000001 0.026217 0.000000
vt 0.050226 0.016314 0.000000
vt 0.034889 0.026286 0.000000
vt 0.069696 0.026176 0.000000
vt 0.100454 0.016314 0.000000
vt 0.104561 0.026299 0.000000
vt 0.139385 0.026181 0.000000
vt 0.163907 0.016314 0.000000
vt 0.174242 0.026303 0.000000
vt 0.209081 0.026178 0.000000
vt 0.227360 0.016314 0.000000
vt 0.243929 0.026303 0.000000
vt 0.290813 0.016314 0.000000
vt 0.278787 0.026179 0.000000
vt 0.313623 0.026298 0.000000
vt 0.354266 0.016314 0.000000
vt 0.348499 0.026184 0.000000
vt 0.383323 0.026288 0.000000
vt 0.417719 0.016314 0.000000
vt 0.418215 0.026192 0.000000
vt 0.453032 0.026276 0.000000
vt 0.481173 0.016314 0.000000
vt 0.487938 0.026202 0.000000
vt 0.522750 0.026262 0.000000
vt 0.544626 0.016314 0.000000
vt 0.557667 0.026214 0.000000
vt 0.592475 0.026247 0.000000
vt 0.608079 0.016314 0.000000
vt 0.627401 0.026228 0.000000
vt 0.671532 0.016314 0.000000
vt 0.662208 0.026232 0.000000
vt 0.697141 0.026242 0.000000
vt 0.734985 0.016314 0.000000
vt 0.731951 0.026219 0.000000
vt 0.766884 0.026257 0.000000
vt 0.798438 0.016314 0.000000
vt 0.801703 0.026206 0.000000
vt 0.836632 0.026271 0.000000
vt 0.861892 0.016314 0.000000
vt 0.871463 0.026195 0.000000
vt 0.906386 0.026284 0.000000
vt 0.925345 0.016314 0.000000
vt 0.941230 0.026187 0.000000
vt 0.988798 0.016314 0.000000
vt 0.976145 0.026294 0.000000
vt 1.011003 0.026181 0.000000
vt 1.052251 0.016314 0.000000
vt 1.045907 0.026301 0.000000
vt 1.080773 0.026178 0.000000
vt 1.115704 0.016314 0.000000
vt 1.115657 0.026304 0.000000
vt 1.150532 0.026178 0.000000
vt 1.179157 0.016314 0.000000
vt 1.185409 0.026301 0.000000
vt 1.220303 0.026181 0.000000
vt 1.242611 0.016314 0.000000
vt 1.255173 0.026294 0.000000
vt 1.290080 0.026187 0.000000
vt 1.306064 0.016314 0.000000
vt 1.324935 0.026284 0.000000
vt 1.369517 0.016314 0.000000
vt 1.359852 0.026196 0.000000
vt 1.394691 0.026271 0.000000
vt 1.432970 0.016314 0.000000
vt 1.429617 0.026206 0.000000
vt 1.464442 0.026257 0.000000
vt 1.496423 0.016314 0.000000
vt 1.499374 0.026219 0.000000
vt 1.534189 0.026242 0.000000
vt 1.559876 0.016314 0.000000
vt 1.569124 0.026233 0.000000
vt 1.603932 0.026227 0.000000
vt 1.623330 0.016314 0.000000
vt 1.638864 0.026248 0.000000
vt 1.686783 0.016314 0.000000
vt 1.673671 0.026214 0.000000
vt 1.708596 0.026262 0.000000
vt 1.750236 0.016314 0.000000
vt 1.743405 0.026202 0.000000
vt 1.778321 0.026276 0.000000
vt 1.813689 0.016314 0.000000
vt 1.813133 0.026192 0.000000
vt 1.848037 0.026288 0.000000
vt 1.877142 0.016314 0.000000
vt 1.882856 0.026184 0.000000
vt 1.917746 0.026298 0.000000
vt 1.940595 0.016314 0.000000
vt 1.952574 0.026179 0.000000
vt 1.987448 0.026303 0.000000
vt 2.004049 0.016314 0.000000
vt 2.022287 0.026178 0.000000
vt 2.067502 0.016314 0.000000
vt 2.057142 0.026303 0.000000
vt 2.091992 0.026181 0.000000
vt 2.130955 0.016314 0.000000
vt 2.126831 0.026299 0.000000
vt 2.161689 0.026176 0.000000
vt 2.181179 0.016314 0.000000
vt 2.196511 0.026286 0.000000
vt 2.231401 0.026206 0.000000
vt 2.231403 0.006301 0.000000
vt 2.196539 0.006304 0.000000
vt 2.161673 0.006304 0.000000
vt 2.126807 0.006304 0.000000
vt 2.091942 0.006304 0.000000
vt 2.057076 0.006304 0.000000
vt 2.022211 0.006304 0.000000
vt 1.987345 0.006304 0.000000
vt 1.952479 0.006304 0.000000
vt 1.917614 0.006304 0.000000
vt 1.882748 0.006304 0.000000
vt 1.847882 0.006304 0.000000
vt 1.813017 0.006304 0.000000
vt 1.778151 0.006304 0.000000
vt 1.743285 0.006304 0.000000
vt 1.708420 0.006304 0.000000
vt 1.673554 0.006304 0.000000
vt 1.638689 0.006304 0.000000
vt 1.603823 0.006304 0.000000
vt 1.568957 0.006304 0.000000
vt 1.534092 0.006304 0.000000
vt 1.499226 0.006304 0.000000
vt 1.464360 0.006304 0.000000
vt 1.429495 0.006304 0.000000
vt 1.394629 0.006304 0.000000
vt 1.359764 0.006304 0.000000
vt 1.324898 0.006304 0.000000
vt 1.290032 0.006304 0.000000
vt 1.255167 0.006304 0.000000
vt 1.220301 0.006304 0.000000
vt 1.185435 0.006304 0.000000
vt 1.150570 0.006304 0.000000
vt 1.115704 0.006304 0.000000
vt 1.080838 0.006304 0.000000
vt 1.045973 0.006304 0.000000
vt 1.011107 0.006304 0.000000
vt 0.976242 0.006304 0.000000
vt 0.941376 0.006304 0.000000
vt 0.906510 0.006304 0.000000
vt 0.871645 0.006304 0.000000
vt 0.836779 0.006304 0.000000
vt 0.801913 0.006304 0.000000
vt 0.767048 0.006304 0.000000
vt 0.732182 0.006304 0.000000
vt 0.697316 0.006304 0.000000
vt 0.662451 0.006304 0.000000
vt 0.627585 0.006304 0.000000
vt 0.592720 0.006304 0.000000
vt 0.557854 0.006304 0.000000
vt 0.522988 0.006304 0.000000
vt 0.488123 0.006304 0.000000
vt 0.453257 0.006304 0.000000
vt 0.418391 0.006304 0.000000
vt 0.383526 0.006304 0.000000
vt 0.348660 0.006304 0.000000
vt 0.313794 0.006304 0.000000
vt 0.278929 0.006304 0.000000
vt 0.244063 0.006304 0.000000
vt 0.209198 0.006304 0.000000
vt 0.174332 0.006304 0.000000
vt 0.139466 0.006304 0.000000
vt 0.104601 0.006304 0.000000
vt 0.069735 0.006304 0.000000
vt 1.650717 0.985001 0.000000
vt 1.679999 0.955719 0.000000
vt 1.640002 1.025002 0.000000
vt 1.719998 0.945000 0.000000
vt 1.759999 0.955717 0.000000
vt 1.789281 0.984999 0.000000
vt 1.800000 1.024998 0.000000
vt 1.789283 1.064999 0.000000
vt 1.760001 1.094281 0.000000
vt 1.720002 1.105000 0.000000
vt 1.680001 1.094283 0.000000
vt 1.650719 1.065001 0.000000
vt 0.000000 0.019946 0.000000
vt -0.017215 0.009996 0.000000
vt 0.000002 0.000023 0.000000
vt -0.000004 0.026304 0.000000
vt -0.000004 0.006404 0.000000
vt 0.061367 0.016296 0.000000
vt 0.034933 0.006322 0.000000
vt 0.069787 0.006431 0.000000
vt 0.104679 0.006309 0.000000
vt 0.122738 0.016296 0.000000
vt 0.104592 0.026304 0.000000
vt 0.139458 0.026304 0.000000
vt 0.184109 0.016296 0.000000
vt 0.174323 0.026304 0.000000
vt 0.209188 0.026304 0.000000
vt 0.245480 0.016296 0.000000
vt 0.244054 0.026304 0.000000
vt 0.278919 0.026304 0.000000
vt 0.317997 0.016296 0.000000
vt 0.313785 0.026304 0.000000
vt 0.348650 0.026304 0.000000
vt 0.390515 0.016296 0.000000
vt 0.383515 0.026304 0.000000
vt 0.418381 0.026304 0.000000
vt 0.463032 0.016296 0.000000
vt 0.453246 0.026304 0.000000
vt 0.488111 0.026304 0.000000
vt 0.535549 0.016296 0.000000
vt 0.522977 0.026304 0.000000
vt 0.557842 0.026304 0.000000
vt 0.585405 0.016296 0.000000
vt 0.592707 0.026304 0.000000
vt 0.635261 0.016296 0.000000
vt 0.627573 0.026304 0.000000
vt 0.662438 0.026304 0.000000
vt 0.685116 0.016296 0.000000
vt 0.697303 0.026304 0.000000
vt 0.734972 0.016296 0.000000
vt 0.732169 0.026304 0.000000
vt 0.767034 0.026304 0.000000
vt 0.784828 0.016296 0.000000
vt 0.801899 0.026304 0.000000
vt 0.834683 0.016296 0.000000
vt 0.836765 0.026304 0.000000
vt 0.871630 0.026304 0.000000
vt 0.884539 0.016296 0.000000
vt 0.906495 0.026304 0.000000
vt 0.934394 0.016296 0.000000
vt 0.941361 0.026304 0.000000
vt 0.976226 0.026304 0.000000
vt 0.984250 0.016296 0.000000
vt 1.011092 0.026304 0.000000
vt 1.034106 0.016296 0.000000
vt 1.045957 0.026304 0.000000
vt 1.083961 0.016296 0.000000
vt 1.080822 0.026304 0.000000
vt 1.115688 0.026304 0.000000
vt 1.133817 0.016296 0.000000
vt 1.150553 0.026304 0.000000
vt 1.183673 0.016296 0.000000
vt 1.185418 0.026304 0.000000
vt 1.220284 0.026304 0.000000
vt 1.233528 0.016296 0.000000
vt 1.255149 0.026304 0.000000
vt 1.283384 0.016296 0.000000
vt 1.290014 0.026304 0.000000
vt 1.324880 0.026304 0.000000
vt 1.333240 0.016296 0.000000
vt 1.359745 0.026304 0.000000
vt 1.383095 0.016296 0.000000
vt 1.394610 0.026304 0.000000
vt 1.432951 0.016296 0.000000
vt 1.429476 0.026304 0.000000
vt 1.464341 0.026304 0.000000
vt 1.482807 0.016296 0.000000
vt 1.499206 0.026304 0.000000
vt 1.532662 0.016296 0.000000
vt 1.534072 0.026304 0.000000
vt 1.568937 0.026304 0.000000
vt 1.582518 0.016296 0.000000
vt 1.603802 0.026304 0.000000
vt 1.632374 0.016296 0.000000
vt 1.638668 0.026304 0.000000
vt 1.673533 0.026304 0.000000
vt 1.682229 0.016296 0.000000
vt 1.708399 0.026304 0.000000
vt 1.732085 0.016296 0.000000
vt 1.743264 0.026304 0.000000
vt 1.781941 0.016296 0.000000
vt 1.778129 0.026304 0.000000
vt 1.812995 0.026304 0.000000
vt 1.831796 0.016296 0.000000
vt 1.847860 0.026304 0.000000
vt 1.881652 0.016296 0.000000
vt 1.882725 0.026304 0.000000
vt 1.917591 0.026304 0.000000
vt 1.931508 0.016296 0.000000
vt 1.952456 0.026304 0.000000
vt 1.981363 0.016296 0.000000
vt 1.987321 0.026304 0.000000
vt 2.022187 0.026304 0.000000
vt 2.031219 0.016296 0.000000
vt 2.057052 0.026304 0.000000
vt 2.081075 0.016296 0.000000
vt 2.091917 0.026304 0.000000
vt 2.130930 0.016296 0.000000
vt 2.126783 0.026304 0.000000
vt 2.161648 0.026304 0.000000
vt 2.181156 0.016296 0.000000
vt 2.196513 0.026304 0.000000
vt 2.231382 0.006405 0.000000
vt 2.231378 0.026305 0.000000
vt 0.139548 0.006426 0.000000
vt 0.174410 0.006305 0.000000
vt 0.209286 0.006430 0.000000
vt 0.244149 0.006304 0.000000
vt 0.279044 0.006429 0.000000
vt 0.313897 0.006309 0.000000
vt 0.348795 0.006424 0.000000
vt 0.383629 0.006318 0.000000
vt 0.418537 0.006417 0.000000
vt 0.453362 0.006330 0.000000
vt 0.488277 0.006407 0.000000
vt 0.523078 0.006344 0.000000
vt 0.558002 0.006395 0.000000
vt 0.592799 0.006358 0.000000
vt 0.627725 0.006382 0.000000
vt 0.662525 0.006373 0.000000
vt 0.697447 0.006367 0.000000
vt 0.732254 0.006387 0.000000
vt 0.767168 0.006352 0.000000
vt 0.801985 0.006400 0.000000
vt 0.836888 0.006338 0.000000
vt 0.871716 0.006411 0.000000
vt 0.906606 0.006325 0.000000
vt 0.941442 0.006420 0.000000
vt 0.976331 0.006314 0.000000
vt 1.011179 0.006426 0.000000
vt 1.046039 0.006307 0.000000
vt 1.080897 0.006430 0.000000
vt 1.115764 0.006304 0.000000
vt 1.150641 0.006430 0.000000
vt 1.185489 0.006306 0.000000
vt 1.220356 0.006427 0.000000
vt 1.255193 0.006313 0.000000
vt 1.290073 0.006421 0.000000
vt 1.324897 0.006324 0.000000
vt 1.359803 0.006412 0.000000
vt 1.394619 0.006337 0.000000
vt 1.429531 0.006401 0.000000
vt 1.464343 0.006351 0.000000
vt 1.499262 0.006388 0.000000
vt 1.534073 0.006366 0.000000
vt 1.568996 0.006374 0.000000
vt 1.603810 0.006381 0.000000
vt 1.638735 0.006359 0.000000
vt 1.673557 0.006394 0.000000
vt 1.708473 0.006345 0.000000
vt 1.743279 0.006407 0.000000
vt 1.778186 0.006331 0.000000
vt 1.813015 0.006416 0.000000
vt 1.847909 0.006319 0.000000
vt 1.882727 0.006424 0.000000
vt 1.917610 0.006310 0.000000
vt 1.952441 0.006428 0.000000
vt 1.987310 0.006305 0.000000
vt 2.022174 0.006430 0.000000
vt 2.057027 0.006305 0.000000
vt 2.091885 0.006427 0.000000
vt 2.126732 0.006309 0.000000
vt 2.161622 0.006431 0.000000
vt 2.196453 0.006322 0.000000
vt 0.069727 0.026304 0.000000
vt 0.034862 0.026304 0.000000
vt 1.194201 -0.590000 0.000000
vt 1.194237 -0.000000 0.000000
vt -0.000031 -0.589977 0.000000
vt -0.000124 0.000000 0.000000
vt 0.014142 -0.597083 0.000000
vt 0.014167 0.597149 0.000000
vt -0.014142 -0.597047 0.000000
vt -0.014169 0.597065 0.000000
vt -0.006304 0.082117 0.000000
vt -0.034588 0.082082 0.000000
vt -0.006303 0.027358 0.000000
vt -0.034606 0.027346 0.000000
vt -0.034606 -0.027389 0.000000
vt -0.006303 -0.027401 0.000000
vt -0.034588 -0.082125 0.000000
vt -0.006304 -0.082160 0.000000
vt -0.590000 0.003120 0.000000
vt -0.000000 0.003156 0.000000
vt -0.589987 0.060473 0.000000
vt -0.000000 0.060485 0.000000
vt -0.000000 0.117815 0.000000
vt -0.589987 0.117827 0.000000
vt -0.000000 0.175144 0.000000
vt -0.590000 0.175181 0.000000
vt -0.006304 0.082117 0.000000
vt -0.034588 0.082082 0.000000
vt -0.006304 0.027358 0.000000
vt -0.034606 0.027346 0.000000
vt -0.034606 -0.027389 0.000000
vt -0.006304 -0.027401 0.000000
vt -0.034588 -0.082125 0.000000
vt -0.006304 -0.082160 0.000000
vt -0.590000 0.003120 0.000000
vt -0.000000 0.003156 0.000000
vt -0.589987 0.060473 0.000000
vt -0.000000 0.060485 0.000000
vt -0.000000 0.117815 0.000000
vt -0.589987 0.117827 0.000000
vt -0.000000 0.175144 0.000000
vt -0.590000 0.175181 0.000000
vt 1.757637 -0.590000 0.000000
vt 1.757673 0.000000 0.000000
vt 0.000036 -0.590000 0.000000
vt -0.000001 -0.000000 0.000000
vt -0.014142 -0.878764 0.000000
vt 0.014142 -0.878800 0.000000
vt -0.014142 0.878764 0.000000
vt 0.014142 0.878800 0.000000
vt -0.006304 0.082117 0.000000
vt -0.034588 0.082082 0.000000
vt -0.006303 0.027358 0.000000
vt -0.034606 0.027346 0.000000
vt -0.034606 -0.027389 0.000000
vt -0.006303 -0.027401 0.000000
vt -0.034588 -0.082125 0.000000
vt -0.006304 -0.082160 0.000000
vt -0.590000 0.003120 0.000000
vt -0.000000 0.003156 0.000000
vt -0.589987 0.060473 0.000000
vt -0.000000 0.060485 0.000000
vt -0.000000 0.117815 0.000000
vt -0.589987 0.117827 0.000000
vt -0.000000 0.175144 0.000000
vt -0.590000 0.175181 0.000000
vt 0.195368 0.000000 0.000000
vt -0.000001 -0.000000 0.000000
vt 0.195332 -0.590000 0.000000
vt 0.000036 -0.590000 0.000000
vt 0.014142 -0.097648 0.000000
vt 0.014142 0.097648 0.000000
vt -0.014142 -0.097612 0.000000
vt -0.014142 0.097612 0.000000
vt -0.006304 0.082117 0.000000
vt -0.034588 0.082082 0.000000
vt -0.006304 0.027358 0.000000
vt -0.034606 0.027346 0.000000
vt -0.034606 -0.027389 0.000000
vt -0.006304 -0.027401 0.000000
vt -0.034588 -0.082125 0.000000
vt -0.006304 -0.082160 0.000000
vt -0.590000 0.003120 0.000000
vt -0.000000 0.003156 0.000000
vt -0.589987 0.060473 0.000000
vt -0.000000 0.060485 0.000000
vt -0.000000 0.117815 0.000000
vt -0.589987 0.117827 0.000000
vt -0.000000 0.175144 0.000000
vt -0.590000 0.175181 0.000000
vt 1.194274 0.000000 0.000000
vt -0.000001 0.000000 0.000000
vt 1.194245 -0.589961 0.000000
vt 0.000036 -0.590000 0.000000
vt 0.014159 -0.597127 0.000000
vt 0.014142 0.597083 0.000000
vt -0.014156 -0.597065 0.000000
vt -0.014142 0.597047 0.000000
vt 0.013974 -0.015788 0.000000
vt 0.014145 0.000070 0.000000
vt -0.014340 -0.015726 0.000000
vt -0.003038 0.013142 0.000000
vt -0.014118 0.013146 0.000000
vt 0.000000 -0.014387 0.000000
vt 0.000000 -0.004772 0.000000
vt -0.589977 -0.014386 0.000000
vt 0.000000 0.004843 0.000000
vt -0.589961 0.014487 0.000000
vt 0.000000 0.014458 0.000000
vt 0.026867 -0.729999 0.000000
vt 2.345722 -0.610000 0.000000
vt 0.026864 -0.590000 0.000000
vt -0.000000 0.000000 0.000000
vt -0.000001 -0.589977 0.000000
vt 2.345718 -0.730000 0.000000
vt 2.722358 -0.610000 0.000000
vt 2.722358 0.000000 0.000000
vt 0.003095 1.361172 0.000000
vt 0.011319 1.348292 0.000000
vt 0.014176 1.361169 0.000000
vt 0.014143 1.334305 0.000000
vt -1.524509 0.000000 0.000000
vt -1.404509 0.000000 0.000000
vt -1.524509 0.010756 0.000000
vt -1.404510 0.019635 0.000000
vt -1.524509 0.021513 0.000000
vt -1.524509 0.032269 0.000000
vt -1.404510 0.039270 0.000000
vt -1.536697 0.050182 0.000000
vt -1.404510 0.058905 0.000000
vt -1.542511 0.064359 0.000000
vt -1.404510 0.078539 0.000000
vt -1.544509 0.078536 0.000000
vt -0.021213 -0.000000 0.000000
vt -0.021213 -0.013744 0.000000
vt 0.021214 -0.000000 0.000000
vt 0.021215 -0.018326 0.000000
vt -0.021213 -0.027488 0.000000
vt 0.021215 -0.036651 0.000000
vt -0.021213 -0.041233 0.000000
vt 0.021214 -0.054977 0.000000
vt -0.021213 -0.054977 0.000000
vt 0.021214 -2.281807 0.000000
vt 0.021213 -2.102907 0.000000
vt -0.021214 -2.281807 0.000000
vt -0.021213 -2.102907 0.000000
vt 0.021214 -0.054977 0.000000
vt -0.021213 -0.054977 0.000000
vt 0.021214 -0.067010 0.000000
vt -0.021206 -0.073225 0.000000
vt 0.021214 -0.079044 0.000000
vt -0.021222 -0.091241 0.000000
vt 0.021225 -0.091088 0.000000
vt -1.524509 0.051808 0.000000
vt -1.524509 0.034539 0.000000
vt -1.404509 0.051808 0.000000
vt -1.404509 0.025738 0.000000
vt -1.524509 0.017269 0.000000
vt -1.404516 0.000000 0.000000
vt -1.524509 0.000000 0.000000
vt -2.220339 -0.030001 0.000000
vt -2.220339 -0.150000 0.000000
vt -2.041440 -0.030000 0.000000
vt -2.041440 -0.150000 0.000000
vt 0.021213 -1.159425 0.000000
vt 0.021214 1.159426 0.000000
vt -0.021213 -1.159425 0.000000
vt -0.021214 1.159426 0.000000
vt 0.021214 0.212059 0.000000
vt -0.021212 0.212059 0.000000
vt 0.021214 0.141372 0.000000
vt -0.021211 0.141372 0.000000
vt -0.021211 0.070686 0.000000
vt -0.021212 -0.000001 0.000000
vt 0.021214 -0.000001 0.000000
vt 0.021214 0.070686 0.000000
vt -1.404492 0.235620 0.000000
vt -1.524492 0.235619 0.000000
vt -1.404492 0.157080 0.000000
vt -1.524492 0.157081 0.000000
vt -1.524492 0.078542 0.000000
vt -1.404492 0.078540 0.000000
vt -1.524492 0.000003 0.000000
vt -1.404492 -0.000001 0.000000
vt 0.014142 0.042414 0.000000
vt -0.014142 0.042414 0.000000
vt 0.014142 0.000000 0.000000
vt -0.014142 -0.000000 0.000000
vt 0.014142 -0.039462 0.000000
vt -0.014142 -0.043200 0.000000
vt 0.014142 -0.078925 0.000000
vt -0.014142 -0.086401 0.000000
vt 0.014142 -0.118387 0.000000
vt -0.014142 -0.129601 0.000000
vt 0.014142 -0.157849 0.000000
vt -0.014142 -0.172801 0.000000
vt 0.014142 -0.165325 0.000000
vt 0.010217 -0.172801 0.000000
vt 0.014142 -0.172801 0.000000
vt 0.014142 -0.213707 0.000000
vt 0.006965 -0.214022 0.000000
vt 0.014142 -0.254614 0.000000
vt 0.003631 -0.256098 0.000000
vt 0.014142 0.310864 0.000000
vt 0.003631 0.309380 0.000000
vt 0.014142 0.282610 0.000000
vt 0.000173 0.266047 0.000000
vt 0.014142 0.254355 0.000000
vt -0.001577 0.243839 0.000000
vt 0.014142 0.226101 0.000000
vt -0.003518 0.218856 0.000000
vt 0.014142 0.197846 0.000000
vt -0.005831 0.190340 0.000000
vt 0.014142 0.169591 0.000000
vt -0.008192 0.160024 0.000000
vt 0.014142 0.141337 0.000000
vt -0.011128 0.123415 0.000000
vt 0.014142 0.113082 0.000000
vt -0.014146 0.084828 0.000000
vt 0.014142 0.084828 0.000000
vt -0.001477 -0.211896 0.000000
vt -0.014142 -0.213707 0.000000
vt -0.014104 -0.254614 0.000000
vt 2.200682 0.026304 0.000000
vt 2.180300 0.026304 0.000000
vt 2.159945 0.023601 0.000000
vt 2.159918 0.026304 0.000000
vt 2.139536 0.026304 0.000000
vt 2.118488 0.020885 0.000000
vt 2.119153 0.026304 0.000000
vt 2.091500 0.026304 0.000000
vt 2.075691 0.018105 0.000000
vt 2.063846 0.026304 0.000000
vt 2.053822 0.016660 0.000000
vt 2.036192 0.026304 0.000000
vt 2.017077 0.016232 0.000000
vt 2.008538 0.026304 0.000000
vt 1.980884 0.026304 0.000000
vt 1.955875 0.016232 0.000000
vt 1.953230 0.026304 0.000000
vt 1.925577 0.026304 0.000000
vt 1.894673 0.016232 0.000000
vt 1.897923 0.026304 0.000000
vt 1.868268 0.026304 0.000000
vt 1.833471 0.016232 0.000000
vt 1.838613 0.026304 0.000000
vt 1.808958 0.026304 0.000000
vt 1.772270 0.016232 0.000000
vt 1.779302 0.026304 0.000000
vt 1.749647 0.026304 0.000000
vt 1.711068 0.016232 0.000000
vt 1.719992 0.026304 0.000000
vt 1.690337 0.026304 0.000000
vt 1.649866 0.016232 0.000000
vt 1.660682 0.026304 0.000000
vt 1.631027 0.026304 0.000000
vt 1.588664 0.016232 0.000000
vt 1.601372 0.026304 0.000000
vt 1.571717 0.026304 0.000000
vt 1.527462 0.016232 0.000000
vt 1.542062 0.026304 0.000000
vt 1.512407 0.026304 0.000000
vt 1.482751 0.026304 0.000000
vt 1.466260 0.016232 0.000000
vt 1.491923 0.006422 0.000000
vt 1.467498 0.006325 0.000000
vt 1.442993 0.006359 0.000000
vt 1.405059 0.016232 0.000000
vt 1.418568 0.006419 0.000000
vt 1.394127 0.006318 0.000000
vt 1.369630 0.006368 0.000000
vt 1.343857 0.016232 0.000000
vt 1.345205 0.006416 0.000000
vt 1.320744 0.006312 0.000000
vt 1.282655 0.016232 0.000000
vt 1.296244 0.006377 0.000000
vt 1.271829 0.006411 0.000000
vt 1.247377 0.006308 0.000000
vt 1.221453 0.016232 0.000000
vt 1.222885 0.006385 0.000000
vt 1.198472 0.006405 0.000000
vt 1.160251 0.016232 0.000000
vt 1.174002 0.006305 0.000000
vt 1.149518 0.006393 0.000000
vt 1.125107 0.006398 0.000000
vt 1.099049 0.016232 0.000000
vt 1.100628 0.006304 0.000000
vt 1.076150 0.006401 0.000000
vt 1.037848 0.016232 0.000000
vt 1.051741 0.006391 0.000000
vt 1.027253 0.006305 0.000000
vt 1.002785 0.006407 0.000000
vt 0.976646 0.016232 0.000000
vt 0.978369 0.006383 0.000000
vt 0.953863 0.006309 0.000000
vt 0.915444 0.016232 0.000000
vt 0.929404 0.006413 0.000000
vt 0.904978 0.006374 0.000000
vt 0.880476 0.006314 0.000000
vt 0.854242 0.016232 0.000000
vt 0.856030 0.006417 0.000000
vt 0.831597 0.006365 0.000000
vt 0.793040 0.016232 0.000000
vt 0.807091 0.006320 0.000000
vt 0.782660 0.006420 0.000000
vt 0.758225 0.006356 0.000000
vt 0.731838 0.016232 0.000000
vt 0.733714 0.006328 0.000000
vt 0.709284 0.006422 0.000000
vt 0.670637 0.016232 0.000000
vt 0.684846 0.006346 0.000000
vt 0.660337 0.006336 0.000000
vt 0.635922 0.006423 0.000000
vt 0.609435 0.016232 0.000000
vt 0.611478 0.006337 0.000000
vt 0.586968 0.006345 0.000000
vt 0.548233 0.016232 0.000000
vt 0.562556 0.006422 0.000000
vt 0.538106 0.006329 0.000000
vt 0.513600 0.006354 0.000000
vt 0.487031 0.016232 0.000000
vt 0.489198 0.006421 0.000000
vt 0.464741 0.006321 0.000000
vt 0.425829 0.016232 0.000000
vt 0.440235 0.006364 0.000000
vt 0.415817 0.006418 0.000000
vt 0.391358 0.006315 0.000000
vt 0.364627 0.016232 0.000000
vt 0.366860 0.006373 0.000000
vt 0.342455 0.006413 0.000000
vt 0.303426 0.016232 0.000000
vt 0.317985 0.006309 0.000000
vt 0.293498 0.006381 0.000000
vt 0.269095 0.006408 0.000000
vt 0.242224 0.016232 0.000000
vt 0.244617 0.006306 0.000000
vt 0.220138 0.006390 0.000000
vt 0.181667 0.016232 0.000000
vt 0.195732 0.006402 0.000000
vt 0.171247 0.006304 0.000000
vt 0.146779 0.006396 0.000000
vt 0.121110 0.016232 0.000000
vt 0.122369 0.006393 0.000000
vt 0.097876 0.006305 0.000000
vt 0.060552 0.016232 0.000000
vt 0.073406 0.006410 0.000000
vt 0.048988 0.006394 0.000000
vt 0.024488 0.006305 0.000000
vt 0.000000 0.006397 0.000000
vt -0.000005 0.026296 0.000000
vt 0.029652 0.026304 0.000000
vt 0.059307 0.026304 0.000000
vt 0.088962 0.026304 0.000000
vt 0.118617 0.026304 0.000000
vt 0.148272 0.026304 0.000000
vt 0.177927 0.026304 0.000000
vt 0.207582 0.026304 0.000000
vt 0.237238 0.026304 0.000000
vt 0.266893 0.026304 0.000000
vt 0.296548 0.026304 0.000000
vt 0.326203 0.026304 0.000000
vt 0.355858 0.026304 0.000000
vt 0.385513 0.026304 0.000000
vt 0.415168 0.026304 0.000000
vt 0.444823 0.026304 0.000000
vt 0.474478 0.026304 0.000000
vt 0.504133 0.026304 0.000000
vt 0.533788 0.026304 0.000000
vt 0.563444 0.026304 0.000000
vt 0.593099 0.026304 0.000000
vt 0.622754 0.026304 0.000000
vt 0.652409 0.026304 0.000000
vt 0.682064 0.026304 0.000000
vt 0.711719 0.026304 0.000000
vt 0.741374 0.026304 0.000000
vt 0.771029 0.026304 0.000000
vt 0.800684 0.026304 0.000000
vt 0.830339 0.026304 0.000000
vt 0.859995 0.026304 0.000000
vt 0.889650 0.026304 0.000000
vt 0.919305 0.026304 0.000000
vt 0.948960 0.026304 0.000000
vt 0.978615 0.026304 0.000000
vt 1.008270 0.026304 0.000000
vt 1.037925 0.026304 0.000000
vt 1.067580 0.026304 0.000000
vt 1.097235 0.026304 0.000000
vt 1.126890 0.026304 0.000000
vt 1.156545 0.026304 0.000000
vt 1.186201 0.026304 0.000000
vt 1.215856 0.026304 0.000000
vt 1.245511 0.026304 0.000000
vt 1.275166 0.026304 0.000000
vt 1.304821 0.026304 0.000000
vt 1.334476 0.026304 0.000000
vt 1.364131 0.026304 0.000000
vt 1.393786 0.026304 0.000000
vt 1.423441 0.026304 0.000000
vt 1.453096 0.026304 0.000000
vt 1.516351 0.006349 0.000000
vt 1.540860 0.006333 0.000000
vt 1.565302 0.006423 0.000000
vt 1.606770 0.006312 0.000000
vt 1.648195 0.006402 0.000000
vt 1.689699 0.006362 0.000000
vt 1.731091 0.006349 0.000000
vt 1.772581 0.006411 0.000000
vt 1.814011 0.006306 0.000000
vt 1.855452 0.006421 0.000000
vt 1.896937 0.006323 0.000000
vt 1.934967 0.008863 0.000000
vt 1.971131 0.011197 0.000000
vt 2.001005 0.013209 0.000000
vt 2.029146 0.014981 0.000000
vt -1.565600 -0.064301 0.000000
vt -1.595379 -0.097710 0.000000
vt -1.565573 -0.100663 0.000000
vt -1.597524 -0.119749 0.000000
vt -1.568075 -0.125525 0.000000
vt -1.599729 -0.141788 0.000000
vt -1.570502 -0.150397 0.000000
vt -1.601954 -0.163825 0.000000
vt -1.573026 -0.175249 0.000000
vt -1.604095 -0.185844 0.000000
vt -1.575467 -0.200121 0.000000
vt -1.606308 -0.207881 0.000000
vt -1.577934 -0.224983 0.000000
vt -1.608527 -0.229919 0.000000
vt -1.580449 -0.249843 0.000000
vt -1.580449 0.252812 0.000000
vt -1.608527 0.272736 0.000000
vt -1.610667 0.250709 0.000000
vt -1.582868 0.227938 0.000000
vt -1.612888 0.228676 0.000000
vt -1.615100 0.206635 0.000000
vt -1.591607 -0.060357 0.000000
vt -1.565600 -0.027940 0.000000
vt -1.587939 -0.023005 0.000000
vt -1.565600 0.010461 0.000000
vt -1.584199 0.014346 0.000000
vt -1.565600 0.048862 0.000000
vt -1.580484 0.051686 0.000000
vt -1.565600 0.087263 0.000000
vt -1.576796 0.089029 0.000000
vt -1.565600 0.125664 0.000000
vt -1.573031 0.126377 0.000000
vt -1.565600 0.163365 0.000000
vt -1.569374 0.163715 0.000000
vt -1.565604 0.201067 0.000000
vt -1.585380 0.203089 0.000000
vt -1.617241 0.184597 0.000000
vt -1.588026 0.176346 0.000000
vt -1.619469 0.162558 0.000000
vt -1.590672 0.149600 0.000000
vt -1.621674 0.140522 0.000000
vt -1.593374 0.122863 0.000000
vt -1.623814 0.118499 0.000000
vt -1.595980 0.096111 0.000000
vt -1.626048 0.096463 0.000000
vt -1.628245 0.074427 0.000000
vt -1.598692 0.069384 0.000000
vt -1.630388 0.052395 0.000000
vt -1.601315 0.042633 0.000000
vt -1.632627 0.030360 0.000000
vt -1.603983 0.015898 0.000000
vt -1.634817 0.008325 0.000000
vt -1.606664 -0.010846 0.000000
vt -1.636964 -0.013709 0.000000
vt -1.609283 -0.037601 0.000000
vt -1.639206 -0.035744 0.000000
vt -1.641388 -0.057777 0.000000
vt -1.611999 -0.064328 0.000000
vt -1.643540 -0.079813 0.000000
vt -1.614606 -0.091079 0.000000
vt -1.645784 -0.101846 0.000000
vt -1.617297 -0.117815 0.000000
vt -1.647960 -0.123885 0.000000
vt -1.619952 -0.144567 0.000000
vt -1.650119 -0.145931 0.000000
vt -1.652363 -0.167963 0.000000
vt -1.622591 -0.171316 0.000000
vt -1.654533 -0.190008 0.000000
vt -1.625298 -0.198055 0.000000
vt -1.656699 -0.212047 0.000000
vt -1.627903 -0.224811 0.000000
vt -1.658941 -0.234074 0.000000
vt -1.630612 -0.251542 0.000000
vt -1.661105 -0.256122 0.000000
vt -1.630612 0.251113 0.000000
vt -1.661105 0.246533 0.000000
vt -1.633241 0.224361 0.000000
vt -1.663279 0.224494 0.000000
vt -1.665518 0.202474 0.000000
vt -1.635904 0.197614 0.000000
vt -1.667676 0.180427 0.000000
vt -1.638592 0.170865 0.000000
vt -1.669859 0.158386 0.000000
vt -1.641207 0.144106 0.000000
vt -1.672095 0.136361 0.000000
vt -1.643924 0.117371 0.000000
vt -1.674248 0.114316 0.000000
vt -1.646535 0.090612 0.000000
vt -1.676439 0.092278 0.000000
vt -1.678671 0.070260 0.000000
vt -1.649220 0.063874 0.000000
vt -1.680819 0.048215 0.000000
vt -1.651883 0.037122 0.000000
vt -1.683019 0.026176 0.000000
vt -1.654516 0.010362 0.000000
vt -1.685245 0.004156 0.000000
vt -1.657229 -0.016385 0.000000
vt -1.687390 -0.017888 0.000000
vt -1.689599 -0.039925 0.000000
vt -1.659833 -0.043141 0.000000
vt -1.691819 -0.061941 0.000000
vt -1.662539 -0.069888 0.000000
vt -1.693961 -0.083985 0.000000
vt -1.665175 -0.096632 0.000000
vt -1.696179 -0.106024 0.000000
vt -1.667828 -0.123366 0.000000
vt -1.698394 -0.128058 0.000000
vt -1.670522 -0.150101 0.000000
vt -1.700535 -0.150097 0.000000
vt -1.702759 -0.172133 0.000000
vt -1.673130 -0.176828 0.000000
vt -1.704967 -0.194158 0.000000
vt -1.675846 -0.203562 0.000000
vt -1.707108 -0.216200 0.000000
vt -1.678459 -0.230294 0.000000
vt -1.709338 -0.238230 0.000000
vt -1.681137 -0.257029 0.000000
vt -1.711539 -0.260256 0.000000
vt -1.681137 0.245626 0.000000
vt -1.711539 0.242399 0.000000
vt -1.683807 0.218887 0.000000
vt -1.713681 0.220356 0.000000
vt -1.715916 0.198329 0.000000
vt -1.686430 0.192159 0.000000
vt -1.718111 0.176299 0.000000
vt -1.689144 0.165430 0.000000
vt -1.720256 0.154256 0.000000
vt -1.691746 0.138707 0.000000
vt -1.722494 0.132232 0.000000
vt -1.694445 0.111973 0.000000
vt -1.724681 0.110198 0.000000
vt -1.726832 0.088155 0.000000
vt -1.697088 0.085239 0.000000
vt -1.729077 0.066123 0.000000
vt -1.699733 0.058515 0.000000
vt -1.731258 0.044080 0.000000
vt -1.702433 0.031783 0.000000
vt -1.733409 0.022041 0.000000
vt -1.705038 0.005055 0.000000
vt -1.735647 0.000003 0.000000
vt -1.707750 -0.021670 0.000000
vt -1.738736 -0.031419 0.000000
vt -1.710369 -0.048397 0.000000
vt -1.741913 -0.062833 0.000000
vt -1.713038 -0.075123 0.000000
vt -1.744979 -0.094256 0.000000
vt -1.715716 -0.101855 0.000000
vt -1.748162 -0.125672 0.000000
vt -1.718332 -0.128573 0.000000
vt -1.751226 -0.157080 0.000000
vt -1.721048 -0.155299 0.000000
vt -1.723652 -0.182023 0.000000
vt -1.754413 -0.188496 0.000000
vt -1.726343 -0.208751 0.000000
vt -1.757476 -0.219926 0.000000
vt -1.728995 -0.235477 0.000000
vt -1.728995 0.267178 0.000000
vt -1.757476 0.282728 0.000000
vt -1.760664 0.251315 0.000000
vt -1.731630 0.240463 0.000000
vt -1.763729 0.219892 0.000000
vt -1.734336 0.213739 0.000000
vt -1.766913 0.188479 0.000000
vt -1.736937 0.187024 0.000000
vt -1.739645 0.160301 0.000000
vt -1.769983 0.157059 0.000000
vt -1.742272 0.133577 0.000000
vt -1.773160 0.125647 0.000000
vt -1.744932 0.106859 0.000000
vt -1.776238 0.094225 0.000000
vt -1.747616 0.080133 0.000000
vt -1.779405 0.062812 0.000000
vt -1.750223 0.053424 0.000000
vt -1.782494 0.031406 0.000000
vt -1.752942 0.026706 0.000000
vt -1.785649 -0.000008 0.000000
vt -1.755548 -0.000003 0.000000
vt -1.758719 -0.031432 0.000000
vt -1.788752 -0.031435 0.000000
vt -1.791893 -0.062854 0.000000
vt -1.761789 -0.062865 0.000000
vt -1.795010 -0.094275 0.000000
vt -1.764978 -0.094289 0.000000
vt -1.798137 -0.125691 0.000000
vt -1.768044 -0.125726 0.000000
vt -1.801267 -0.157109 0.000000
vt -1.771232 -0.157154 0.000000
vt -1.804379 -0.188524 0.000000
vt -1.774296 -0.188585 0.000000
vt -1.807524 -0.219939 0.000000
vt -1.777484 -0.220005 0.000000
vt -1.777484 0.282649 0.000000
vt -1.807524 0.282716 0.000000
vt -1.810621 0.251303 0.000000
vt -1.780549 0.251218 0.000000
vt -1.813779 0.219891 0.000000
vt -1.783733 0.219798 0.000000
vt -1.816864 0.188475 0.000000
vt -1.786804 0.188365 0.000000
vt -1.820033 0.157064 0.000000
vt -1.789980 0.156941 0.000000
vt -1.823106 0.125661 0.000000
vt -1.793060 0.125513 0.000000
vt -1.826285 0.094250 0.000000
vt -1.796225 0.094096 0.000000
vt -1.829350 0.062847 0.000000
vt -1.799316 0.062671 0.000000
vt -1.832535 0.031438 0.000000
vt -1.802469 0.031253 0.000000
vt -1.835599 0.000014 0.000000
vt -1.805574 -0.000172 0.000000
vt -1.838787 -0.031400 0.000000
vt -1.808713 -0.031593 0.000000
vt -1.841849 -0.062819 0.000000
vt -1.811831 -0.063011 0.000000
vt -1.845034 -0.094214 0.000000
vt -1.814956 -0.094427 0.000000
vt -1.848101 -0.125637 0.000000
vt -1.818088 -0.125838 0.000000
vt -1.851281 -0.157048 0.000000
vt -1.821198 -0.157254 0.000000
vt -1.854356 -0.188469 0.000000
vt -1.824345 -0.188662 0.000000
vt -1.857526 -0.219870 0.000000
vt -1.827441 -0.220077 0.000000
vt -1.860611 -0.251293 0.000000
vt -1.830601 -0.251484 0.000000
vt -1.863771 -0.282699 0.000000
vt -1.830601 0.251171 0.000000
vt -1.863771 0.219956 0.000000
vt -1.833685 0.219757 0.000000
vt -1.866867 0.188537 0.000000
vt -1.836855 0.188362 0.000000
vt -1.870014 0.157126 0.000000
vt -1.839929 0.156946 0.000000
vt -1.873124 0.125712 0.000000
vt -1.843107 0.125554 0.000000
vt -1.876257 0.094297 0.000000
vt -1.846174 0.094136 0.000000
vt -1.879381 0.062889 0.000000
vt -1.849358 0.062748 0.000000
vt -1.882499 0.031469 0.000000
vt -1.852420 0.031333 0.000000
vt -1.885637 0.000065 0.000000
vt -1.855607 -0.000075 0.000000
vt -1.888741 -0.031357 0.000000
vt -1.858670 -0.031495 0.000000
vt -1.891892 -0.062758 0.000000
vt -1.861855 -0.062899 0.000000
vt -1.894983 -0.094179 0.000000
vt -1.864919 -0.094297 0.000000
vt -1.898148 -0.125595 0.000000
vt -1.868098 -0.125704 0.000000
vt -1.901228 -0.157018 0.000000
vt -1.871172 -0.157117 0.000000
vt -1.904403 -0.188431 0.000000
vt -1.874341 -0.188524 0.000000
vt -1.907473 -0.219856 0.000000
vt -1.877425 -0.219936 0.000000
vt -1.910656 -0.251273 0.000000
vt -1.880583 -0.251343 0.000000
vt -1.913721 -0.282700 0.000000
vt -1.880583 0.251312 0.000000
vt -1.913721 0.219955 0.000000
vt -1.883680 0.219900 0.000000
vt -1.916910 0.188531 0.000000
vt -1.886825 0.188487 0.000000
vt -1.919973 0.157102 0.000000
vt -1.889937 0.157068 0.000000
vt -1.923158 0.125701 0.000000
vt -1.893067 0.125656 0.000000
vt -1.926224 0.094269 0.000000
vt -1.896193 0.094246 0.000000
vt -1.929413 0.062850 0.000000
vt -1.899309 0.062832 0.000000
vt -1.932482 0.031422 0.000000
vt -1.902450 0.031420 0.000000
vt -1.905552 0.000003 0.000000
vt -1.935654 0.000000 0.000000
vt -1.908707 -0.031412 0.000000
vt -1.955577 -0.000002 0.000000
vt -1.955600 -0.041889 0.000000
vt -1.911796 -0.062828 0.000000
vt -1.955600 -0.083777 0.000000
vt -1.914963 -0.094240 0.000000
vt -1.955600 -0.125665 0.000000
vt -1.918040 -0.125643 0.000000
vt -1.921217 -0.157057 0.000000
vt -1.955600 -0.167553 0.000000
vt -1.924287 -0.188478 0.000000
vt -1.955600 -0.209441 0.000000
vt -1.927471 -0.219892 0.000000
vt -1.927471 0.282763 0.000000
vt -1.955600 0.293214 0.000000
vt -1.955600 0.251326 0.000000
vt -1.930536 0.251341 0.000000
vt -1.933723 0.219928 0.000000
vt -1.955600 0.209438 0.000000
vt -1.936787 0.188498 0.000000
vt -1.955600 0.167550 0.000000
vt -1.939974 0.157081 0.000000
vt -1.955600 0.125662 0.000000
vt -1.943038 0.125676 0.000000
vt -1.946220 0.094259 0.000000
vt -1.955600 0.083774 0.000000
vt -1.949287 0.062836 0.000000
vt -1.955600 0.041886 0.000000
vt -1.952464 0.031420 0.000000
vt 2.092330 0.026277 0.000000
vt 2.078298 0.016313 0.000000
vt 2.119972 0.026211 0.000000
vt 2.139500 0.016313 0.000000
vt 2.162064 0.015916 0.000000
vt 2.139556 0.006304 0.000000
vt 2.159938 0.006304 0.000000
vt 2.064750 0.026188 0.000000
vt 2.037176 0.026293 0.000000
vt 2.017096 0.016313 0.000000
vt 2.009532 0.026220 0.000000
vt 1.981985 0.026217 0.000000
vt 1.955894 0.016313 0.000000
vt 1.954356 0.026295 0.000000
vt 1.926754 0.026186 0.000000
vt 1.894692 0.016313 0.000000
vt 1.899203 0.026272 0.000000
vt 1.869470 0.026234 0.000000
vt 1.833489 0.016313 0.000000
vt 1.839835 0.026213 0.000000
vt 1.810120 0.026292 0.000000
vt 1.772287 0.016313 0.000000
vt 1.780443 0.026185 0.000000
vt 1.750791 0.026293 0.000000
vt 1.711085 0.016313 0.000000
vt 1.721063 0.026210 0.000000
vt 1.691439 0.026237 0.000000
vt 1.649883 0.016313 0.000000
vt 1.661704 0.026269 0.000000
vt 1.632045 0.026191 0.000000
vt 1.588681 0.016313 0.000000
vt 1.602368 0.026304 0.000000
vt 1.572662 0.026193 0.000000
vt 1.527478 0.016313 0.000000
vt 1.543025 0.026264 0.000000
vt 1.513281 0.026242 0.000000
vt 1.483640 0.026206 0.000000
vt 1.466276 0.016313 0.000000
vt 1.512423 0.006304 0.000000
vt 1.482767 0.006304 0.000000
vt 1.453112 0.006304 0.000000
vt 1.423457 0.006304 0.000000
vt 1.405074 0.016313 0.000000
vt 1.393802 0.006304 0.000000
vt 1.364146 0.006304 0.000000
vt 1.343872 0.016313 0.000000
vt 1.334491 0.006304 0.000000
vt 1.304836 0.006304 0.000000
vt 1.282670 0.016313 0.000000
vt 1.275180 0.006304 0.000000
vt 1.245525 0.006304 0.000000
vt 1.221467 0.016313 0.000000
vt 1.215870 0.006304 0.000000
vt 1.186215 0.006304 0.000000
vt 1.160265 0.016313 0.000000
vt 1.156559 0.006304 0.000000
vt 1.126904 0.006304 0.000000
vt 1.099063 0.016313 0.000000
vt 1.097249 0.006304 0.000000
vt 1.067594 0.006304 0.000000
vt 1.037861 0.016313 0.000000
vt 1.037938 0.006304 0.000000
vt 1.008283 0.006304 0.000000
vt 0.976659 0.016313 0.000000
vt 0.978628 0.006304 0.000000
vt 0.948972 0.006304 0.000000
vt 0.915456 0.016313 0.000000
vt 0.919317 0.006304 0.000000
vt 0.889662 0.006304 0.000000
vt 0.854254 0.016313 0.000000
vt 0.860007 0.006304 0.000000
vt 0.830351 0.006304 0.000000
vt 0.793052 0.016313 0.000000
vt 0.800696 0.006304 0.000000
vt 0.771041 0.006304 0.000000
vt 0.731850 0.016313 0.000000
vt 0.741386 0.006304 0.000000
vt 0.711730 0.006304 0.000000
vt 0.670648 0.016313 0.000000
vt 0.682075 0.006304 0.000000
vt 0.652420 0.006304 0.000000
vt 0.609445 0.016313 0.000000
vt 0.622764 0.006304 0.000000
vt 0.593109 0.006304 0.000000
vt 0.548243 0.016313 0.000000
vt 0.563454 0.006304 0.000000
vt 0.533799 0.006304 0.000000
vt 0.504143 0.006304 0.000000
vt 0.487041 0.016313 0.000000
vt 0.474488 0.006304 0.000000
vt 0.444833 0.006304 0.000000
vt 0.425839 0.016313 0.000000
vt 0.415178 0.006304 0.000000
vt 0.385522 0.006304 0.000000
vt 0.364637 0.016313 0.000000
vt 0.355867 0.006304 0.000000
vt 0.326212 0.006304 0.000000
vt 0.303434 0.016313 0.000000
vt 0.296557 0.006304 0.000000
vt 0.266901 0.006304 0.000000
vt 0.242232 0.016313 0.000000
vt 0.237246 0.006304 0.000000
vt 0.207591 0.006304 0.000000
vt 0.181674 0.016313 0.000000
vt 0.177935 0.006304 0.000000
vt 0.148280 0.006304 0.000000
vt 0.121116 0.016313 0.000000
vt 0.118625 0.006304 0.000000
vt 0.088970 0.006304 0.000000
vt 0.060559 0.016313 0.000000
vt 0.059314 0.006304 0.000000
vt 0.059350 0.026180 0.000000
vt 0.029689 0.026301 0.000000
vt 1.453929 0.026297 0.000000
vt 1.424241 0.026185 0.000000
vt 1.394591 0.026288 0.000000
vt 1.364857 0.026217 0.000000
vt 1.335221 0.026229 0.000000
vt 1.305484 0.026277 0.000000
vt 1.275813 0.026188 0.000000
vt 1.246136 0.026302 0.000000
vt 1.216413 0.026197 0.000000
vt 1.186780 0.026256 0.000000
vt 1.157035 0.026250 0.000000
vt 1.127378 0.026201 0.000000
vt 1.097664 0.026300 0.000000
vt 1.067969 0.026186 0.000000
vt 1.038307 0.026282 0.000000
vt 1.008579 0.026224 0.000000
vt 0.978956 0.026222 0.000000
vt 0.949238 0.026283 0.000000
vt 0.919598 0.026186 0.000000
vt 0.889929 0.026299 0.000000
vt 0.860229 0.026202 0.000000
vt 0.830602 0.026248 0.000000
vt 0.800872 0.026259 0.000000
vt 0.771248 0.026196 0.000000
vt 0.741560 0.026303 0.000000
vt 0.711894 0.026189 0.000000
vt 0.682253 0.026274 0.000000
vt 0.652532 0.026232 0.000000
vt 0.622921 0.026214 0.000000
vt 0.593211 0.026290 0.000000
vt 0.563562 0.026185 0.000000
vt 0.533910 0.026295 0.000000
vt 0.504210 0.026209 0.000000
vt 0.474596 0.026239 0.000000
vt 0.444874 0.026267 0.000000
vt 0.415256 0.026191 0.000000
vt 0.385581 0.026304 0.000000
vt 0.355905 0.026192 0.000000
vt 0.326277 0.026265 0.000000
vt 0.296562 0.026241 0.000000
vt 0.266959 0.026207 0.000000
vt 0.237263 0.026296 0.000000
vt 0.207621 0.026185 0.000000
vt 0.177980 0.026288 0.000000
vt 0.148279 0.026218 0.000000
vt 0.118673 0.026232 0.000000
vt 0.088962 0.026274 0.000000
vt 0.029659 0.006304 0.000000
vt 0.000001 0.026207 0.000000
vt 0.000003 0.006303 0.000000
vt 1.542078 0.006304 0.000000
vt 1.571733 0.006304 0.000000
vt 1.601388 0.006304 0.000000
vt 1.631044 0.006304 0.000000
vt 1.660699 0.006304 0.000000
vt 1.690354 0.006304 0.000000
vt 1.720010 0.006304 0.000000
vt 1.749665 0.006304 0.000000
vt 1.779320 0.006304 0.000000
vt 1.808975 0.006304 0.000000
vt 1.838631 0.006304 0.000000
vt 1.868286 0.006304 0.000000
vt 1.897941 0.006304 0.000000
vt 1.925595 0.006304 0.000000
vt 1.953249 0.006304 0.000000
vt 1.980903 0.006304 0.000000
vt 2.008557 0.006304 0.000000
vt 2.036211 0.006304 0.000000
vt 2.063865 0.006304 0.000000
vt 2.091519 0.006304 0.000000
vt 2.119173 0.006304 0.000000
vt 2.180320 0.006304 0.000000
vt 2.200703 0.006304 0.000000
vt 0.000004 0.006304 0.000000
vt 0.034869 0.006304 0.000000
vt -0.000001 0.026217 0.000000
vt 0.034933 0.026286 0.000000
vt 0.061372 0.016313 0.000000
vt 0.069766 0.026176 0.000000
vt 0.104660 0.026299 0.000000
vt 0.122744 0.016313 0.000000
vt 0.139510 0.026181 0.000000
vt 0.184117 0.016313 0.000000
vt 0.174371 0.026303 0.000000
vt 0.209232 0.026178 0.000000
vt 0.245489 0.016313 0.000000
vt 0.244109 0.026303 0.000000
vt 0.278981 0.026179 0.000000
vt 0.307549 0.016313 0.000000
vt 0.313835 0.026298 0.000000
vt 0.348720 0.026184 0.000000
vt 0.369609 0.016313 0.000000
vt 0.383560 0.026289 0.000000
vt 0.418458 0.026191 0.000000
vt 0.431669 0.016313 0.000000
vt 0.453267 0.026277 0.000000
vt 0.493729 0.016313 0.000000
vt 0.488172 0.026201 0.000000
vt 0.522988 0.026263 0.000000
vt 0.555788 0.016313 0.000000
vt 0.557904 0.026213 0.000000
vt 0.592715 0.026249 0.000000
vt 0.617848 0.016313 0.000000
vt 0.627631 0.026226 0.000000
vt 0.662437 0.026234 0.000000
vt 0.679908 0.016313 0.000000
vt 0.697352 0.026241 0.000000
vt 0.741968 0.016313 0.000000
vt 0.732156 0.026220 0.000000
vt 0.767078 0.026256 0.000000
vt 0.804028 0.016313 0.000000
vt 0.801887 0.026207 0.000000
vt 0.836796 0.026271 0.000000
vt 0.866087 0.016313 0.000000
vt 0.871606 0.026196 0.000000
vt 0.906507 0.026284 0.000000
vt 0.928147 0.016313 0.000000
vt 0.941325 0.026187 0.000000
vt 0.990207 0.016313 0.000000
vt 0.976216 0.026294 0.000000
vt 1.011047 0.026181 0.000000
vt 1.052267 0.016313 0.000000
vt 1.045908 0.026301 0.000000
vt 1.080749 0.026178 0.000000
vt 1.114327 0.016313 0.000000
vt 1.115621 0.026304 0.000000
vt 1.150480 0.026178 0.000000
vt 1.176386 0.016313 0.000000
vt 1.185332 0.026301 0.000000
vt 1.220183 0.026181 0.000000
vt 1.238446 0.016313 0.000000
vt 1.255026 0.026294 0.000000
vt 1.300506 0.016313 0.000000
vt 1.289893 0.026188 0.000000
vt 1.324722 0.026283 0.000000
vt 1.362566 0.016313 0.000000
vt 1.359604 0.026197 0.000000
vt 1.394421 0.026270 0.000000
vt 1.424626 0.016313 0.000000
vt 1.429325 0.026208 0.000000
vt 1.464136 0.026255 0.000000
vt 1.486685 0.016313 0.000000
vt 1.499046 0.026221 0.000000
vt 1.533855 0.026240 0.000000
vt 1.548745 0.016313 0.000000
vt 1.568770 0.026235 0.000000
vt 1.610805 0.016313 0.000000
vt 1.603579 0.026225 0.000000
vt 1.638501 0.026250 0.000000
vt 1.672865 0.016313 0.000000
vt 1.673317 0.026212 0.000000
vt 1.708243 0.026264 0.000000
vt 1.734925 0.016313 0.000000
vt 1.743062 0.026200 0.000000
vt 1.777982 0.026278 0.000000
vt 1.796984 0.016313 0.000000
vt 1.812807 0.026191 0.000000
vt 1.859044 0.016313 0.000000
vt 1.847719 0.026290 0.000000
vt 1.882563 0.026183 0.000000
vt 1.921104 0.016313 0.000000
vt 1.917470 0.026298 0.000000
vt 1.952321 0.026179 0.000000
vt 1.983164 0.016313 0.000000
vt 1.987213 0.026303 0.000000
vt 2.022079 0.026178 0.000000
vt 2.045224 0.016313 0.000000
vt 2.056956 0.026303 0.000000
vt 2.091843 0.026181 0.000000
vt 2.107284 0.016313 0.000000
vt 2.126714 0.026299 0.000000
vt 2.169343 0.016313 0.000000
vt 2.161609 0.026176 0.000000
vt 2.196462 0.026286 0.000000
vt 2.231401 0.026206 0.000000
vt 2.231403 0.006301 0.000000
vt 2.196539 0.006304 0.000000
vt 2.161673 0.006304 0.000000
vt 2.126807 0.006304 0.000000
vt 2.091942 0.006304 0.000000
vt 2.057076 0.006304 0.000000
vt 2.022211 0.006304 0.000000
vt 1.987345 0.006304 0.000000
vt 1.952479 0.006304 0.000000
vt 1.917614 0.006304 0.000000
vt 1.882748 0.006304 0.000000
vt 1.847882 0.006304 0.000000
vt 1.813017 0.006304 0.000000
vt 1.778151 0.006304 0.000000
vt 1.743285 0.006304 0.000000
vt 1.708420 0.006304 0.000000
vt 1.673554 0.006304 0.000000
vt 1.638689 0.006304 0.000000
vt 1.603823 0.006304 0.000000
vt 1.568957 0.006304 0.000000
vt 1.534092 0.006304 0.000000
vt 1.499226 0.006304 0.000000
vt 1.464360 0.006304 0.000000
vt 1.429495 0.006304 0.000000
vt 1.394629 0.006304 0.000000
vt 1.359764 0.006304 0.000000
vt 1.324898 0.006304 0.000000
vt 1.290032 0.006304 0.000000
vt 1.255167 0.006304 0.000000
vt 1.220301 0.006304 0.000000
vt 1.185435 0.006304 0.000000
vt 1.150570 0.006304 0.000000
vt 1.115704 0.006304 0.000000
vt 1.080838 0.006304 0.000000
vt 1.045973 0.006304 0.000000
vt 1.011107 0.006304 0.000000
vt 0.976242 0.006304 0.000000
vt 0.941376 0.006304 0.000000
vt 0.906510 0.006304 0.000000
vt 0.871645 0.006304 0.000000
vt 0.836779 0.006304 0.000000
vt 0.801913 0.006304 0.000000
vt 0.767048 0.006304 0.000000
vt 0.732182 0.006304 0.000000
vt 0.697316 0.006304 0.000000
vt 0.662451 0.006304 0.000000
vt 0.627585 0.006304 0.000000
vt 0.592720 0.006304 0.000000
vt 0.557854 0.006304 0.000000
vt 0.522988 0.006304 0.000000
vt 0.488123 0.006304 0.000000
vt 0.453257 0.006304 0.000000
vt 0.418391 0.006304 0.000000
vt 0.383526 0.006304 0.000000
vt 0.348660 0.006304 0.000000
vt 0.313794 0.006304 0.000000
vt 0.278929 0.006304 0.000000
vt 0.244063 0.006304 0.000000
vt 0.209198 0.006304 0.000000
vt 0.174332 0.006304 0.000000
vt 0.139466 0.006304 0.000000
vt 0.104601 0.006304 0.000000
vt 0.069735 0.006304 0.000000
vt -0.419283 -1.064999 0.000000
vt -0.390001 -1.094281 0.000000
vt -0.429998 -1.024998 0.000000
vt -0.350001 -1.105000 0.000000
vt -0.310001 -1.094283 0.000000
vt -0.280719 -1.065001 0.000000
vt -0.270000 -1.025001 0.000000
vt -0.280717 -0.985001 0.000000
vt -0.309999 -0.955719 0.000000
vt -0.349999 -0.945000 0.000000
vt -0.389999 -0.955717 0.000000
vt -0.419281 -0.984999 0.000000
vt -2.070000 0.019946 0.000000
vt -2.087215 0.009996 0.000000
vt -2.069998 0.000023 0.000000
vt -0.000004 0.026304 0.000000
vt -0.000004 0.006404 0.000000
vt 0.061367 0.016296 0.000000
vt 0.034928 0.006322 0.000000
vt 0.069774 0.006431 0.000000
vt 0.104664 0.006309 0.000000
vt 0.122738 0.016296 0.000000
vt 0.104592 0.026304 0.000000
vt 0.139458 0.026304 0.000000
vt 0.184109 0.016296 0.000000
vt 0.174323 0.026304 0.000000
vt 0.209188 0.026304 0.000000
vt 0.245480 0.016296 0.000000
vt 0.244054 0.026304 0.000000
vt 0.278919 0.026304 0.000000
vt 0.317997 0.016296 0.000000
vt 0.313785 0.026304 0.000000
vt 0.348650 0.026304 0.000000
vt 0.390515 0.016296 0.000000
vt 0.383515 0.026304 0.000000
vt 0.418381 0.026304 0.000000
vt 0.463032 0.016296 0.000000
vt 0.453246 0.026304 0.000000
vt 0.488111 0.026304 0.000000
vt 0.535549 0.016296 0.000000
vt 0.522977 0.026304 0.000000
vt 0.557842 0.026304 0.000000
vt 0.585405 0.016296 0.000000
vt 0.592707 0.026304 0.000000
vt 0.635261 0.016296 0.000000
vt 0.627573 0.026304 0.000000
vt 0.662438 0.026304 0.000000
vt 0.685116 0.016296 0.000000
vt 0.697303 0.026304 0.000000
vt 0.734972 0.016296 0.000000
vt 0.732169 0.026304 0.000000
vt 0.767034 0.026304 0.000000
vt 0.784828 0.016296 0.000000
vt 0.801899 0.026304 0.000000
vt 0.834683 0.016296 0.000000
vt 0.836765 0.026304 0.000000
vt 0.871630 0.026304 0.000000
vt 0.884539 0.016296 0.000000
vt 0.906495 0.026304 0.000000
vt 0.934394 0.016296 0.000000
vt 0.941361 0.026304 0.000000
vt 0.976226 0.026304 0.000000
vt 0.984250 0.016296 0.000000
vt 1.011092 0.026304 0.000000
vt 1.034106 0.016296 0.000000
vt 1.045957 0.026304 0.000000
vt 1.083961 0.016296 0.000000
vt 1.080822 0.026304 0.000000
vt 1.115688 0.026304 0.000000
vt 1.133817 0.016296 0.000000
vt 1.150553 0.026304 0.000000
vt 1.183673 0.016296 0.000000
vt 1.185418 0.026304 0.000000
vt 1.220284 0.026304 0.000000
vt 1.233528 0.016296 0.000000
vt 1.255149 0.026304 0.000000
vt 1.283384 0.016296 0.000000
vt 1.290014 0.026304 0.000000
vt 1.324880 0.026304 0.000000
vt 1.333240 0.016296 0.000000
vt 1.359745 0.026304 0.000000
vt 1.383095 0.016296 0.000000
vt 1.394610 0.026304 0.000000
vt 1.432951 0.016296 0.000000
vt 1.429476 0.026304 0.000000
vt 1.464341 0.026304 0.000000
vt 1.482807 0.016296 0.000000
vt 1.499206 0.026304 0.000000
vt 1.532662 0.016296 0.000000
vt 1.534072 0.026304 0.000000
vt 1.568937 0.026304 0.000000
vt 1.582518 0.016296 0.000000
vt 1.603803 0.026304 0.000000
vt 1.632374 0.016296 0.000000
vt 1.638668 0.026304 0.000000
vt 1.673533 0.026304 0.000000
vt 1.682229 0.016296 0.000000
vt 1.708399 0.026304 0.000000
vt 1.732085 0.016296 0.000000
vt 1.743264 0.026304 0.000000
vt 1.781941 0.016296 0.000000
vt 1.778129 0.026304 0.000000
vt 1.812995 0.026304 0.000000
vt 1.831796 0.016296 0.000000
vt 1.847860 0.026304 0.000000
vt 1.881652 0.016296 0.000000
vt 1.882725 0.026304 0.000000
vt 1.917591 0.026304 0.000000
vt 1.931508 0.016296 0.000000
vt 1.952456 0.026304 0.000000
vt 1.981363 0.016296 0.000000
vt 1.987321 0.026304 0.000000
vt 2.022187 0.026304 0.000000
vt 2.031219 0.016296 0.000000
vt 2.057052 0.026304 0.000000
vt 2.081075 0.016296 0.000000
vt 2.091917 0.026304 0.000000
vt 2.130930 0.016296 0.000000
vt 2.126783 0.026304 0.000000
vt 2.161648 0.026304 0.000000
vt 2.181156 0.016296 0.000000
vt 2.196514 0.026304 0.000000
vt 2.231382 0.006405 0.000000
vt 2.231378 0.026305 0.000000
vt 0.139529 0.006426 0.000000
vt 0.174386 0.006305 0.000000
vt 0.209261 0.006430 0.000000
vt 0.244130 0.006304 0.000000
vt 0.279017 0.006429 0.000000
vt 0.313864 0.006309 0.000000
vt 0.348762 0.006424 0.000000
vt 0.383594 0.006318 0.000000
vt 0.418501 0.006417 0.000000
vt 0.453324 0.006330 0.000000
vt 0.488238 0.006407 0.000000
vt 0.523038 0.006344 0.000000
vt 0.557961 0.006395 0.000000
vt 0.592757 0.006359 0.000000
vt 0.627682 0.006382 0.000000
vt 0.662480 0.006373 0.000000
vt 0.697401 0.006367 0.000000
vt 0.732207 0.006388 0.000000
vt 0.767120 0.006352 0.000000
vt 0.801935 0.006400 0.000000
vt 0.836837 0.006337 0.000000
vt 0.871664 0.006412 0.000000
vt 0.906553 0.006324 0.000000
vt 0.941387 0.006420 0.000000
vt 0.976275 0.006314 0.000000
vt 1.011123 0.006426 0.000000
vt 1.045981 0.006307 0.000000
vt 1.080838 0.006430 0.000000
vt 1.115703 0.006304 0.000000
vt 1.150580 0.006430 0.000000
vt 1.185426 0.006306 0.000000
vt 1.220292 0.006427 0.000000
vt 1.255127 0.006314 0.000000
vt 1.290007 0.006420 0.000000
vt 1.324830 0.006324 0.000000
vt 1.359734 0.006412 0.000000
vt 1.394549 0.006337 0.000000
vt 1.429459 0.006401 0.000000
vt 1.464270 0.006352 0.000000
vt 1.499188 0.006388 0.000000
vt 1.533998 0.006367 0.000000
vt 1.568920 0.006374 0.000000
vt 1.603733 0.006381 0.000000
vt 1.638656 0.006359 0.000000
vt 1.673478 0.006395 0.000000
vt 1.708392 0.006344 0.000000
vt 1.743197 0.006407 0.000000
vt 1.778103 0.006330 0.000000
vt 1.812933 0.006417 0.000000
vt 1.847829 0.006319 0.000000
vt 1.882667 0.006424 0.000000
vt 1.917551 0.006310 0.000000
vt 1.952406 0.006429 0.000000
vt 1.987277 0.006305 0.000000
vt 2.022154 0.006430 0.000000
vt 2.057014 0.006305 0.000000
vt 2.091879 0.006427 0.000000
vt 2.126727 0.006309 0.000000
vt 2.161620 0.006431 0.000000
vt 2.196452 0.006322 0.000000
vt 0.069727 0.026304 0.000000
vt 0.034862 0.026304 0.000000
vt 0.014142 0.042414 0.000000
vt -0.014142 0.042414 0.000000
vt 0.014142 0.000000 0.000000
vt -0.014142 -0.000000 0.000000
vt 0.014142 -0.043200 0.000000
vt -0.014142 -0.043200 0.000000
vt -0.014142 -0.086401 0.000000
vt 0.014142 0.084828 0.000000
vt -0.014146 0.084828 0.000000
vt 0.014142 0.113082 0.000000
vt -0.011128 0.123415 0.000000
vt 0.014142 0.141337 0.000000
vt -0.008192 0.160025 0.000000
vt 0.014142 0.169592 0.000000
vt -0.005831 0.190340 0.000000
vt 0.014142 0.197846 0.000000
vt -0.003518 0.218856 0.000000
vt 0.014142 0.226101 0.000000
vt -0.001577 0.243839 0.000000
vt 0.014142 0.254355 0.000000
vt 0.000173 0.266047 0.000000
vt 0.014142 0.282610 0.000000
vt 0.003631 0.309380 0.000000
vt 0.014142 0.310865 0.000000
vt 0.003631 -0.256098 0.000000
vt 0.014142 -0.254613 0.000000
vt 0.006965 -0.214022 0.000000
vt 0.014142 -0.213707 0.000000
vt 0.010217 -0.172801 0.000000
vt 0.014142 -0.172801 0.000000
vt 0.014142 -0.129601 0.000000
vt -0.014142 -0.129601 0.000000
vt 0.014142 -0.086401 0.000000
vt -0.014142 -0.172801 0.000000
vt -0.001477 -0.211896 0.000000
vt -0.014142 -0.213707 0.000000
vt -0.014104 -0.254613 0.000000
vt 2.200682 0.026304 0.000000
vt 2.180300 0.026304 0.000000
vt 2.159945 0.023601 0.000000
vt 2.159918 0.026304 0.000000
vt 2.139536 0.026304 0.000000
vt 2.118488 0.020885 0.000000
vt 2.119154 0.026304 0.000000
vt 2.091500 0.026304 0.000000
vt 2.075691 0.018105 0.000000
vt 2.063846 0.026304 0.000000
vt 2.053822 0.016660 0.000000
vt 2.036192 0.026304 0.000000
vt 2.017077 0.016232 0.000000
vt 2.008538 0.026304 0.000000
vt 1.980884 0.026304 0.000000
vt 1.955875 0.016232 0.000000
vt 1.953231 0.026304 0.000000
vt 1.925577 0.026304 0.000000
vt 1.894673 0.016232 0.000000
vt 1.897923 0.026304 0.000000
vt 1.868268 0.026304 0.000000
vt 1.833471 0.016232 0.000000
vt 1.838613 0.026304 0.000000
vt 1.808958 0.026304 0.000000
vt 1.772270 0.016232 0.000000
vt 1.779302 0.026304 0.000000
vt 1.749647 0.026304 0.000000
vt 1.711068 0.016232 0.000000
vt 1.719992 0.026304 0.000000
vt 1.690337 0.026304 0.000000
vt 1.649866 0.016232 0.000000
vt 1.660682 0.026304 0.000000
vt 1.631027 0.026304 0.000000
vt 1.588664 0.016232 0.000000
vt 1.601372 0.026304 0.000000
vt 1.571717 0.026304 0.000000
vt 1.527462 0.016232 0.000000
vt 1.542062 0.026304 0.000000
vt 1.512407 0.026304 0.000000
vt 1.482751 0.026304 0.000000
vt 1.466260 0.016232 0.000000
vt 1.491923 0.006422 0.000000
vt 1.467498 0.006325 0.000000
vt 1.442992 0.006359 0.000000
vt 1.405059 0.016232 0.000000
vt 1.418567 0.006419 0.000000
vt 1.394126 0.006318 0.000000
vt 1.369629 0.006368 0.000000
vt 1.343857 0.016232 0.000000
vt 1.345205 0.006416 0.000000
vt 1.320743 0.006312 0.000000
vt 1.282655 0.016232 0.000000
vt 1.296243 0.006377 0.000000
vt 1.271828 0.006411 0.000000
vt 1.247375 0.006307 0.000000
vt 1.221453 0.016232 0.000000
vt 1.222884 0.006385 0.000000
vt 1.198470 0.006405 0.000000
vt 1.160251 0.016232 0.000000
vt 1.174001 0.006305 0.000000
vt 1.149516 0.006394 0.000000
vt 1.125105 0.006398 0.000000
vt 1.099049 0.016232 0.000000
vt 1.100626 0.006304 0.000000
vt 1.076148 0.006401 0.000000
vt 1.037848 0.016232 0.000000
vt 1.051739 0.006391 0.000000
vt 1.027251 0.006305 0.000000
vt 1.002783 0.006407 0.000000
vt 0.976646 0.016232 0.000000
vt 0.978366 0.006383 0.000000
vt 0.953861 0.006309 0.000000
vt 0.915444 0.016232 0.000000
vt 0.929402 0.006413 0.000000
vt 0.904975 0.006374 0.000000
vt 0.880473 0.006314 0.000000
vt 0.854242 0.016232 0.000000
vt 0.856027 0.006417 0.000000
vt 0.831594 0.006365 0.000000
vt 0.793040 0.016232 0.000000
vt 0.807088 0.006320 0.000000
vt 0.782657 0.006420 0.000000
vt 0.758222 0.006356 0.000000
vt 0.731838 0.016232 0.000000
vt 0.733711 0.006328 0.000000
vt 0.709281 0.006422 0.000000
vt 0.670637 0.016232 0.000000
vt 0.684842 0.006346 0.000000
vt 0.660334 0.006336 0.000000
vt 0.635918 0.006423 0.000000
vt 0.609435 0.016232 0.000000
vt 0.611474 0.006337 0.000000
vt 0.586963 0.006345 0.000000
vt 0.548233 0.016232 0.000000
vt 0.562552 0.006422 0.000000
vt 0.538102 0.006329 0.000000
vt 0.513595 0.006354 0.000000
vt 0.487031 0.016232 0.000000
vt 0.489193 0.006421 0.000000
vt 0.464736 0.006321 0.000000
vt 0.425829 0.016232 0.000000
vt 0.440230 0.006364 0.000000
vt 0.415812 0.006418 0.000000
vt 0.391353 0.006315 0.000000
vt 0.364627 0.016232 0.000000
vt 0.366855 0.006373 0.000000
vt 0.342450 0.006413 0.000000
vt 0.303426 0.016232 0.000000
vt 0.317980 0.006309 0.000000
vt 0.293492 0.006381 0.000000
vt 0.269090 0.006408 0.000000
vt 0.242224 0.016232 0.000000
vt 0.244611 0.006306 0.000000
vt 0.220132 0.006390 0.000000
vt 0.181667 0.016232 0.000000
vt 0.195726 0.006402 0.000000
vt 0.171241 0.006304 0.000000
vt 0.146773 0.006396 0.000000
vt 0.121110 0.016232 0.000000
vt 0.122363 0.006393 0.000000
vt 0.097869 0.006305 0.000000
vt 0.060552 0.016232 0.000000
vt 0.073403 0.006410 0.000000
vt 0.048985 0.006394 0.000000
vt 0.024488 0.006305 0.000000
vt 0.000000 0.006397 0.000000
vt -0.000005 0.026296 0.000000
vt 0.029652 0.026304 0.000000
vt 0.059307 0.026304 0.000000
vt 0.088962 0.026304 0.000000
vt 0.118617 0.026304 0.000000
vt 0.148272 0.026304 0.000000
vt 0.177927 0.026304 0.000000
vt 0.207582 0.026304 0.000000
vt 0.237238 0.026304 0.000000
vt 0.266893 0.026304 0.000000
vt 0.296548 0.026304 0.000000
vt 0.326203 0.026304 0.000000
vt 0.355858 0.026304 0.000000
vt 0.385513 0.026304 0.000000
vt 0.415168 0.026304 0.000000
vt 0.444823 0.026304 0.000000
vt 0.474478 0.026304 0.000000
vt 0.504133 0.026304 0.000000
vt 0.533788 0.026304 0.000000
vt 0.563444 0.026304 0.000000
vt 0.593099 0.026304 0.000000
vt 0.622754 0.026304 0.000000
vt 0.652409 0.026304 0.000000
vt 0.682064 0.026304 0.000000
vt 0.711719 0.026304 0.000000
vt 0.741374 0.026304 0.000000
vt 0.771029 0.026304 0.000000
vt 0.800684 0.026304 0.000000
vt 0.830339 0.026304 0.000000
vt 0.859995 0.026304 0.000000
vt 0.889650 0.026304 0.000000
vt 0.919305 0.026304 0.000000
vt 0.948960 0.026304 0.000000
vt 0.978615 0.026304 0.000000
vt 1.008270 0.026304 0.000000
vt 1.037925 0.026304 0.000000
vt 1.067580 0.026304 0.000000
vt 1.097235 0.026304 0.000000
vt 1.126890 0.026304 0.000000
vt 1.156545 0.026304 0.000000
vt 1.186201 0.026304 0.000000
vt 1.215856 0.026304 0.000000
vt 1.245511 0.026304 0.000000
vt 1.275166 0.026304 0.000000
vt 1.304821 0.026304 0.000000
vt 1.334476 0.026304 0.000000
vt 1.364131 0.026304 0.000000
vt 1.393786 0.026304 0.000000
vt 1.423441 0.026304 0.000000
vt 1.453096 0.026304 0.000000
vt 1.516351 0.006349 0.000000
vt 1.540860 0.006333 0.000000
vt 1.565302 0.006423 0.000000
vt 1.606770 0.006312 0.000000
vt 1.648195 0.006402 0.000000
vt 1.689699 0.006362 0.000000
vt 1.731091 0.006349 0.000000
vt 1.772581 0.006411 0.000000
vt 1.814011 0.006306 0.000000
vt 1.855452 0.006421 0.000000
vt 1.896937 0.006323 0.000000
vt 1.934967 0.008863 0.000000
vt 1.971131 0.011197 0.000000
vt 2.001005 0.013209 0.000000
vt 2.029146 0.014981 0.000000
vt -1.565600 -0.064301 0.000000
vt -1.595379 -0.097709 0.000000
vt -1.565573 -0.100663 0.000000
vt -1.597524 -0.119749 0.000000
vt -1.568075 -0.125525 0.000000
vt -1.599729 -0.141788 0.000000
vt -1.570502 -0.150396 0.000000
vt -1.601954 -0.163825 0.000000
vt -1.573026 -0.175249 0.000000
vt -1.604095 -0.185844 0.000000
vt -1.575467 -0.200121 0.000000
vt -1.606308 -0.207881 0.000000
vt -1.577934 -0.224983 0.000000
vt -1.608527 -0.229920 0.000000
vt -1.580449 -0.249843 0.000000
vt -1.580449 0.252812 0.000000
vt -1.608527 0.272735 0.000000
vt -1.610667 0.250709 0.000000
vt -1.582868 0.227938 0.000000
vt -1.612888 0.228676 0.000000
vt -1.615100 0.206634 0.000000
vt -1.591607 -0.060357 0.000000
vt -1.565600 -0.027940 0.000000
vt -1.587939 -0.023005 0.000000
vt -1.565600 0.010461 0.000000
vt -1.584199 0.014346 0.000000
vt -1.565600 0.048862 0.000000
vt -1.580484 0.051686 0.000000
vt -1.565600 0.087263 0.000000
vt -1.576796 0.089029 0.000000
vt -1.565600 0.125664 0.000000
vt -1.573031 0.126377 0.000000
vt -1.565600 0.163365 0.000000
vt -1.569374 0.163715 0.000000
vt -1.565604 0.201067 0.000000
vt -1.585380 0.203089 0.000000
vt -1.617241 0.184596 0.000000
vt -1.588026 0.176346 0.000000
vt -1.619469 0.162557 0.000000
vt -1.590672 0.149601 0.000000
vt -1.621674 0.140521 0.000000
vt -1.593374 0.122863 0.000000
vt -1.623814 0.118498 0.000000
vt -1.595980 0.096112 0.000000
vt -1.626048 0.096462 0.000000
vt -1.628245 0.074426 0.000000
vt -1.598692 0.069385 0.000000
vt -1.630388 0.052394 0.000000
vt -1.601314 0.042633 0.000000
vt -1.632627 0.030358 0.000000
vt -1.603983 0.015899 0.000000
vt -1.634817 0.008323 0.000000
vt -1.606664 -0.010846 0.000000
vt -1.636964 -0.013710 0.000000
vt -1.609283 -0.037600 0.000000
vt -1.639206 -0.035746 0.000000
vt -1.641388 -0.057779 0.000000
vt -1.611999 -0.064328 0.000000
vt -1.643541 -0.079815 0.000000
vt -1.614606 -0.091078 0.000000
vt -1.645784 -0.101848 0.000000
vt -1.617297 -0.117814 0.000000
vt -1.647960 -0.123887 0.000000
vt -1.619952 -0.144566 0.000000
vt -1.650120 -0.145933 0.000000
vt -1.652364 -0.167965 0.000000
vt -1.622591 -0.171315 0.000000
vt -1.654533 -0.190011 0.000000
vt -1.625298 -0.198054 0.000000
vt -1.656699 -0.212050 0.000000
vt -1.627903 -0.224810 0.000000
vt -1.658942 -0.234077 0.000000
vt -1.630612 -0.251541 0.000000
vt -1.661105 -0.256125 0.000000
vt -1.630612 0.251114 0.000000
vt -1.661105 0.246530 0.000000
vt -1.633241 0.224362 0.000000
vt -1.663279 0.224491 0.000000
vt -1.665519 0.202471 0.000000
vt -1.635903 0.197615 0.000000
vt -1.667676 0.180424 0.000000
vt -1.638592 0.170866 0.000000
vt -1.669859 0.158383 0.000000
vt -1.641207 0.144107 0.000000
vt -1.672096 0.136358 0.000000
vt -1.643924 0.117372 0.000000
vt -1.674248 0.114313 0.000000
vt -1.646535 0.090613 0.000000
vt -1.676440 0.092275 0.000000
vt -1.678671 0.070257 0.000000
vt -1.649220 0.063875 0.000000
vt -1.680819 0.048212 0.000000
vt -1.651883 0.037123 0.000000
vt -1.683020 0.026172 0.000000
vt -1.654516 0.010363 0.000000
vt -1.685246 0.004152 0.000000
vt -1.657229 -0.016384 0.000000
vt -1.687390 -0.017891 0.000000
vt -1.689599 -0.039929 0.000000
vt -1.659833 -0.043140 0.000000
vt -1.691819 -0.061945 0.000000
vt -1.662539 -0.069888 0.000000
vt -1.693962 -0.083989 0.000000
vt -1.665175 -0.096631 0.000000
vt -1.696179 -0.106028 0.000000
vt -1.667828 -0.123365 0.000000
vt -1.698394 -0.128062 0.000000
vt -1.670522 -0.150101 0.000000
vt -1.700535 -0.150102 0.000000
vt -1.702759 -0.172137 0.000000
vt -1.673130 -0.176827 0.000000
vt -1.704967 -0.194163 0.000000
vt -1.675846 -0.203561 0.000000
vt -1.707108 -0.216205 0.000000
vt -1.678459 -0.230293 0.000000
vt -1.709338 -0.238235 0.000000
vt -1.681137 -0.257028 0.000000
vt -1.711539 -0.260261 0.000000
vt -1.681137 0.245627 0.000000
vt -1.711539 0.242394 0.000000
vt -1.683806 0.218888 0.000000
vt -1.713682 0.220351 0.000000
vt -1.715917 0.198324 0.000000
vt -1.686430 0.192160 0.000000
vt -1.718111 0.176294 0.000000
vt -1.689144 0.165431 0.000000
vt -1.720256 0.154251 0.000000
vt -1.691746 0.138708 0.000000
vt -1.722495 0.132227 0.000000
vt -1.694445 0.111974 0.000000
vt -1.724681 0.110193 0.000000
vt -1.726832 0.088149 0.000000
vt -1.697088 0.085240 0.000000
vt -1.729078 0.066120 0.000000
vt -1.699732 0.058516 0.000000
vt -1.731258 0.044077 0.000000
vt -1.702433 0.031784 0.000000
vt -1.733409 0.022041 0.000000
vt -1.705037 0.005056 0.000000
vt -1.735647 0.000003 0.000000
vt -1.707750 -0.021670 0.000000
vt -1.738736 -0.031418 0.000000
vt -1.710369 -0.048396 0.000000
vt -1.741913 -0.062831 0.000000
vt -1.713038 -0.075122 0.000000
vt -1.744979 -0.094251 0.000000
vt -1.715716 -0.101854 0.000000
vt -1.748161 -0.125666 0.000000
vt -1.718332 -0.128572 0.000000
vt -1.751225 -0.157069 0.000000
vt -1.721048 -0.155298 0.000000
vt -1.723652 -0.182022 0.000000
vt -1.754411 -0.188478 0.000000
vt -1.726343 -0.208750 0.000000
vt -1.757474 -0.219897 0.000000
vt -1.728995 -0.235476 0.000000
vt -1.760661 -0.251308 0.000000
vt -1.731630 -0.262191 0.000000
vt -1.763724 -0.282710 0.000000
vt -1.731630 0.240464 0.000000
vt -1.763724 0.219945 0.000000
vt -1.734336 0.213740 0.000000
vt -1.766907 0.188533 0.000000
vt -1.736937 0.187025 0.000000
vt -1.739645 0.160302 0.000000
vt -1.769976 0.157132 0.000000
vt -1.742272 0.133578 0.000000
vt -1.773152 0.125721 0.000000
vt -1.744932 0.106859 0.000000
vt -1.776231 0.094300 0.000000
vt -1.747616 0.080134 0.000000
vt -1.779398 0.062886 0.000000
vt -1.750223 0.053425 0.000000
vt -1.782487 0.031479 0.000000
vt -1.752942 0.026706 0.000000
vt -1.785641 0.000063 0.000000
vt -1.755548 -0.000003 0.000000
vt -1.788745 -0.031364 0.000000
vt -1.758715 -0.031388 0.000000
vt -1.791886 -0.062784 0.000000
vt -1.761782 -0.062794 0.000000
vt -1.764967 -0.094184 0.000000
vt -1.795003 -0.094206 0.000000
vt -1.768031 -0.125591 0.000000
vt -1.798130 -0.125623 0.000000
vt -1.771216 -0.156987 0.000000
vt -1.801261 -0.157042 0.000000
vt -1.774277 -0.188397 0.000000
vt -1.804372 -0.188458 0.000000
vt -1.777463 -0.219794 0.000000
vt -1.807518 -0.219874 0.000000
vt -1.780527 -0.251209 0.000000
vt -1.810615 -0.251289 0.000000
vt -1.783707 -0.282608 0.000000
vt -1.813773 -0.282702 0.000000
vt -1.783707 0.220047 0.000000
vt -1.813773 0.219953 0.000000
vt -1.786778 0.188629 0.000000
vt -1.816858 0.188536 0.000000
vt -1.789951 0.157227 0.000000
vt -1.820027 0.157124 0.000000
vt -1.793031 0.125808 0.000000
vt -1.823100 0.125720 0.000000
vt -1.796194 0.094401 0.000000
vt -1.826280 0.094308 0.000000
vt -1.799286 0.062981 0.000000
vt -1.829345 0.062904 0.000000
vt -1.802437 0.031570 0.000000
vt -1.832530 0.031494 0.000000
vt -1.805543 0.000147 0.000000
vt -1.835593 0.000068 0.000000
vt -1.808680 -0.031267 0.000000
vt -1.838781 -0.031346 0.000000
vt -1.811800 -0.062692 0.000000
vt -1.841844 -0.062767 0.000000
vt -1.814923 -0.094109 0.000000
vt -1.845029 -0.094163 0.000000
vt -1.818059 -0.125537 0.000000
vt -1.848096 -0.125587 0.000000
vt -1.821168 -0.156958 0.000000
vt -1.851277 -0.156999 0.000000
vt -1.824318 -0.188386 0.000000
vt -1.854351 -0.188421 0.000000
vt -1.827414 -0.219814 0.000000
vt -1.857521 -0.219824 0.000000
vt -1.830577 -0.251240 0.000000
vt -1.860607 -0.251248 0.000000
vt -1.863766 -0.282655 0.000000
vt -1.833662 -0.282675 0.000000
vt -1.833662 0.219980 0.000000
vt -1.863766 0.220000 0.000000
vt -1.866863 0.188580 0.000000
vt -1.836836 0.188553 0.000000
vt -1.870010 0.157169 0.000000
vt -1.839912 0.157114 0.000000
vt -1.873120 0.125754 0.000000
vt -1.843094 0.125687 0.000000
vt -1.876253 0.094337 0.000000
vt -1.846163 0.094244 0.000000
vt -1.879377 0.062928 0.000000
vt -1.849351 0.062817 0.000000
vt -1.882496 0.031507 0.000000
vt -1.852415 0.031380 0.000000
vt -1.885633 0.000102 0.000000
vt -1.855604 -0.000042 0.000000
vt -1.888738 -0.031321 0.000000
vt -1.858668 -0.031474 0.000000
vt -1.891889 -0.062723 0.000000
vt -1.861855 -0.062900 0.000000
vt -1.894980 -0.094145 0.000000
vt -1.864923 -0.094336 0.000000
vt -1.898145 -0.125562 0.000000
vt -1.868104 -0.125768 0.000000
vt -1.901224 -0.156986 0.000000
vt -1.871180 -0.157203 0.000000
vt -1.904400 -0.188401 0.000000
vt -1.874352 -0.188632 0.000000
vt -1.907470 -0.219827 0.000000
vt -1.877438 -0.220065 0.000000
vt -1.910654 -0.251249 0.000000
vt -1.880598 -0.251491 0.000000
vt -1.913720 -0.282682 0.000000
vt -1.880598 0.251164 0.000000
vt -1.913720 0.219972 0.000000
vt -1.883696 0.219733 0.000000
vt -1.916907 0.188555 0.000000
vt -1.886842 0.188312 0.000000
vt -1.919971 0.157124 0.000000
vt -1.889954 0.156883 0.000000
vt -1.923156 0.125719 0.000000
vt -1.893086 0.125466 0.000000
vt -1.926223 0.094283 0.000000
vt -1.896213 0.094040 0.000000
vt -1.929412 0.062861 0.000000
vt -1.899330 0.062625 0.000000
vt -1.932481 0.031427 0.000000
vt -1.902470 0.031204 0.000000
vt -1.935654 0.000000 0.000000
vt -1.905574 -0.000211 0.000000
vt -1.955577 -0.000002 0.000000
vt -1.908727 -0.031627 0.000000
vt -1.955600 -0.041889 0.000000
vt -1.911818 -0.063040 0.000000
vt -1.955600 -0.083777 0.000000
vt -1.914983 -0.094451 0.000000
vt -1.955600 -0.125665 0.000000
vt -1.918062 -0.125862 0.000000
vt -1.921238 -0.157270 0.000000
vt -1.955600 -0.167553 0.000000
vt -1.924307 -0.188678 0.000000
vt -1.955600 -0.209441 0.000000
vt -1.927490 -0.220082 0.000000
vt -1.927490 0.282573 0.000000
vt -1.955600 0.293214 0.000000
vt -1.955600 0.251326 0.000000
vt -1.930553 0.251166 0.000000
vt -1.933739 0.219766 0.000000
vt -1.955600 0.209438 0.000000
vt -1.936800 0.188361 0.000000
vt -1.955600 0.167550 0.000000
vt -1.939986 0.156965 0.000000
vt -1.955600 0.125662 0.000000
vt -1.943049 0.125563 0.000000
vt -1.946229 0.094169 0.000000
vt -1.955600 0.083774 0.000000
vt -1.949293 0.062772 0.000000
vt -1.955600 0.041886 0.000000
vt -1.952468 0.031380 0.000000
vt 2.092330 0.026277 0.000000
vt 2.078298 0.016313 0.000000
vt 2.119972 0.026211 0.000000
vt 2.139501 0.016313 0.000000
vt 2.162065 0.015916 0.000000
vt 2.139556 0.006304 0.000000
vt 2.159938 0.006304 0.000000
vt 2.064750 0.026188 0.000000
vt 2.037176 0.026293 0.000000
vt 2.017096 0.016313 0.000000
vt 2.009532 0.026220 0.000000
vt 1.981986 0.026217 0.000000
vt 1.955894 0.016313 0.000000
vt 1.954356 0.026295 0.000000
vt 1.926754 0.026186 0.000000
vt 1.894692 0.016313 0.000000
vt 1.899203 0.026272 0.000000
vt 1.869470 0.026234 0.000000
vt 1.833489 0.016313 0.000000
vt 1.839835 0.026213 0.000000
vt 1.810120 0.026292 0.000000
vt 1.772287 0.016313 0.000000
vt 1.780444 0.026185 0.000000
vt 1.750792 0.026293 0.000000
vt 1.711085 0.016313 0.000000
vt 1.721064 0.026210 0.000000
vt 1.691439 0.026237 0.000000
vt 1.649883 0.016313 0.000000
vt 1.661705 0.026269 0.000000
vt 1.632046 0.026191 0.000000
vt 1.588681 0.016313 0.000000
vt 1.602369 0.026304 0.000000
vt 1.572663 0.026193 0.000000
vt 1.527478 0.016313 0.000000
vt 1.543026 0.026264 0.000000
vt 1.513283 0.026242 0.000000
vt 1.483641 0.026206 0.000000
vt 1.466276 0.016313 0.000000
vt 1.512423 0.006304 0.000000
vt 1.482767 0.006304 0.000000
vt 1.453112 0.006304 0.000000
vt 1.423457 0.006304 0.000000
vt 1.405074 0.016313 0.000000
vt 1.393802 0.006304 0.000000
vt 1.364146 0.006304 0.000000
vt 1.343872 0.016313 0.000000
vt 1.334491 0.006304 0.000000
vt 1.304836 0.006304 0.000000
vt 1.282670 0.016313 0.000000
vt 1.275180 0.006304 0.000000
vt 1.245525 0.006304 0.000000
vt 1.221467 0.016313 0.000000
vt 1.215870 0.006304 0.000000
vt 1.186215 0.006304 0.000000
vt 1.160265 0.016313 0.000000
vt 1.156559 0.006304 0.000000
vt 1.126904 0.006304 0.000000
vt 1.099063 0.016313 0.000000
vt 1.097249 0.006304 0.000000
vt 1.067594 0.006304 0.000000
vt 1.037861 0.016313 0.000000
vt 1.037938 0.006304 0.000000
vt 1.008283 0.006304 0.000000
vt 0.976659 0.016313 0.000000
vt 0.978628 0.006304 0.000000
vt 0.948972 0.006304 0.000000
vt 0.915456 0.016313 0.000000
vt 0.919317 0.006304 0.000000
vt 0.889662 0.006304 0.000000
vt 0.854254 0.016313 0.000000
vt 0.860007 0.006304 0.000000
vt 0.830351 0.006304 0.000000
vt 0.793052 0.016313 0.000000
vt 0.800696 0.006304 0.000000
vt 0.771041 0.006304 0.000000
vt 0.731850 0.016313 0.000000
vt 0.741386 0.006304 0.000000
vt 0.711730 0.006304 0.000000
vt 0.670648 0.016313 0.000000
vt 0.682075 0.006304 0.000000
vt 0.652420 0.006304 0.000000
vt 0.609445 0.016313 0.000000
vt 0.622765 0.006304 0.000000
vt 0.593109 0.006304 0.000000
vt 0.548243 0.016313 0.000000
vt 0.563454 0.006304 0.000000
vt 0.533799 0.006304 0.000000
vt 0.504143 0.006304 0.000000
vt 0.487041 0.016313 0.000000
vt 0.474488 0.006304 0.000000
vt 0.444833 0.006304 0.000000
vt 0.425839 0.016313 0.000000
vt 0.415178 0.006304 0.000000
vt 0.385522 0.006304 0.000000
vt 0.364637 0.016313 0.000000
vt 0.355867 0.006304 0.000000
vt 0.326212 0.006304 0.000000
vt 0.303434 0.016313 0.000000
vt 0.296557 0.006304 0.000000
vt 0.266901 0.006304 0.000000
vt 0.242232 0.016313 0.000000
vt 0.237246 0.006304 0.000000
vt 0.207591 0.006304 0.000000
vt 0.181674 0.016313 0.000000
vt 0.177935 0.006304 0.000000
vt 0.148280 0.006304 0.000000
vt 0.121116 0.016313 0.000000
vt 0.118625 0.006304 0.000000
vt 0.088970 0.006304 0.000000
vt 0.060559 0.016313 0.000000
vt 0.059314 0.006304 0.000000
vt 0.059350 0.026180 0.000000
vt 0.029690 0.026301 0.000000
vt 1.453930 0.026297 0.000000
vt 1.424242 0.026185 0.000000
vt 1.394592 0.026288 0.000000
vt 1.364858 0.026217 0.000000
vt 1.335222 0.026229 0.000000
vt 1.305485 0.026277 0.000000
vt 1.275814 0.026188 0.000000
vt 1.246137 0.026302 0.000000
vt 1.216414 0.026197 0.000000
vt 1.186781 0.026256 0.000000
vt 1.157036 0.026250 0.000000
vt 1.127379 0.026201 0.000000
vt 1.097665 0.026300 0.000000
vt 1.067970 0.026186 0.000000
vt 1.038308 0.026282 0.000000
vt 1.008580 0.026224 0.000000
vt 0.978958 0.026222 0.000000
vt 0.949239 0.026283 0.000000
vt 0.919599 0.026186 0.000000
vt 0.889930 0.026299 0.000000
vt 0.860231 0.026202 0.000000
vt 0.830603 0.026248 0.000000
vt 0.800873 0.026259 0.000000
vt 0.771249 0.026196 0.000000
vt 0.741561 0.026303 0.000000
vt 0.711895 0.026189 0.000000
vt 0.682254 0.026274 0.000000
vt 0.652533 0.026232 0.000000
vt 0.622922 0.026214 0.000000
vt 0.593212 0.026290 0.000000
vt 0.563563 0.026185 0.000000
vt 0.533911 0.026295 0.000000
vt 0.504211 0.026209 0.000000
vt 0.474596 0.026239 0.000000
vt 0.444875 0.026267 0.000000
vt 0.415257 0.026191 0.000000
vt 0.385582 0.026304 0.000000
vt 0.355906 0.026192 0.000000
vt 0.326278 0.026265 0.000000
vt 0.296563 0.026241 0.000000
vt 0.266960 0.026207 0.000000
vt 0.237264 0.026296 0.000000
vt 0.207622 0.026185 0.000000
vt 0.177980 0.026288 0.000000
vt 0.148279 0.026218 0.000000
vt 0.118674 0.026232 0.000000
vt 0.088962 0.026274 0.000000
vt 0.029659 0.006304 0.000000
vt 0.000001 0.026207 0.000000
vt 0.000003 0.006303 0.000000
vt 1.542078 0.006304 0.000000
vt 1.571733 0.006304 0.000000
vt 1.601388 0.006304 0.000000
vt 1.631044 0.006304 0.000000
vt 1.660699 0.006304 0.000000
vt 1.690354 0.006304 0.000000
vt 1.720010 0.006304 0.000000
vt 1.749665 0.006304 0.000000
vt 1.779320 0.006304 0.000000
vt 1.808975 0.006304 0.000000
vt 1.838631 0.006304 0.000000
vt 1.868286 0.006304 0.000000
vt 1.897941 0.006304 0.000000
vt 1.925595 0.006304 0.000000
vt 1.953249 0.006304 0.000000
vt 1.980903 0.006304 0.000000
vt 2.008557 0.006304 0.000000
vt 2.036211 0.006304 0.000000
vt 2.063865 0.006304 0.000000
vt 2.091519 0.006304 0.000000
vt 2.119173 0.006304 0.000000
vt 2.180320 0.006304 0.000000
vt 2.200703 0.006304 0.000000
vt 0.000004 0.006304 0.000000
vt 0.034869 0.006304 0.000000
vt -0.000001 0.026217 0.000000
vt 0.050226 0.016314 0.000000
vt 0.034889 0.026286 0.000000
vt 0.069696 0.026176 0.000000
vt 0.100454 0.016314 0.000000
vt 0.104561 0.026299 0.000000
vt 0.139385 0.026181 0.000000
vt 0.163907 0.016314 0.000000
vt 0.174242 0.026303 0.000000
vt 0.209081 0.026178 0.000000
vt 0.227360 0.016314 0.000000
vt 0.243929 0.026303 0.000000
vt 0.290813 0.016314 0.000000
vt 0.278787 0.026179 0.000000
vt 0.313623 0.026298 0.000000
vt 0.354266 0.016314 0.000000
vt 0.348499 0.026184 0.000000
vt 0.383323 0.026288 0.000000
vt 0.417719 0.016314 0.000000
vt 0.418215 0.026192 0.000000
vt 0.453032 0.026276 0.000000
vt 0.481173 0.016314 0.000000
vt 0.487938 0.026202 0.000000
vt 0.522750 0.026262 0.000000
vt 0.544626 0.016314 0.000000
vt 0.557667 0.026214 0.000000
vt 0.592475 0.026247 0.000000
vt 0.608079 0.016314 0.000000
vt 0.627401 0.026228 0.000000
vt 0.671532 0.016314 0.000000
vt 0.662208 0.026232 0.000000
vt 0.697141 0.026242 0.000000
vt 0.734985 0.016314 0.000000
vt 0.731951 0.026219 0.000000
vt 0.766884 0.026257 0.000000
vt 0.798438 0.016314 0.000000
vt 0.801703 0.026206 0.000000
vt 0.836632 0.026271 0.000000
vt 0.861892 0.016314 0.000000
vt 0.871463 0.026195 0.000000
vt 0.906386 0.026284 0.000000
vt 0.925345 0.016314 0.000000
vt 0.941230 0.026187 0.000000
vt 0.988798 0.016314 0.000000
vt 0.976145 0.026294 0.000000
vt 1.011003 0.026181 0.000000
vt 1.052251 0.016314 0.000000
vt 1.045907 0.026301 0.000000
vt 1.080773 0.026178 0.000000
vt 1.115704 0.016314 0.000000
vt 1.115657 0.026304 0.000000
vt 1.150532 0.026178 0.000000
vt 1.179157 0.016314 0.000000
vt 1.185409 0.026301 0.000000
vt 1.220303 0.026181 0.000000
vt 1.242611 0.016314 0.000000
vt 1.255173 0.026294 0.000000
vt 1.290080 0.026187 0.000000
vt 1.306064 0.016314 0.000000
vt 1.324935 0.026284 0.000000
vt 1.369517 0.016314 0.000000
vt 1.359852 0.026196 0.000000
vt 1.394691 0.026271 0.000000
vt 1.432970 0.016314 0.000000
vt 1.429617 0.026206 0.000000
vt 1.464442 0.026257 0.000000
vt 1.496423 0.016314 0.000000
vt 1.499374 0.026219 0.000000
vt 1.534189 0.026242 0.000000
vt 1.559876 0.016314 0.000000
vt 1.569124 0.026233 0.000000
vt 1.603932 0.026227 0.000000
vt 1.623330 0.016314 0.000000
vt 1.638864 0.026248 0.000000
vt 1.686783 0.016314 0.000000
vt 1.673671 0.026214 0.000000
vt 1.708596 0.026262 0.000000
vt 1.750236 0.016314 0.000000
vt 1.743405 0.026202 0.000000
vt 1.778321 0.026276 0.000000
vt 1.813689 0.016314 0.000000
vt 1.813133 0.026192 0.000000
vt 1.848037 0.026288 0.000000
vt 1.877142 0.016314 0.000000
vt 1.882856 0.026184 0.000000
vt 1.917746 0.026298 0.000000
vt 1.940595 0.016314 0.000000
vt 1.952574 0.026179 0.000000
vt 1.987448 0.026303 0.000000
vt 2.004049 0.016314 0.000000
vt 2.022287 0.026178 0.000000
vt 2.067502 0.016314 0.000000
vt 2.057142 0.026303 0.000000
vt 2.091992 0.026181 0.000000
vt 2.130955 0.016314 0.000000
vt 2.126831 0.026299 0.000000
vt 2.161689 0.026176 0.000000
vt 2.181179 0.016314 0.000000
vt 2.196511 0.026286 0.000000
vt 2.231401 0.026206 0.000000
vt 2.231403 0.006301 0.000000
vt 2.196539 0.006304 0.000000
vt 2.161673 0.006304 0.000000
vt 2.126807 0.006304 0.000000
vt 2.091942 0.006304 0.000000
vt 2.057076 0.006304 0.000000
vt 2.022211 0.006304 0.000000
vt 1.987345 0.006304 0.000000
vt 1.952479 0.006304 0.000000
vt 1.917614 0.006304 0.000000
vt 1.882748 0.006304 0.000000
vt 1.847882 0.006304 0.000000
vt 1.813017 0.006304 0.000000
vt 1.778151 0.006304 0.000000
vt 1.743285 0.006304 0.000000
vt 1.708420 0.006304 0.000000
vt 1.673554 0.006304 0.000000
vt 1.638689 0.006304 0.000000
vt 1.603823 0.006304 0.000000
vt 1.568957 0.006304 0.000000
vt 1.534092 0.006304 0.000000
vt 1.499226 0.006304 0.000000
vt 1.464360 0.006304 0.000000
vt 1.429495 0.006304 0.000000
vt 1.394629 0.006304 0.000000
vt 1.359764 0.006304 0.000000
vt 1.324898 0.006304 0.000000
vt 1.290032 0.006304 0.000000
vt 1.255167 0.006304 0.000000
vt 1.220301 0.006304 0.000000
vt 1.185435 0.006304 0.000000
vt 1.150570 0.006304 0.000000
vt 1.115704 0.006304 0.000000
vt 1.080838 0.006304 0.000000
vt 1.045973 0.006304 0.000000
vt 1.011107 0.006304 0.000000
vt 0.976242 0.006304 0.000000
vt 0.941376 0.006304 0.000000
vt 0.906510 0.006304 0.000000
vt 0.871645 0.006304 0.000000
vt 0.836779 0.006304 0.000000
vt 0.801913 0.006304 0.000000
vt 0.767048 0.006304 0.000000
vt 0.732182 0.006304 0.000000
vt 0.697316 0.006304 0.000000
vt 0.662451 0.006304 0.000000
vt 0.627585 0.006304 0.000000
vt 0.592720 0.006304 0.000000
vt 0.557854 0.006304 0.000000
vt 0.522988 0.006304 0.000000
vt 0.488123 0.006304 0.000000
vt 0.453257 0.006304 0.000000
vt 0.418391 0.006304 0.000000
vt 0.383526 0.006304 0.000000
vt 0.348660 0.006304 0.000000
vt 0.313794 0.006304 0.000000
vt 0.278929 0.006304 0.000000
vt 0.244063 0.006304 0.000000
vt 0.209198 0.006304 0.000000
vt 0.174332 0.006304 0.000000
vt 0.139466 0.006304 0.000000
vt 0.104601 0.006304 0.000000
vt 0.069735 0.006304 0.000000
vt 1.650717 -1.064999 0.000000
vt 1.679999 -1.094281 0.000000
vt 1.640002 -1.024998 0.000000
vt 1.719998 -1.105000 0.000000
vt 1.759999 -1.094283 0.000000
vt 1.789281 -1.065001 0.000000
vt 1.800000 -1.025002 0.000000
vt 1.789283 -0.985001 0.000000
vt 1.760001 -0.955719 0.000000
vt 1.720002 -0.945000 0.000000
vt 1.680001 -0.955717 0.000000
vt 1.650719 -0.984999 0.000000
vt 0.000000 0.019946 0.000000
vt -0.017215 0.009996 0.000000
vt 0.000002 0.000023 0.000000
vt -0.000004 0.026304 0.000000
vt -0.000004 0.006404 0.000000
vt 0.061367 0.016296 0.000000
vt 0.034933 0.006322 0.000000
vt 0.069787 0.006431 0.000000
vt 0.104679 0.006309 0.000000
vt 0.122738 0.016296 0.000000
vt 0.104592 0.026304 0.000000
vt 0.139458 0.026304 0.000000
vt 0.184109 0.016296 0.000000
vt 0.174323 0.026304 0.000000
vt 0.209188 0.026304 0.000000
vt 0.245480 0.016296 0.000000
vt 0.244054 0.026304 0.000000
vt 0.278919 0.026304 0.000000
vt 0.317997 0.016296 0.000000
vt 0.313785 0.026304 0.000000
vt 0.348650 0.026304 0.000000
vt 0.390515 0.016296 0.000000
vt 0.383515 0.026304 0.000000
vt 0.418381 0.026304 0.000000
vt 0.463032 0.016296 0.000000
vt 0.453246 0.026304 0.000000
vt 0.488111 0.026304 0.000000
vt 0.535549 0.016296 0.000000
vt 0.522977 0.026304 0.000000
vt 0.557842 0.026304 0.000000
vt 0.585405 0.016296 0.000000
vt 0.592707 0.026304 0.000000
vt 0.635261 0.016296 0.000000
vt 0.627573 0.026304 0.000000
vt 0.662438 0.026304 0.000000
vt 0.685116 0.016296 0.000000
vt 0.697303 0.026304 0.000000
vt 0.734972 0.016296 0.000000
vt 0.732169 0.026304 0.000000
vt 0.767034 0.026304 0.000000
vt 0.784828 0.016296 0.000000
vt 0.801899 0.026304 0.000000
vt 0.834683 0.016296 0.000000
vt 0.836765 0.026304 0.000000
vt 0.871630 0.026304 0.000000
vt 0.884539 0.016296 0.000000
vt 0.906495 0.026304 0.000000
vt 0.934394 0.016296 0.000000
vt 0.941361 0.026304 0.000000
vt 0.976226 0.026304 0.000000
vt 0.984250 0.016296 0.000000
vt 1.011092 0.026304 0.000000
vt 1.034106 0.016296 0.000000
vt 1.045957 0.026304 0.000000
vt 1.083961 0.016296 0.000000
vt 1.080822 0.026304 0.000000
vt 1.115688 0.026304 0.000000
vt 1.133817 0.016296 0.000000
vt 1.150553 0.026304 0.000000
vt 1.183673 0.016296 0.000000
vt 1.185418 0.026304 0.000000
vt 1.220284 0.026304 0.000000
vt 1.233528 0.016296 0.000000
vt 1.255149 0.026304 0.000000
vt 1.283384 0.016296 0.000000
vt 1.290014 0.026304 0.000000
vt 1.324880 0.026304 0.000000
vt 1.333240 0.016296 0.000000
vt 1.359745 0.026304 0.000000
vt 1.383095 0.016296 0.000000
vt 1.394610 0.026304 0.000000
vt 1.432951 0.016296 0.000000
vt 1.429476 0.026304 0.000000
vt 1.464341 0.026304 0.000000
vt 1.482807 0.016296 0.000000
vt 1.499206 0.026304 0.000000
vt 1.532662 0.016296 0.000000
vt 1.534072 0.026304 0.000000
vt 1.568937 0.026304 0.000000
vt 1.582518 0.016296 0.000000
vt 1.603802 0.026304 0.000000
vt 1.632374 0.016296 0.000000
vt 1.638668 0.026304 0.000000
vt 1.673533 0.026304 0.000000
vt 1.682229 0.016296 0.000000
vt 1.708399 0.026304 0.000000
vt 1.732085 0.016296 0.000000
vt 1.743264 0.026304 0.000000
vt 1.781941 0.016296 0.000000
vt 1.778129 0.026304 0.000000
vt 1.812995 0.026304 0.000000
vt 1.831796 0.016296 0.000000
vt 1.847860 0.026304 0.000000
vt 1.881652 0.016296 0.000000
vt 1.882725 0.026304 0.000000
vt 1.917591 0.026304 0.000000
vt 1.931508 0.016296 0.000000
vt 1.952456 0.026304 0.000000
vt 1.981363 0.016296 0.000000
vt 1.987321 0.026304 0.000000
vt 2.022187 0.026304 0.000000
vt 2.031219 0.016296 0.000000
vt 2.057052 0.026304 0.000000
vt 2.081075 0.016296 0.000000
vt 2.091917 0.026304 0.000000
vt 2.130930 0.016296 0.000000
vt 2.126783 0.026304 0.000000
vt 2.161648 0.026304 0.000000
vt 2.181156 0.016296 0.000000
vt 2.196513 0.026304 0.000000
vt 2.231382 0.006405 0.000000
vt 2.231378 0.026305 0.000000
vt 0.139548 0.006426 0.000000
vt 0.174410 0.006305 0.000000
vt 0.209286 0.006430 0.000000
vt 0.244149 0.006304 0.000000
vt 0.279044 0.006429 0.000000
vt 0.313897 0.006309 0.000000
vt 0.348795 0.006424 0.000000
vt 0.383629 0.006318 0.000000
vt 0.418537 0.006417 0.000000
vt 0.453362 0.006330 0.000000
vt 0.488277 0.006407 0.000000
vt 0.523078 0.006344 0.000000
vt 0.558002 0.006395 0.000000
vt 0.592799 0.006358 0.000000
vt 0.627725 0.006382 0.000000
vt 0.662525 0.006373 0.000000
vt 0.697447 0.006367 0.000000
vt 0.732254 0.006387 0.000000
vt 0.767168 0.006352 0.000000
vt 0.801985 0.006400 0.000000
vt 0.836888 0.006338 0.000000
vt 0.871716 0.006411 0.000000
vt 0.906606 0.006325 0.000000
vt 0.941442 0.006420 0.000000
vt 0.976331 0.006314 0.000000
vt 1.011179 0.006426 0.000000
vt 1.046039 0.006307 0.000000
vt 1.080897 0.006430 0.000000
vt 1.115764 0.006304 0.000000
vt 1.150641 0.006430 0.000000
vt 1.185489 0.006306 0.000000
vt 1.220356 0.006427 0.000000
vt 1.255193 0.006313 0.000000
vt 1.290073 0.006421 0.000000
vt 1.324897 0.006324 0.000000
vt 1.359803 0.006412 0.000000
vt 1.394619 0.006337 0.000000
vt 1.429531 0.006401 0.000000
vt 1.464343 0.006351 0.000000
vt 1.499262 0.006388 0.000000
vt 1.534073 0.006366 0.000000
vt 1.568996 0.006374 0.000000
vt 1.603810 0.006381 0.000000
vt 1.638735 0.006359 0.000000
vt 1.673557 0.006394 0.000000
vt 1.708473 0.006345 0.000000
vt 1.743279 0.006407 0.000000
vt 1.778186 0.006331 0.000000
vt 1.813015 0.006416 0.000000
vt 1.847909 0.006319 0.000000
vt 1.882727 0.006424 0.000000
vt 1.917610 0.006310 0.000000
vt 1.952441 0.006428 0.000000
vt 1.987310 0.006305 0.000000
vt 2.022174 0.006430 0.000000
vt 2.057027 0.006305 0.000000
vt 2.091885 0.006427 0.000000
vt 2.126732 0.006309 0.000000
vt 2.161622 0.006431 0.000000
vt 2.196453 0.006322 0.000000
vt 0.069727 0.026304 0.000000
vt 0.034862 0.026304 0.000000
vn 0.000000 0.100000 0.000000
vn 0.000000 0.100000 0.000000
vn 0.000000 0.100000 0.000000
vn 0.000000 0.100000 0.000000
vn 0.000000 0.100000 0.000000
vn 0.000000 0.100000 0.000000
vn 0.000000 0.100000 0.000000
vn 0.000000 0.100000 0.000000
vn 0.000000 0.100000 0.000000
vn 0.000000 0.100000 0.000000
vn 0.000000 0.100000 0.000000
vn 0.000000 0.100000 0.000000
vn 0.000000 0.100000 0.000000
vn 0.000000 0.100000 0.000000
vn 0.000000 0.100000 0.000000
vn 0.000000 0.100000 0.000000
vn 0.000000 0.100000 0.000000
vn 0.000000 0.100000 0.000000
vn 0.000000 0.100000 0.000000
vn 0.000000 0.100000 0.000000
vn 0.000000 0.100000 0.000000
vn 0.000000 0.100000 0.000000
vn 0.000000 0.100000 0.000000
vn 0.000000 0.100000 0.000000
vn 0.000000 0.100000 0.000000
vn 0.000000 0.100000 0.000000
vn 0.000000 0.100000 0.000000
vn 0.000000 0.100000 0.000000
vn 0.100000 0.000000 0.000000
vn 0.100000 0.000000 0.000000
vn 0.100000 0.000000 0.000000
vn 0.100000 0.000000 0.000000
vn 0.070711 0.070711 0.000000
vn 0.070711 0.070711 0.000000
vn 0.070711 0.070711 0.000000
vn 0.070711 0.070711 0.000000
vn 0.000000 0.100000 0.000000
vn 0.000000 0.100000 0.000000
vn 0.000000 0.100000 0.000000
vn 0.000000 0.100000 0.000000
vn 0.000000 0.100000 0.000000
vn 0.000000 0.100000 0.000000
vn 0.000000 0.100000 0.000000
vn 0.000000 0.100000 0.000000
vn 0.000000 0.100000 0.000000
vn 0.000000 0.100000 0.000000
vn 0.000000 0.100000 0.000000
vn 0.000000 0.100000 0.000000
vn 0.000000 0.100000 0.000000
vn 0.000000 0.100000 0.000000
vn 0.000000 0.100000 0.000000
vn 0.000000 0.100000 0.000000
vn 0.000000 0.100000 0.000000
vn 0.000000 0.100000 0.000000
vn 0.000000 0.100000 0.000000
vn 0.000000 0.100000 0.000000
vn 0.000000 0.100000 0.000000
vn 0.000000 0.100000 0.000000
vn 0.000000 0.100000 0.000000
vn 0.000000 0.100000 0.000000
vn 0.000000 0.100000 0.000000
vn 0.000000 0.100000 0.000000
vn 0.000000 0.100000 0.000000
vn 0.000000 0.100000 0.000000
vn 0.000000 0.100000 0.000000
vn 0.000000 0.100000 0.000000
vn 0.000000 0.100000 0.000000
vn 0.000000 0.100000 0.000000
vn 0.000000 0.100000 0.000000
vn 0.000000 0.100000 0.000000
vn 0.000000 0.100000 0.000000
vn 0.000000 0.100000 0.000000
vn 0.000000 0.100000 0.000000
vn 0.000000 0.100000 0.000000
vn 0.000000 0.100000 0.000000
vn 0.000000 0.100000 0.000000
vn 0.000000 0.100000 0.000000
vn 0.000000 0.100000 0.000000
vn 0.000000 0.100000 0.000000
vn 0.000000 0.100000 0.000000
vn 0.000000 0.100000 0.000000
vn 0.000000 0.100000 0.000000
vn 0.000000 0.100000 0.000000
vn 0.000000 0.100000 0.000000
vn 0.000000 0.100000 0.000000
vn 0.000000 0.100000 0.000000
vn 0.000000 0.100000 0.000000
vn 0.000000 0.100000 0.000000
vn 0.000000 0.100000 0.000000
vn 0.000000 0.100000 0.000000
vn 0.000000 0.100000 0.000000
vn 0.000000 0.100000 0.000000
vn 0.000000 0.100000 0.000000
vn 0.000000 0.100000 0.000000
vn 0.000000 0.100000 0.000000
vn 0.000000 0.100000 0.000000
vn 0.000000 0.100000 0.000000
vn 0.000000 0.100000 0.000000
vn 0.000000 0.100000 0.000000
vn -0.061568 0.070711 0.034775
vn -0.060928 0.070711 0.035884
vn -0.054617 0.070711 0.044909
vn -0.060313 0.070711 0.036909
vn -0.059359 0.070711 0.038424
vn -0.052767 0.070711 0.047070
vn -0.046018 0.070711 0.053686
vn -0.044926 0.070711 0.054603
vn -0.036029 0.070711 0.060843
vn -0.036024 0.070711 0.060845
vn -0.050953 0.000000 0.086045
vn -0.050953 0.000000 0.086045
vn -0.065080 0.000000 0.075925
vn -0.086877 0.000000 0.049521
vn -0.077242 0.000000 0.063512
vn -0.087071 0.000000 0.049180
vn -0.100000 0.000000 -0.000000
vn -0.098535 0.000000 0.017055
vn -0.098535 0.000000 -0.017055
vn -0.086877 0.000000 -0.049521
vn -0.087071 0.000000 -0.049180
vn -0.077242 0.000000 -0.063512
vn -0.065080 0.000000 -0.075925
vn -0.050953 0.000000 -0.086045
vn -0.050953 0.000000 -0.086045
vn -0.087071 0.000000 -0.049180
vn -0.087071 0.000000 0.049180
vn -0.099997 0.000000 -0.000708
vn -0.099418 0.000000 0.010776
vn -0.087071 0.000000 0.049180
vn -0.095249 0.000000 0.030458
vn -0.087071 0.000000 0.049180
vn -0.096844 0.000000 -0.024924
vn -0.086366 0.000000 -0.050408
vn -0.077027 0.000000 -0.063771
vn -0.049795 0.000000 -0.086720
vn -0.042561 0.000000 -0.090491
vn -0.000000 0.000000 -0.100000
vn -0.000000 0.000000 -0.100000
vn 0.000000 0.000000 -0.100000
vn 0.000000 0.000000 -0.100000
vn 0.000000 0.000000 -0.100000
vn 0.000000 0.000000 -0.100000
vn 0.000000 0.070711 -0.070711
vn 0.000000 0.070711 -0.070711
vn 0.000000 0.070711 -0.070711
vn 0.000000 0.070711 -0.070711
vn 0.000000 0.100000 0.000000
vn 0.000000 0.100000 0.000000
vn 0.000000 0.100000 0.000000
vn 0.000000 0.100000 0.000000
vn 0.000000 0.100000 0.000000
vn 0.000000 0.100000 0.000000
vn 0.000000 0.100000 0.000000
vn 0.000000 0.100000 0.000000
vn 0.000000 0.100000 0.000000
vn 0.000000 0.100000 0.000000
vn 0.000000 0.100000 0.000000
vn 0.000000 0.100000 0.000000
vn 0.000000 0.100000 0.000000
vn 0.000000 0.100000 0.000000
vn 0.000000 0.100000 0.000000
vn 0.000000 0.100000 0.000000
vn 0.000000 0.100000 0.000000
vn 0.000000 0.100000 0.000000
vn 0.000000 0.100000 0.000000
vn 0.000000 0.100000 0.000000
vn -0.000000 0.070711 -0.070711
vn -0.035211 0.070711 -0.061321
vn -0.035211 0.070711 -0.061320
vn -0.061070 0.070710 -0.035644
vn -0.061070 0.070710 -0.035644
vn -0.070710 0.070710 -0.000500
vn -0.070710 0.070710 -0.000500
vn -0.061569 0.070710 0.034777
vn -0.061569 0.070710 0.034777
vn -0.061569 0.070710 0.034776
vn -0.061569 0.070710 0.034776
vn -0.069675 0.070710 0.012060
vn -0.069675 0.070710 0.012060
vn -0.069675 0.070710 -0.012060
vn -0.061569 0.070710 -0.034776
vn -0.061569 0.070710 -0.034776
vn -0.069675 0.070710 -0.012060
vn -0.061569 0.070710 -0.034777
vn -0.070710 0.070710 0.000500
vn -0.061569 0.070710 -0.034777
vn -0.070710 0.070710 0.000500
vn -0.061070 0.070710 0.035644
vn -0.061070 0.070710 0.035644
vn -0.035211 0.070711 0.061320
vn -0.035211 0.070711 0.061321
vn -0.000000 0.070711 0.070711
vn -0.000000 0.070711 0.070711
vn 0.000000 0.070711 0.070711
vn 0.000000 0.070711 0.070711
vn -0.000000 0.070711 0.070711
vn 0.027060 0.070711 0.065328
vn -0.000000 0.070711 0.070711
vn 0.035355 0.070711 0.061237
vn 0.050000 0.070711 0.050000
vn 0.061237 0.070711 0.035355
vn 0.065328 0.070711 0.027060
vn 0.070711 0.070711 -0.000000
vn 0.070711 0.070711 -0.000000
vn 0.070711 0.070711 0.000000
vn 0.070711 0.070711 0.000000
vn 0.070711 0.070711 0.000000
vn 0.070711 0.070711 0.000000
vn 0.070711 0.070711 0.000000
vn 0.065328 0.070711 -0.027060
vn 0.070711 0.070711 -0.000000
vn 0.061237 0.070711 -0.035355
vn 0.050000 0.070711 -0.050000
vn 0.035355 0.070711 -0.061237
vn 0.027060 0.070711 -0.065328
vn -0.000000 0.070711 -0.070711
vn -0.000000 0.070711 -0.070711
vn 0.000000 0.000000 -0.100000
vn 0.023065 0.000000 -0.097304
vn 0.038268 0.000000 -0.092388
vn 0.044886 0.000000 -0.089360
vn 0.064286 0.000000 -0.076598
vn 0.070711 0.000000 -0.070711
vn 0.091652 0.000000 -0.040000
vn 0.092388 0.000000 -0.038268
vn 0.097891 0.000000 -0.020431
vn 0.100000 0.000000 -0.000000
vn 0.100000 0.000000 -0.000000
vn 0.052681 0.070712 -0.047165
vn 0.067341 0.070712 -0.021565
vn 0.061236 0.070712 -0.035355
vn 0.070710 0.070712 0.000000
vn 0.070710 0.070712 0.000000
vn 0.035355 0.070712 -0.061236
vn 0.028852 0.070712 -0.064556
vn 0.000000 0.070712 -0.070710
vn -0.000000 0.070712 -0.070710
vn 0.000000 0.070711 -0.070711
vn 0.000000 0.070711 -0.070711
vn 0.000000 0.070711 -0.070711
vn 0.000000 0.070711 -0.070711
vn 0.000000 0.070711 -0.070711
vn 0.027060 0.070711 -0.065328
vn 0.000000 0.070711 -0.070711
vn 0.035355 0.070711 -0.061237
vn 0.050000 0.070711 -0.050000
vn 0.061237 0.070711 -0.035355
vn 0.065328 0.070711 -0.027060
vn 0.070711 0.070711 0.000000
vn 0.070711 0.070711 0.000000
vn -0.000000 0.000000 -0.100000
vn -0.000000 0.000000 -0.100000
vn 0.038268 0.000000 -0.092388
vn 0.050000 0.000000 -0.086603
vn 0.070711 0.000000 -0.070711
vn 0.086603 0.000000 -0.050000
vn 0.092388 0.000000 -0.038268
vn 0.100000 -0.000000 0.000000
vn 0.100000 -0.000000 0.000000
vn 0.000000 0.000000 -0.100000
vn 0.000000 0.000000 -0.100000
vn 0.000000 0.000000 -0.100000
vn 0.000000 0.000000 -0.100000
vn 0.100000 0.000000 -0.000000
vn 0.086603 0.000000 -0.050000
vn 0.100000 0.000000 0.000000
vn 0.086603 0.000000 -0.050000
vn 0.050000 0.000000 -0.086603
vn 0.050000 0.000000 -0.086603
vn -0.000000 0.000000 -0.100000
vn 0.100000 0.000000 0.000000
vn 0.100000 0.000000 0.000000
vn 0.100000 0.000000 0.000000
vn 0.100000 0.000000 0.000000
vn 0.100000 0.000000 0.000000
vn 0.100000 0.000000 0.000000
vn 0.100000 0.000000 0.000000
vn 0.100000 0.000000 0.000000
vn 0.100000 0.000000 0.000000
vn 0.100000 0.000000 0.000000
vn 0.100000 0.000000 0.000000
vn 0.070710 0.070712 0.000000
vn 0.070710 0.070712 0.000000
vn 0.070710 0.070712 0.000000
vn 0.000000 0.000000 -0.100000
vn 0.000000 0.000000 -0.100000
vn 0.050000 0.000000 -0.086603
vn 0.050000 0.000000 -0.086603
vn 0.086603 0.000000 -0.050000
vn 0.086603 0.000000 -0.050000
vn 0.000000 -0.100000 0.000000
vn 0.000000 -0.100000 0.000000
vn 0.000000 -0.100000 0.000000
vn 0.000000 -0.100000 0.000000
vn 0.000000 -0.100000 0.000000
vn 0.000000 -0.100000 0.000000
vn 0.000000 -0.100000 0.000000
vn 0.000000 -0.100000 0.000000
vn 0.000000 -0.100000 0.000000
vn 0.000000 -0.100000 0.000000
vn 0.000000 -0.100000 0.000000
vn 0.000000 -0.100000 0.000000
vn 0.000000 -0.100000 0.000000
vn 0.000000 -0.100000 0.000000
vn 0.000000 -0.100000 0.000000
vn 0.000000 -0.100000 0.000000
vn 0.000000 -0.100000 0.000000
vn 0.000000 -0.100000 0.000000
vn 0.000000 -0.100000 0.000000
vn 0.000000 -0.100000 0.000000
vn 0.000000 -0.100000 0.000000
vn 0.000000 -0.100000 0.000000
vn 0.000000 -0.100000 0.000000
vn 0.000000 -0.100000 0.000000
vn 0.000000 -0.100000 0.000000
vn 0.000000 -0.100000 0.000000
vn 0.000000 -0.100000 0.000000
vn 0.000000 -0.100000 0.000000
vn 0.000000 -0.100000 0.000000
vn 0.000000 -0.100000 0.000000
vn 0.000000 -0.100000 0.000000
vn 0.000000 -0.100000 0.000000
vn 0.000000 -0.100000 0.000000
vn 0.000000 -0.100000 0.000000
vn 0.000000 -0.100000 0.000000
vn 0.000000 -0.100000 0.000000
vn 0.000000 -0.100000 0.000000
vn 0.000000 -0.100000 0.000000
vn 0.000000 -0.100000 0.000000
vn 0.000000 -0.100000 0.000000
vn 0.000000 -0.100000 0.000000
vn 0.000000 -0.100000 0.000000
vn 0.000000 -0.100000 0.000000
vn 0.000000 -0.100000 0.000000
vn 0.000000 -0.100000 0.000000
vn 0.000000 -0.100000 0.000000
vn 0.000000 -0.100000 0.000000
vn 0.000000 -0.100000 0.000000
vn 0.000000 -0.100000 0.000000
vn 0.000000 -0.100000 0.000000
vn 0.000000 -0.100000 0.000000
vn 0.000000 -0.100000 0.000000
vn 0.000000 -0.100000 0.000000
vn 0.000000 -0.100000 0.000000
vn 0.000000 -0.100000 0.000000
vn 0.000000 -0.100000 0.000000
vn 0.000000 -0.100000 0.000000
vn 0.000000 -0.100000 0.000000
vn 0.000000 -0.100000 0.000000
vn 0.000000 -0.100000 0.000000
vn 0.000000 -0.100000 0.000000
vn 0.000000 -0.100000 0.000000
vn 0.000000 -0.100000 0.000000
vn 0.000000 -0.100000 0.000000
vn 0.000000 -0.100000 0.000000
vn 0.000000 -0.100000 0.000000
vn 0.000000 -0.100000 0.000000
vn 0.000000 -0.100000 0.000000
vn 0.000000 -0.100000 0.000000
vn 0.000000 -0.100000 0.000000
vn -0.070711 0.000000 0.070711
vn -0.070711 0.000000 0.070711
vn -0.070711 0.000000 0.070711
vn -0.070711 0.000000 0.070711
vn -0.050000 0.070711 0.050000
vn -0.050000 0.070711 0.050000
vn -0.050000 0.070711 0.050000
vn -0.050000 0.070711 0.050000
vn 0.000000 0.100000 0.000000
vn 0.000000 0.100000 0.000000
vn 0.000000 0.100000 0.000000
vn 0.000000 0.100000 0.000000
vn 0.000000 0.100000 0.000000
vn 0.000000 0.100000 0.000000
vn 0.000000 0.100000 0.000000
vn 0.000000 0.100000 0.000000
vn 0.000000 0.100000 0.000000
vn 0.000000 0.100000 0.000000
vn 0.000000 0.100000 0.000000
vn 0.000000 0.100000 0.000000
vn 0.000000 0.100000 0.000000
vn 0.000000 0.100000 0.000000
vn 0.000000 0.100000 0.000000
vn 0.000000 0.100000 0.000000
vn 0.000000 0.100000 0.000000
vn 0.000000 0.100000 0.000000
vn 0.000000 0.100000 0.000000
vn 0.000000 0.100000 0.000000
vn 0.000000 0.100000 0.000000
vn 0.000000 0.100000 0.000000
vn 0.000000 0.100000 0.000000
vn 0.000000 0.100000 0.000000
vn 0.000000 0.100000 0.000000
vn 0.000000 0.100000 0.000000
vn 0.000000 0.100000 0.000000
vn 0.000000 0.100000 0.000000
vn 0.000000 0.100000 0.000000
vn 0.000000 0.100000 0.000000
vn 0.000000 0.100000 0.000000
vn 0.000000 0.100000 0.000000
vn 0.000000 0.100000 0.000000
vn 0.000000 0.100000 0.000000
vn 0.000000 0.100000 0.000000
vn 0.000000 0.100000 0.000000
vn 0.000000 0.100000 0.000000
vn 0.000000 0.100000 0.000000
vn 0.000000 0.100000 0.000000
vn 0.000000 0.100000 0.000000
vn 0.000000 0.100000 0.000000
vn 0.000000 0.100000 0.000000
vn 0.000000 0.100000 0.000000
vn 0.000000 0.100000 0.000000
vn 0.000000 0.100000 0.000000
vn 0.000000 0.100000 0.000000
vn 0.000000 0.100000 0.000000
vn 0.000000 0.100000 0.000000
vn 0.000000 0.100000 0.000000
vn 0.000000 0.100000 0.000000
vn 0.000000 0.100000 0.000000
vn 0.000000 0.100000 0.000000
vn 0.000000 0.100000 0.000000
vn 0.000000 0.100000 0.000000
vn 0.000000 0.100000 0.000000
vn 0.000000 0.100000 0.000000
vn 0.000000 0.100000 0.000000
vn 0.000000 0.100000 0.000000
vn 0.000000 0.100000 0.000000
vn 0.000000 0.100000 0.000000
vn 0.000000 0.100000 0.000000
vn 0.000000 0.100000 0.000000
vn 0.000000 0.100000 0.000000
vn 0.000000 0.100000 0.000000
vn 0.000000 0.100000 0.000000
vn 0.000000 0.100000 0.000000
vn 0.000000 0.100000 0.000000
vn 0.000000 0.100000 0.000000
vn 0.000000 0.100000 0.000000
vn 0.000000 0.100000 0.000000
vn 0.000000 0.100000 0.000000
vn 0.000000 0.100000 0.000000
vn 0.000000 0.100000 0.000000
vn 0.000000 0.100000 0.000000
vn 0.000000 0.100000 0.000000
vn 0.000000 0.100000 0.000000
vn 0.000000 0.100000 0.000000
vn 0.000824 0.070712 0.070704
vn 0.000824 0.070712 0.070704
vn 0.000824 0.070712 0.070704
vn 0.000824 0.070712 0.070704
vn 0.000824 0.070712 0.070704
vn 0.002188 0.000000 0.099976
vn 0.001521 0.000000 0.099988
vn 0.002195 0.000000 0.099976
vn 0.000855 0.000000 0.099996
vn 0.000188 0.000000 0.100000
vn 0.000188 0.000000 0.100000
vn 0.000000 0.000000 0.100000
vn 0.000000 0.000000 0.100000
vn 0.000000 0.000000 0.100000
vn 0.000000 0.000000 0.100000
vn 0.000000 0.000000 0.100000
vn 0.000000 0.000000 0.100000
vn 0.000000 0.000000 0.100000
vn 0.000000 0.000000 0.100000
vn 0.000000 0.070711 0.070711
vn 0.000000 0.070711 0.070711
vn 0.000000 0.070711 0.070711
vn 0.000000 0.070711 0.070711
vn -0.000000 0.000000 0.100000
vn -0.000001 0.000000 0.100000
vn -0.027984 0.000000 0.096005
vn -0.038269 0.000000 0.092388
vn -0.053744 0.000000 0.084330
vn -0.070711 0.000000 0.070711
vn -0.079876 0.000000 0.060165
vn -0.092388 0.000000 0.038269
vn -0.090881 0.000000 0.041721
vn -0.097694 0.000000 0.021353
vn -0.100000 0.000000 0.000001
vn -0.100000 0.000000 0.000000
vn -0.100000 0.000000 0.000000
vn -0.100000 0.000000 0.000000
vn -0.100000 0.000000 0.000000
vn -0.100000 0.000000 0.000000
vn -0.070711 0.070711 0.000000
vn -0.070711 0.070711 0.000000
vn -0.070711 0.070711 0.000000
vn -0.070711 0.070711 0.000000
vn 0.000000 0.100000 0.000000
vn 0.000000 0.100000 0.000000
vn 0.000000 0.100000 0.000000
vn 0.000000 0.100000 0.000000
vn 0.000000 0.100000 0.000000
vn 0.000000 0.100000 0.000000
vn 0.000000 0.100000 0.000000
vn 0.000000 0.100000 0.000000
vn 0.000000 0.100000 0.000000
vn 0.000000 0.100000 0.000000
vn 0.000000 0.100000 0.000000
vn 0.000000 0.100000 0.000000
vn 0.000000 0.100000 0.000000
vn 0.000000 0.100000 0.000000
vn 0.000000 0.100000 0.000000
vn 0.000000 0.100000 0.000000
vn 0.000000 0.100000 0.000000
vn 0.000000 0.100000 0.000000
vn 0.000000 0.100000 0.000000
vn 0.000000 0.100000 0.000000
vn 0.000000 0.100000 0.000000
vn 0.000000 0.100000 0.000000
vn 0.000000 0.100000 0.000000
vn 0.000000 0.100000 0.000000
vn 0.000000 0.100000 0.000000
vn 0.000000 0.100000 0.000000
vn 0.000000 0.100000 0.000000
vn 0.000000 0.100000 0.000000
vn 0.000000 0.100000 0.000000
vn 0.000000 0.100000 0.000000
vn 0.000000 0.100000 0.000000
vn 0.000000 0.100000 0.000000
vn 0.000000 0.100000 0.000000
vn 0.000000 0.100000 0.000000
vn 0.000000 0.100000 0.000000
vn 0.000000 0.100000 0.000000
vn 0.000000 0.100000 0.000000
vn 0.000000 0.100000 0.000000
vn 0.000000 0.100000 0.000000
vn 0.000000 0.100000 0.000000
vn 0.000000 0.100000 0.000000
vn 0.000000 0.100000 0.000000
vn 0.000000 0.100000 0.000000
vn 0.000000 0.100000 0.000000
vn 0.000000 0.100000 0.000000
vn 0.000000 0.100000 0.000000
vn 0.000000 0.100000 0.000000
vn 0.000000 0.100000 0.000000
vn 0.000000 0.100000 0.000000
vn 0.000000 0.100000 0.000000
vn 0.000000 0.100000 0.000000
vn 0.000000 0.100000 0.000000
vn 0.000000 0.100000 0.000000
vn 0.000000 0.100000 0.000000
vn 0.000000 0.100000 0.000000
vn 0.000000 0.100000 0.000000
vn 0.000000 0.100000 0.000000
vn 0.000000 0.100000 0.000000
vn 0.000000 0.100000 0.000000
vn 0.000000 0.100000 0.000000
vn 0.000000 0.100000 0.000000
vn 0.000000 0.100000 0.000000
vn 0.000000 0.100000 0.000000
vn 0.070710 0.070711 -0.000000
vn 0.067341 0.070711 0.021566
vn 0.070710 0.070711 -0.000000
vn 0.061237 0.070711 0.035355
vn 0.052681 0.070711 0.047166
vn 0.035355 0.070711 0.061237
vn 0.028852 0.070711 0.064556
vn 0.000000 0.070711 0.070710
vn -0.000000 0.070711 0.070710
vn -0.000000 0.000000 0.100000
vn 0.050000 0.000000 0.086603
vn -0.000000 0.000000 0.100000
vn 0.050000 0.000000 0.086603
vn 0.086603 0.000000 0.050000
vn 0.086603 0.000000 0.050000
vn 0.100000 0.000000 -0.000000
vn 0.100000 0.000000 -0.000000
vn 0.000000 0.100000 0.000000
vn 0.000000 0.100000 0.000000
vn 0.000000 0.100000 0.000000
vn 0.000000 0.100000 0.000000
vn 0.000000 0.100000 0.000000
vn 0.000000 0.100000 0.000000
vn 0.000000 0.100000 0.000000
vn 0.000000 0.100000 0.000000
vn 0.000000 0.100000 0.000000
vn 0.000000 0.100000 0.000000
vn 0.000000 0.100000 0.000000
vn 0.000000 0.100000 0.000000
vn 0.000000 0.100000 0.000000
vn 0.000000 0.100000 0.000000
vn 0.000000 0.100000 0.000000
vn 0.000000 0.100000 0.000000
vn 0.000000 0.100000 0.000000
vn 0.000000 0.100000 0.000000
vn 0.000000 0.100000 0.000000
vn 0.000000 0.100000 0.000000
vn 0.000000 0.100000 0.000000
vn 0.000000 0.100000 0.000000
vn 0.000000 0.100000 0.000000
vn 0.000000 0.100000 0.000000
vn 0.000000 0.100000 0.000000
vn 0.000000 0.100000 0.000000
vn 0.000000 0.100000 0.000000
vn 0.000000 0.100000 0.000000
vn 0.000000 0.000000 0.100000
vn 0.000000 0.000000 0.100000
vn 0.000000 0.000000 0.100000
vn 0.000000 0.070711 0.070711
vn 0.000000 0.070711 0.070711
vn 0.000000 0.070711 0.070711
vn 0.000000 0.070711 0.070711
vn 0.070711 0.070711 -0.000000
vn 0.065328 0.070711 0.027060
vn 0.070711 0.070711 -0.000000
vn 0.061237 0.070711 0.035355
vn 0.050000 0.070711 0.050000
vn 0.035355 0.070711 0.061237
vn 0.027060 0.070711 0.065328
vn 0.000000 0.070711 0.070711
vn 0.000000 0.070711 0.070711
vn 0.100000 0.000000 -0.000000
vn 0.100000 0.000000 -0.000000
vn 0.092388 -0.000000 0.038268
vn 0.086603 -0.000000 0.050000
vn 0.070711 -0.000000 0.070711
vn 0.050000 -0.000000 0.086603
vn 0.038268 -0.000000 0.092388
vn -0.000000 0.000000 0.100000
vn -0.000000 0.000000 0.100000
vn 0.100000 0.000000 0.000000
vn 0.100000 0.000000 0.000000
vn 0.100000 0.000000 0.000000
vn 0.100000 0.000000 0.000000
vn 0.070711 0.070711 0.000000
vn 0.070711 0.070711 0.000000
vn 0.070711 0.070711 0.000000
vn 0.070711 0.070711 0.000000
vn -0.000000 0.070711 0.070711
vn 0.000000 0.070711 0.070711
vn 0.035355 0.070710 0.061237
vn 0.035356 0.070710 0.061237
vn 0.061237 0.070710 0.035356
vn 0.070711 0.070711 0.000000
vn 0.070711 0.070711 -0.000000
vn 0.061237 0.070710 0.035355
vn -0.000000 0.000000 0.100000
vn 0.050000 0.000000 0.086603
vn 0.050000 0.000000 0.086603
vn 0.086603 0.000000 0.050000
vn 0.086603 0.000000 0.050000
vn 0.100000 0.000000 -0.000000
vn 0.100000 0.000000 -0.000000
vn 0.000000 0.070711 0.070711
vn 0.000000 0.070711 0.070711
vn 0.000000 0.070711 0.070711
vn 0.000000 0.070711 0.070711
vn -0.070711 0.070711 -0.000001
vn -0.065328 0.070711 0.027059
vn -0.070711 0.070711 0.000000
vn -0.061237 0.070711 0.035355
vn -0.050000 0.070711 0.050000
vn -0.035355 0.070711 0.061237
vn -0.027059 0.070711 0.065328
vn 0.000000 0.070711 0.070711
vn 0.000001 0.070711 0.070711
vn 0.086603 -0.000000 0.050000
vn 0.086603 -0.000000 0.050000
vn 0.050000 -0.000000 0.086603
vn 0.050000 -0.000000 0.086603
vn 0.086603 0.000000 -0.050000
vn 0.086603 0.000000 -0.050000
vn 0.100000 0.000000 -0.000000
vn 0.100000 0.000000 -0.000000
vn 0.086603 0.000000 0.050000
vn 0.086603 0.000000 0.050000
vn 0.050000 0.000000 0.086603
vn 0.050000 0.000000 0.086603
vn -0.000000 0.000000 0.100000
vn -0.000000 0.000000 0.100000
vn -0.050000 0.000000 0.086603
vn -0.050000 0.000000 0.086603
vn -0.086603 0.000000 0.050000
vn -0.086603 0.000000 0.050000
vn -0.100000 0.000000 0.000000
vn -0.100000 0.000000 0.000000
vn -0.086603 0.000000 -0.050000
vn -0.086603 0.000000 -0.050000
vn -0.050000 0.000000 -0.086603
vn -0.050000 0.000000 -0.086603
vn -0.000000 0.000000 -0.100000
vn -0.000000 0.000000 -0.100000
vn 0.050000 0.000000 -0.086603
vn 0.050000 0.000000 -0.086603
vn 0.000000 -0.100000 0.000000
vn 0.000000 -0.100000 0.000000
vn 0.000000 -0.100000 0.000000
vn 0.000000 -0.100000 0.000000
vn 0.000000 -0.100000 0.000000
vn 0.000000 -0.100000 0.000000
vn 0.000000 -0.100000 0.000000
vn 0.000000 -0.100000 0.000000
vn 0.000000 -0.100000 0.000000
vn 0.000000 -0.100000 0.000000
vn 0.000000 -0.100000 0.000000
vn 0.000000 -0.100000 0.000000
vn 0.000000 -0.100000 0.000000
vn 0.000000 -0.100000 0.000000
vn 0.000000 -0.100000 0.000000
vn 0.000000 -0.100000 0.000000
vn 0.000000 -0.100000 0.000000
vn 0.000000 -0.100000 0.000000
vn 0.000000 -0.100000 0.000000
vn 0.000000 -0.100000 0.000000
vn 0.000000 -0.100000 0.000000
vn 0.000000 -0.100000 0.000000
vn 0.000000 -0.100000 0.000000
vn 0.000000 -0.100000 0.000000
vn 0.000000 -0.100000 0.000000
vn 0.000000 -0.100000 0.000000
vn 0.000000 -0.100000 0.000000
vn 0.000000 -0.100000 0.000000
vn 0.000000 -0.100000 0.000000
vn 0.000000 -0.100000 0.000000
vn 0.000000 -0.100000 0.000000
vn 0.000000 -0.100000 0.000000
vn 0.000000 -0.100000 0.000000
vn 0.000000 -0.100000 0.000000
vn 0.000000 -0.100000 0.000000
vn 0.000000 -0.100000 0.000000
vn 0.000000 -0.100000 0.000000
vn 0.000000 -0.100000 0.000000
vn 0.000000 -0.100000 0.000000
vn 0.000000 -0.100000 0.000000
vn 0.000000 -0.100000 0.000000
vn 0.000000 -0.100000 0.000000
vn 0.000000 -0.100000 0.000000
vn 0.000000 -0.100000 0.000000
vn 0.000000 -0.100000 0.000000
vn 0.000000 -0.100000 0.000000
vn 0.000000 -0.100000 0.000000
vn 0.000000 -0.100000 0.000000
vn 0.000000 -0.100000 0.000000
vn 0.000000 -0.100000 0.000000
vn 0.000000 -0.100000 0.000000
vn 0.000000 -0.100000 0.000000
vn 0.000000 -0.100000 0.000000
vn 0.000000 -0.100000 0.000000
vn 0.000000 -0.100000 0.000000
vn 0.000000 -0.100000 0.000000
vn 0.000000 -0.100000 0.000000
vn 0.000000 -0.100000 0.000000
vn 0.000000 -0.100000 0.000000
vn 0.000000 -0.100000 0.000000
vn 0.000000 -0.100000 0.000000
vn 0.000000 -0.100000 0.000000
vn 0.000000 -0.100000 0.000000
vn 0.000000 -0.100000 0.000000
vn 0.000000 -0.100000 0.000000
vn 0.000000 -0.100000 0.000000
vn 0.000000 -0.100000 0.000000
vn 0.000000 -0.100000 0.000000
vn 0.000000 -0.100000 0.000000
vn 0.000000 -0.100000 0.000000
vn 0.000000 -0.100000 0.000000
vn 0.000000 -0.100000 0.000000
vn 0.000000 -0.100000 0.000000
vn 0.000000 -0.100000 0.000000
vn 0.000000 -0.100000 0.000000
vn 0.000000 -0.100000 0.000000
vn 0.000000 -0.100000 0.000000
vn 0.000000 -0.100000 0.000000
vn 0.000000 -0.100000 0.000000
vn 0.000000 -0.100000 0.000000
vn 0.000000 -0.100000 0.000000
vn 0.000000 -0.100000 0.000000
vn 0.000000 -0.100000 0.000000
vn 0.000000 -0.100000 0.000000
vn 0.000000 -0.100000 0.000000
vn 0.000000 -0.100000 0.000000
vn 0.000000 -0.100000 0.000000
vn 0.000000 -0.100000 0.000000
vn 0.000000 -0.100000 0.000000
vn 0.000000 -0.100000 0.000000
vn 0.000000 -0.100000 0.000000
vn 0.000000 -0.100000 0.000000
vn 0.000000 -0.100000 0.000000
vn 0.000000 -0.100000 0.000000
vn 0.000000 -0.100000 0.000000
vn 0.000000 -0.100000 0.000000
vn 0.000000 -0.100000 0.000000
vn 0.000000 -0.100000 0.000000
vn 0.000000 -0.100000 0.000000
vn 0.000000 -0.100000 0.000000
vn 0.000000 -0.100000 0.000000
vn 0.000000 -0.100000 0.000000
vn 0.000000 -0.100000 0.000000
vn 0.000000 -0.100000 0.000000
vn 0.000000 -0.100000 0.000000
vn 0.000000 -0.100000 0.000000
vn 0.000000 -0.100000 0.000000
vn 0.000000 -0.100000 0.000000
vn 0.000000 -0.100000 0.000000
vn 0.000000 -0.100000 0.000000
vn 0.000000 -0.100000 0.000000
vn 0.000000 -0.100000 0.000000
vn 0.000000 -0.100000 0.000000
vn 0.000000 -0.100000 0.000000
vn 0.000000 -0.100000 0.000000
vn 0.000000 -0.100000 0.000000
vn 0.000000 -0.100000 0.000000
vn 0.000000 -0.100000 0.000000
vn 0.000000 -0.100000 0.000000
vn 0.000000 -0.100000 0.000000
vn 0.000000 -0.100000 0.000000
vn 0.000000 -0.100000 0.000000
vn 0.000000 -0.100000 0.000000
vn 0.000000 -0.100000 0.000000
vn 0.000000 -0.100000 0.000000
vn 0.000000 -0.100000 0.000000
vn 0.000000 -0.100000 0.000000
vn 0.000000 -0.100000 0.000000
vn 0.000000 -0.100000 0.000000
vn 0.000000 -0.100000 0.000000
vn 0.000000 -0.100000 0.000000
vn 0.000000 -0.100000 0.000000
vn 0.000000 -0.100000 0.000000
vn 0.000000 -0.100000 0.000000
vn 0.000000 -0.100000 0.000000
vn 0.000000 -0.100000 0.000000
vn 0.000000 -0.100000 0.000000
vn 0.000000 -0.100000 0.000000
vn 0.000000 -0.100000 0.000000
vn 0.000000 -0.100000 0.000000
vn 0.000000 -0.100000 0.000000
vn 0.000000 -0.100000 0.000000
vn 0.000000 -0.100000 0.000000
vn 0.000000 -0.100000 0.000000
vn 0.000000 -0.100000 0.000000
vn 0.000000 -0.100000 0.000000
vn 0.000000 -0.100000 0.000000
vn 0.000000 -0.100000 0.000000
vn 0.000000 -0.100000 0.000000
vn 0.000000 -0.100000 0.000000
vn 0.000000 -0.100000 0.000000
vn 0.000000 -0.100000 0.000000
vn 0.000000 -0.100000 0.000000
vn 0.000000 -0.100000 0.000000
vn 0.000000 -0.100000 0.000000
vn 0.000000 -0.100000 0.000000
vn 0.034548 0.000000 0.093843
vn 0.034548 0.000000 0.093843
vn 0.011731 0.000000 0.099309
vn 0.011731 0.000000 0.099309
vn -0.011731 0.000000 0.099309
vn -0.034548 0.000000 0.093843
vn -0.034548 0.000000 0.093843
vn -0.011731 0.000000 0.099309
vn 0.000000 -0.100000 0.000000
vn 0.000000 -0.100000 0.000000
vn 0.000000 -0.100000 0.000000
vn 0.000000 -0.100000 0.000000
vn 0.000000 -0.100000 0.000000
vn 0.000000 -0.100000 0.000000
vn 0.000000 -0.100000 0.000000
vn 0.000000 -0.100000 0.000000
vn 0.000000 -0.100000 0.000000
vn 0.000000 -0.100000 0.000000
vn 0.000000 -0.100000 0.000000
vn 0.000000 -0.100000 0.000000
vn 0.000000 -0.100000 0.000000
vn 0.000000 -0.100000 0.000000
vn 0.000000 -0.100000 0.000000
vn 0.000000 -0.100000 0.000000
vn 0.000000 -0.100000 0.000000
vn 0.000000 -0.100000 0.000000
vn 0.000000 -0.100000 0.000000
vn 0.000000 -0.100000 0.000000
vn 0.000000 -0.100000 0.000000
vn 0.000000 -0.100000 0.000000
vn 0.000000 -0.100000 0.000000
vn 0.000000 -0.100000 0.000000
vn 0.000000 -0.100000 0.000000
vn 0.000000 -0.100000 0.000000
vn 0.000000 -0.100000 0.000000
vn 0.000000 -0.100000 0.000000
vn 0.000000 -0.100000 0.000000
vn 0.000000 -0.100000 0.000000
vn 0.000000 -0.100000 0.000000
vn 0.000000 -0.100000 0.000000
vn 0.000000 -0.100000 0.000000
vn 0.000000 -0.100000 0.000000
vn 0.000000 -0.100000 0.000000
vn 0.000000 -0.100000 0.000000
vn 0.000000 -0.100000 0.000000
vn 0.000000 -0.100000 0.000000
vn 0.000000 -0.100000 0.000000
vn 0.000000 -0.100000 0.000000
vn 0.000000 -0.100000 0.000000
vn 0.000000 -0.100000 0.000000
vn 0.000000 -0.100000 0.000000
vn 0.000000 -0.100000 0.000000
vn 0.000000 -0.100000 0.000000
vn 0.000000 -0.100000 0.000000
vn 0.000000 -0.100000 0.000000
vn 0.000000 -0.100000 0.000000
vn 0.000000 -0.100000 0.000000
vn 0.000000 -0.100000 0.000000
vn 0.000000 -0.100000 0.000000
vn 0.000000 -0.100000 0.000000
vn 0.000000 -0.100000 0.000000
vn 0.000000 -0.100000 0.000000
vn 0.000000 -0.100000 0.000000
vn 0.000000 -0.100000 0.000000
vn 0.000000 -0.100000 0.000000
vn 0.000000 -0.100000 0.000000
vn 0.000000 -0.100000 0.000000
vn 0.000000 -0.100000 0.000000
vn 0.000000 -0.100000 0.000000
vn 0.000000 -0.100000 0.000000
vn 0.000000 -0.100000 0.000000
vn 0.000000 -0.100000 0.000000
vn 0.000000 -0.100000 0.000000
vn 0.000000 -0.100000 0.000000
vn 0.000000 -0.100000 0.000000
vn 0.000000 -0.100000 0.000000
vn 0.000000 -0.100000 0.000000
vn 0.000000 -0.100000 0.000000
vn 0.000000 -0.100000 0.000000
vn 0.000000 -0.100000 0.000000
vn 0.000000 -0.100000 0.000000
vn 0.000000 -0.100000 0.000000
vn 0.000000 -0.100000 0.000000
vn 0.000000 -0.100000 0.000000
vn 0.000000 -0.100000 0.000000
vn 0.000000 -0.100000 0.000000
vn 0.000000 -0.100000 0.000000
vn 0.000000 -0.100000 0.000000
vn 0.000000 -0.100000 0.000000
vn 0.000000 -0.100000 0.000000
vn 0.000000 -0.100000 0.000000
vn 0.000000 -0.100000 0.000000
vn 0.000000 -0.100000 0.000000
vn 0.000000 -0.100000 0.000000
vn 0.000000 -0.100000 0.000000
vn 0.000000 -0.100000 0.000000
vn 0.000000 -0.100000 0.000000
vn 0.000000 -0.100000 0.000000
vn 0.000000 -0.100000 0.000000
vn 0.000000 -0.100000 0.000000
vn 0.000000 -0.100000 0.000000
vn 0.000000 -0.100000 0.000000
vn 0.000000 -0.100000 0.000000
vn 0.000000 -0.100000 0.000000
vn 0.000000 -0.100000 0.000000
vn 0.000000 -0.100000 0.000000
vn 0.000000 -0.100000 0.000000
vn 0.000000 -0.100000 0.000000
vn 0.000000 -0.100000 0.000000
vn 0.000000 -0.100000 0.000000
vn 0.000000 -0.100000 0.000000
vn 0.000000 -0.100000 0.000000
vn 0.000000 -0.100000 0.000000
vn 0.000000 -0.100000 0.000000
vn 0.000000 -0.100000 0.000000
vn 0.000000 -0.100000 0.000000
vn 0.000000 -0.100000 0.000000
vn 0.000000 -0.100000 0.000000
vn 0.000000 -0.100000 0.000000
vn 0.000000 -0.100000 0.000000
vn 0.000000 -0.100000 0.000000
vn -0.100000 0.000000 0.000000
vn -0.100000 0.000000 0.000000
vn -0.100000 0.000000 0.000000
vn -0.100000 0.000000 0.000000
vn -0.100000 0.000000 0.000000
vn -0.100000 0.000000 0.000000
vn -0.100000 0.000000 0.000000
vn -0.100000 0.000000 0.000000
vn -0.100000 0.000000 0.000000
vn -0.100000 0.000000 0.000000
vn -0.088287 0.000000 -0.046961
vn -0.088287 0.000000 -0.046961
vn -0.055893 0.000000 -0.082922
vn -0.055893 0.000000 -0.082922
vn -0.010405 0.000000 -0.099457
vn -0.010405 0.000000 -0.099457
vn -0.010405 0.000000 -0.099457
vn -0.010405 0.000000 -0.099457
vn -0.036588 0.000000 -0.093066
vn -0.036588 0.000000 -0.093066
vn -0.060114 0.000000 -0.079915
vn -0.079272 0.000000 -0.060958
vn -0.079272 0.000000 -0.060958
vn -0.060114 0.000000 -0.079915
vn -0.079272 0.000000 -0.060958
vn -0.079272 0.000000 -0.060958
vn -0.051366 0.000000 -0.085799
vn -0.051366 0.000000 -0.085799
vn -0.016291 0.000000 -0.098664
vn -0.016291 0.000000 -0.098664
vn 0.021059 0.000000 -0.097758
vn 0.021059 0.000000 -0.097758
vn -0.097021 0.000000 -0.024226
vn -0.097021 0.000000 -0.024226
vn -0.073328 0.000000 -0.067992
vn -0.072659 0.000000 -0.068707
vn -0.031473 0.000000 -0.094918
vn -0.029608 0.000000 -0.095516
vn 0.018177 0.000000 -0.098334
vn 0.021059 0.000000 -0.097758
vn 0.021059 0.000000 -0.097758
vn 0.036165 0.000000 -0.093232
vn 0.063325 0.000000 -0.077395
vn 0.050371 0.000000 -0.086387
vn 0.063325 0.000000 -0.077395
vn -0.097021 0.000000 -0.024226
vn -0.077332 0.000000 -0.063401
vn -0.077332 0.000000 -0.063401
vn -0.042778 0.000000 -0.090388
vn -0.042778 0.000000 -0.090388
vn 0.000000 0.000000 -0.100000
vn 0.000000 0.000000 -0.100000
vn 0.000000 0.000000 -0.100000
vn 0.000000 0.000000 -0.100000
vn 0.000000 0.000000 -0.100000
vn 0.000000 0.000000 -0.100000
vn -0.032139 0.000000 -0.094695
vn -0.032139 0.000000 -0.094695
vn -0.010885 0.000000 -0.099406
vn -0.010885 0.000000 -0.099406
vn 0.010885 0.000000 -0.099406
vn 0.032139 0.000000 -0.094695
vn 0.032139 0.000000 -0.094695
vn 0.010885 0.000000 -0.099406
vn 0.000000 0.000000 -0.100000
vn 0.000000 0.000000 -0.100000
vn 0.000000 0.000000 -0.100000
vn 0.000000 0.000000 -0.100000
vn 0.000000 0.000000 -0.100000
vn 0.000000 0.000000 -0.100000
vn 0.036173 0.000000 -0.093228
vn 0.036173 0.000000 -0.093228
vn 0.067447 0.000000 -0.073830
vn 0.067447 0.000000 -0.073830
vn 0.089587 0.000000 -0.044433
vn 0.089587 0.000000 -0.044433
vn 0.061802 0.000000 -0.078616
vn 0.084868 0.000000 -0.052891
vn 0.089587 0.000000 -0.044433
vn 0.088105 0.000000 -0.047302
vn 0.089587 0.000000 -0.044433
vn 0.055529 0.000000 -0.083166
vn 0.022025 0.000000 -0.097544
vn 0.016321 0.000000 -0.098659
vn -0.022025 0.000000 -0.097544
vn -0.025788 0.000000 -0.096618
vn -0.061802 0.000000 -0.078616
vn -0.063314 0.000000 -0.077404
vn -0.089587 0.000000 -0.044433
vn -0.089587 0.000000 -0.044433
vn 0.084868 0.000000 -0.052891
vn 0.086532 0.000000 -0.050123
vn 0.084868 0.000000 -0.052891
vn 0.084868 0.000000 -0.052891
vn 0.099005 0.000000 -0.014072
vn 0.099005 0.000000 -0.014072
vn 0.096244 -0.000000 0.027149
vn 0.096244 -0.000000 0.027149
vn 0.077057 -0.000000 0.063736
vn 0.077057 -0.000000 0.063736
vn 0.090189 -0.000000 0.043196
vn 0.090189 -0.000000 0.043196
vn 0.086443 -0.000000 0.050276
vn 0.086375 -0.000000 0.050392
vn 0.082026 -0.000000 0.057198
vn 0.081988 -0.000000 0.057254
vn 0.077057 -0.000000 0.063736
vn 0.077057 -0.000000 0.063736
vn 0.090276 -0.000000 0.043014
vn 0.090218 -0.000000 0.043136
vn 0.090247 -0.000000 0.043075
vn 0.090276 -0.000000 0.043015
vn 0.097657 -0.000000 0.021519
vn 0.097274 -0.000000 0.023191
vn 0.091268 -0.000000 0.040867
vn 0.090189 -0.000000 0.043196
vn 0.090915 -0.000000 0.041647
vn 0.090555 -0.000000 0.042423
vn 0.090189 -0.000000 0.043196
vn 0.099977 -0.000000 0.002141
vn 0.099992 -0.000000 0.001283
vn 0.098177 0.000000 -0.019005
vn 0.098177 0.000000 -0.019005
vn 0.085047 0.000000 0.052603
vn 0.095368 0.000000 0.030081
vn 0.085047 0.000000 0.052603
vn 0.095601 0.000000 0.029334
vn 0.099837 0.000000 0.005713
vn 0.099914 0.000000 0.004151
vn 0.098177 0.000000 -0.019005
vn 0.098177 0.000000 -0.019005
vn 0.097705 0.000000 -0.021303
vn 0.098026 0.000000 -0.019772
vn 0.097868 0.000000 -0.020538
vn 0.097705 0.000000 -0.021303
vn 0.000000 -0.100000 0.000000
vn 0.000000 -0.100000 0.000000
vn 0.000000 -0.100000 0.000000
vn 0.000000 -0.100000 0.000000
vn 0.000000 -0.100000 0.000000
vn 0.000000 -0.100000 0.000000
vn 0.000000 -0.100000 0.000000
vn 0.000000 -0.100000 0.000000
vn 0.000000 -0.100000 0.000000
vn 0.000000 -0.100000 0.000000
vn 0.000000 -0.100000 0.000000
vn 0.000000 -0.100000 0.000000
vn 0.000000 -0.100000 0.000000
vn 0.000000 -0.100000 0.000000
vn 0.000000 -0.100000 0.000000
vn 0.000000 -0.100000 0.000000
vn 0.000000 -0.100000 0.000000
vn 0.000000 -0.100000 0.000000
vn 0.000000 -0.100000 0.000000
vn 0.000000 -0.100000 0.000000
vn 0.000000 -0.100000 0.000000
vn 0.000000 -0.100000 0.000000
vn 0.000000 -0.100000 0.000000
vn 0.000000 -0.100000 0.000000
vn 0.000000 -0.100000 0.000000
vn 0.000000 -0.100000 0.000000
vn 0.000000 -0.100000 0.000000
vn 0.000000 -0.100000 0.000000
vn 0.000000 -0.100000 0.000000
vn 0.000000 -0.100000 0.000000
vn 0.000000 -0.100000 0.000000
vn 0.000000 -0.100000 0.000000
vn 0.000000 -0.100000 0.000000
vn 0.000000 -0.100000 0.000000
vn 0.000000 -0.100000 0.000000
vn 0.000000 -0.100000 0.000000
vn 0.000000 -0.100000 0.000000
vn 0.000000 -0.100000 0.000000
vn 0.000000 -0.100000 0.000000
vn 0.000000 -0.100000 0.000000
vn 0.000000 -0.100000 0.000000
vn 0.000000 -0.100000 0.000000
vn 0.000000 -0.100000 0.000000
vn 0.000000 -0.100000 0.000000
vn 0.000000 -0.100000 0.000000
vn 0.000000 -0.100000 0.000000
vn 0.000000 -0.100000 0.000000
vn 0.000000 -0.100000 0.000000
vn 0.000000 -0.100000 0.000000
vn 0.000000 -0.100000 0.000000
vn 0.000000 -0.100000 0.000000
vn 0.000000 -0.100000 0.000000
vn 0.000000 -0.100000 0.000000
vn 0.000000 -0.100000 0.000000
vn 0.000000 -0.100000 0.000000
vn 0.000000 -0.100000 0.000000
vn 0.000000 -0.100000 0.000000
vn 0.000000 -0.100000 0.000000
vn 0.000000 -0.100000 0.000000
vn 0.000000 -0.100000 0.000000
vn 0.000000 -0.100000 0.000000
vn 0.000000 -0.100000 0.000000
vn 0.000000 -0.100000 0.000000
vn 0.000000 -0.100000 0.000000
vn 0.000000 -0.100000 0.000000
vn 0.000000 -0.100000 0.000000
vn 0.000000 -0.100000 0.000000
vn 0.000000 -0.100000 0.000000
vn 0.000000 -0.100000 0.000000
vn 0.000000 -0.100000 0.000000
vn 0.000000 -0.100000 0.000000
vn 0.000000 -0.100000 0.000000
vn 0.000000 -0.100000 0.000000
vn 0.000000 -0.100000 0.000000
vn 0.000000 -0.100000 0.000000
vn 0.000000 -0.100000 0.000000
vn 0.000000 -0.100000 0.000000
vn 0.000000 -0.100000 0.000000
vn 0.000000 -0.100000 0.000000
vn 0.000000 -0.100000 0.000000
vn 0.000000 -0.100000 0.000000
vn 0.000000 -0.100000 0.000000
vn 0.000000 -0.100000 0.000000
vn 0.000000 -0.100000 0.000000
vn 0.000000 -0.100000 0.000000
vn 0.000000 -0.100000 0.000000
vn 0.000000 -0.100000 0.000000
vn 0.000000 -0.100000 0.000000
vn 0.000000 -0.100000 0.000000
vn 0.000000 -0.100000 0.000000
vn 0.000000 -0.100000 0.000000
vn 0.000000 -0.100000 0.000000
vn 0.000000 -0.100000 0.000000
vn 0.000000 -0.100000 0.000000
vn 0.000000 -0.100000 0.000000
vn 0.000000 -0.100000 0.000000
vn 0.000000 -0.100000 0.000000
vn 0.000000 -0.100000 0.000000
vn 0.000000 -0.100000 0.000000
vn 0.000000 -0.100000 0.000000
vn 0.000000 -0.100000 0.000000
vn 0.086603 0.000000 0.050000
vn 0.086603 0.000000 0.050000
vn 0.100000 0.000000 0.000000
vn 0.100000 0.000000 0.000000
vn 0.086603 0.000000 -0.050000
vn 0.086603 0.000000 -0.050000
vn 0.050000 0.000000 -0.086603
vn 0.050000 0.000000 -0.086603
vn 0.000000 0.000000 -0.100000
vn 0.000000 0.000000 -0.100000
vn -0.050000 0.000000 -0.086603
vn -0.050000 0.000000 -0.086603
vn -0.086603 0.000000 -0.050000
vn -0.086603 0.000000 -0.050000
vn -0.100000 0.000000 -0.000000
vn -0.100000 0.000000 -0.000000
vn -0.086603 0.000000 0.050000
vn -0.086603 0.000000 0.050000
vn -0.050000 0.000000 0.086603
vn -0.050000 0.000000 0.086603
vn 0.000000 0.000000 0.100000
vn 0.000000 0.000000 0.100000
vn 0.050000 0.000000 0.086603
vn 0.050000 0.000000 0.086603
vn 0.000000 -0.100000 0.000000
vn 0.000000 -0.100000 0.000000
vn 0.000000 -0.100000 0.000000
vn 0.000000 -0.100000 0.000000
vn 0.000000 -0.100000 0.000000
vn 0.000000 -0.100000 0.000000
vn 0.000000 -0.100000 0.000000
vn 0.000000 -0.100000 0.000000
vn 0.000000 -0.100000 0.000000
vn 0.000000 -0.100000 0.000000
vn 0.000000 -0.100000 0.000000
vn 0.000000 -0.100000 0.000000
vn 0.000000 -0.100000 0.000000
vn 0.000000 -0.100000 0.000000
vn 0.000000 -0.100000 0.000000
vn 0.000000 -0.100000 0.000000
vn 0.000000 -0.100000 0.000000
vn 0.000000 -0.100000 0.000000
vn 0.000000 -0.100000 0.000000
vn 0.000000 -0.100000 0.000000
vn 0.000000 -0.100000 0.000000
vn 0.000000 -0.100000 0.000000
vn 0.000000 -0.100000 0.000000
vn 0.000000 -0.100000 0.000000
vn -0.086603 0.000000 0.050000
vn -0.086603 0.000000 0.050000
vn -0.100000 0.000000 0.000000
vn -0.100000 0.000000 0.000000
vn -0.086603 0.000000 -0.050000
vn -0.086603 0.000000 -0.050000
vn -0.050000 0.000000 -0.086603
vn -0.050000 0.000000 -0.086603
vn -0.000000 0.000000 -0.100000
vn -0.000000 0.000000 -0.100000
vn 0.050000 0.000000 -0.086603
vn 0.050000 0.000000 -0.086603
vn 0.086603 0.000000 -0.050000
vn 0.086603 0.000000 -0.050000
vn 0.100000 0.000000 -0.000000
vn 0.100000 0.000000 -0.000000
vn 0.086603 0.000000 0.050000
vn 0.086603 0.000000 0.050000
vn 0.050000 0.000000 0.086603
vn 0.050000 0.000000 0.086603
vn -0.000000 0.000000 0.100000
vn -0.000000 0.000000 0.100000
vn -0.050000 0.000000 0.086603
vn -0.050000 0.000000 0.086603
vn 0.000000 -0.100000 0.000000
vn 0.000000 -0.100000 0.000000
vn 0.000000 -0.100000 0.000000
vn 0.000000 -0.100000 0.000000
vn 0.000000 -0.100000 0.000000
vn 0.000000 -0.100000 0.000000
vn 0.000000 -0.100000 0.000000
vn 0.000000 -0.100000 0.000000
vn 0.000000 -0.100000 0.000000
vn 0.000000 -0.100000 0.000000
vn 0.000000 -0.100000 0.000000
vn 0.000000 -0.100000 0.000000
vn 0.000000 -0.100000 0.000000
vn 0.000000 -0.100000 0.000000
vn 0.000000 -0.100000 0.000000
vn 0.000000 -0.100000 0.000000
vn 0.000000 -0.100000 0.000000
vn 0.000000 -0.100000 0.000000
vn 0.000000 -0.100000 0.000000
vn 0.000000 -0.100000 0.000000
vn 0.000000 -0.100000 0.000000
vn 0.000000 -0.100000 0.000000
vn 0.000000 -0.100000 0.000000
vn 0.000000 -0.100000 0.000000
vn -0.086603 0.000000 -0.050000
vn -0.100000 0.000000 0.000000
vn -0.100000 0.000000 0.000000
vn -0.086603 0.000000 0.050000
vn -0.086603 0.000000 0.050000
vn -0.050000 0.000000 0.086603
vn -0.050000 0.000000 0.086603
vn -0.000000 0.000000 0.100000
vn -0.000000 0.000000 0.100000
vn 0.050000 0.000000 0.086603
vn 0.050000 0.000000 0.086603
vn 0.086603 0.000000 0.050000
vn 0.086603 0.000000 0.050000
vn 0.100000 0.000000 0.000000
vn 0.100000 0.000000 0.000000
vn 0.086603 0.000000 -0.050000
vn 0.086603 0.000000 -0.050000
vn 0.050000 0.000000 -0.086603
vn 0.050000 0.000000 -0.086603
vn -0.000000 0.000000 -0.100000
vn -0.000000 0.000000 -0.100000
vn -0.050000 0.000000 -0.086603
vn -0.050000 0.000000 -0.086603
vn -0.086603 0.000000 -0.050000
vn 0.000000 -0.100000 0.000000
vn 0.000000 -0.100000 0.000000
vn 0.000000 -0.100000 0.000000
vn 0.000000 -0.100000 0.000000
vn 0.000000 -0.100000 0.000000
vn 0.000000 -0.100000 0.000000
vn 0.000000 -0.100000 0.000000
vn 0.000000 -0.100000 0.000000
vn 0.000000 -0.100000 0.000000
vn 0.000000 -0.100000 0.000000
vn 0.000000 -0.100000 0.000000
vn 0.000000 -0.100000 0.000000
vn 0.000000 -0.100000 0.000000
vn 0.000000 -0.100000 0.000000
vn 0.000000 -0.100000 0.000000
vn 0.000000 -0.100000 0.000000
vn 0.000000 -0.100000 0.000000
vn 0.000000 -0.100000 0.000000
vn 0.000000 -0.100000 0.000000
vn 0.000000 -0.100000 0.000000
vn 0.000000 -0.100000 0.000000
vn 0.000000 -0.100000 0.000000
vn 0.000000 -0.100000 0.000000
vn 0.000000 -0.100000 0.000000
vn 0.086603 -0.000000 0.050000
vn 0.086603 -0.000000 0.050000
vn 0.100000 0.000000 0.000000
vn 0.100000 0.000000 0.000000
vn 0.086603 0.000000 -0.050000
vn 0.086603 0.000000 -0.050000
vn 0.050000 0.000000 -0.086603
vn 0.050000 0.000000 -0.086603
vn 0.000000 0.000000 -0.100000
vn 0.000000 0.000000 -0.100000
vn -0.050000 0.000000 -0.086603
vn -0.050000 0.000000 -0.086603
vn -0.086603 0.000000 -0.050000
vn -0.086603 0.000000 -0.050000
vn -0.100000 0.000000 -0.000000
vn -0.100000 0.000000 -0.000000
vn -0.086603 0.000000 0.050000
vn -0.086603 0.000000 0.050000
vn -0.050000 0.000000 0.086603
vn -0.050000 0.000000 0.086603
vn 0.000000 -0.000000 0.100000
vn 0.000000 -0.000000 0.100000
vn 0.050000 -0.000000 0.086603
vn 0.050000 -0.000000 0.086603
vn 0.000000 0.100000 0.000000
vn 0.000000 0.100000 0.000000
vn 0.000000 0.100000 0.000000
vn 0.000000 0.100000 0.000000
vn 0.000000 0.100000 0.000000
vn 0.000000 0.100000 0.000000
vn 0.000000 0.100000 0.000000
vn 0.000000 0.100000 0.000000
vn 0.000000 0.100000 0.000000
vn 0.000000 0.100000 0.000000
vn 0.000000 0.100000 0.000000
vn 0.000000 0.100000 0.000000
vn 0.000000 0.100000 0.000000
vn 0.000000 0.100000 0.000000
vn 0.000000 0.100000 0.000000
vn 0.000000 0.100000 0.000000
vn 0.000000 0.100000 0.000000
vn 0.000000 0.100000 0.000000
vn 0.000000 0.100000 0.000000
vn 0.000000 0.100000 0.000000
vn 0.000000 0.100000 0.000000
vn 0.000000 0.100000 0.000000
vn 0.000000 0.100000 0.000000
vn 0.000000 0.100000 0.000000
vn 0.086603 -0.000000 0.050000
vn 0.086603 -0.000000 0.050000
vn 0.100000 0.000000 0.000000
vn 0.100000 -0.000000 0.000000
vn 0.086603 0.000000 -0.050000
vn 0.086603 0.000000 -0.050000
vn 0.050000 0.000000 -0.086603
vn 0.050000 0.000000 -0.086603
vn 0.000000 0.000000 -0.100000
vn 0.000000 0.000000 -0.100000
vn -0.050000 0.000000 -0.086603
vn -0.050000 0.000000 -0.086603
vn -0.086603 0.000000 -0.050000
vn -0.086603 0.000000 -0.050000
vn -0.100000 0.000000 -0.000000
vn -0.100000 0.000000 -0.000000
vn -0.086603 0.000000 0.050000
vn -0.086603 0.000000 0.050000
vn -0.050000 0.000000 0.086603
vn -0.050000 0.000000 0.086603
vn 0.000000 -0.000000 0.100000
vn 0.000000 -0.000000 0.100000
vn 0.050000 -0.000000 0.086603
vn 0.050000 -0.000000 0.086603
vn 0.051414 0.000000 -0.085770
vn 0.051414 0.000000 -0.085770
vn 0.080486 0.000000 -0.059347
vn 0.080486 0.000000 -0.059347
vn 0.097135 0.000000 -0.023763
vn 0.097135 0.000000 -0.023763
vn 0.098793 0.000000 0.015487
vn 0.098793 0.000000 0.015487
vn 0.081358 0.000000 -0.058145
vn 0.081358 0.000000 -0.058145
vn 0.093525 0.000000 -0.035400
vn 0.093525 0.000000 -0.035400
vn 0.099468 0.000000 -0.010299
vn 0.098793 0.000000 0.015487
vn 0.098793 0.000000 0.015487
vn 0.099468 0.000000 -0.010299
vn 0.097336 0.000000 -0.022930
vn 0.097336 0.000000 -0.022930
vn 0.098758 -0.000000 0.015714
vn 0.098758 -0.000000 0.015714
vn 0.085411 -0.000000 0.052009
vn 0.085411 -0.000000 0.052009
vn 0.085411 0.000000 0.052009
vn 0.085411 0.000000 0.052009
vn 0.093233 0.000000 0.036160
vn 0.093233 0.000000 0.036160
vn 0.098143 0.000000 0.019181
vn 0.098143 0.000000 0.019181
vn 0.099987 0.000000 0.001603
vn 0.099987 0.000000 0.001603
vn 0.099987 0.000000 0.001603
vn 0.099987 0.000000 0.001603
vn 0.098098 0.000000 0.019409
vn 0.098098 0.000000 0.019409
vn 0.093065 0.000000 0.036592
vn 0.093065 0.000000 0.036592
vn 0.085047 0.000000 0.052603
vn 0.085047 0.000000 0.052603
vn 0.051414 0.000000 -0.085770
vn 0.051414 0.000000 -0.085770
vn 0.067436 0.000000 -0.073841
vn 0.067436 0.000000 -0.073841
vn 0.080766 0.000000 -0.058965
vn 0.090874 0.000000 -0.041736
vn 0.090874 0.000000 -0.041736
vn 0.080766 0.000000 -0.058965
vn 0.090874 0.000000 -0.041736
vn 0.090874 0.000000 -0.041736
vn 0.086912 0.000000 -0.049460
vn 0.086912 0.000000 -0.049460
vn 0.082295 0.000000 -0.056812
vn 0.082295 0.000000 -0.056812
vn 0.077057 0.000000 -0.063736
vn 0.077057 0.000000 -0.063736
vn 0.077057 0.000000 -0.063736
vn 0.077057 0.000000 -0.063736
vn 0.096244 0.000000 -0.027149
vn 0.096244 0.000000 -0.027149
vn 0.099005 0.000000 0.014072
vn 0.099005 0.000000 0.014072
vn 0.084868 0.000000 0.052891
vn 0.084868 0.000000 0.052891
vn 0.089587 -0.000000 0.044433
vn 0.089587 -0.000000 0.044433
vn 0.084868 -0.000000 0.052891
vn 0.088105 -0.000000 0.047302
vn 0.086532 -0.000000 0.050123
vn 0.084868 -0.000000 0.052891
vn 0.061802 -0.000000 0.078616
vn 0.055529 -0.000000 0.083166
vn 0.022025 -0.000000 0.097544
vn 0.016321 -0.000000 0.098659
vn -0.022025 0.000000 0.097544
vn -0.025788 0.000000 0.096618
vn -0.061802 0.000000 0.078616
vn -0.063314 0.000000 0.077404
vn -0.089587 0.000000 0.044433
vn -0.089587 0.000000 0.044433
vn 0.089587 0.000000 0.044433
vn 0.089587 0.000000 0.044433
vn 0.067447 0.000000 0.073830
vn 0.067447 0.000000 0.073830
vn 0.036173 0.000000 0.093228
vn 0.036173 0.000000 0.093228
vn 0.000000 0.000000 0.100000
vn 0.000000 0.000000 0.100000
vn 0.000000 0.000000 0.100000
vn 0.000000 0.000000 0.100000
vn 0.000000 0.000000 0.100000
vn 0.000000 0.000000 0.100000
vn 0.000000 0.000000 0.100000
vn 0.000000 0.000000 0.100000
vn 0.000000 0.000000 0.100000
vn 0.000000 0.000000 0.100000
vn 0.040225 -0.000000 0.091553
vn 0.040225 -0.000000 0.091553
vn 0.073655 -0.000000 0.067638
vn 0.073655 -0.000000 0.067638
vn 0.094641 -0.000000 0.032297
vn 0.094641 -0.000000 0.032297
vn 0.099638 0.000000 -0.008501
vn 0.099638 0.000000 -0.008501
vn 0.099638 0.000000 -0.008501
vn 0.099638 0.000000 -0.008501
vn 0.093932 0.000000 0.034303
vn 0.093932 0.000000 0.034303
vn 0.070711 0.000000 0.070711
vn 0.070711 0.000000 0.070711
vn 0.034303 0.000000 0.093932
vn 0.034303 0.000000 0.093932
vn -0.008501 0.000000 0.099638
vn -0.008501 0.000000 0.099638
vn 0.100000 0.000000 0.000000
vn 0.100000 0.000000 0.000000
vn 0.091553 0.000000 0.040225
vn 0.091553 0.000000 0.040225
vn 0.067638 0.000000 0.073655
vn 0.067638 0.000000 0.073655
vn 0.032297 0.000000 0.094641
vn 0.032297 0.000000 0.094641
vn -0.008501 0.000000 0.099638
vn -0.008501 0.000000 0.099638
vn 0.000000 -0.100000 0.000000
vn 0.000000 -0.100000 0.000000
vn 0.000000 -0.100000 0.000000
vn 0.000000 -0.100000 0.000000
vn 0.000000 -0.100000 0.000000
vn 0.000000 -0.100000 0.000000
vn 0.000000 -0.100000 0.000000
vn 0.000000 -0.100000 0.000000
vn 0.000000 -0.100000 0.000000
vn 0.000000 -0.100000 0.000000
vn 0.000000 -0.100000 0.000000
vn 0.000000 -0.100000 0.000000
vn 0.000000 -0.100000 0.000000
vn 0.000000 -0.100000 0.000000
vn 0.000000 -0.100000 0.000000
vn 0.000000 -0.100000 0.000000
vn 0.000000 -0.100000 0.000000
vn 0.000000 -0.100000 0.000000
vn 0.000000 -0.100000 0.000000
vn 0.000000 -0.100000 0.000000
vn 0.000000 -0.100000 0.000000
vn 0.000000 -0.100000 0.000000
vn 0.000000 -0.100000 0.000000
vn 0.000000 -0.100000 0.000000
vn 0.000000 -0.100000 0.000000
vn 0.000000 -0.100000 0.000000
vn 0.100000 0.000000 0.000000
vn 0.100000 0.000000 0.000000
vn 0.100000 0.000000 0.000000
vn 0.100000 0.000000 0.000000
vn 0.091819 0.000000 0.039615
vn 0.091819 0.000000 0.039615
vn 0.068613 0.000000 0.072748
vn 0.068613 0.000000 0.072748
vn 0.034181 0.000000 0.093977
vn 0.034181 0.000000 0.093977
vn -0.005845 0.000000 0.099829
vn -0.005845 0.000000 0.099829
vn 0.099829 0.000000 -0.005845
vn 0.099829 0.000000 -0.005845
vn 0.093467 0.000000 0.035551
vn 0.093467 0.000000 0.035551
vn 0.070711 0.000000 0.070711
vn 0.070711 0.000000 0.070711
vn 0.035551 0.000000 0.093467
vn 0.035551 0.000000 0.093467
vn -0.005845 0.000000 0.099829
vn -0.005845 0.000000 0.099829
vn 0.099829 0.000000 -0.005845
vn 0.099829 0.000000 -0.005845
vn 0.093977 -0.000000 0.034181
vn 0.093977 -0.000000 0.034181
vn 0.072748 -0.000000 0.068613
vn 0.072748 -0.000000 0.068613
vn 0.039615 -0.000000 0.091819
vn 0.039615 -0.000000 0.091819
vn 0.099225 0.000000 0.012426
vn 0.099225 0.000000 0.012426
vn 0.096912 0.000000 0.024658
vn 0.096912 0.000000 0.024658
vn 0.093097 0.000000 0.036509
vn 0.093097 0.000000 0.036509
vn 0.093097 0.000000 -0.036509
vn 0.093097 0.000000 -0.036509
vn 0.099225 0.000000 -0.012426
vn 0.099225 0.000000 -0.012426
vn 0.099225 0.000000 0.012426
vn 0.093097 0.000000 0.036509
vn 0.093097 0.000000 0.036509
vn 0.099225 0.000000 0.012426
vn 0.093097 0.000000 -0.036509
vn 0.093097 0.000000 -0.036509
vn 0.096912 0.000000 -0.024658
vn 0.096912 0.000000 -0.024658
vn 0.099225 0.000000 -0.012426
vn 0.099225 0.000000 -0.012426
vn 0.100000 0.000000 0.000000
vn 0.100000 0.000000 0.000000
vn 0.100000 0.000000 0.000000
vn 0.100000 0.000000 0.000000
vn 0.100000 0.000000 0.000000
vn 0.100000 0.000000 0.000000
vn 0.091553 0.000000 -0.040225
vn 0.091553 0.000000 -0.040225
vn 0.067638 0.000000 -0.073655
vn 0.067638 0.000000 -0.073655
vn 0.032297 0.000000 -0.094641
vn 0.032297 0.000000 -0.094641
vn -0.008501 0.000000 -0.099638
vn -0.008501 0.000000 -0.099638
vn -0.008501 0.000000 -0.099638
vn -0.008501 0.000000 -0.099638
vn 0.034303 0.000000 -0.093932
vn 0.034303 0.000000 -0.093932
vn 0.070711 0.000000 -0.070711
vn 0.070711 0.000000 -0.070711
vn 0.093932 0.000000 -0.034303
vn 0.093932 0.000000 -0.034303
vn 0.099638 0.000000 0.008501
vn 0.099638 0.000000 0.008501
vn 0.000000 0.000000 -0.100000
vn 0.000000 0.000000 -0.100000
vn 0.040225 0.000000 -0.091553
vn 0.040225 0.000000 -0.091553
vn 0.073655 0.000000 -0.067638
vn 0.073655 0.000000 -0.067638
vn 0.094641 0.000000 -0.032297
vn 0.094641 0.000000 -0.032297
vn 0.099638 0.000000 0.008501
vn 0.099638 0.000000 0.008501
vn 0.000000 -0.100000 0.000000
vn 0.000000 -0.100000 0.000000
vn 0.000000 -0.100000 0.000000
vn 0.000000 -0.100000 0.000000
vn 0.000000 -0.100000 0.000000
vn 0.000000 -0.100000 0.000000
vn 0.000000 -0.100000 0.000000
vn 0.000000 -0.100000 0.000000
vn 0.000000 -0.100000 0.000000
vn 0.000000 -0.100000 0.000000
vn 0.000000 -0.100000 0.000000
vn 0.000000 -0.100000 0.000000
vn 0.000000 -0.100000 0.000000
vn 0.000000 -0.100000 0.000000
vn 0.000000 -0.100000 0.000000
vn 0.000000 -0.100000 0.000000
vn 0.000000 -0.100000 0.000000
vn 0.000000 -0.100000 0.000000
vn 0.000000 -0.100000 0.000000
vn 0.000000 -0.100000 0.000000
vn 0.000000 -0.100000 0.000000
vn 0.000000 -0.100000 0.000000
vn 0.000000 -0.100000 0.000000
vn 0.000000 -0.100000 0.000000
vn 0.000000 -0.100000 0.000000
vn 0.000000 -0.100000 0.000000
vn -0.005845 0.000000 -0.099829
vn -0.005845 0.000000 -0.099829
vn 0.035551 0.000000 -0.093467
vn 0.035551 0.000000 -0.093467
vn 0.070711 0.000000 -0.070711
vn 0.070711 0.000000 -0.070711
vn 0.093467 0.000000 -0.035551
vn 0.093467 0.000000 -0.035551
vn 0.099829 0.000000 0.005845
vn 0.099829 0.000000 0.005845
vn -0.005845 0.000000 -0.099829
vn -0.005845 0.000000 -0.099829
vn 0.034181 0.000000 -0.093977
vn 0.034181 0.000000 -0.093977
vn 0.068613 0.000000 -0.072748
vn 0.068613 0.000000 -0.072748
vn 0.091819 0.000000 -0.039615
vn 0.091819 0.000000 -0.039615
vn 0.000000 0.000000 -0.100000
vn 0.000000 0.000000 -0.100000
vn 0.039615 0.000000 -0.091819
vn 0.039615 0.000000 -0.091819
vn 0.072748 0.000000 -0.068613
vn 0.072748 0.000000 -0.068613
vn 0.093977 0.000000 -0.034181
vn 0.093977 0.000000 -0.034181
vn 0.099829 0.000000 0.005845
vn 0.099829 0.000000 0.005845
vn 0.000000 0.000000 -0.100000
vn 0.000000 0.000000 -0.100000
vn 0.000000 0.000000 -0.100000
vn 0.000000 0.000000 -0.100000
vn 0.009781 0.000000 -0.099521
vn 0.009781 0.000000 -0.099521
vn 0.019468 0.000000 -0.098087
vn 0.019468 0.000000 -0.098087
vn 0.028969 0.000000 -0.095712
vn 0.028969 0.000000 -0.095712
vn 0.028969 0.000000 -0.095712
vn 0.028969 0.000000 -0.095712
vn 0.009781 0.000000 -0.099521
vn 0.002900 0.000000 -0.099958
vn -0.009781 0.000000 -0.099521
vn -0.023371 0.000000 -0.097231
vn -0.028969 0.000000 -0.095712
vn -0.028969 0.000000 -0.095712
vn -0.028969 0.000000 -0.095712
vn -0.028969 0.000000 -0.095712
vn -0.019468 0.000000 -0.098087
vn -0.019468 0.000000 -0.098087
vn -0.009781 0.000000 -0.099521
vn -0.009781 0.000000 -0.099521
vn 0.000000 -0.100000 0.000000
vn 0.000000 -0.100000 0.000000
vn 0.000000 -0.100000 0.000000
vn 0.000000 -0.100000 0.000000
vn 0.000000 -0.100000 0.000000
vn 0.000000 -0.100000 0.000000
vn 0.000000 -0.100000 0.000000
vn 0.000000 -0.100000 0.000000
vn 0.000000 -0.100000 0.000000
vn 0.000000 -0.100000 0.000000
vn 0.000000 -0.100000 0.000000
vn 0.000000 -0.100000 0.000000
vn 0.000000 -0.100000 0.000000
vn 0.000000 -0.100000 0.000000
vn 0.000000 -0.100000 0.000000
vn 0.000000 -0.100000 0.000000
vn 0.000000 -0.100000 0.000000
vn 0.000000 -0.100000 0.000000
vn 0.000000 -0.100000 0.000000
vn 0.000000 -0.100000 0.000000
vn 0.000000 -0.100000 0.000000
vn 0.000000 -0.100000 0.000000
vn -0.089587 0.000000 -0.044433
vn -0.067447 0.000000 -0.073830
vn -0.089587 0.000000 -0.044433
vn -0.067447 0.000000 -0.073830
vn -0.036173 0.000000 -0.093228
vn -0.036173 0.000000 -0.093228
vn -0.036173 0.000000 0.093228
vn -0.036173 0.000000 0.093228
vn -0.067447 0.000000 0.073830
vn -0.067447 0.000000 0.073830
vn -0.089587 0.000000 0.044433
vn -0.089587 0.000000 0.044433
vn 0.000000 -0.100000 0.000000
vn 0.000000 -0.100000 0.000000
vn 0.000000 -0.100000 0.000000
vn 0.000000 -0.100000 0.000000
vn 0.000000 -0.100000 0.000000
vn 0.000000 -0.100000 0.000000
vn 0.000000 -0.100000 0.000000
vn 0.000000 -0.100000 0.000000
vn 0.000000 -0.100000 0.000000
vn 0.000000 -0.100000 0.000000
vn 0.000000 -0.100000 0.000000
vn 0.000000 -0.100000 0.000000
vn 0.097705 0.000000 -0.021303
vn 0.097704 0.000000 -0.021304
vn 0.099611 -0.000000 0.008813
vn 0.099610 -0.000000 0.008823
vn 0.092447 -0.000000 0.038127
vn 0.092439 -0.000000 0.038145
vn 0.076864 -0.000000 0.063968
vn 0.076833 -0.000000 0.064006
vn -0.000000 0.100000 -0.000000
vn -0.000000 0.100000 -0.000000
vn -0.000000 0.100000 -0.000000
vn -0.000000 0.100000 -0.000000
vn -0.000000 0.100000 -0.000000
vn -0.000000 0.100000 -0.000000
vn -0.000000 0.100000 -0.000000
vn -0.000000 0.100000 -0.000000
vn -0.000000 0.100000 -0.000000
vn -0.098848 0.000000 -0.015135
vn -0.098848 0.000000 -0.015135
vn -0.081103 0.000000 -0.058501
vn -0.081103 0.000000 -0.058501
vn -0.045552 0.000000 -0.089023
vn -0.045552 0.000000 -0.089023
vn 0.000000 -0.100000 0.000000
vn 0.000000 -0.100000 0.000000
vn 0.000000 -0.100000 0.000000
vn 0.000000 -0.100000 0.000000
vn 0.000000 -0.100000 0.000000
vn 0.000000 -0.100000 0.000000
vn 0.000000 -0.100000 0.000000
vn 0.000000 -0.100000 0.000000
vn 0.000000 -0.100000 0.000000
vn 0.000000 -0.100000 0.000000
vn 0.000000 -0.100000 0.000000
vn 0.000000 -0.100000 0.000000
vn 0.000000 -0.100000 0.000000
vn 0.000000 -0.100000 0.000000
vn 0.000000 -0.100000 0.000000
vn 0.000000 -0.100000 0.000000
vn 0.000000 -0.100000 0.000000
vn -0.073038 0.000000 -0.068304
vn -0.056181 0.000000 -0.082727
vn -0.073038 0.000000 -0.068304
vn -0.054320 0.000000 -0.083960
vn -0.083960 0.000000 -0.054320
vn -0.036558 0.000000 -0.093078
vn -0.015135 0.000000 -0.098848
vn -0.015135 0.000000 -0.098848
vn -0.098848 0.000000 -0.015135
vn -0.093871 0.000000 -0.034471
vn -0.085152 0.000000 -0.052432
vn -0.098848 0.000000 -0.015135
vn -0.073038 0.000000 -0.068304
vn -0.073038 0.000000 -0.068304
vn -0.031204 0.000000 -0.095007
vn -0.031204 0.000000 -0.095007
vn 0.018316 0.000000 -0.098308
vn 0.018316 0.000000 -0.098308
vn 0.063325 0.000000 -0.077395
vn 0.063325 0.000000 -0.077395
vn 0.000000 -0.100000 0.000000
vn 0.000000 -0.100000 0.000000
vn 0.000000 -0.100000 0.000000
vn 0.000000 -0.100000 0.000000
vn 0.000000 -0.100000 0.000000
vn 0.000000 -0.100000 0.000000
vn 0.000000 -0.100000 0.000000
vn 0.000000 -0.100000 0.000000
vn 0.000000 -0.100000 0.000000
vn 0.000000 -0.100000 0.000000
vn 0.000000 -0.100000 0.000000
vn 0.000000 -0.100000 0.000000
vn 0.000000 -0.100000 0.000000
vn 0.000000 -0.100000 0.000000
vn 0.000000 -0.100000 0.000000
vn 0.000000 -0.100000 0.000000
vn 0.000000 -0.100000 0.000000
vn 0.000000 -0.100000 0.000000
vn 0.000000 -0.100000 0.000000
vn 0.000000 -0.100000 0.000000
vn 0.000000 -0.100000 0.000000
vn 0.000000 -0.100000 0.000000
vn -0.089023 0.000000 -0.045552
vn -0.089023 0.000000 -0.045552
vn -0.058501 0.000000 -0.081103
vn -0.058501 0.000000 -0.081103
vn -0.015135 0.000000 -0.098848
vn -0.015135 0.000000 -0.098848
vn 0.000000 0.000000 -0.100000
vn 0.000000 0.000000 -0.100000
vn 0.000000 0.000000 -0.100000
vn 0.000000 0.000000 -0.100000
vn 0.100000 0.000000 0.000000
vn 0.100000 0.000000 0.000000
vn 0.100000 0.000000 0.000000
vn 0.100000 0.000000 0.000000
vn 0.086603 0.000000 0.050000
vn 0.086603 0.000000 0.050000
vn 0.050000 0.000000 0.086603
vn 0.050000 0.000000 0.086603
vn -0.000000 0.000000 0.100000
vn -0.000000 0.000000 0.100000
vn 0.000000 0.000000 0.100000
vn 0.000000 0.000000 0.100000
vn 0.000000 0.000000 0.100000
vn 0.000000 0.000000 0.100000
vn 0.000000 0.000000 0.100000
vn 0.000000 0.000000 0.100000
vn -0.025882 0.000000 0.096593
vn -0.025882 0.000000 0.096593
vn -0.050000 0.000000 0.086603
vn -0.070711 0.000000 0.070711
vn -0.070711 0.000000 0.070711
vn -0.050000 0.000000 0.086603
vn -0.070711 0.000000 0.070711
vn -0.070711 0.000000 0.070711
vn -0.070711 0.000000 0.070711
vn -0.070711 0.000000 0.070711
vn -0.100000 0.000000 -0.000000
vn -0.100000 0.000000 -0.000000
vn -0.096593 0.000000 0.025882
vn -0.096593 0.000000 0.025882
vn -0.086603 0.000000 0.050000
vn -0.070711 0.000000 0.070711
vn -0.070711 0.000000 0.070711
vn -0.086603 0.000000 0.050000
vn -0.100000 0.000000 0.000000
vn -0.100000 0.000000 0.000000
vn -0.100000 0.000000 0.000000
vn -0.100000 0.000000 0.000000
vn -0.100000 0.000000 0.000000
vn -0.096593 0.000000 -0.025882
vn -0.096593 0.000000 -0.025882
vn -0.086603 0.000000 -0.050000
vn -0.070711 0.000000 -0.070711
vn -0.070711 0.000000 -0.070711
vn -0.086603 0.000000 -0.050000
vn -0.070711 0.000000 -0.070711
vn -0.070711 0.000000 -0.070711
vn -0.070711 0.000000 -0.070711
vn -0.070711 0.000000 -0.070711
vn 0.000000 0.000000 -0.100000
vn 0.000000 0.000000 -0.100000
vn -0.025882 0.000000 -0.096593
vn -0.025882 0.000000 -0.096593
vn -0.050000 0.000000 -0.086603
vn -0.070711 0.000000 -0.070711
vn -0.070711 0.000000 -0.070711
vn -0.050000 0.000000 -0.086603
vn 0.000000 0.000000 -0.100000
vn 0.000000 0.000000 -0.100000
vn 0.000000 0.000000 -0.100000
vn 0.000000 0.000000 -0.100000
vn -0.000000 0.000000 -0.100000
vn -0.000000 0.000000 -0.100000
vn 0.050000 0.000000 -0.086603
vn 0.050000 0.000000 -0.086603
vn 0.086603 0.000000 -0.050000
vn 0.086603 0.000000 -0.050000
vn 0.100000 0.000000 0.000000
vn 0.100000 0.000000 0.000000
vn 0.100000 0.000000 0.000000
vn 0.100000 0.000000 0.000000
vn 0.000000 0.000000 0.100000
vn 0.000000 0.000000 0.100000
vn 0.000000 0.000000 0.100000
vn 0.000000 0.000000 0.100000
vn -0.090141 0.000000 0.043297
vn -0.093053 0.000000 0.036623
vn -0.090141 0.000000 0.043297
vn -0.094100 0.000000 0.033841
vn -0.095471 0.000000 0.029754
vn -0.097070 0.000000 0.024029
vn -0.097383 0.000000 0.022727
vn -0.098016 0.000000 0.019823
vn -0.097383 0.000000 0.022727
vn -0.099020 0.000000 0.013964
vn -0.098561 0.000000 0.016901
vn -0.099020 0.000000 0.013964
vn -0.100000 0.000000 0.000000
vn -0.100000 0.000000 0.000000
vn -0.100000 0.000000 0.000000
vn -0.100000 0.000000 0.000000
vn -0.099020 0.000000 -0.013964
vn -0.099020 0.000000 -0.013964
vn -0.097070 0.000000 -0.024029
vn -0.097070 0.000000 -0.024029
vn -0.094100 0.000000 -0.033841
vn -0.094100 0.000000 -0.033841
vn -0.090141 0.000000 -0.043297
vn -0.090141 0.000000 -0.043297
vn -0.095577 0.000000 -0.029411
vn -0.090533 0.000000 -0.042471
vn -0.090141 0.000000 -0.043297
vn -0.090408 0.000000 -0.042736
vn -0.090141 0.000000 -0.043297
vn -0.095755 0.000000 -0.028828
vn -0.098888 0.000000 -0.014871
vn -0.098933 0.000000 -0.014569
vn -0.090933 0.000000 -0.041607
vn -0.090672 0.000000 -0.042172
vn 0.000000 0.100000 0.000000
vn 0.000000 0.100000 0.000000
vn 0.000000 0.100000 0.000000
vn 0.000000 0.100000 0.000000
vn 0.000000 0.100000 0.000000
vn 0.000000 0.100000 0.000000
vn 0.000000 0.000000 -0.100000
vn 0.000000 0.000000 -0.100000
vn 0.000000 0.000000 -0.100000
vn 0.000000 0.000000 -0.100000
vn -0.092848 -0.037139 0.000000
vn -0.092848 -0.037139 0.000000
vn -0.092848 -0.037139 0.000000
vn -0.092848 -0.037139 0.000000
vn -0.092848 -0.037139 0.000000
vn -0.092848 -0.037139 0.000000
vn 0.090051 0.000000 0.043484
vn 0.089020 0.000000 0.045557
vn 0.089712 0.000000 0.044178
vn 0.089369 0.000000 0.044868
vn 0.089020 0.000000 0.045557
vn 0.100000 0.000000 0.000000
vn 0.100000 0.000000 0.000000
vn 0.100000 0.000000 0.000000
vn 0.100000 0.000000 0.000000
vn -0.100000 0.000000 0.000000
vn -0.100000 0.000000 0.000000
vn -0.098933 0.000000 0.014569
vn -0.098888 0.000000 0.014871
vn -0.095755 0.000000 0.028828
vn -0.095577 0.000000 0.029411
vn -0.090533 0.000000 0.042471
vn -0.090141 0.000000 0.043297
vn -0.090408 0.000000 0.042736
vn -0.090141 0.000000 0.043297
vn -0.090672 0.000000 0.042172
vn -0.090933 0.000000 0.041607
vn -0.100000 0.000000 0.000000
vn -0.100000 0.000000 0.000000
vn -0.100000 0.000000 0.000000
vn -0.100000 0.000000 0.000000
vn -0.100000 0.000000 0.000000
vn -0.100000 0.000000 0.000000
vn 0.000000 0.100000 0.000000
vn 0.000000 0.100000 0.000000
vn 0.000000 0.100000 0.000000
vn 0.000000 0.100000 0.000000
vn 0.000000 0.100000 0.000000
vn 0.000000 0.100000 0.000000
vn 0.000000 0.000000 0.100000
vn 0.000000 0.000000 0.100000
vn 0.000000 0.000000 0.100000
vn 0.000000 0.000000 0.100000
vn 0.100000 0.000000 0.000000
vn 0.100000 0.000000 0.000000
vn 0.100000 0.000000 0.000000
vn 0.100000 0.000000 0.000000
vn 0.089020 0.000000 -0.045557
vn 0.089020 0.000000 -0.045557
vn 0.089369 0.000000 -0.044868
vn 0.089712 0.000000 -0.044178
vn 0.090051 0.000000 -0.043484
vn -0.092848 -0.037139 0.000000
vn -0.092848 -0.037139 0.000000
vn -0.092848 -0.037139 0.000000
vn -0.092848 -0.037139 0.000000
vn -0.092848 -0.037139 0.000000
vn -0.092848 -0.037139 0.000000
vn -0.015135 0.000000 0.098848
vn -0.015135 0.000000 0.098848
vn -0.058501 0.000000 0.081103
vn -0.058501 0.000000 0.081103
vn -0.089023 0.000000 0.045552
vn -0.089023 0.000000 0.045552
vn 0.000000 -0.100000 0.000000
vn 0.000000 -0.100000 0.000000
vn 0.000000 -0.100000 0.000000
vn 0.000000 -0.100000 0.000000
vn 0.000000 -0.100000 0.000000
vn 0.000000 -0.100000 0.000000
vn 0.000000 -0.100000 0.000000
vn 0.000000 -0.100000 0.000000
vn 0.000000 -0.100000 0.000000
vn 0.000000 -0.100000 0.000000
vn 0.000000 -0.100000 0.000000
vn 0.000000 -0.100000 0.000000
vn 0.000000 -0.100000 0.000000
vn 0.000000 -0.100000 0.000000
vn 0.000000 -0.100000 0.000000
vn 0.000000 -0.100000 0.000000
vn 0.000000 -0.100000 0.000000
vn 0.000000 -0.100000 0.000000
vn 0.000000 -0.100000 0.000000
vn 0.000000 -0.100000 0.000000
vn 0.000000 -0.100000 0.000000
vn 0.000000 -0.100000 0.000000
vn 0.063325 0.000000 0.077395
vn 0.063325 0.000000 0.077395
vn 0.018316 0.000000 0.098308
vn 0.018316 0.000000 0.098308
vn -0.031204 0.000000 0.095007
vn -0.031204 0.000000 0.095007
vn -0.073038 0.000000 0.068304
vn -0.073038 0.000000 0.068304
vn -0.097021 0.000000 0.024226
vn -0.073328 0.000000 0.067992
vn -0.097021 0.000000 0.024226
vn -0.072659 0.000000 0.068707
vn -0.031473 0.000000 0.094918
vn -0.029608 0.000000 0.095516
vn 0.018177 -0.000000 0.098334
vn 0.021059 -0.000000 0.097758
vn 0.021059 -0.000000 0.097758
vn 0.036165 -0.000000 0.093232
vn 0.063325 -0.000000 0.077395
vn 0.050371 -0.000000 0.086387
vn 0.063325 -0.000000 0.077395
vn 0.000000 0.000000 0.100000
vn 0.000000 0.000000 0.100000
vn -0.042778 0.000000 0.090388
vn -0.042778 0.000000 0.090388
vn -0.077332 0.000000 0.063401
vn -0.077332 0.000000 0.063401
vn -0.097021 0.000000 0.024226
vn 0.000000 0.000000 0.100000
vn 0.000000 0.000000 0.100000
vn 0.000000 0.000000 0.100000
vn 0.000000 0.000000 0.100000
vn 0.000000 -0.100000 0.000000
vn 0.000000 -0.100000 0.000000
vn 0.000000 -0.100000 0.000000
vn 0.000000 -0.100000 0.000000
vn 0.000000 -0.100000 0.000000
vn 0.000000 -0.100000 0.000000
vn 0.000000 -0.100000 0.000000
vn 0.000000 -0.100000 0.000000
vn 0.000000 -0.100000 0.000000
vn 0.000000 -0.100000 0.000000
vn 0.000000 -0.100000 0.000000
vn 0.000000 -0.100000 0.000000
vn 0.000000 -0.100000 0.000000
vn 0.000000 -0.100000 0.000000
vn 0.000000 -0.100000 0.000000
vn 0.000000 -0.100000 0.000000
vn 0.000000 -0.100000 0.000000
vn -0.085152 0.000000 0.052432
vn -0.083960 0.000000 0.054320
vn -0.073038 0.000000 0.068304
vn -0.054320 0.000000 0.083960
vn -0.056181 0.000000 0.082727
vn -0.036558 0.000000 0.093078
vn -0.015135 0.000000 0.098848
vn -0.015135 0.000000 0.098848
vn -0.093871 0.000000 0.034471
vn -0.098848 0.000000 0.015135
vn -0.098848 0.000000 0.015135
vn -0.073038 0.000000 0.068304
vn -0.045552 0.000000 0.089023
vn -0.045552 0.000000 0.089023
vn -0.081103 0.000000 0.058501
vn -0.081103 0.000000 0.058501
vn -0.098848 0.000000 0.015135
vn -0.098848 0.000000 0.015135
vn 0.021059 -0.000000 0.097758
vn 0.021059 -0.000000 0.097758
vn -0.016291 0.000000 0.098664
vn -0.016291 0.000000 0.098664
vn -0.051366 0.000000 0.085799
vn -0.051366 0.000000 0.085799
vn -0.079272 0.000000 0.060958
vn -0.079272 0.000000 0.060958
vn -0.079272 0.000000 0.060958
vn -0.079272 0.000000 0.060958
vn -0.060114 0.000000 0.079915
vn -0.060114 0.000000 0.079915
vn -0.036588 0.000000 0.093066
vn -0.010405 0.000000 0.099457
vn -0.010405 0.000000 0.099457
vn -0.036588 0.000000 0.093066
vn -0.010405 0.000000 0.099457
vn -0.010405 0.000000 0.099457
vn -0.055893 0.000000 0.082922
vn -0.055893 0.000000 0.082922
vn -0.088287 0.000000 0.046961
vn -0.088287 0.000000 0.046961
vn 0.050000 0.000000 0.086603
vn 0.050000 0.000000 0.086603
vn -0.000000 0.000000 0.100000
vn -0.000000 0.000000 0.100000
vn -0.050000 0.000000 0.086603
vn -0.050000 0.000000 0.086603
vn -0.086603 0.000000 0.050000
vn -0.086603 0.000000 0.050000
vn -0.100000 0.000000 0.000000
vn -0.100000 0.000000 0.000000
vn -0.086603 0.000000 -0.050000
vn -0.086603 0.000000 -0.050000
vn -0.050000 0.000000 -0.086603
vn -0.050000 0.000000 -0.086603
vn -0.000000 0.000000 -0.100000
vn -0.000000 0.000000 -0.100000
vn 0.050000 0.000000 -0.086603
vn 0.050000 0.000000 -0.086603
vn 0.086603 0.000000 -0.050000
vn 0.086603 0.000000 -0.050000
vn 0.100000 0.000000 -0.000000
vn 0.100000 0.000000 -0.000000
vn 0.086603 0.000000 0.050000
vn 0.086603 0.000000 0.050000
vn -0.000000 0.100000 -0.000000
vn -0.000000 0.100000 -0.000000
vn -0.000000 0.100000 -0.000000
vn -0.000000 0.100000 -0.000000
vn -0.000000 0.100000 -0.000000
vn -0.000000 0.100000 -0.000000
vn -0.000000 0.100000 -0.000000
vn -0.000000 0.100000 -0.000000
vn -0.000000 0.100000 -0.000000
vn -0.000000 0.100000 -0.000000
vn -0.000000 0.100000 -0.000000
vn -0.000000 0.100000 -0.000000
vn -0.000000 0.100000 -0.000000
vn -0.000000 0.100000 -0.000000
vn -0.000000 0.100000 -0.000000
vn -0.000000 0.100000 -0.000000
vn -0.000000 0.100000 -0.000000
vn -0.000000 0.100000 -0.000000
vn -0.000000 0.100000 -0.000000
vn -0.000000 0.100000 -0.000000
vn -0.000000 0.100000 -0.000000
vn -0.000000 0.100000 -0.000000
vn -0.000000 0.100000 -0.000000
vn -0.000000 0.100000 -0.000000
vn -0.090556 0.000000 -0.042421
vn -0.100000 0.000000 -0.000000
vn -0.100000 0.000000 -0.000000
vn -0.088538 0.000000 0.046486
vn -0.086603 0.000000 0.050000
vn -0.056781 0.000000 0.082316
vn -0.050000 0.000000 0.086603
vn -0.012008 0.000000 0.099276
vn 0.000000 -0.000000 0.100000
vn 0.035518 -0.000000 0.093480
vn 0.050000 -0.000000 0.086603
vn 0.070711 -0.000000 0.070711
vn 0.086603 -0.000000 0.050000
vn 0.093480 -0.000000 0.035518
vn 0.100000 0.000000 0.000000
vn 0.099719 0.000000 -0.007491
vn 0.086603 0.000000 -0.050000
vn 0.087124 0.000000 -0.049086
vn 0.058074 0.000000 -0.081409
vn 0.050000 0.000000 -0.086603
vn 0.018056 0.000000 -0.098356
vn 0.000000 0.000000 -0.100000
vn -0.025373 0.000000 -0.096727
vn -0.050000 0.000000 -0.086603
vn -0.064010 0.000000 -0.076830
vn -0.086603 0.000000 -0.050000
vn 0.050000 0.000000 0.086603
vn 0.050000 0.000000 0.086603
vn -0.000000 0.000000 0.100000
vn -0.000000 0.000000 0.100000
vn -0.050000 0.000000 0.086603
vn -0.050000 0.000000 0.086603
vn -0.086603 0.000000 0.050000
vn -0.086603 0.000000 0.050000
vn -0.100000 0.000000 0.000000
vn -0.100000 0.000000 0.000000
vn -0.086603 0.000000 -0.050000
vn -0.086603 0.000000 -0.050000
vn -0.050000 0.000000 -0.086603
vn -0.050000 0.000000 -0.086603
vn -0.000000 0.000000 -0.100000
vn -0.000000 0.000000 -0.100000
vn 0.050000 0.000000 -0.086603
vn 0.050000 0.000000 -0.086603
vn 0.086603 0.000000 -0.050000
vn 0.086603 0.000000 -0.050000
vn 0.100000 0.000000 -0.000000
vn 0.100000 0.000000 -0.000000
vn 0.086603 0.000000 0.050000
vn 0.086603 0.000000 0.050000
vn -0.000000 0.100000 -0.000000
vn -0.000000 0.100000 -0.000000
vn -0.000000 0.100000 -0.000000
vn -0.000000 0.100000 -0.000000
vn -0.000000 0.100000 -0.000000
vn -0.000000 0.100000 -0.000000
vn -0.000000 0.100000 -0.000000
vn -0.000000 0.100000 -0.000000
vn -0.000000 0.100000 -0.000000
vn -0.000000 0.100000 -0.000000
vn -0.000000 0.100000 -0.000000
vn -0.000000 0.100000 -0.000000
vn -0.000000 0.100000 -0.000000
vn -0.000000 0.100000 -0.000000
vn -0.000000 0.100000 -0.000000
vn -0.000000 0.100000 -0.000000
vn -0.000000 0.100000 -0.000000
vn -0.000000 0.100000 -0.000000
vn -0.000000 0.100000 -0.000000
vn -0.000000 0.100000 -0.000000
vn -0.000000 0.100000 -0.000000
vn -0.000000 0.100000 -0.000000
vn -0.000000 0.100000 -0.000000
vn -0.000000 0.100000 -0.000000
vn -0.088538 0.000000 -0.046486
vn -0.100000 0.000000 -0.000000
vn -0.100000 0.000000 -0.000000
vn -0.090556 0.000000 0.042421
vn -0.086603 0.000000 0.050000
vn -0.064010 0.000000 0.076830
vn -0.050000 0.000000 0.086603
vn -0.025373 0.000000 0.096727
vn 0.000000 -0.000000 0.100000
vn 0.018056 -0.000000 0.098356
vn 0.050000 -0.000000 0.086603
vn 0.058074 -0.000000 0.081409
vn 0.086603 -0.000000 0.050000
vn 0.087124 -0.000000 0.049085
vn 0.099719 -0.000000 0.007491
vn 0.100000 0.000000 0.000000
vn 0.093480 0.000000 -0.035518
vn 0.086603 0.000000 -0.050000
vn 0.070711 0.000000 -0.070711
vn 0.050000 0.000000 -0.086603
vn 0.035518 0.000000 -0.093480
vn 0.000000 0.000000 -0.100000
vn -0.012008 0.000000 -0.099276
vn -0.050000 0.000000 -0.086603
vn -0.056781 0.000000 -0.082316
vn -0.086603 0.000000 -0.050000
vn -0.050000 0.000000 -0.086603
vn -0.050000 0.000000 -0.086603
vn 0.000000 0.000000 -0.100000
vn 0.000000 0.000000 -0.100000
vn 0.050000 0.000000 -0.086603
vn 0.050000 0.000000 -0.086603
vn 0.086603 0.000000 -0.050000
vn 0.086603 0.000000 -0.050000
vn 0.100000 0.000000 0.000000
vn 0.100000 0.000000 0.000000
vn 0.086603 -0.000000 0.050000
vn 0.086603 -0.000000 0.050000
vn 0.050000 -0.000000 0.086603
vn 0.050000 -0.000000 0.086603
vn 0.000000 -0.000000 0.100000
vn 0.000000 -0.000000 0.100000
vn -0.050000 0.000000 0.086603
vn -0.050000 0.000000 0.086603
vn -0.086603 0.000000 0.050000
vn -0.086603 0.000000 0.050000
vn -0.100000 0.000000 0.000000
vn -0.100000 0.000000 0.000000
vn -0.086603 0.000000 -0.050000
vn -0.086603 0.000000 -0.050000
vn 0.100000 0.000000 -0.000000
vn 0.100000 0.000000 0.000000
vn 0.097891 0.000000 0.020430
vn 0.092388 0.000000 0.038268
vn 0.091652 0.000000 0.039999
vn 0.070711 0.000000 0.070711
vn 0.064285 0.000000 0.076599
vn 0.038268 0.000000 0.092388
vn 0.044885 0.000000 0.089361
vn 0.023064 0.000000 0.097304
vn 0.000000 0.000000 0.100000
vn 0.000000 0.000000 0.100000
vn 0.070710 0.070712 0.000000
vn 0.070710 0.070712 0.000000
vn 0.070710 0.070712 0.000000
vn 0.070710 0.070712 0.000000
vn 0.000000 0.000000 0.100000
vn 0.000000 0.000000 0.100000
vn 0.000000 0.000000 0.100000
vn 0.000000 0.000000 0.100000
vn 0.000000 0.000000 0.100000
vn -0.000000 0.000000 0.100000
vn -0.042561 0.000000 0.090491
vn -0.049795 0.000000 0.086720
vn -0.077027 0.000000 0.063771
vn -0.086366 0.000000 0.050408
vn -0.096844 0.000000 0.024924
vn -0.099997 0.000000 0.000708
vn -0.099418 0.000000 -0.010776
vn -0.095249 0.000000 -0.030458
vn -0.087071 0.000000 -0.049180
vn -0.087071 0.000000 -0.049180
vn -0.052767 0.070711 -0.047070
vn -0.059359 0.070711 -0.038424
vn -0.054617 0.070711 -0.044909
vn -0.060313 0.070711 -0.036909
vn -0.060928 0.070711 -0.035884
vn -0.061568 0.070711 -0.034775
vn -0.046018 0.070711 -0.053686
vn -0.044926 0.070711 -0.054603
vn -0.036029 0.070711 -0.060843
vn -0.036024 0.070711 -0.060845
vn -0.036299 0.070710 -0.060683
vn -0.036029 0.070710 -0.060844
vn -0.054634 0.070711 -0.044891
vn -0.061315 0.070711 -0.035221
vn -0.066570 0.070711 -0.023841
vn -0.070711 0.070711 -0.000000
vn -0.070711 0.070711 0.000000
vn -0.050953 0.000000 -0.086045
vn -0.077075 0.000000 -0.063713
vn -0.050953 0.000000 -0.086045
vn -0.086712 0.000000 -0.049810
vn -0.094094 0.000000 -0.033856
vn -0.100000 0.000000 -0.000000
vn 0.032104 0.070711 0.063003
vn 0.032104 0.070711 0.063003
vn 0.000000 0.070711 0.070711
vn -0.000000 0.070711 0.070711
vn -0.024042 0.070711 0.066498
vn -0.032653 0.070711 0.062720
vn -0.045219 0.070711 0.054362
vn -0.057926 0.070711 0.040553
vn -0.061009 0.070711 0.035749
vn -0.070107 0.070711 0.009220
vn -0.069529 0.070711 0.012876
vn -0.070467 0.070711 -0.005867
vn -0.066442 0.070711 -0.024196
vn -0.066442 0.070711 -0.024196
vn -0.050088 0.070711 -0.049912
vn -0.049073 0.070711 -0.050910
vn -0.021740 0.070711 -0.067286
vn 0.057209 0.070711 0.041559
vn 0.057209 0.070711 0.041559
vn 0.067247 0.070711 0.021861
vn 0.069308 0.070711 0.014013
vn 0.070711 0.070711 0.000026
vn 0.069197 0.070711 -0.014552
vn 0.067262 0.070711 -0.021812
vn 0.060499 0.070711 -0.036605
vn 0.057239 0.070711 -0.041517
vn 0.046082 0.070711 -0.053633
vn 0.041620 0.070711 -0.057164
vn 0.029620 0.070711 -0.064208
vn 0.021933 0.070711 -0.067223
vn 0.013039 0.070711 -0.069498
vn 0.000101 0.070711 -0.070711
vn -0.020627 0.070711 -0.067635
vn -0.021740 0.070711 -0.067286
vn -0.048895 0.070711 -0.051081
vn -0.049073 0.070711 -0.050910
vn -0.066442 0.070711 -0.024196
vn -0.044538 -0.086374 -0.023578
vn -0.037964 -0.086391 -0.033095
vn -0.029073 -0.086346 -0.041221
vn -0.029190 -0.086357 -0.041114
vn -0.019298 -0.086356 -0.046585
vn -0.007698 -0.086366 -0.049816
vn -0.008415 -0.086387 -0.049664
vn 0.007665 -0.086364 -0.049824
vn 0.016827 -0.086317 -0.047604
vn 0.022313 -0.086363 -0.045206
vn 0.027729 -0.086337 -0.042155
vn 0.035021 -0.086392 -0.036193
vn 0.042620 -0.086314 -0.027083
vn 0.044626 -0.086353 -0.023489
vn 0.049562 -0.086380 -0.009061
vn 0.050097 -0.086332 0.006090
vn 0.049917 -0.086372 0.006938
vn 0.045480 -0.086357 0.021772
vn 0.034959 -0.086349 0.036356
vn 0.036719 -0.086392 0.034468
vn 0.023064 -0.086354 0.044844
vn 0.003938 -0.086343 0.050293
vn 0.007490 -0.086379 0.049826
vn -0.009641 -0.086370 0.049470
vn -0.029026 -0.086327 0.041293
vn -0.025137 -0.086361 0.043703
vn -0.037988 -0.086392 0.033067
vn -0.048728 -0.086312 0.013257
vn -0.046889 -0.086353 0.018566
vn -0.050308 -0.086386 0.002548
vn -0.045979 -0.086307 -0.020904
vn -0.048275 -0.086362 -0.014532
vn -0.041039 -0.086368 -0.029265
vn -0.022130 -0.086315 -0.045387
vn -0.029039 -0.086384 -0.041164
vn -0.013908 -0.086354 -0.048472
vn 0.011651 -0.086334 -0.049099
vn 0.002457 -0.086391 -0.050304
vn 0.019235 -0.086356 -0.046612
vn 0.033124 -0.086376 -0.037974
vn 0.040039 -0.086349 -0.030671
vn 0.030460 -0.086260 -0.040390
vn 0.040178 -0.086292 -0.030650
vn 0.047220 -0.086252 -0.018192
vn 0.050419 -0.086342 0.001732
vn 0.050335 -0.086263 -0.005003
vn 0.049762 -0.086291 0.008808
vn 0.045383 -0.086250 0.022391
vn 0.037769 -0.086325 0.033487
vn 0.037803 -0.086266 0.033602
vn 0.027206 -0.086290 0.042589
vn 0.007691 -0.086311 0.049912
vn 0.014288 -0.086249 0.048549
vn 0.000925 -0.086269 0.050564
vn -0.012926 -0.086288 0.048860
vn -0.025940 -0.086307 0.043338
vn -0.026004 -0.086248 0.043418
vn -0.036536 -0.086272 0.034960
vn -0.047580 -0.086316 0.016900
vn -0.044720 -0.086285 0.023559
vn -0.049547 -0.086248 0.010317
vn -0.050463 -0.086275 -0.003159
vn -0.047486 -0.086336 -0.017062
vn -0.047616 -0.086281 -0.016981
vn -0.041174 -0.086248 -0.029428
vn -0.025996 -0.086349 -0.043221
vn -0.031882 -0.086279 -0.039237
vn -0.019728 -0.086276 -0.046553
vn -0.006285 -0.086248 -0.050217
vn 0.007381 -0.086341 -0.049908
vn 0.007242 -0.086281 -0.050031
vn 0.020922 -0.086272 -0.046037
vn 0.037524 -0.086324 -0.033765
vn 0.032654 -0.086249 -0.038662
vn 0.041700 -0.086284 -0.028569
vn 0.048055 -0.086268 -0.015768
vn 0.050462 -0.086311 -0.002027
vn 0.050556 -0.086251 -0.002209
vn 0.049262 -0.086287 0.011311
vn 0.040147 -0.086308 0.030647
vn 0.044146 -0.086264 0.024690
vn 0.035901 -0.086252 0.035660
vn 0.025057 -0.086289 0.043891
vn 0.011458 -0.086318 0.049173
vn 0.011734 -0.086261 0.049208
vn -0.001872 -0.086254 0.050564
vn -0.022258 -0.086338 0.045280
vn -0.015312 -0.086290 0.048162
vn -0.028255 -0.086257 0.041968
vn -0.038429 -0.086257 0.032909
vn -0.045860 -0.086349 0.020993
vn -0.045798 -0.086291 0.021362
vn -0.050015 -0.086255 0.007653
vn -0.048766 -0.086339 -0.012939
vn -0.050241 -0.086259 -0.005930
vn -0.046735 -0.086292 -0.019224
vn -0.039523 -0.086253 -0.031598
vn -0.029332 -0.086323 -0.041086
vn -0.029708 -0.086262 -0.040943
vn -0.017509 -0.086292 -0.047404
vn 0.003663 -0.086310 -0.050371
vn -0.003550 -0.086251 -0.050480
vn 0.009958 -0.086265 -0.049591
vn 0.023034 -0.086291 -0.044982
vn 0.034964 -0.086308 -0.036448
vn 0.034715 -0.086249 -0.036823
vn 0.043198 -0.086268 -0.026302
vn 0.050145 -0.086319 -0.005874
vn 0.048702 -0.086289 -0.013502
vn 0.050605 -0.086248 0.000560
vn 0.048617 -0.086271 0.013917
vn 0.042509 -0.086340 0.027172
vn 0.042911 -0.086286 0.026708
vn 0.033897 -0.086248 0.037581
vn 0.016079 -0.086349 0.047806
vn 0.022728 -0.086274 0.045169
vn 0.009387 -0.086283 0.049670
vn -0.004640 -0.086248 0.050395
vn -0.017661 -0.086336 0.047267
vn -0.017798 -0.086278 0.047323
vn -0.030229 -0.086278 0.040527
vn -0.043606 -0.086316 0.025456
vn -0.040202 -0.086246 0.030747
vn -0.046855 -0.086279 0.018989
vn -0.050293 -0.086276 0.005204
vn -0.049849 -0.086252 -0.008705
vn -0.049909 -0.086356 -0.007198
vn -0.049421 -0.086390 0.009717
vn -0.043538 -0.086362 0.025417
vn -0.033030 -0.086364 0.038082
vn -0.018298 -0.086383 0.046938
vn -0.002301 -0.086354 0.050376
vn 0.014647 -0.086393 0.048185
vn 0.029537 -0.086358 0.040865
vn 0.041195 -0.086375 0.029023
vn 0.048521 -0.086375 0.013605
vn 0.050354 -0.086356 -0.002652
vn 0.046480 -0.086391 -0.019395
vn 0.037803 -0.086354 -0.033376
vn 0.024680 -0.086385 -0.043914
vn 0.008806 -0.086367 -0.049631
vn -0.007618 -0.086362 -0.049835
vn -0.023912 -0.086385 -0.044337
vn -0.036903 -0.086353 -0.034371
vn -0.046184 -0.086392 -0.020087
vn -0.050264 -0.086360 -0.003935
vn -0.048810 -0.086371 0.012554
vn -0.041780 -0.086378 0.028165
vn -0.030590 -0.086355 0.040089
vn -0.015346 -0.086392 0.047968
vn 0.000971 -0.086355 0.050417
vn 0.017417 -0.086382 0.047275
vn 0.032125 -0.086370 0.038837
vn 0.042902 -0.086360 0.026484
vn 0.049263 -0.086388 0.010500
vn 0.050087 -0.086353 -0.005875
vn 0.045241 -0.086390 -0.022136
vn 0.035532 -0.086362 -0.035764
vn 0.022078 -0.086368 -0.045312
vn 0.005591 -0.086381 -0.050071
vn -0.010742 -0.086354 -0.049271
vn -0.026584 -0.086393 -0.042774
vn -0.039057 -0.086356 -0.031892
vn -0.047288 -0.086378 -0.017401
vn -0.050392 -0.086373 -0.000659
vn -0.047970 -0.086358 0.015532
vn -0.039911 -0.086390 0.030724
vn -0.027945 -0.086353 0.041979
vn -0.012492 -0.086388 0.048796
vn 0.004260 -0.086365 0.050229
vn 0.020206 -0.086365 0.046183
vn 0.034528 -0.086384 0.036683
vn 0.044506 -0.086353 0.023716
vn 0.049803 -0.086393 0.007484
vn 0.049588 -0.086358 -0.009128
vn 0.043913 -0.086374 -0.024723
vn 0.018624 -0.086254 -0.047047
vn 0.004667 -0.086292 -0.050319
vn -0.009040 -0.086258 -0.049778
vn -0.030506 -0.086290 -0.040292
vn -0.045322 -0.086248 -0.022521
vn -0.050538 -0.086287 0.000685
vn -0.045097 -0.086254 0.022947
vn -0.029604 -0.086270 0.041002
vn -0.008234 -0.086275 0.049888
vn 0.015169 -0.086253 0.048274
vn 0.035385 -0.086292 0.036078
vn 0.047178 -0.086264 0.018241
vn 0.050422 -0.086321 -0.002495
vn 0.046861 -0.086293 -0.018909
vn 0.038499 -0.086329 -0.032635
vn -0.069400 0.000000 -0.071997
vn -0.034236 0.000000 -0.093957
vn -0.030745 0.000000 -0.095156
vn -0.007387 0.000000 -0.099727
vn -0.000174 0.000000 -0.100000
vn 0.020019 0.000000 -0.097976
vn 0.030426 0.000000 -0.095259
vn 0.045913 0.000000 -0.088837
vn 0.058089 0.000000 -0.081399
vn 0.068328 0.000000 -0.073016
vn 0.080205 0.000000 -0.059726
vn 0.085612 0.000000 -0.051678
vn 0.094627 0.000000 -0.032339
vn 0.096441 0.000000 -0.026442
vn 0.099983 0.000000 -0.001856
vn 0.099997 -0.000000 0.000773
vn 0.095757 -0.000000 0.028822
vn 0.096018 -0.000000 0.027937
vn 0.084797 -0.000000 0.053004
vn -0.072864 0.000000 -0.068490
vn -0.093963 0.000000 -0.034219
vn -0.095894 0.000000 -0.028361
vn -0.099146 0.000000 0.013039
vn -0.098396 0.000000 0.017837
vn -0.081920 0.000000 0.057350
vn -0.079845 0.000000 0.060206
vn -0.046179 0.000000 0.088699
vn -0.044209 0.000000 0.089697
vn -0.000000 0.000000 0.100000
vn 0.000891 -0.000000 0.099996
vn 0.045402 -0.000000 0.089099
vn 0.045791 -0.000000 0.088900
vn 0.080906 -0.000000 0.058773
vn 0.082365 -0.000000 0.056709
vn 0.067182 -0.000000 0.074071
vn 0.059199 -0.000000 0.080594
vn 0.044500 -0.000000 0.089553
vn 0.029477 -0.000000 0.095557
vn 0.018467 -0.000000 0.098280
vn -0.003500 0.000000 0.099939
vn -0.008944 0.000000 0.099599
vn -0.036105 0.000000 0.093255
vn -0.035696 0.000000 0.093412
vn -0.059756 0.000000 0.080182
vn -0.064688 0.000000 0.076259
vn -0.079309 0.000000 0.060911
vn -0.086133 0.000000 0.050805
vn -0.092885 0.000000 0.037045
vn -0.098032 0.000000 0.019743
vn -0.099459 0.000000 0.010388
vn -0.099082 0.000000 -0.013515
vn -0.098535 0.000000 -0.017052
vn -0.089157 0.000000 -0.045288
vn -0.090183 0.000000 -0.043208
vn -0.075035 0.000000 -0.066105
vn -0.069376 0.000000 -0.072020
vn -0.054227 0.000000 -0.084021
vn -0.041898 0.000000 -0.090800
vn -0.029334 0.000000 -0.095601
vn -0.009796 0.000000 -0.099519
vn -0.002224 0.000000 -0.099975
vn 0.023409 0.000000 -0.097222
vn 0.025064 0.000000 -0.096808
vn 0.050444 0.000000 -0.086344
vn 0.054017 0.000000 -0.084155
vn 0.072035 0.000000 -0.069361
vn 0.078635 0.000000 -0.061778
vn 0.088186 0.000000 -0.047151
vn 0.094556 0.000000 -0.032543
vn 0.097683 0.000000 -0.021400
vn 0.100000 -0.000000 0.000267
vn 0.099820 -0.000000 0.005989
vn 0.094373 -0.000000 0.033072
vn 0.094427 -0.000000 0.032916
vn 0.081927 -0.000000 0.057341
vn 0.078295 -0.000000 0.062208
vn 0.063232 -0.000000 0.077471
vn 0.053544 -0.000000 0.084457
vn 0.039772 -0.000000 0.091751
vn 0.022850 -0.000000 0.097354
vn 0.013332 -0.000000 0.099107
vn -0.010346 0.000000 0.099463
vn -0.014137 0.000000 0.098996
vn -0.042425 0.000000 0.090554
vn -0.040531 0.000000 0.091418
vn -0.063850 0.000000 0.076962
vn -0.069782 0.000000 0.071627
vn -0.082381 0.000000 0.056686
vn -0.089425 0.000000 0.044757
vn -0.094695 0.000000 0.032139
vn -0.099162 0.000000 0.012917
vn -0.099865 0.000000 0.005193
vn -0.097910 0.000000 -0.020337
vn -0.097511 0.000000 -0.022174
vn -0.087803 0.000000 -0.047860
vn -0.085810 0.000000 -0.051349
vn -0.071494 0.000000 -0.069919
vn -0.064208 0.000000 -0.076664
vn -0.049773 0.000000 -0.086733
vn -0.035500 0.000000 -0.093487
vn -0.024304 0.000000 -0.097002
vn -0.002873 0.000000 -0.099959
vn 0.002992 0.000000 -0.099955
vn 0.030073 0.000000 -0.095371
vn 0.030069 0.000000 -0.095372
vn 0.054874 0.000000 -0.083599
vn 0.059683 0.000000 -0.080237
vn 0.075535 0.000000 -0.065533
vn 0.082698 0.000000 -0.056223
vn 0.090514 0.000000 -0.042511
vn 0.096563 0.000000 -0.025991
vn 0.098663 0.000000 -0.016298
vn 0.099746 -0.000000 0.007120
vn 0.099378 -0.000000 0.011138
vn 0.091891 -0.000000 0.039447
vn 0.092599 -0.000000 0.037755
vn 0.078847 -0.000000 0.061508
vn 0.073874 -0.000000 0.067399
vn 0.059152 -0.000000 0.080629
vn 0.047687 -0.000000 0.087898
vn 0.034984 -0.000000 0.093681
vn 0.016234 -0.000000 0.098674
vn 0.008201 -0.000000 0.099663
vn -0.017029 0.000000 0.098539
vn -0.019211 0.000000 0.098137
vn -0.045187 0.000000 0.089208
vn -0.048407 0.000000 0.087503
vn -0.067743 0.000000 0.073559
vn -0.074421 0.000000 0.066795
vn -0.085200 0.000000 0.052354
vn -0.092211 0.000000 0.038693
vn -0.096229 0.000000 0.027203
vn -0.099800 0.000000 0.006316
vn -0.100000 0.000000 0.000004
vn -0.096354 0.000000 -0.026757
vn -0.092387 0.000000 -0.038271
vn -0.082253 0.000000 -0.056872
vn -0.070709 0.000000 -0.070712
vn -0.059057 0.000000 -0.080698
vn -0.038259 0.000000 -0.092392
vn -0.029324 0.000000 -0.095604
vn 0.000010 0.000000 -0.100000
vn 0.003635 0.000000 -0.099934
vn 0.038269 0.000000 -0.092388
vn 0.036201 0.000000 -0.093217
vn 0.064764 0.000000 -0.076195
vn 0.070711 0.000000 -0.070710
vn 0.086168 0.000000 -0.050745
vn 0.092395 0.000000 -0.038251
vn 0.098043 0.000000 -0.019685
vn 0.100000 -0.000000 0.000015
vn 0.099079 -0.000000 0.013537
vn 0.092379 -0.000000 0.038291
vn 0.089164 -0.000000 0.045275
vn 0.070696 -0.000000 0.070725
vn 0.069399 -0.000000 0.071998
vn 0.041957 -0.000000 0.090772
vn 0.038245 -0.000000 0.092398
vn 0.009877 -0.000000 0.099511
vn -0.000021 0.000000 0.100000
vn -0.023289 0.000000 0.097250
vn -0.038294 0.000000 0.092377
vn -0.053890 0.000000 0.084237
vn -0.070728 0.000000 0.070694
vn -0.078518 0.000000 0.061927
vn -0.092393 0.000000 0.038257
vn -0.094479 0.000000 0.032766
vn -0.100000 0.000000 -0.000011
vn -0.100000 0.000000 -0.000004
vn -0.092382 0.000000 -0.038282
vn -0.092379 0.000000 -0.038290
vn -0.070687 0.000000 -0.070735
vn -0.070691 0.000000 -0.070730
vn -0.038237 0.000000 -0.092401
vn -0.038234 0.000000 -0.092402
vn 0.000034 0.000000 -0.100000
vn 0.000057 0.000000 -0.100000
vn 0.038302 0.000000 -0.092374
vn 0.038309 0.000000 -0.092371
vn 0.070735 0.000000 -0.070686
vn 0.070756 0.000000 -0.070665
vn 0.092401 0.000000 -0.038237
vn 0.092407 0.000000 -0.038223
vn 0.100000 -0.000000 0.000031
vn 0.100000 -0.000000 0.000066
vn 0.092378 -0.000000 0.038292
vn 0.092361 -0.000000 0.038334
vn 0.070693 -0.000000 0.070729
vn 0.070643 -0.000000 0.070778
vn 0.038250 -0.000000 0.092395
vn 0.038169 -0.000000 0.092429
vn -0.000003 0.000000 0.100000
vn -0.000125 0.000000 0.100000
vn -0.038266 0.000000 0.092389
vn -0.038387 0.000000 0.092339
vn -0.070697 0.000000 0.070724
vn -0.070811 0.000000 0.070610
vn -0.092377 0.000000 0.038294
vn -0.092445 0.000000 0.038132
vn -0.100000 0.000000 0.000017
vn -0.100000 0.000000 -0.000161
vn -0.092396 0.000000 -0.038250
vn -0.092323 0.000000 -0.038426
vn -0.070722 0.000000 -0.070699
vn -0.070587 0.000000 -0.070834
vn -0.038307 0.000000 -0.092372
vn -0.038104 0.000000 -0.092456
vn -0.000033 0.000000 -0.100000
vn 0.000173 0.000000 -0.100000
vn 0.038231 0.000000 -0.092403
vn 0.038431 0.000000 -0.092320
vn 0.070687 0.000000 -0.070734
vn 0.070830 0.000000 -0.070592
vn 0.092368 0.000000 -0.038316
vn 0.092453 0.000000 -0.038111
vn 0.100000 0.000000 -0.000043
vn 0.100000 -0.000000 0.000161
vn 0.092409 -0.000000 0.038217
vn 0.092326 -0.000000 0.038417
vn 0.070747 -0.000000 0.070674
vn 0.070614 -0.000000 0.070807
vn 0.038322 -0.000000 0.092366
vn 0.038139 -0.000000 0.092441
vn 0.000061 -0.000000 0.100000
vn -0.000111 0.000000 0.100000
vn -0.038212 0.000000 0.092411
vn -0.038376 0.000000 0.092343
vn -0.070660 0.000000 0.070761
vn -0.070770 0.000000 0.070651
vn -0.092363 0.000000 0.038330
vn -0.092420 0.000000 0.038190
vn -0.100000 0.000000 0.000082
vn -0.100000 0.000000 -0.000078
vn -0.092416 0.000000 -0.038200
vn -0.092355 0.000000 -0.038347
vn -0.070776 0.000000 -0.070646
vn -0.070660 0.000000 -0.070762
vn -0.038348 0.000000 -0.092355
vn -0.038220 0.000000 -0.092408
vn -0.000086 0.000000 -0.100000
vn 0.000044 0.000000 -0.100000
vn 0.038197 0.000000 -0.092418
vn 0.038307 0.000000 -0.092372
vn 0.070654 0.000000 -0.070767
vn 0.070734 0.000000 -0.070687
vn 0.092362 0.000000 -0.038332
vn 0.092399 0.000000 -0.038241
vn 0.100000 0.000000 -0.000068
vn 0.100000 -0.000000 0.000022
vn 0.092409 -0.000000 0.038218
vn 0.092381 -0.000000 0.038286
vn 0.070742 -0.000000 0.070679
vn 0.070698 -0.000000 0.070723
vn 0.038295 -0.000000 0.092377
vn 0.038247 -0.000000 0.092397
vn 0.000047 -0.000000 0.100000
vn -0.000021 0.000000 0.100000
vn -0.038244 0.000000 0.092398
vn -0.038283 0.000000 0.092382
vn -0.070695 0.000000 0.070727
vn -0.070722 0.000000 0.070699
vn -0.092385 0.000000 0.038276
vn -0.092393 0.000000 0.038256
vn -0.100000 0.000000 0.000000
vn -0.100000 0.000000 -0.000017
vn -0.100000 0.000000 -0.000003
vn -0.092381 0.000000 -0.038285
vn -0.086602 0.000000 -0.050002
vn -0.070697 0.000000 -0.070724
vn -0.049998 0.000000 -0.086603
vn -0.038253 0.000000 -0.092395
vn 0.000002 0.000000 -0.100000
vn 0.000004 0.000000 -0.100000
vn 0.038271 0.000000 -0.092387
vn 0.050002 0.000000 -0.086602
vn 0.070717 0.000000 -0.070704
vn 0.086603 0.000000 -0.049998
vn 0.092389 0.000000 -0.038266
vn 0.100000 -0.000000 0.000002
vn 0.100000 0.000000 -0.000012
vn 0.092394 -0.000000 0.038253
vn 0.086602 -0.000000 0.050002
vn 0.070719 -0.000000 0.070703
vn 0.049998 -0.000000 0.086603
vn 0.038284 -0.000000 0.092381
vn -0.000002 0.000000 0.100000
vn 0.000012 -0.000000 0.100000
vn -0.038251 0.000000 0.092395
vn -0.050002 0.000000 0.086602
vn -0.070704 0.000000 0.070717
vn -0.086603 0.000000 0.049998
vn -0.092386 0.000000 0.038273
vn -0.008466 0.086292 -0.049820
vn 0.000296 0.086333 -0.050464
vn -0.023723 0.086249 -0.044703
vn -0.032001 0.086314 -0.039061
vn -0.040612 0.086350 -0.029906
vn -0.031447 0.086358 -0.039413
vn -0.039422 0.086389 -0.031351
vn 0.006980 0.086255 -0.050114
vn 0.021808 0.086267 -0.045633
vn 0.032338 0.086347 -0.038710
vn 0.034996 0.086280 -0.036484
vn 0.044325 0.086248 -0.024426
vn 0.049548 0.086347 -0.009443
vn 0.049659 0.086290 -0.009382
vn 0.050202 0.086261 0.006225
vn 0.044398 0.086326 0.024013
vn 0.046034 0.086258 0.020988
vn 0.036237 0.086284 0.035240
vn 0.019047 0.086311 0.046772
vn 0.023070 0.086248 0.045046
vn 0.006687 0.086291 0.050091
vn -0.015150 0.086308 0.048181
vn -0.010016 0.086256 0.049593
vn -0.025546 0.086268 0.043650
vn -0.042411 0.086317 0.027397
vn -0.038690 0.086276 0.032550
vn -0.047111 0.086250 0.018482
vn -0.050109 0.086334 -0.005966
vn -0.050512 0.086291 0.001548
vn -0.048374 0.086251 -0.014858
vn -0.034840 0.086348 -0.036473
vn -0.040769 0.086280 -0.029894
vn -0.028564 0.086267 -0.041738
vn -0.003847 0.086346 -0.050295
vn -0.013665 0.086255 -0.048717
vn 0.003561 0.086286 -0.050418
vn 0.019567 0.086248 -0.046674
vn 0.028834 0.086324 -0.041433
vn 0.005531 0.086385 -0.050070
vn 0.021309 0.086353 -0.045707
vn 0.035277 0.086392 -0.035943
vn 0.045115 0.086360 -0.022509
vn 0.048617 0.086310 -0.013675
vn 0.049954 0.086372 -0.006672
vn 0.049296 0.086377 0.010431
vn 0.046171 0.086308 0.020473
vn 0.043397 0.086355 0.025682
vn 0.032220 0.086392 0.038708
vn 0.022451 0.086319 0.045222
vn 0.018019 0.086355 0.047097
vn 0.001585 0.086382 0.050355
vn -0.011558 0.086335 0.049119
vn -0.015205 0.086369 0.048054
vn -0.029832 0.086360 0.040645
vn -0.040148 0.086348 0.030531
vn -0.041726 0.086388 0.028216
vn -0.048632 0.086353 0.013348
vn -0.050413 0.086344 -0.001796
vn -0.050240 0.086391 -0.003551
vn -0.046356 0.086362 -0.019817
vn -0.037945 0.086323 -0.033295
vn -0.037463 0.086368 -0.033721
vn -0.023970 0.086380 -0.044316
vn -0.008128 0.086309 -0.049846
vn -0.008530 0.086354 -0.049702
vn 0.008597 0.086393 -0.049622
vn 0.025536 0.086309 -0.043574
vn 0.024235 0.086356 -0.044218
vn 0.037308 0.086378 -0.033867
vn 0.047459 0.086320 -0.017220
vn 0.046463 0.086372 -0.019519
vn 0.050293 0.086358 -0.003600
vn 0.047507 0.086337 0.017002
vn 0.048522 0.086390 0.013507
vn 0.041655 0.086353 0.028426
vn 0.025839 0.086349 0.043316
vn 0.029881 0.086388 0.040549
vn 0.014900 0.086365 0.048158
vn -0.007416 0.086343 0.049899
vn -0.001405 0.086365 0.050390
vn -0.018243 0.086383 0.046959
vn -0.037338 0.086321 0.033979
vn -0.032355 0.086353 0.038682
vn -0.043359 0.086393 0.025619
vn -0.050445 0.086309 0.002477
vn -0.049389 0.086358 0.010147
vn -0.049979 0.086374 -0.006447
vn -0.044953 0.086375 -0.022771
vn -0.040424 0.086309 -0.030275
vn -0.035318 0.086356 -0.035990
vn -0.021149 0.086391 -0.045709
vn -0.011772 0.086321 -0.049092
vn -0.005297 0.086354 -0.050149
vn 0.011481 0.086385 -0.049050
vn 0.022230 0.086338 -0.045294
vn 0.027059 0.086367 -0.042526
vn 0.039297 0.086362 -0.031581
vn 0.045937 0.086349 -0.020823
vn 0.047590 0.086386 -0.016513
vn 0.050429 0.086353 -0.000385
vn 0.048763 0.086341 0.012941
vn 0.047617 0.086392 0.016404
vn 0.039700 0.086360 0.031077
vn 0.029884 0.086318 0.040695
vn 0.027494 0.086370 0.042240
vn 0.011755 0.086379 0.048996
vn -0.002489 0.086308 0.050445
vn -0.004555 0.086355 0.050220
vn -0.021118 0.086392 0.045720
vn -0.033849 0.086310 0.037481
vn -0.034801 0.086353 0.036496
vn -0.033807 0.086250 0.037655
vn -0.044212 0.086274 0.024537
vn 0.033946 0.086290 -0.037440
vn 0.044373 0.086259 -0.024300
vn 0.049837 0.086264 -0.008648
vn 0.049821 0.086279 0.008596
vn 0.044497 0.086249 0.024107
vn 0.033759 0.086292 0.037604
vn 0.019798 0.086252 0.046568
vn 0.003469 0.086276 0.050442
vn -0.013526 0.086270 0.048730
vn -0.028444 0.086253 0.041849
vn -0.040843 0.086288 0.029769
vn -0.048307 0.086248 0.015089
vn -0.050509 0.086288 -0.001803
vn -0.047160 0.086261 -0.018303
vn -0.038732 0.086261 -0.032540
vn -0.025509 0.086281 -0.043645
vn -0.010220 0.086248 -0.049566
vn 0.006977 0.086292 -0.050050
vn 0.022855 0.086254 -0.045144
vn 0.036296 0.086272 -0.035209
vn 0.045966 0.086272 -0.021076
vn 0.050329 0.086251 -0.005257
vn 0.049094 0.086290 0.011992
vn 0.042691 0.086249 0.027176
vn 0.031275 0.086285 0.039709
vn 0.016464 0.086264 0.047828
vn 0.000204 0.086258 0.050591
vn -0.016831 0.086284 0.047664
vn -0.031234 0.086248 0.039821
vn -0.042686 0.086291 0.027051
vn -0.049223 0.086256 0.011706
vn -0.050336 0.086268 -0.004899
vn -0.045781 0.086275 -0.021462
vn -0.036546 0.086250 -0.035005
vn -0.022606 0.086291 -0.045198
vn -0.006849 0.086250 -0.050139
vn 0.010005 0.086281 -0.049553
vn 0.025854 0.086267 -0.043470
vn 0.038451 0.086256 -0.032886
vn 0.047234 0.086286 -0.017990
vn 0.050573 0.086248 -0.001920
vn 0.048257 0.086290 0.015010
vn 0.040755 0.086258 0.029976
vn 0.028870 0.086264 0.041533
vn 0.013252 0.086279 0.048789
vn -0.003043 0.086249 0.050515
vn -0.019811 0.086292 0.046489
vn -0.044777 0.086379 0.023102
vn -0.049860 0.086272 0.008437
vn -0.049918 0.086372 0.006927
vn -0.011634 0.086363 -0.049052
vn -0.026786 0.086366 -0.042701
vn -0.039347 0.086386 -0.031452
vn -0.047565 0.086354 -0.016752
vn -0.050362 0.086391 -0.000542
vn -0.047670 0.086356 0.016434
vn -0.039871 0.086374 0.030818
vn -0.027301 0.086375 0.042355
vn -0.012045 0.086357 0.048962
vn 0.004498 0.086393 0.050160
vn 0.021038 0.086353 0.045832
vn 0.034571 0.086382 0.036646
vn 0.044896 0.086366 0.022919
vn 0.049725 0.086361 0.008316
vn 0.049842 0.086392 -0.007219
vn 0.045143 0.086353 -0.022477
vn 0.036327 0.086378 -0.034917
vn 0.023581 0.086375 -0.044535
vn 0.008914 0.086357 -0.049630
vn -0.006482 0.086392 -0.049944
vn -0.021899 0.086355 -0.045422
vn -0.045702 0.086375 -0.021229
vn -0.049362 0.086356 -0.010300
vn -0.049921 0.086371 0.006922
vn -0.043308 0.086368 0.025786
vn -0.049863 0.086271 0.008431
vn -0.042651 0.086262 0.027199
vn -0.033503 0.086308 0.037794
vn -0.029286 0.086263 0.041244
vn -0.010997 0.086272 0.049359
vn -0.001547 0.086307 0.050486
vn 0.008517 0.086260 0.049867
vn 0.031011 0.086317 0.039845
vn 0.027064 0.086278 0.042705
vn 0.041317 0.086255 0.029205
vn 0.049209 0.086341 0.011125
vn 0.049302 0.086285 0.011147
vn 0.049864 0.086252 -0.008618
vn 0.044916 0.086349 -0.022941
vn 0.042785 0.086289 -0.026899
vn 0.029135 0.086249 -0.041380
vn 0.019643 0.086338 -0.046475
vn 0.011292 0.086292 -0.049257
vn -0.008710 0.086247 -0.049856
vn -0.014994 0.086320 -0.048208
vn -0.026800 0.086292 -0.042842
vn -0.042611 0.086308 -0.027116
vn -0.041434 0.086246 -0.029066
vn -0.049239 0.086291 -0.011374
vn -0.050049 0.086307 0.006800
vn -0.049845 0.086246 0.008783
vn -0.042870 0.086289 0.026767
vn -0.033918 0.086320 0.037396
vn -0.029010 0.086247 0.041471
vn -0.011390 0.086285 0.049246
vn -0.002121 0.086342 0.050404
vn 0.008826 0.086249 0.049832
vn 0.030637 0.086349 0.040065
vn 0.026778 0.086281 0.042878
vn 0.041476 0.086252 0.028987
vn 0.049252 0.086337 0.010965
vn 0.049268 0.086276 0.011362
vn 0.049820 0.086257 -0.008818
vn 0.044724 0.086319 -0.023426
vn 0.042865 0.086271 -0.026830
vn 0.029014 0.086262 -0.041438
vn 0.019005 0.086307 -0.046796
vn 0.011308 0.086266 -0.049297
vn -0.015690 0.086307 -0.048009
vn -0.008734 0.086268 -0.049816
vn -0.026901 0.086262 -0.042840
vn -0.042879 0.086321 -0.026648
vn -0.041346 0.086274 -0.029107
vn -0.049329 0.086257 -0.011240
vn -0.049964 0.086344 0.006953
vn -0.049821 0.086281 0.008565
vn -0.042807 0.086253 0.026980
vn -0.033910 0.086349 0.037336
vn -0.029241 0.086287 0.041225
vn -0.011157 0.086250 0.049360
vn -0.001928 0.086336 0.050423
vn 0.008390 0.086291 0.049835
vn 0.031093 0.086318 0.039779
vn 0.027049 0.086248 0.042775
vn 0.041131 0.086292 0.029359
vn 0.049453 0.086307 0.010273
vn 0.049383 0.086246 0.011086
vn 0.049852 0.086292 -0.008276
vn 0.044404 0.086308 -0.024068
vn 0.042739 0.086246 -0.027111
vn 0.029422 0.086290 -0.041091
vn 0.018513 0.086322 -0.046965
vn 0.011022 0.086246 -0.049397
vn -0.008242 0.086287 -0.049866
vn -0.015802 0.086345 -0.047905
vn -0.027152 0.086248 -0.042709
vn -0.042821 0.086348 -0.026651
vn -0.041098 0.086283 -0.029432
vn -0.049398 0.086251 -0.010985
vn -0.049949 0.086334 0.007173
vn -0.049876 0.086278 0.008274
vn -0.042687 0.086254 0.027166
vn -0.033535 0.086317 0.037746
vn -0.029392 0.086274 0.041146
vn -0.010982 0.086259 0.049384
vn -0.001205 0.086306 0.050495
vn 0.008356 0.086269 0.049879
vn 0.031661 0.086308 0.039351
vn 0.027128 0.086265 0.042690
vn 0.041218 0.086264 0.029319
vn 0.049524 0.086324 0.009777
vn 0.049351 0.086271 0.011036
vn 0.049875 0.086259 -0.008477
vn 0.044292 0.086346 -0.024138
vn 0.042724 0.086278 -0.027033
vn 0.029235 0.086255 -0.041296
vn 0.018525 0.086348 -0.046914
vn 0.011181 0.086285 -0.049294
vn -0.008582 0.086252 -0.049869
vn -0.016042 0.086334 -0.047845
vn -0.026891 0.086289 -0.042791
vn -0.043172 0.086314 -0.026193
vn -0.041380 0.086247 -0.029142
vn -0.049250 0.086292 -0.011316
vn -0.049851 0.086250 0.008710
vn -0.049911 0.086354 0.007202
vn -0.048732 0.086393 -0.012704
vn -0.040376 0.086350 -0.030223
vn -0.025548 0.086391 -0.043404
vn -0.007120 0.086355 -0.049921
vn 0.012566 0.086388 -0.048777
vn 0.030301 0.086357 -0.040302
vn 0.043340 0.086382 -0.025686
vn 0.049925 0.086361 -0.007023
vn 0.048836 0.086376 0.012419
vn 0.040235 0.086365 0.030369
vn 0.025799 0.086370 0.043296
vn 0.006933 0.086369 0.049923
vn -0.012343 0.086365 0.048874
vn -0.030422 0.086374 0.040175
vn -0.043285 0.086361 0.025850
vn -0.049916 0.086378 0.006867
vn -0.048893 0.086357 -0.012329
vn -0.040134 0.086383 -0.030451
vn -0.025848 0.086354 -0.043300
vn -0.006838 0.086387 -0.049906
vn 0.012363 0.086352 -0.048893
vn 0.030447 0.086390 -0.040122
vn 0.043332 0.086351 -0.025805
vn 0.049894 0.086392 -0.006858
vn 0.048878 0.086351 0.012431
vn 0.040147 0.086393 0.030405
vn 0.025733 0.086352 0.043373
vn 0.006936 0.086392 0.049882
vn -0.012518 0.086353 0.048851
vn -0.030319 0.086390 0.040219
vn -0.043416 0.086356 0.025646
vn -0.049874 0.086385 0.007082
vn -0.048817 0.086359 -0.012612
vn -0.040331 0.086379 -0.030200
vn -0.025556 0.086363 -0.043455
vn -0.007224 0.086373 -0.049874
vn 0.012698 0.086367 -0.048780
vn 0.030131 0.086368 -0.040407
vn 0.043485 0.086371 -0.025476
vn 0.049882 0.086363 -0.007292
vn 0.048747 0.086376 0.012763
vn 0.040440 0.086359 0.030113
vn 0.025420 0.086381 0.043500
vn 0.007298 0.086355 0.049895
vn -0.012796 0.086385 0.048723
vn -0.030136 0.086353 0.040435
vn -0.043497 0.086388 0.025398
vn -0.049908 0.086351 0.007256
vn -0.048714 0.086391 -0.012787
vn -0.040401 0.086351 -0.030188
vn -0.025424 0.086393 -0.043473
vn -0.007181 0.086351 -0.049919
vn 0.012724 0.086393 -0.048727
vn 0.030256 0.086352 -0.040347
vn 0.043427 0.086391 -0.025507
vn 0.049927 0.086354 -0.007086
vn 0.048768 0.086388 0.012602
vn 0.040281 0.086357 0.030330
vn 0.025653 0.086382 0.043360
vn 0.006989 0.086361 0.049929
vn -0.012463 0.086377 0.048823
vn -0.030407 0.086364 0.040209
vn -0.000000 0.100000 -0.000000
vn -0.000000 0.100000 -0.000000
vn -0.000000 0.100000 -0.000000
vn -0.000000 0.100000 -0.000000
vn -0.000000 0.100000 -0.000000
vn -0.000000 0.100000 -0.000000
vn -0.000000 0.100000 -0.000000
vn -0.000000 0.100000 -0.000000
vn -0.000000 0.100000 -0.000000
vn -0.000000 0.100000 -0.000000
vn -0.000000 0.100000 -0.000000
vn -0.000000 0.100000 -0.000000
vn 0.000000 0.000000 -0.100000
vn 0.000000 0.000000 -0.100000
vn 0.000000 0.000000 -0.100000
vn -0.049911 -0.086354 -0.007203
vn -0.049850 -0.086250 -0.008712
vn -0.043366 -0.086315 0.025866
vn -0.049251 -0.086292 0.011313
vn -0.041383 -0.086247 0.029137
vn -0.026896 -0.086289 0.042788
vn -0.016770 -0.086336 0.047590
vn -0.025548 -0.086391 0.043404
vn -0.007120 -0.086355 0.049921
vn 0.017413 -0.086349 0.047335
vn 0.012566 -0.086388 0.048778
vn 0.030301 -0.086357 0.040302
vn 0.043488 -0.086341 0.025576
vn 0.043340 -0.086382 0.025686
vn 0.049925 -0.086361 0.007023
vn 0.048413 -0.086341 -0.014193
vn 0.048836 -0.086376 -0.012418
vn 0.040235 -0.086365 -0.030369
vn 0.022795 -0.086341 -0.045008
vn 0.025799 -0.086370 -0.043296
vn 0.006933 -0.086369 -0.049923
vn -0.017205 -0.086341 -0.047427
vn -0.012343 -0.086365 -0.048874
vn -0.030422 -0.086374 -0.040175
vn -0.046350 -0.086341 -0.019924
vn -0.043285 -0.086361 -0.025850
vn -0.049916 -0.086378 -0.006868
vn -0.049927 -0.086306 0.007657
vn -0.048893 -0.086357 0.012329
vn -0.037923 -0.086327 0.033309
vn -0.040135 -0.086383 0.030451
vn -0.025848 -0.086354 0.043300
vn -0.014403 -0.086348 0.048338
vn -0.006838 -0.086387 0.049906
vn 0.013243 -0.086308 0.048739
vn 0.012363 -0.086352 0.048893
vn 0.030447 -0.086390 0.040122
vn 0.037368 -0.086320 0.033949
vn 0.043332 -0.086351 0.025805
vn 0.049673 -0.086350 0.008736
vn 0.049894 -0.086392 0.006858
vn 0.048878 -0.086351 -0.012431
vn 0.046914 -0.086314 -0.018683
vn 0.040147 -0.086393 -0.030405
vn 0.029551 -0.086313 -0.040948
vn 0.025733 -0.086352 -0.043373
vn 0.006936 -0.086392 -0.049882
vn 0.002994 -0.086347 -0.050350
vn -0.012518 -0.086353 -0.048851
vn -0.023911 -0.086321 -0.044463
vn -0.030319 -0.086390 -0.040219
vn -0.044010 -0.086309 -0.024778
vn -0.043416 -0.086356 -0.025646
vn -0.049874 -0.086385 -0.007083
vn -0.050373 -0.086342 0.002753
vn -0.048817 -0.086359 0.012612
vn -0.041404 -0.086330 0.028858
vn -0.040331 -0.086379 0.030200
vn -0.025556 -0.086363 0.043455
vn -0.019686 -0.086306 0.046516
vn -0.007224 -0.086373 0.049874
vn 0.008436 -0.086335 0.049750
vn 0.012698 -0.086367 0.048780
vn 0.030130 -0.086368 0.040407
vn 0.033456 -0.086341 0.037762
vn 0.043485 -0.086371 0.025476
vn 0.048435 -0.086306 0.014329
vn 0.049882 -0.086363 0.007292
vn 0.048496 -0.086327 -0.013992
vn 0.048747 -0.086376 -0.012763
vn 0.040440 -0.086359 -0.030113
vn 0.033614 -0.086348 -0.037605
vn 0.025420 -0.086381 -0.043500
vn 0.008770 -0.086308 -0.049739
vn 0.007298 -0.086355 -0.049895
vn -0.012796 -0.086385 -0.048723
vn -0.019356 -0.086320 -0.046629
vn -0.030136 -0.086353 -0.040435
vn -0.041226 -0.086350 -0.029054
vn -0.043497 -0.086388 -0.025399
vn -0.049908 -0.086351 -0.007257
vn -0.050404 -0.086314 -0.003070
vn -0.048714 -0.086391 0.012786
vn -0.044173 -0.086313 0.024469
vn -0.040401 -0.086351 0.030187
vn -0.024147 -0.086347 0.044284
vn -0.025424 -0.086393 0.043473
vn -0.007181 -0.086351 0.049919
vn 0.002704 -0.086321 0.050412
vn 0.012724 -0.086393 0.048728
vn 0.029271 -0.086309 0.041159
vn 0.030256 -0.086352 0.040347
vn 0.043427 -0.086391 0.025507
vn 0.046751 -0.086342 0.018957
vn 0.049927 -0.086354 0.007086
vn 0.049751 -0.086330 -0.008482
vn 0.048768 -0.086388 -0.012602
vn 0.040281 -0.086357 -0.030330
vn 0.037618 -0.086306 -0.033707
vn 0.025653 -0.086382 -0.043360
vn 0.013551 -0.086335 -0.048607
vn 0.006989 -0.086361 -0.049929
vn -0.014202 -0.086341 -0.048410
vn -0.012463 -0.086377 -0.048823
vn -0.030407 -0.086364 -0.040209
vn -0.037862 -0.086304 -0.033439
vn -0.043308 -0.086368 -0.025786
vn -0.049863 -0.086271 -0.008430
vn -0.049921 -0.086371 -0.006922
vn -0.008587 -0.086252 0.049868
vn 0.011173 -0.086285 0.049296
vn 0.029227 -0.086255 0.041302
vn 0.042725 -0.086278 0.027031
vn 0.049875 -0.086259 0.008476
vn 0.049351 -0.086271 -0.011035
vn 0.041223 -0.086264 -0.029313
vn 0.027142 -0.086265 -0.042682
vn 0.008375 -0.086269 -0.049875
vn -0.010960 -0.086259 -0.049389
vn -0.029371 -0.086274 -0.041160
vn -0.042667 -0.086254 -0.027198
vn -0.049869 -0.086279 -0.008313
vn -0.049409 -0.086251 0.010934
vn -0.041128 -0.086283 0.029390
vn -0.027202 -0.086248 0.042677
vn -0.008299 -0.086287 0.049857
vn 0.010965 -0.086246 0.049410
vn 0.029373 -0.086290 0.041125
vn 0.042709 -0.086246 0.027159
vn 0.049842 -0.086292 0.008336
vn 0.049395 -0.086246 -0.011033
vn 0.041162 -0.086292 -0.029315
vn 0.027090 -0.086248 -0.042749
vn 0.008430 -0.086291 -0.049828
vn -0.011121 -0.086250 -0.049368
vn -0.029212 -0.086287 -0.041245
vn -0.042790 -0.086253 -0.027007
vn -0.049816 -0.086281 -0.008596
vn -0.049335 -0.086257 0.011213
vn -0.041362 -0.086274 0.029085
vn -0.026921 -0.086262 0.042827
vn -0.008758 -0.086268 0.049812
vn 0.011279 -0.086266 0.049304
vn 0.028989 -0.086262 0.041456
vn 0.042851 -0.086271 0.026853
vn 0.049816 -0.086256 0.008845
vn 0.049273 -0.086276 -0.011337
vn 0.041492 -0.086252 -0.028965
vn 0.026803 -0.086281 -0.042862
vn 0.008853 -0.086249 -0.049827
vn -0.011366 -0.086285 -0.049251
vn -0.028992 -0.086247 -0.041484
vn -0.042860 -0.086289 -0.026783
vn -0.049842 -0.086246 -0.008797
vn -0.049243 -0.086291 0.011358
vn -0.041447 -0.086246 0.029048
vn -0.026820 -0.086292 0.042830
vn -0.008722 -0.086247 0.049854
vn 0.011278 -0.086292 0.049260
vn 0.029123 -0.086249 0.041388
vn 0.042778 -0.086289 0.026911
vn 0.049863 -0.086252 0.008619
vn 0.049303 -0.086285 -0.011146
vn 0.041314 -0.086255 -0.029209
vn 0.027057 -0.086278 -0.042710
vn 0.008516 -0.086260 -0.049867
vn -0.011002 -0.086272 -0.049358
vn -0.029289 -0.086263 -0.041242
vn -0.042651 -0.086262 -0.027198
vn -0.040376 -0.086350 0.030223
vn -0.048732 -0.086393 0.012704
vn 0.032104 0.070711 0.063003
vn 0.032104 0.070711 0.063003
vn 0.000000 0.070711 0.070711
vn 0.000000 0.070711 0.070711
vn -0.032653 0.070711 0.062720
vn -0.032653 0.070711 0.062720
vn -0.057926 0.070711 0.040553
vn 0.057209 0.070711 0.041559
vn 0.057209 0.070711 0.041559
vn 0.067247 0.070711 0.021861
vn 0.069308 0.070711 0.014013
vn 0.070711 0.070711 0.000026
vn 0.069197 0.070711 -0.014552
vn 0.067262 0.070711 -0.021812
vn 0.060499 0.070711 -0.036605
vn 0.057239 0.070711 -0.041517
vn 0.046082 0.070711 -0.053633
vn 0.041620 0.070711 -0.057164
vn 0.029620 0.070711 -0.064208
vn 0.021933 0.070711 -0.067223
vn 0.013039 0.070711 -0.069498
vn 0.000101 0.070711 -0.070711
vn -0.020627 0.070711 -0.067635
vn -0.021740 0.070711 -0.067286
vn -0.048895 0.070711 -0.051081
vn -0.049073 0.070711 -0.050910
vn -0.066442 0.070711 -0.024196
vn -0.066442 0.070711 -0.024196
vn -0.070107 0.070711 0.009220
vn -0.070107 0.070711 0.009220
vn -0.057926 0.070711 0.040553
vn -0.066442 0.070711 -0.024196
vn -0.050088 0.070711 -0.049912
vn -0.049073 0.070711 -0.050910
vn -0.021740 0.070711 -0.067286
vn -0.044538 -0.086374 -0.023578
vn -0.037964 -0.086391 -0.033095
vn -0.029073 -0.086346 -0.041221
vn -0.029190 -0.086357 -0.041114
vn -0.019298 -0.086356 -0.046585
vn -0.007698 -0.086366 -0.049816
vn -0.008415 -0.086387 -0.049664
vn 0.007665 -0.086364 -0.049824
vn 0.016827 -0.086317 -0.047604
vn 0.022313 -0.086363 -0.045206
vn 0.027729 -0.086337 -0.042155
vn 0.035021 -0.086392 -0.036193
vn 0.042620 -0.086314 -0.027083
vn 0.044626 -0.086353 -0.023489
vn 0.049562 -0.086380 -0.009061
vn 0.050097 -0.086332 0.006090
vn 0.049917 -0.086372 0.006938
vn 0.045480 -0.086357 0.021772
vn 0.034959 -0.086349 0.036356
vn 0.036719 -0.086392 0.034468
vn 0.023064 -0.086354 0.044844
vn 0.003938 -0.086343 0.050293
vn 0.007490 -0.086379 0.049826
vn -0.009641 -0.086370 0.049470
vn -0.029026 -0.086327 0.041293
vn -0.025137 -0.086361 0.043703
vn -0.037988 -0.086392 0.033067
vn -0.048728 -0.086312 0.013257
vn -0.046889 -0.086353 0.018566
vn -0.050308 -0.086386 0.002548
vn -0.045979 -0.086307 -0.020904
vn -0.048275 -0.086362 -0.014532
vn -0.041039 -0.086368 -0.029265
vn -0.022130 -0.086315 -0.045387
vn -0.029039 -0.086384 -0.041164
vn -0.013908 -0.086354 -0.048472
vn 0.011651 -0.086334 -0.049099
vn 0.002457 -0.086391 -0.050304
vn 0.019235 -0.086356 -0.046612
vn 0.033124 -0.086376 -0.037974
vn 0.040039 -0.086349 -0.030671
vn 0.030460 -0.086260 -0.040389
vn 0.040178 -0.086292 -0.030650
vn 0.047220 -0.086252 -0.018192
vn 0.050419 -0.086342 0.001732
vn 0.050335 -0.086263 -0.005002
vn 0.049761 -0.086291 0.008809
vn 0.045383 -0.086250 0.022391
vn 0.037769 -0.086325 0.033487
vn 0.037803 -0.086266 0.033602
vn 0.027206 -0.086290 0.042589
vn 0.007691 -0.086311 0.049912
vn 0.014288 -0.086249 0.048549
vn 0.000924 -0.086269 0.050564
vn -0.012926 -0.086288 0.048860
vn -0.025940 -0.086307 0.043338
vn -0.026004 -0.086248 0.043417
vn -0.036537 -0.086272 0.034959
vn -0.047580 -0.086316 0.016900
vn -0.044720 -0.086285 0.023558
vn -0.049547 -0.086248 0.010316
vn -0.050463 -0.086276 -0.003160
vn -0.047486 -0.086336 -0.017062
vn -0.047616 -0.086281 -0.016983
vn -0.041173 -0.086248 -0.029429
vn -0.025996 -0.086349 -0.043221
vn -0.031881 -0.086279 -0.039238
vn -0.019727 -0.086276 -0.046554
vn -0.006284 -0.086248 -0.050217
vn 0.007381 -0.086341 -0.049908
vn 0.007243 -0.086281 -0.050031
vn 0.020923 -0.086272 -0.046037
vn 0.037524 -0.086324 -0.033765
vn 0.032655 -0.086249 -0.038661
vn 0.041701 -0.086284 -0.028568
vn 0.048055 -0.086268 -0.015766
vn 0.050462 -0.086311 -0.002027
vn 0.050556 -0.086251 -0.002207
vn 0.049261 -0.086287 0.011313
vn 0.040147 -0.086308 0.030647
vn 0.044146 -0.086264 0.024692
vn 0.035900 -0.086252 0.035662
vn 0.025055 -0.086289 0.043892
vn 0.011458 -0.086318 0.049173
vn 0.011732 -0.086261 0.049209
vn -0.001874 -0.086254 0.050564
vn -0.022258 -0.086338 0.045280
vn -0.015314 -0.086290 0.048161
vn -0.028256 -0.086257 0.041967
vn -0.038430 -0.086257 0.032907
vn -0.045860 -0.086349 0.020993
vn -0.045799 -0.086291 0.021360
vn -0.050016 -0.086255 0.007651
vn -0.048766 -0.086339 -0.012939
vn -0.050241 -0.086259 -0.005932
vn -0.046734 -0.086292 -0.019226
vn -0.039521 -0.086253 -0.031600
vn -0.029332 -0.086323 -0.041086
vn -0.029706 -0.086262 -0.040944
vn -0.017506 -0.086292 -0.047405
vn 0.003663 -0.086310 -0.050371
vn -0.003548 -0.086251 -0.050480
vn 0.009960 -0.086265 -0.049590
vn 0.023036 -0.086291 -0.044980
vn 0.034964 -0.086308 -0.036448
vn 0.034717 -0.086249 -0.036821
vn 0.043199 -0.086268 -0.026300
vn 0.050145 -0.086319 -0.005874
vn 0.048703 -0.086289 -0.013499
vn 0.050605 -0.086248 0.000563
vn 0.048616 -0.086271 0.013920
vn 0.042509 -0.086340 0.027172
vn 0.042909 -0.086286 0.026711
vn 0.033894 -0.086248 0.037583
vn 0.016079 -0.086349 0.047806
vn 0.022725 -0.086274 0.045171
vn 0.009383 -0.086283 0.049671
vn -0.004643 -0.086248 0.050395
vn -0.017661 -0.086336 0.047267
vn -0.017801 -0.086278 0.047321
vn -0.030231 -0.086277 0.040525
vn -0.043606 -0.086316 0.025456
vn -0.040203 -0.086246 0.030746
vn -0.046855 -0.086279 0.018987
vn -0.050293 -0.086276 0.005204
vn -0.049849 -0.086252 -0.008705
vn -0.049909 -0.086356 -0.007198
vn -0.049421 -0.086390 0.009717
vn -0.043538 -0.086362 0.025417
vn -0.033030 -0.086364 0.038082
vn -0.018298 -0.086383 0.046938
vn -0.002301 -0.086354 0.050376
vn 0.014647 -0.086393 0.048185
vn 0.029537 -0.086358 0.040865
vn 0.041195 -0.086375 0.029023
vn 0.048521 -0.086375 0.013605
vn 0.050354 -0.086356 -0.002652
vn 0.046480 -0.086391 -0.019395
vn 0.037803 -0.086354 -0.033376
vn 0.024680 -0.086385 -0.043914
vn 0.008806 -0.086367 -0.049631
vn -0.007618 -0.086362 -0.049835
vn -0.023912 -0.086385 -0.044337
vn -0.036903 -0.086353 -0.034371
vn -0.046184 -0.086392 -0.020087
vn -0.050264 -0.086360 -0.003935
vn -0.048810 -0.086371 0.012554
vn -0.041780 -0.086378 0.028165
vn -0.030590 -0.086355 0.040089
vn -0.015346 -0.086392 0.047968
vn 0.000971 -0.086355 0.050417
vn 0.017417 -0.086382 0.047275
vn 0.032125 -0.086370 0.038837
vn 0.042902 -0.086360 0.026484
vn 0.049263 -0.086388 0.010500
vn 0.050087 -0.086353 -0.005875
vn 0.045241 -0.086390 -0.022136
vn 0.035532 -0.086362 -0.035764
vn 0.022078 -0.086368 -0.045312
vn 0.005591 -0.086381 -0.050071
vn -0.010742 -0.086354 -0.049271
vn -0.026584 -0.086393 -0.042774
vn -0.039057 -0.086356 -0.031892
vn -0.047288 -0.086378 -0.017401
vn -0.050392 -0.086373 -0.000659
vn -0.047970 -0.086358 0.015532
vn -0.039911 -0.086390 0.030724
vn -0.027945 -0.086353 0.041979
vn -0.012492 -0.086388 0.048796
vn 0.004260 -0.086365 0.050229
vn 0.020206 -0.086365 0.046183
vn 0.034528 -0.086384 0.036683
vn 0.044506 -0.086353 0.023716
vn 0.049803 -0.086393 0.007484
vn 0.049588 -0.086358 -0.009128
vn 0.043913 -0.086374 -0.024723
vn 0.018624 -0.086254 -0.047047
vn 0.004667 -0.086292 -0.050319
vn -0.009040 -0.086258 -0.049778
vn -0.030506 -0.086290 -0.040292
vn -0.045322 -0.086248 -0.022521
vn -0.050538 -0.086287 0.000685
vn -0.045097 -0.086254 0.022947
vn -0.029604 -0.086270 0.041002
vn -0.008234 -0.086275 0.049888
vn 0.015169 -0.086253 0.048274
vn 0.035385 -0.086292 0.036078
vn 0.047178 -0.086264 0.018241
vn 0.050422 -0.086321 -0.002495
vn 0.046861 -0.086293 -0.018909
vn 0.038499 -0.086329 -0.032635
vn -0.069400 0.000000 -0.071997
vn -0.034236 0.000000 -0.093957
vn -0.030745 0.000000 -0.095156
vn -0.007387 0.000000 -0.099727
vn -0.000174 0.000000 -0.100000
vn 0.020019 0.000000 -0.097976
vn 0.030426 0.000000 -0.095259
vn 0.045913 0.000000 -0.088837
vn 0.058089 0.000000 -0.081399
vn 0.068328 0.000000 -0.073015
vn 0.080205 0.000000 -0.059726
vn 0.085612 0.000000 -0.051677
vn 0.094627 0.000000 -0.032339
vn 0.096441 0.000000 -0.026442
vn 0.099983 0.000000 -0.001856
vn 0.099997 -0.000000 0.000774
vn 0.095756 -0.000000 0.028822
vn 0.096018 -0.000000 0.027938
vn 0.084797 -0.000000 0.053005
vn -0.072864 0.000000 -0.068490
vn -0.093963 0.000000 -0.034219
vn -0.095894 0.000000 -0.028361
vn -0.099146 0.000000 0.013039
vn -0.098396 0.000000 0.017837
vn -0.081920 0.000000 0.057350
vn -0.079845 0.000000 0.060206
vn -0.046179 0.000000 0.088699
vn -0.044209 0.000000 0.089697
vn -0.000000 0.000000 0.100000
vn 0.000891 -0.000000 0.099996
vn 0.045402 -0.000000 0.089099
vn 0.045791 -0.000000 0.088900
vn 0.080906 -0.000000 0.058773
vn 0.082365 -0.000000 0.056709
vn 0.067181 -0.000000 0.074072
vn 0.059199 -0.000000 0.080594
vn 0.044499 -0.000000 0.089553
vn 0.029477 -0.000000 0.095557
vn 0.018465 -0.000000 0.098280
vn -0.003500 0.000000 0.099939
vn -0.008946 0.000000 0.099599
vn -0.036105 0.000000 0.093255
vn -0.035697 0.000000 0.093412
vn -0.059758 0.000000 0.080181
vn -0.064688 0.000000 0.076259
vn -0.079310 0.000000 0.060910
vn -0.086133 0.000000 0.050805
vn -0.092886 0.000000 0.037044
vn -0.098032 0.000000 0.019743
vn -0.099459 0.000000 0.010386
vn -0.099082 0.000000 -0.013516
vn -0.098535 0.000000 -0.017054
vn -0.089157 0.000000 -0.045288
vn -0.090182 0.000000 -0.043211
vn -0.075033 0.000000 -0.066106
vn -0.069376 0.000000 -0.072020
vn -0.054225 0.000000 -0.084022
vn -0.041898 0.000000 -0.090800
vn -0.029332 0.000000 -0.095602
vn -0.009796 0.000000 -0.099519
vn -0.002221 0.000000 -0.099975
vn 0.023409 0.000000 -0.097222
vn 0.025067 0.000000 -0.096807
vn 0.050447 0.000000 -0.086343
vn 0.054017 0.000000 -0.084155
vn 0.072037 0.000000 -0.069359
vn 0.078635 0.000000 -0.061778
vn 0.088188 0.000000 -0.047148
vn 0.094556 0.000000 -0.032543
vn 0.097684 0.000000 -0.021397
vn 0.100000 -0.000000 0.000267
vn 0.099820 -0.000000 0.005993
vn 0.094373 -0.000000 0.033073
vn 0.094426 -0.000000 0.032920
vn 0.081925 -0.000000 0.057344
vn 0.078295 -0.000000 0.062208
vn 0.063229 -0.000000 0.077473
vn 0.053544 -0.000000 0.084457
vn 0.039768 -0.000000 0.091752
vn 0.022850 -0.000000 0.097354
vn 0.013328 -0.000000 0.099108
vn -0.010346 0.000000 0.099463
vn -0.014141 0.000000 0.098995
vn -0.042426 0.000000 0.090554
vn -0.040535 0.000000 0.091416
vn -0.063853 0.000000 0.076960
vn -0.069782 0.000000 0.071627
vn -0.082384 0.000000 0.056682
vn -0.089425 0.000000 0.044756
vn -0.094696 0.000000 0.032135
vn -0.099162 0.000000 0.012917
vn -0.099865 0.000000 0.005188
vn -0.097910 0.000000 -0.020337
vn -0.097510 0.000000 -0.022178
vn -0.087801 0.000000 -0.047865
vn -0.085810 0.000000 -0.051349
vn -0.071490 0.000000 -0.069922
vn -0.064208 0.000000 -0.076664
vn -0.049769 0.000000 -0.086735
vn -0.035499 0.000000 -0.093487
vn -0.024299 0.000000 -0.097003
vn -0.002873 0.000000 -0.099959
vn 0.002998 0.000000 -0.099955
vn 0.030073 0.000000 -0.095371
vn 0.030074 0.000000 -0.095370
vn 0.054879 0.000000 -0.083596
vn 0.059683 0.000000 -0.080237
vn 0.075538 0.000000 -0.065528
vn 0.082698 0.000000 -0.056223
vn 0.090516 0.000000 -0.042506
vn 0.096563 0.000000 -0.025991
vn 0.098664 0.000000 -0.016292
vn 0.099746 -0.000000 0.007120
vn 0.099377 -0.000000 0.011144
vn 0.091891 -0.000000 0.039447
vn 0.092597 -0.000000 0.037760
vn 0.078843 -0.000000 0.061513
vn 0.073874 -0.000000 0.067399
vn 0.059147 -0.000000 0.080633
vn 0.047687 -0.000000 0.087898
vn 0.034978 -0.000000 0.093683
vn 0.016234 -0.000000 0.098674
vn 0.008194 -0.000000 0.099664
vn -0.017029 0.000000 0.098539
vn -0.019218 0.000000 0.098136
vn -0.045193 0.000000 0.089205
vn -0.048407 0.000000 0.087503
vn -0.067746 0.000000 0.073556
vn -0.074421 0.000000 0.066795
vn -0.085202 0.000000 0.052350
vn -0.092211 0.000000 0.038693
vn -0.096229 0.000000 0.027203
vn -0.099800 0.000000 0.006316
vn -0.100000 0.000000 0.000004
vn -0.096354 0.000000 -0.026757
vn -0.092387 0.000000 -0.038270
vn -0.082253 0.000000 -0.056873
vn -0.070711 0.000000 -0.070710
vn -0.059057 0.000000 -0.080698
vn -0.038264 0.000000 -0.092390
vn -0.029324 0.000000 -0.095604
vn 0.000003 0.000000 -0.100000
vn 0.003635 0.000000 -0.099934
vn 0.038256 0.000000 -0.092393
vn 0.036201 0.000000 -0.093217
vn 0.064764 0.000000 -0.076195
vn 0.070695 0.000000 -0.070726
vn 0.086168 0.000000 -0.050745
vn 0.092381 0.000000 -0.038286
vn 0.098043 0.000000 -0.019685
vn 0.100000 0.000000 -0.000024
vn 0.099079 -0.000000 0.013537
vn 0.092404 -0.000000 0.038230
vn 0.089164 -0.000000 0.045275
vn 0.070744 -0.000000 0.070677
vn 0.069399 -0.000000 0.071998
vn 0.041957 -0.000000 0.090772
vn 0.038329 -0.000000 0.092363
vn 0.009877 -0.000000 0.099511
vn 0.000072 -0.000000 0.100000
vn -0.023289 0.000000 0.097250
vn -0.038208 0.000000 0.092413
vn -0.053890 0.000000 0.084237
vn -0.070662 0.000000 0.070759
vn -0.078518 0.000000 0.061927
vn -0.092358 0.000000 0.038341
vn -0.094479 0.000000 0.032766
vn -0.100000 0.000000 0.000079
vn -0.100000 0.000000 -0.000004
vn -0.092413 0.000000 -0.038208
vn -0.092401 0.000000 -0.038236
vn -0.070753 0.000000 -0.070668
vn -0.070744 0.000000 -0.070677
vn -0.038342 0.000000 -0.092357
vn -0.038317 0.000000 -0.092368
vn -0.000090 0.000000 -0.100000
vn -0.000051 0.000000 -0.100000
vn 0.038161 0.000000 -0.092432
vn 0.038225 0.000000 -0.092406
vn 0.070624 0.000000 -0.070797
vn 0.070678 0.000000 -0.070744
vn 0.092332 0.000000 -0.038404
vn 0.092370 0.000000 -0.038311
vn 0.100000 0.000000 -0.000148
vn 0.100000 0.000000 -0.000048
vn 0.092452 -0.000000 0.038112
vn 0.092408 -0.000000 0.038220
vn 0.070829 -0.000000 0.070592
vn 0.070746 -0.000000 0.070675
vn 0.038439 -0.000000 0.092317
vn 0.038320 -0.000000 0.092367
vn 0.000180 -0.000000 0.100000
vn 0.000070 -0.000000 0.100000
vn -0.038091 0.000000 0.092461
vn -0.038199 0.000000 0.092416
vn -0.070579 0.000000 0.070842
vn -0.070647 0.000000 0.070774
vn -0.092314 0.000000 0.038446
vn -0.092351 0.000000 0.038358
vn -0.100000 0.000000 0.000184
vn -0.100000 0.000000 0.000086
vn -0.092459 0.000000 -0.038096
vn -0.092421 0.000000 -0.038188
vn -0.070834 0.000000 -0.070587
vn -0.070768 0.000000 -0.070653
vn -0.038428 0.000000 -0.092322
vn -0.038366 0.000000 -0.092347
vn -0.000159 0.000000 -0.100000
vn -0.000096 0.000000 -0.100000
vn 0.038128 0.000000 -0.092446
vn 0.038175 0.000000 -0.092427
vn 0.070614 0.000000 -0.070807
vn 0.070645 0.000000 -0.070777
vn 0.092341 0.000000 -0.038381
vn 0.092346 0.000000 -0.038370
vn 0.100000 0.000000 -0.000109
vn 0.100000 0.000000 -0.000100
vn 0.092430 -0.000000 0.038166
vn 0.092421 -0.000000 0.038189
vn 0.070785 -0.000000 0.070636
vn 0.070762 -0.000000 0.070660
vn 0.038371 -0.000000 0.092345
vn 0.038308 -0.000000 0.092371
vn 0.000113 -0.000000 0.100000
vn 0.000029 -0.000000 0.100000
vn -0.038165 0.000000 0.092431
vn -0.038273 0.000000 0.092386
vn -0.070625 0.000000 0.070796
vn -0.070724 0.000000 0.070697
vn -0.092344 0.000000 0.038373
vn -0.092405 0.000000 0.038227
vn -0.100000 0.000000 0.000128
vn -0.100000 0.000000 -0.000053
vn -0.092433 0.000000 -0.038158
vn -0.092360 0.000000 -0.038335
vn -0.070806 0.000000 -0.070615
vn -0.070651 0.000000 -0.070771
vn -0.038387 0.000000 -0.092339
vn -0.038166 0.000000 -0.092430
vn -0.000127 0.000000 -0.100000
vn 0.000130 0.000000 -0.100000
vn 0.038160 0.000000 -0.092433
vn 0.038411 0.000000 -0.092329
vn 0.070627 0.000000 -0.070794
vn 0.070831 0.000000 -0.070590
vn 0.092348 0.000000 -0.038366
vn 0.092461 0.000000 -0.038091
vn 0.100000 0.000000 -0.000099
vn 0.100000 -0.000000 0.000204
vn 0.092417 -0.000000 0.038198
vn 0.092303 -0.000000 0.038474
vn 0.070763 -0.000000 0.070658
vn 0.070548 -0.000000 0.070873
vn 0.038319 -0.000000 0.092367
vn 0.038041 -0.000000 0.092482
vn 0.000069 -0.000000 0.100000
vn -0.000247 0.000000 0.100000
vn -0.038228 0.000000 0.092405
vn -0.038509 0.000000 0.092288
vn -0.070685 0.000000 0.070737
vn -0.070894 0.000000 0.070527
vn -0.092383 0.000000 0.038281
vn -0.092489 0.000000 0.038023
vn -0.100000 0.000000 0.000000
vn -0.100000 0.000000 -0.000263
vn -0.100000 0.000000 -0.000003
vn -0.092287 0.000000 -0.038511
vn -0.086602 0.000000 -0.050002
vn -0.070527 0.000000 -0.070894
vn -0.049998 0.000000 -0.086604
vn -0.038033 0.000000 -0.092485
vn 0.000002 0.000000 -0.100000
vn 0.000248 0.000000 -0.100000
vn 0.038488 0.000000 -0.092297
vn 0.050002 0.000000 -0.086602
vn 0.070872 0.000000 -0.070549
vn 0.086604 0.000000 -0.049998
vn 0.092469 0.000000 -0.038071
vn 0.100000 -0.000000 0.000002
vn 0.100000 -0.000000 0.000202
vn 0.092318 -0.000000 0.038437
vn 0.086602 -0.000000 0.050002
vn 0.070592 -0.000000 0.070829
vn 0.049998 -0.000000 0.086604
vn 0.038136 -0.000000 0.092443
vn -0.000002 0.000000 0.100000
vn -0.000126 0.000000 0.100000
vn -0.038359 0.000000 0.092350
vn -0.050002 0.000000 0.086602
vn -0.070763 0.000000 0.070658
vn -0.086604 0.000000 0.049998
vn -0.092405 0.000000 0.038227
vn -0.008466 0.086292 -0.049820
vn 0.000296 0.086333 -0.050464
vn -0.023723 0.086249 -0.044703
vn -0.032001 0.086314 -0.039061
vn -0.040612 0.086350 -0.029906
vn -0.031447 0.086358 -0.039413
vn -0.039422 0.086389 -0.031351
vn 0.006980 0.086255 -0.050114
vn 0.021808 0.086267 -0.045633
vn 0.032338 0.086347 -0.038710
vn 0.034996 0.086280 -0.036484
vn 0.044325 0.086248 -0.024426
vn 0.049548 0.086347 -0.009443
vn 0.049659 0.086290 -0.009382
vn 0.050202 0.086261 0.006225
vn 0.044398 0.086326 0.024013
vn 0.046034 0.086258 0.020988
vn 0.036237 0.086284 0.035240
vn 0.019047 0.086311 0.046772
vn 0.023070 0.086248 0.045046
vn 0.006687 0.086291 0.050091
vn -0.015150 0.086308 0.048181
vn -0.010016 0.086256 0.049593
vn -0.025546 0.086268 0.043650
vn -0.042411 0.086317 0.027397
vn -0.038690 0.086276 0.032550
vn -0.047111 0.086250 0.018482
vn -0.050109 0.086334 -0.005966
vn -0.050512 0.086291 0.001548
vn -0.048374 0.086251 -0.014858
vn -0.034840 0.086348 -0.036473
vn -0.040769 0.086280 -0.029894
vn -0.028564 0.086267 -0.041738
vn -0.003847 0.086346 -0.050295
vn -0.013665 0.086255 -0.048717
vn 0.003561 0.086286 -0.050418
vn 0.019567 0.086248 -0.046674
vn 0.028834 0.086324 -0.041433
vn 0.005531 0.086385 -0.050070
vn 0.021309 0.086353 -0.045707
vn 0.035277 0.086392 -0.035943
vn 0.045115 0.086360 -0.022509
vn 0.048617 0.086310 -0.013675
vn 0.049954 0.086372 -0.006672
vn 0.049296 0.086377 0.010431
vn 0.046171 0.086308 0.020473
vn 0.043397 0.086355 0.025682
vn 0.032220 0.086392 0.038708
vn 0.022451 0.086319 0.045222
vn 0.018019 0.086355 0.047097
vn 0.001585 0.086382 0.050355
vn -0.011558 0.086335 0.049119
vn -0.015205 0.086369 0.048054
vn -0.029832 0.086360 0.040645
vn -0.040148 0.086348 0.030531
vn -0.041726 0.086388 0.028216
vn -0.048632 0.086353 0.013348
vn -0.050413 0.086344 -0.001796
vn -0.050240 0.086391 -0.003551
vn -0.046356 0.086362 -0.019817
vn -0.037945 0.086323 -0.033295
vn -0.037463 0.086368 -0.033721
vn -0.023970 0.086380 -0.044316
vn -0.008128 0.086309 -0.049846
vn -0.008530 0.086354 -0.049702
vn 0.008597 0.086393 -0.049622
vn 0.025536 0.086309 -0.043574
vn 0.024235 0.086356 -0.044218
vn 0.037308 0.086378 -0.033866
vn 0.047459 0.086320 -0.017220
vn 0.046463 0.086372 -0.019519
vn 0.050293 0.086358 -0.003600
vn 0.047507 0.086337 0.017002
vn 0.048522 0.086390 0.013507
vn 0.041655 0.086353 0.028426
vn 0.025839 0.086349 0.043316
vn 0.029881 0.086388 0.040549
vn 0.014900 0.086365 0.048158
vn -0.007416 0.086343 0.049899
vn -0.001405 0.086365 0.050390
vn -0.018243 0.086383 0.046959
vn -0.037338 0.086321 0.033979
vn -0.032355 0.086353 0.038682
vn -0.043359 0.086393 0.025619
vn -0.050445 0.086309 0.002477
vn -0.049389 0.086358 0.010147
vn -0.049979 0.086374 -0.006447
vn -0.044953 0.086375 -0.022771
vn -0.040424 0.086309 -0.030275
vn -0.035318 0.086356 -0.035990
vn -0.021149 0.086391 -0.045709
vn -0.011772 0.086321 -0.049092
vn -0.005297 0.086354 -0.050149
vn 0.011481 0.086385 -0.049050
vn 0.022230 0.086338 -0.045294
vn 0.027059 0.086367 -0.042526
vn 0.039297 0.086362 -0.031581
vn 0.045937 0.086349 -0.020823
vn 0.047590 0.086386 -0.016513
vn 0.050429 0.086353 -0.000385
vn 0.048763 0.086341 0.012941
vn 0.047617 0.086392 0.016404
vn 0.039700 0.086360 0.031077
vn 0.029884 0.086318 0.040695
vn 0.027494 0.086370 0.042240
vn 0.011755 0.086379 0.048996
vn -0.002489 0.086308 0.050445
vn -0.004555 0.086355 0.050220
vn -0.021118 0.086392 0.045720
vn -0.033849 0.086310 0.037481
vn -0.034801 0.086353 0.036496
vn -0.033807 0.086250 0.037655
vn -0.044212 0.086274 0.024537
vn 0.033946 0.086290 -0.037440
vn 0.044373 0.086259 -0.024300
vn 0.049837 0.086264 -0.008648
vn 0.049821 0.086279 0.008596
vn 0.044497 0.086249 0.024107
vn 0.033759 0.086292 0.037604
vn 0.019798 0.086252 0.046568
vn 0.003469 0.086276 0.050442
vn -0.013526 0.086270 0.048730
vn -0.028445 0.086253 0.041849
vn -0.040843 0.086288 0.029769
vn -0.048307 0.086248 0.015089
vn -0.050509 0.086288 -0.001803
vn -0.047160 0.086261 -0.018303
vn -0.038732 0.086261 -0.032540
vn -0.025509 0.086281 -0.043645
vn -0.010220 0.086248 -0.049566
vn 0.006977 0.086292 -0.050050
vn 0.022855 0.086254 -0.045144
vn 0.036296 0.086272 -0.035209
vn 0.045966 0.086272 -0.021076
vn 0.050329 0.086251 -0.005257
vn 0.049094 0.086290 0.011992
vn 0.042691 0.086249 0.027177
vn 0.031275 0.086285 0.039709
vn 0.016464 0.086264 0.047828
vn 0.000204 0.086258 0.050591
vn -0.016831 0.086284 0.047664
vn -0.031234 0.086248 0.039821
vn -0.042686 0.086291 0.027051
vn -0.049223 0.086256 0.011706
vn -0.050336 0.086268 -0.004899
vn -0.045781 0.086275 -0.021462
vn -0.036546 0.086250 -0.035005
vn -0.022606 0.086291 -0.045198
vn -0.006848 0.086250 -0.050139
vn 0.010005 0.086281 -0.049553
vn 0.025854 0.086267 -0.043470
vn 0.038451 0.086256 -0.032886
vn 0.047234 0.086286 -0.017990
vn 0.050573 0.086248 -0.001920
vn 0.048257 0.086290 0.015010
vn 0.040755 0.086258 0.029976
vn 0.028870 0.086264 0.041533
vn 0.013252 0.086279 0.048789
vn -0.003043 0.086249 0.050515
vn -0.019811 0.086292 0.046489
vn -0.044777 0.086379 0.023102
vn -0.049860 0.086272 0.008437
vn -0.049918 0.086372 0.006927
vn -0.011634 0.086363 -0.049052
vn -0.026786 0.086366 -0.042701
vn -0.039347 0.086386 -0.031452
vn -0.047565 0.086354 -0.016752
vn -0.050362 0.086391 -0.000542
vn -0.047670 0.086356 0.016434
vn -0.039871 0.086374 0.030818
vn -0.027301 0.086375 0.042355
vn -0.012045 0.086357 0.048962
vn 0.004498 0.086393 0.050160
vn 0.021038 0.086353 0.045832
vn 0.034571 0.086382 0.036646
vn 0.044896 0.086366 0.022919
vn 0.049725 0.086361 0.008316
vn 0.049842 0.086392 -0.007219
vn 0.045143 0.086353 -0.022477
vn 0.036327 0.086378 -0.034917
vn 0.023581 0.086375 -0.044535
vn 0.008914 0.086357 -0.049630
vn -0.006482 0.086392 -0.049944
vn -0.021899 0.086355 -0.045422
vn -0.045702 0.086375 -0.021229
vn -0.049362 0.086356 -0.010300
vn -0.049921 0.086371 0.006922
vn -0.043308 0.086368 0.025786
vn -0.049863 0.086271 0.008430
vn -0.037862 0.086304 0.033439
vn -0.042664 0.086262 0.027177
vn -0.029319 0.086263 0.041220
vn -0.014202 0.086341 0.048410
vn -0.011057 0.086272 0.049345
vn 0.008450 0.086259 0.049879
vn 0.020817 0.086350 0.045939
vn 0.026991 0.086278 0.042750
vn 0.041267 0.086255 0.029277
vn 0.045823 0.086342 0.021103
vn 0.049278 0.086285 0.011251
vn 0.048444 0.086327 -0.014171
vn 0.049882 0.086251 -0.008515
vn 0.042844 0.086289 -0.026805
vn 0.027194 0.086313 -0.042550
vn 0.029222 0.086249 -0.041318
vn 0.011412 0.086292 -0.049229
vn -0.007499 0.086306 -0.049951
vn -0.008592 0.086247 -0.049876
vn -0.026696 0.086292 -0.042907
vn -0.038462 0.086308 -0.032734
vn -0.041366 0.086246 -0.029163
vn -0.049211 0.086291 -0.011496
vn -0.050482 0.086321 0.000467
vn -0.049866 0.086246 0.008663
vn -0.042938 0.086288 0.026659
vn -0.037925 0.086341 0.033272
vn -0.029109 0.086247 0.041402
vn -0.007041 0.086350 0.049941
vn -0.011510 0.086285 0.049218
vn 0.008714 0.086249 0.049851
vn 0.027382 0.086342 0.042371
vn 0.026684 0.086281 0.042937
vn 0.041414 0.086253 0.029075
vn 0.048496 0.086327 0.013992
vn 0.049245 0.086276 0.011461
vn 0.049836 0.086257 -0.008726
vn 0.045760 0.086313 -0.021355
vn 0.042908 0.086271 -0.026762
vn 0.029072 0.086262 -0.041397
vn 0.020433 0.086306 -0.046193
vn 0.011362 0.086266 -0.049285
vn -0.014935 0.086308 -0.048247
vn -0.008689 0.086268 -0.049823
vn -0.026877 0.086261 -0.042856
vn -0.042874 0.086321 -0.026656
vn -0.041342 0.086274 -0.029113
vn -0.049331 0.086257 -0.011234
vn -0.049849 0.086341 0.007771
vn -0.049819 0.086281 0.008578
vn -0.042797 0.086253 0.026997
vn -0.032705 0.086350 0.038394
vn -0.029213 0.086287 0.041245
vn -0.011104 0.086250 0.049372
vn 0.000416 0.086342 0.050447
vn 0.008462 0.086291 0.049823
vn 0.027124 0.086248 0.042727
vn 0.033449 0.086327 0.037799
vn 0.041194 0.086292 0.029270
vn 0.050079 0.086313 0.006489
vn 0.049409 0.086246 0.010967
vn 0.049829 0.086292 -0.008412
vn 0.042004 0.086306 -0.028053
vn 0.042662 0.086246 -0.027233
vn 0.029295 0.086290 -0.041181
vn 0.013242 0.086308 -0.048739
vn 0.010863 0.086246 -0.049433
vn -0.008408 0.086287 -0.049838
vn -0.021917 0.086321 -0.045479
vn -0.027301 0.086248 -0.042614
vn -0.041199 0.086283 -0.029289
vn -0.046253 0.086341 -0.020149
vn -0.049437 0.086250 -0.010809
vn -0.048186 0.086350 0.014893
vn -0.049846 0.086279 0.008443
vn -0.042594 0.086254 0.027312
vn -0.026680 0.086342 0.042816
vn -0.029259 0.086274 0.041240
vn -0.010821 0.086259 0.049420
vn 0.007988 0.086327 0.049838
vn 0.008505 0.086269 0.049853
vn 0.027257 0.086264 0.042609
vn 0.038806 0.086313 0.032313
vn 0.041293 0.086264 0.029213
vn 0.049379 0.086270 0.010913
vn 0.050497 0.086306 -0.001180
vn 0.049856 0.086260 -0.008580
vn 0.042669 0.086277 -0.027121
vn 0.037297 0.086308 -0.034056
vn 0.029159 0.086255 -0.041349
vn 0.005867 0.086321 -0.050142
vn 0.011098 0.086284 -0.049314
vn -0.008653 0.086252 -0.049856
vn -0.028265 0.086340 -0.041791
vn -0.026944 0.086289 -0.042759
vn -0.041403 0.086247 -0.029109
vn -0.046172 0.086334 -0.020360
vn -0.049256 0.086292 -0.011291
vn -0.049851 0.086250 0.008710
vn -0.049911 0.086354 0.007202
vn -0.048732 0.086393 -0.012704
vn -0.040376 0.086350 -0.030223
vn -0.025548 0.086391 -0.043404
vn -0.007120 0.086355 -0.049921
vn 0.012566 0.086388 -0.048777
vn 0.030301 0.086357 -0.040302
vn 0.043340 0.086382 -0.025686
vn 0.049925 0.086361 -0.007023
vn 0.048836 0.086376 0.012419
vn 0.040235 0.086365 0.030369
vn 0.025799 0.086370 0.043296
vn 0.006933 0.086369 0.049923
vn -0.012343 0.086365 0.048874
vn -0.030422 0.086374 0.040175
vn -0.043285 0.086361 0.025850
vn -0.049916 0.086378 0.006867
vn -0.048893 0.086357 -0.012329
vn -0.040134 0.086383 -0.030451
vn -0.025848 0.086354 -0.043300
vn -0.006838 0.086387 -0.049906
vn 0.012363 0.086352 -0.048893
vn 0.030447 0.086390 -0.040122
vn 0.043332 0.086351 -0.025805
vn 0.049894 0.086392 -0.006858
vn 0.048878 0.086351 0.012431
vn 0.040147 0.086393 0.030405
vn 0.025733 0.086352 0.043373
vn 0.006936 0.086392 0.049882
vn -0.012518 0.086353 0.048851
vn -0.030319 0.086390 0.040219
vn -0.043416 0.086356 0.025646
vn -0.049874 0.086385 0.007082
vn -0.048817 0.086359 -0.012612
vn -0.040331 0.086379 -0.030200
vn -0.025556 0.086363 -0.043455
vn -0.007224 0.086373 -0.049874
vn 0.012698 0.086367 -0.048780
vn 0.030131 0.086368 -0.040407
vn 0.043485 0.086371 -0.025476
vn 0.049882 0.086363 -0.007292
vn 0.048747 0.086376 0.012763
vn 0.040440 0.086359 0.030113
vn 0.025420 0.086381 0.043500
vn 0.007298 0.086355 0.049895
vn -0.012796 0.086385 0.048723
vn -0.030136 0.086353 0.040435
vn -0.043497 0.086388 0.025398
vn -0.049908 0.086351 0.007256
vn -0.048714 0.086391 -0.012787
vn -0.040401 0.086351 -0.030188
vn -0.025424 0.086393 -0.043473
vn -0.007181 0.086351 -0.049919
vn 0.012724 0.086393 -0.048727
vn 0.030256 0.086352 -0.040347
vn 0.043427 0.086391 -0.025507
vn 0.049927 0.086354 -0.007086
vn 0.048768 0.086388 0.012602
vn 0.040281 0.086357 0.030330
vn 0.025653 0.086382 0.043360
vn 0.006989 0.086361 0.049929
vn -0.012463 0.086377 0.048823
vn -0.030407 0.086364 0.040209
vn -0.000000 0.100000 -0.000000
vn -0.000000 0.100000 -0.000000
vn -0.000000 0.100000 -0.000000
vn -0.000000 0.100000 -0.000000
vn -0.000000 0.100000 -0.000000
vn -0.000000 0.100000 -0.000000
vn -0.000000 0.100000 -0.000000
vn -0.000000 0.100000 -0.000000
vn -0.000000 0.100000 -0.000000
vn -0.000000 0.100000 -0.000000
vn -0.000000 0.100000 -0.000000
vn -0.000000 0.100000 -0.000000
vn 0.000000 0.000000 -0.100000
vn 0.000000 0.000000 -0.100000
vn 0.000000 0.000000 -0.100000
vn -0.049911 -0.086354 -0.007203
vn -0.049850 -0.086250 -0.008712
vn -0.043366 -0.086315 0.025866
vn -0.049250 -0.086292 0.011316
vn -0.041379 -0.086247 0.029143
vn -0.026888 -0.086289 0.042793
vn -0.016770 -0.086336 0.047590
vn -0.025548 -0.086391 0.043404
vn -0.007120 -0.086355 0.049921
vn 0.017413 -0.086349 0.047335
vn 0.012566 -0.086388 0.048778
vn 0.030301 -0.086357 0.040302
vn 0.043488 -0.086341 0.025576
vn 0.043340 -0.086382 0.025686
vn 0.049925 -0.086361 0.007023
vn 0.048413 -0.086341 -0.014193
vn 0.048836 -0.086376 -0.012418
vn 0.040235 -0.086365 -0.030369
vn 0.022795 -0.086341 -0.045008
vn 0.025799 -0.086370 -0.043296
vn 0.006933 -0.086369 -0.049923
vn -0.017205 -0.086341 -0.047427
vn -0.012343 -0.086365 -0.048874
vn -0.030422 -0.086374 -0.040175
vn -0.046350 -0.086341 -0.019924
vn -0.043285 -0.086361 -0.025850
vn -0.049916 -0.086378 -0.006868
vn -0.049927 -0.086306 0.007657
vn -0.048893 -0.086357 0.012329
vn -0.037923 -0.086327 0.033309
vn -0.040135 -0.086383 0.030451
vn -0.025848 -0.086354 0.043300
vn -0.014403 -0.086348 0.048338
vn -0.006838 -0.086387 0.049906
vn 0.013243 -0.086308 0.048739
vn 0.012363 -0.086352 0.048893
vn 0.030447 -0.086390 0.040122
vn 0.037368 -0.086320 0.033949
vn 0.043332 -0.086351 0.025805
vn 0.049673 -0.086350 0.008736
vn 0.049894 -0.086392 0.006858
vn 0.048878 -0.086351 -0.012431
vn 0.046914 -0.086314 -0.018683
vn 0.040147 -0.086393 -0.030405
vn 0.029551 -0.086313 -0.040948
vn 0.025733 -0.086352 -0.043373
vn 0.006936 -0.086392 -0.049882
vn 0.002994 -0.086347 -0.050350
vn -0.012518 -0.086353 -0.048851
vn -0.023911 -0.086321 -0.044463
vn -0.030319 -0.086390 -0.040219
vn -0.044010 -0.086309 -0.024778
vn -0.043416 -0.086356 -0.025646
vn -0.049874 -0.086385 -0.007083
vn -0.050373 -0.086342 0.002753
vn -0.048817 -0.086359 0.012612
vn -0.041404 -0.086330 0.028858
vn -0.040331 -0.086379 0.030200
vn -0.025556 -0.086363 0.043455
vn -0.019686 -0.086306 0.046516
vn -0.007224 -0.086373 0.049874
vn 0.008436 -0.086335 0.049750
vn 0.012698 -0.086367 0.048780
vn 0.030130 -0.086368 0.040407
vn 0.033456 -0.086341 0.037762
vn 0.043485 -0.086371 0.025476
vn 0.048435 -0.086306 0.014329
vn 0.049882 -0.086363 0.007292
vn 0.048496 -0.086327 -0.013992
vn 0.048747 -0.086376 -0.012763
vn 0.040440 -0.086359 -0.030113
vn 0.033614 -0.086348 -0.037605
vn 0.025420 -0.086381 -0.043500
vn 0.008770 -0.086308 -0.049739
vn 0.007298 -0.086355 -0.049895
vn -0.012796 -0.086385 -0.048723
vn -0.019356 -0.086320 -0.046629
vn -0.030136 -0.086353 -0.040435
vn -0.041226 -0.086350 -0.029054
vn -0.043497 -0.086388 -0.025399
vn -0.049908 -0.086351 -0.007257
vn -0.050404 -0.086314 -0.003070
vn -0.048714 -0.086391 0.012786
vn -0.044173 -0.086313 0.024469
vn -0.040401 -0.086351 0.030187
vn -0.024147 -0.086347 0.044284
vn -0.025424 -0.086393 0.043473
vn -0.007181 -0.086351 0.049919
vn 0.002704 -0.086321 0.050412
vn 0.012724 -0.086393 0.048728
vn 0.029271 -0.086309 0.041159
vn 0.030256 -0.086352 0.040347
vn 0.043427 -0.086391 0.025507
vn 0.046751 -0.086342 0.018957
vn 0.049927 -0.086354 0.007086
vn 0.049751 -0.086330 -0.008482
vn 0.048768 -0.086388 -0.012602
vn 0.040281 -0.086357 -0.030330
vn 0.037618 -0.086306 -0.033707
vn 0.025653 -0.086382 -0.043360
vn 0.013551 -0.086335 -0.048607
vn 0.006989 -0.086361 -0.049929
vn -0.014202 -0.086341 -0.048410
vn -0.012463 -0.086377 -0.048823
vn -0.030407 -0.086364 -0.040209
vn -0.037862 -0.086304 -0.033439
vn -0.043308 -0.086368 -0.025786
vn -0.049863 -0.086271 -0.008430
vn -0.049921 -0.086371 -0.006922
vn -0.008576 -0.086252 0.049870
vn 0.011187 -0.086285 0.049293
vn 0.029238 -0.086255 0.041294
vn 0.042732 -0.086278 0.027021
vn 0.049877 -0.086259 0.008461
vn 0.049347 -0.086271 -0.011054
vn 0.041212 -0.086264 -0.029328
vn 0.027124 -0.086265 -0.042693
vn 0.008356 -0.086269 -0.049879
vn -0.010982 -0.086259 -0.049384
vn -0.029389 -0.086274 -0.041148
vn -0.042679 -0.086254 -0.027178
vn -0.049873 -0.086278 -0.008290
vn -0.049404 -0.086251 0.010957
vn -0.041113 -0.086283 0.029410
vn -0.027180 -0.086248 0.042691
vn -0.008273 -0.086287 0.049861
vn 0.010990 -0.086246 0.049404
vn 0.029396 -0.086290 0.041109
vn 0.042724 -0.086246 0.027136
vn 0.049847 -0.086292 0.008307
vn 0.049388 -0.086246 -0.011061
vn 0.041144 -0.086292 -0.029340
vn 0.027065 -0.086248 -0.042765
vn 0.008398 -0.086291 -0.049834
vn -0.011152 -0.086250 -0.049361
vn -0.029240 -0.086287 -0.041225
vn -0.042808 -0.086253 -0.026979
vn -0.049822 -0.086281 -0.008560
vn -0.049328 -0.086257 0.011246
vn -0.041340 -0.086274 0.029115
vn -0.026892 -0.086262 0.042846
vn -0.008720 -0.086268 0.049818
vn 0.011315 -0.086266 0.049296
vn 0.029021 -0.086262 0.041433
vn 0.042871 -0.086271 0.026820
vn 0.049822 -0.086257 0.008805
vn 0.049265 -0.086276 -0.011376
vn 0.041468 -0.086252 -0.028999
vn 0.026768 -0.086281 -0.042884
vn 0.008811 -0.086249 -0.049834
vn -0.011408 -0.086285 -0.049242
vn -0.029028 -0.086247 -0.041459
vn -0.042884 -0.086289 -0.026745
vn -0.049850 -0.086246 -0.008753
vn -0.049232 -0.086291 0.011404
vn -0.041420 -0.086246 0.029086
vn -0.026778 -0.086292 0.042855
vn -0.008677 -0.086247 0.049862
vn 0.011324 -0.086292 0.049249
vn 0.029150 -0.086249 0.041369
vn 0.042796 -0.086289 0.026882
vn 0.049867 -0.086252 0.008600
vn 0.049298 -0.086285 -0.011166
vn 0.041308 -0.086255 -0.029218
vn 0.027050 -0.086278 -0.042714
vn 0.008513 -0.086260 -0.049868
vn -0.011004 -0.086272 -0.049357
vn -0.029290 -0.086263 -0.041241
vn -0.042651 -0.086262 -0.027198
vn -0.040376 -0.086350 0.030223
vn -0.048732 -0.086393 0.012704
vn 0.000000 0.000000 0.100000
vn 0.000000 0.000000 0.100000
vn 0.000000 0.000000 0.100000
vn 0.000000 0.000000 0.100000
vn 0.000000 0.070711 0.070711
vn 0.000000 0.070711 0.070711
vn 0.000000 0.070711 0.070711
vn 0.000000 0.070711 0.070711
vn -0.049992 0.070711 0.050008
vn -0.035355 0.070711 0.061237
vn -0.035352 0.070711 0.061239
vn -0.018305 0.070711 0.068300
vn -0.018301 0.070711 0.068301
vn -0.000012 0.070711 0.070711
vn -0.070722 0.000000 0.070699
vn -0.070711 0.000000 0.070711
vn -0.050005 0.000000 0.086600
vn -0.050000 0.000000 0.086603
vn -0.025882 0.000000 0.096593
vn -0.025877 0.000000 0.096594
vn 0.000017 -0.000000 0.100000
vn -0.070711 0.070711 0.000000
vn -0.070711 0.070711 0.000012
vn -0.068301 0.070711 0.018301
vn -0.068300 0.070711 0.018305
vn -0.061239 0.070711 0.035352
vn -0.061237 0.070711 0.035355
vn -0.050008 0.070711 0.049992
vn -0.100000 0.000000 -0.000017
vn -0.100000 0.000000 -0.000000
vn -0.096594 0.000000 0.025877
vn -0.096593 0.000000 0.025882
vn -0.086603 0.000000 0.050000
vn -0.086600 0.000000 0.050005
vn -0.070711 0.000000 0.070711
vn -0.070699 0.000000 0.070722
vn -0.100000 0.000000 0.000000
vn -0.100000 0.000000 0.000000
vn -0.100000 0.000000 0.000000
vn -0.100000 0.000000 0.000000
vn -0.070711 0.070711 0.000000
vn -0.070711 0.070711 0.000000
vn -0.070711 0.070711 0.000000
vn -0.050000 0.070711 -0.050000
vn -0.050008 0.070711 -0.049992
vn -0.061237 0.070711 -0.035355
vn -0.061239 0.070711 -0.035352
vn -0.068300 0.070711 -0.018305
vn -0.068301 0.070711 -0.018301
vn -0.070711 0.070711 -0.000012
vn -0.070699 0.000000 -0.070722
vn -0.070711 0.000000 -0.070711
vn -0.086600 0.000000 -0.050005
vn -0.086603 0.000000 -0.050000
vn -0.096593 0.000000 -0.025882
vn -0.096594 0.000000 -0.025877
vn -0.100000 0.000000 -0.000000
vn -0.100000 0.000000 0.000017
vn -0.070711 0.000000 -0.070711
vn -0.070711 0.000000 -0.070711
vn -0.070711 0.000000 -0.070711
vn -0.070711 0.000000 -0.070711
vn -0.050000 0.070711 -0.050000
vn -0.050000 0.070711 -0.050000
vn -0.050000 0.070711 -0.050000
vn -0.000000 0.070711 -0.070711
vn -0.000012 0.070711 -0.070711
vn -0.018301 0.070711 -0.068301
vn -0.018305 0.070711 -0.068300
vn -0.035352 0.070711 -0.061239
vn -0.035355 0.070711 -0.061237
vn -0.049992 0.070711 -0.050008
vn 0.000017 0.000000 -0.100000
vn -0.000000 0.000000 -0.100000
vn -0.025877 0.000000 -0.096594
vn -0.025882 0.000000 -0.096593
vn -0.050000 0.000000 -0.086603
vn -0.050005 0.000000 -0.086600
vn -0.070711 0.000000 -0.070711
vn -0.070722 0.000000 -0.070699
vn 0.000000 0.000000 -0.100000
vn 0.000000 0.000000 -0.100000
vn 0.000000 0.000000 -0.100000
vn 0.000000 0.070711 -0.070711
vn 0.000000 0.070711 -0.070711
vn 0.000000 0.070711 -0.070711
vn 0.000821 0.070711 -0.070706
vn 0.000821 0.070711 -0.070706
vn 0.000821 0.070711 -0.070706
vn 0.000821 0.070711 -0.070706
vn 0.000821 0.070711 -0.070706
vn 0.000187 0.000000 -0.100000
vn 0.000856 0.000000 -0.099996
vn 0.000187 0.000000 -0.100000
vn 0.001525 0.000000 -0.099988
vn 0.002196 0.000000 -0.099976
vn 0.002194 0.000000 -0.099976
vn 0.000000 0.000000 -0.100000
vn 0.000000 0.000000 -0.100000
vn 0.000000 0.000000 -0.100000
vn 0.000000 0.000000 -0.100000
vn 0.000000 0.000000 -0.100000
vn 0.000000 0.000000 -0.100000
vn 0.000000 0.070711 -0.070711
vn 0.000000 0.070711 -0.070711
vn 0.000000 0.070711 -0.070711
vn 0.000000 0.070711 -0.070711
vn -0.100000 0.000000 -0.000000
vn -0.100000 0.000000 -0.000001
vn -0.097695 0.000000 -0.021347
vn -0.092388 0.000000 -0.038269
vn -0.090886 0.000000 -0.041710
vn -0.079887 0.000000 -0.060150
vn -0.070711 0.000000 -0.070711
vn -0.053723 0.000000 -0.084343
vn -0.038269 0.000000 -0.092388
vn -0.027982 0.000000 -0.096005
vn -0.000001 0.000000 -0.100000
vn -0.000008 0.000000 -0.100000
vn 0.000001 0.070711 -0.070711
vn -0.027059 0.070711 -0.065328
vn 0.000000 0.070711 -0.070711
vn -0.035355 0.070711 -0.061237
vn -0.050000 0.070711 -0.050000
vn -0.061237 0.070711 -0.035355
vn -0.065328 0.070711 -0.027059
vn -0.070711 0.070711 0.000000
vn -0.070711 0.070711 0.000001
vn -0.070711 0.070711 0.000000
vn -0.070711 0.070711 0.000000
vn -0.070711 0.070711 0.000000
vn -0.070711 0.070711 0.000000
vn -0.070711 0.070711 0.000000
vn -0.066572 0.070711 0.023836
vn -0.061315 0.070711 0.035221
vn -0.054641 0.070711 0.044882
vn -0.036029 0.070711 0.060843
vn -0.036296 0.070711 0.060685
vn -0.100000 0.000000 0.000000
vn -0.094094 0.000000 0.033856
vn -0.100000 0.000000 0.000000
vn -0.086712 0.000000 0.049810
vn -0.077075 0.000000 0.063713
vn -0.050953 0.000000 0.086045
vn -0.050953 0.000000 0.086045
vn -0.100000 0.000000 0.000000
vn -0.100000 0.000000 0.000000
vn -0.100000 0.000000 0.000000
vn -0.100000 0.000000 0.000000
vn 0.000000 0.070711 -0.070711
vn 0.000000 0.070711 -0.070711
vn 0.000000 0.070711 -0.070711
vn 0.000000 0.070711 -0.070711
vn 0.070711 0.070711 -0.000000
vn 0.070711 0.070711 -0.000000
vn 0.061237 0.070710 -0.035355
vn 0.061237 0.070710 -0.035356
vn 0.035356 0.070710 -0.061237
vn 0.000000 0.070711 -0.070711
vn -0.000000 0.070711 -0.070711
vn 0.035355 0.070710 -0.061237
vn 0.100000 0.000000 0.000000
vn 0.100000 0.000000 0.000000
vn 0.086603 0.000000 -0.050000
vn 0.086603 0.000000 -0.049999
vn 0.050001 0.000000 -0.086602
vn 0.050000 0.000000 -0.086603
vn 0.000002 0.000000 -0.100000
vn -0.000000 0.000000 -0.100000
vn 0.032104 0.070711 0.063003
vn 0.032104 0.070711 0.063003
vn 0.000000 0.070711 0.070711
vn 0.000000 0.070711 0.070711
vn -0.030021 0.070711 0.064021
vn -0.032653 0.070711 0.062720
vn -0.054362 0.070711 0.045219
vn -0.057926 0.070711 0.040553
vn -0.068418 0.070711 0.017861
vn -0.070107 0.070711 0.009220
vn -0.069529 0.070711 -0.012876
vn -0.066442 0.070711 -0.024196
vn -0.068220 0.070711 -0.018600
vn -0.066442 0.070711 -0.024196
vn -0.066442 0.070711 -0.024196
vn -0.049073 0.070711 -0.050910
vn -0.048895 0.070711 -0.051081
vn -0.021740 0.070711 -0.067286
vn -0.020627 0.070711 -0.067635
vn 0.000101 0.070711 -0.070711
vn 0.013040 0.070711 -0.069498
vn 0.021933 0.070711 -0.067223
vn 0.029621 0.070711 -0.064208
vn 0.041620 0.070711 -0.057164
vn 0.046082 0.070711 -0.053633
vn 0.057239 0.070711 -0.041517
vn 0.060499 0.070711 -0.036605
vn 0.067262 0.070711 -0.021812
vn 0.069197 0.070711 -0.014552
vn 0.070711 0.070711 0.000026
vn 0.069308 0.070711 0.014013
vn 0.067247 0.070711 0.021861
vn 0.057209 0.070711 0.041559
vn 0.057209 0.070711 0.041559
vn -0.050088 0.070711 -0.049912
vn -0.049073 0.070711 -0.050910
vn -0.021740 0.070711 -0.067286
vn -0.044538 -0.086374 -0.023578
vn -0.037964 -0.086391 -0.033095
vn -0.029073 -0.086346 -0.041221
vn -0.029190 -0.086357 -0.041114
vn -0.019298 -0.086356 -0.046585
vn -0.007698 -0.086366 -0.049816
vn -0.008415 -0.086387 -0.049664
vn 0.007666 -0.086364 -0.049824
vn 0.016827 -0.086317 -0.047604
vn 0.022313 -0.086363 -0.045206
vn 0.027729 -0.086337 -0.042155
vn 0.035021 -0.086392 -0.036193
vn 0.042620 -0.086314 -0.027083
vn 0.044626 -0.086353 -0.023489
vn 0.049562 -0.086380 -0.009061
vn 0.050097 -0.086332 0.006090
vn 0.049917 -0.086372 0.006938
vn 0.045480 -0.086357 0.021772
vn 0.034959 -0.086349 0.036356
vn 0.036719 -0.086392 0.034468
vn 0.023064 -0.086354 0.044844
vn 0.003938 -0.086343 0.050293
vn 0.007490 -0.086379 0.049826
vn -0.009641 -0.086370 0.049470
vn -0.029026 -0.086327 0.041293
vn -0.025137 -0.086361 0.043703
vn -0.037988 -0.086392 0.033067
vn -0.048728 -0.086312 0.013257
vn -0.046889 -0.086353 0.018566
vn -0.050308 -0.086386 0.002548
vn -0.045979 -0.086307 -0.020904
vn -0.048275 -0.086362 -0.014532
vn -0.041039 -0.086368 -0.029265
vn -0.022130 -0.086315 -0.045387
vn -0.029039 -0.086384 -0.041164
vn -0.013908 -0.086354 -0.048472
vn 0.011651 -0.086334 -0.049099
vn 0.002457 -0.086391 -0.050304
vn 0.019235 -0.086356 -0.046612
vn 0.033124 -0.086376 -0.037974
vn 0.040039 -0.086349 -0.030671
vn 0.030460 -0.086260 -0.040389
vn 0.040178 -0.086292 -0.030650
vn 0.047220 -0.086252 -0.018192
vn 0.050419 -0.086342 0.001732
vn 0.050335 -0.086263 -0.005003
vn 0.049762 -0.086291 0.008808
vn 0.045383 -0.086250 0.022391
vn 0.037769 -0.086325 0.033487
vn 0.037803 -0.086266 0.033602
vn 0.027206 -0.086290 0.042589
vn 0.007691 -0.086311 0.049912
vn 0.014288 -0.086249 0.048549
vn 0.000925 -0.086269 0.050564
vn -0.012926 -0.086288 0.048860
vn -0.025940 -0.086307 0.043338
vn -0.026004 -0.086248 0.043417
vn -0.036536 -0.086272 0.034960
vn -0.047580 -0.086316 0.016900
vn -0.044720 -0.086285 0.023559
vn -0.049547 -0.086248 0.010317
vn -0.050463 -0.086275 -0.003159
vn -0.047486 -0.086336 -0.017062
vn -0.047616 -0.086281 -0.016981
vn -0.041174 -0.086248 -0.029428
vn -0.025996 -0.086349 -0.043221
vn -0.031882 -0.086279 -0.039237
vn -0.019728 -0.086276 -0.046553
vn -0.006285 -0.086248 -0.050217
vn 0.007381 -0.086341 -0.049908
vn 0.007242 -0.086281 -0.050031
vn 0.020922 -0.086272 -0.046037
vn 0.037524 -0.086324 -0.033765
vn 0.032654 -0.086249 -0.038662
vn 0.041700 -0.086284 -0.028569
vn 0.048055 -0.086268 -0.015768
vn 0.050462 -0.086311 -0.002027
vn 0.050556 -0.086251 -0.002209
vn 0.049262 -0.086287 0.011311
vn 0.040147 -0.086308 0.030647
vn 0.044146 -0.086264 0.024690
vn 0.035901 -0.086252 0.035660
vn 0.025057 -0.086289 0.043891
vn 0.011458 -0.086318 0.049173
vn 0.011734 -0.086261 0.049208
vn -0.001872 -0.086254 0.050564
vn -0.022258 -0.086338 0.045280
vn -0.015312 -0.086290 0.048162
vn -0.028255 -0.086257 0.041968
vn -0.038429 -0.086257 0.032909
vn -0.045860 -0.086349 0.020993
vn -0.045798 -0.086291 0.021362
vn -0.050015 -0.086255 0.007653
vn -0.048766 -0.086339 -0.012939
vn -0.050241 -0.086259 -0.005930
vn -0.046735 -0.086292 -0.019224
vn -0.039523 -0.086253 -0.031598
vn -0.029332 -0.086323 -0.041086
vn -0.029708 -0.086262 -0.040943
vn -0.017509 -0.086292 -0.047404
vn 0.003663 -0.086310 -0.050371
vn -0.003550 -0.086251 -0.050480
vn 0.009958 -0.086265 -0.049591
vn 0.023034 -0.086291 -0.044982
vn 0.034964 -0.086308 -0.036448
vn 0.034715 -0.086249 -0.036823
vn 0.043198 -0.086268 -0.026302
vn 0.050145 -0.086319 -0.005874
vn 0.048702 -0.086289 -0.013502
vn 0.050605 -0.086248 0.000560
vn 0.048617 -0.086271 0.013917
vn 0.042509 -0.086340 0.027172
vn 0.042911 -0.086286 0.026708
vn 0.033897 -0.086248 0.037581
vn 0.016079 -0.086349 0.047806
vn 0.022728 -0.086274 0.045169
vn 0.009387 -0.086283 0.049670
vn -0.004640 -0.086248 0.050396
vn -0.017661 -0.086336 0.047267
vn -0.017798 -0.086278 0.047323
vn -0.030229 -0.086278 0.040527
vn -0.043606 -0.086316 0.025456
vn -0.040202 -0.086246 0.030748
vn -0.046855 -0.086279 0.018989
vn -0.050293 -0.086276 0.005204
vn -0.049849 -0.086252 -0.008705
vn -0.049909 -0.086356 -0.007198
vn -0.049421 -0.086390 0.009717
vn -0.043538 -0.086362 0.025417
vn -0.033030 -0.086364 0.038082
vn -0.018298 -0.086383 0.046938
vn -0.002301 -0.086354 0.050376
vn 0.014647 -0.086393 0.048185
vn 0.029537 -0.086358 0.040865
vn 0.041195 -0.086375 0.029023
vn 0.048521 -0.086375 0.013605
vn 0.050354 -0.086356 -0.002652
vn 0.046480 -0.086391 -0.019395
vn 0.037803 -0.086354 -0.033376
vn 0.024680 -0.086385 -0.043914
vn 0.008806 -0.086367 -0.049631
vn -0.007618 -0.086362 -0.049835
vn -0.023912 -0.086385 -0.044337
vn -0.036903 -0.086353 -0.034371
vn -0.046184 -0.086392 -0.020087
vn -0.050264 -0.086360 -0.003935
vn -0.048810 -0.086371 0.012554
vn -0.041780 -0.086378 0.028165
vn -0.030590 -0.086355 0.040089
vn -0.015346 -0.086392 0.047968
vn 0.000971 -0.086355 0.050417
vn 0.017417 -0.086382 0.047275
vn 0.032125 -0.086370 0.038837
vn 0.042902 -0.086360 0.026484
vn 0.049263 -0.086388 0.010500
vn 0.050087 -0.086353 -0.005875
vn 0.045241 -0.086390 -0.022136
vn 0.035532 -0.086362 -0.035764
vn 0.022078 -0.086368 -0.045312
vn 0.005591 -0.086381 -0.050071
vn -0.010742 -0.086354 -0.049271
vn -0.026584 -0.086393 -0.042774
vn -0.039057 -0.086356 -0.031892
vn -0.047288 -0.086378 -0.017401
vn -0.050392 -0.086373 -0.000659
vn -0.047970 -0.086358 0.015532
vn -0.039911 -0.086390 0.030724
vn -0.027945 -0.086353 0.041979
vn -0.012492 -0.086388 0.048796
vn 0.004260 -0.086365 0.050229
vn 0.020206 -0.086365 0.046183
vn 0.034528 -0.086384 0.036683
vn 0.044506 -0.086353 0.023716
vn 0.049803 -0.086393 0.007484
vn 0.049588 -0.086358 -0.009128
vn 0.043913 -0.086374 -0.024723
vn 0.018624 -0.086254 -0.047047
vn 0.004667 -0.086292 -0.050319
vn -0.009040 -0.086258 -0.049778
vn -0.030506 -0.086290 -0.040292
vn -0.045322 -0.086248 -0.022521
vn -0.050538 -0.086287 0.000685
vn -0.045097 -0.086254 0.022947
vn -0.029604 -0.086270 0.041002
vn -0.008234 -0.086275 0.049888
vn 0.015169 -0.086253 0.048274
vn 0.035385 -0.086292 0.036078
vn 0.047178 -0.086264 0.018241
vn 0.050422 -0.086321 -0.002495
vn 0.046861 -0.086293 -0.018909
vn 0.038499 -0.086329 -0.032635
vn -0.069400 0.000000 -0.071997
vn -0.034236 0.000000 -0.093957
vn -0.030745 0.000000 -0.095157
vn -0.007387 0.000000 -0.099727
vn -0.000174 0.000000 -0.100000
vn 0.020019 0.000000 -0.097976
vn 0.030426 0.000000 -0.095259
vn 0.045913 0.000000 -0.088837
vn 0.058089 0.000000 -0.081398
vn 0.068328 0.000000 -0.073016
vn 0.080205 0.000000 -0.059726
vn 0.085612 0.000000 -0.051678
vn 0.094627 0.000000 -0.032338
vn 0.096441 0.000000 -0.026442
vn 0.099983 0.000000 -0.001856
vn 0.099997 -0.000000 0.000773
vn 0.095756 -0.000000 0.028822
vn 0.096018 -0.000000 0.027937
vn 0.084797 -0.000000 0.053005
vn -0.072864 0.000000 -0.068490
vn -0.093963 0.000000 -0.034219
vn -0.095894 0.000000 -0.028361
vn -0.099146 0.000000 0.013039
vn -0.098396 0.000000 0.017837
vn -0.081920 0.000000 0.057350
vn -0.079845 0.000000 0.060206
vn -0.046179 0.000000 0.088699
vn -0.044209 0.000000 0.089697
vn -0.000000 0.000000 0.100000
vn 0.000891 -0.000000 0.099996
vn 0.045402 -0.000000 0.089099
vn 0.045791 -0.000000 0.088900
vn 0.080906 -0.000000 0.058773
vn 0.082365 -0.000000 0.056709
vn 0.067182 -0.000000 0.074071
vn 0.059199 -0.000000 0.080595
vn 0.044500 -0.000000 0.089553
vn 0.029477 -0.000000 0.095557
vn 0.018467 -0.000000 0.098280
vn -0.003500 0.000000 0.099939
vn -0.008944 0.000000 0.099599
vn -0.036106 0.000000 0.093254
vn -0.035696 0.000000 0.093412
vn -0.059756 0.000000 0.080182
vn -0.064689 0.000000 0.076258
vn -0.079309 0.000000 0.060911
vn -0.086133 0.000000 0.050804
vn -0.092885 0.000000 0.037045
vn -0.098032 0.000000 0.019742
vn -0.099459 0.000000 0.010387
vn -0.099082 0.000000 -0.013517
vn -0.098535 0.000000 -0.017052
vn -0.089157 0.000000 -0.045289
vn -0.090183 0.000000 -0.043209
vn -0.075034 0.000000 -0.066105
vn -0.069376 0.000000 -0.072021
vn -0.054227 0.000000 -0.084021
vn -0.041897 0.000000 -0.090800
vn -0.029334 0.000000 -0.095601
vn -0.009795 0.000000 -0.099519
vn -0.002224 0.000000 -0.099975
vn 0.023410 0.000000 -0.097221
vn 0.025064 0.000000 -0.096808
vn 0.050445 0.000000 -0.086344
vn 0.054019 0.000000 -0.084155
vn 0.072035 0.000000 -0.069361
vn 0.078636 0.000000 -0.061777
vn 0.088186 0.000000 -0.047151
vn 0.094557 0.000000 -0.032542
vn 0.097683 0.000000 -0.021400
vn 0.100000 -0.000000 0.000268
vn 0.099820 -0.000000 0.005990
vn 0.094372 -0.000000 0.033074
vn 0.094427 -0.000000 0.032917
vn 0.081927 -0.000000 0.057341
vn 0.078294 -0.000000 0.062209
vn 0.063232 -0.000000 0.077471
vn 0.053543 -0.000000 0.084458
vn 0.039772 -0.000000 0.091751
vn 0.022849 -0.000000 0.097355
vn 0.013332 -0.000000 0.099107
vn -0.010348 0.000000 0.099463
vn -0.014137 0.000000 0.098996
vn -0.042427 0.000000 0.090554
vn -0.040531 0.000000 0.091418
vn -0.063850 0.000000 0.076962
vn -0.069783 0.000000 0.071626
vn -0.082381 0.000000 0.056686
vn -0.089426 0.000000 0.044755
vn -0.094695 0.000000 0.032139
vn -0.099162 0.000000 0.012916
vn -0.099865 0.000000 0.005193
vn -0.097910 0.000000 -0.020338
vn -0.097511 0.000000 -0.022174
vn -0.087803 0.000000 -0.047860
vn -0.085809 0.000000 -0.051350
vn -0.071494 0.000000 -0.069919
vn -0.064207 0.000000 -0.076665
vn -0.049773 0.000000 -0.086733
vn -0.035498 0.000000 -0.093487
vn -0.024304 0.000000 -0.097002
vn -0.002872 0.000000 -0.099959
vn 0.002992 0.000000 -0.099955
vn 0.030074 0.000000 -0.095371
vn 0.030069 0.000000 -0.095372
vn 0.054874 0.000000 -0.083599
vn 0.059684 0.000000 -0.080236
vn 0.075535 0.000000 -0.065533
vn 0.082699 0.000000 -0.056222
vn 0.090514 0.000000 -0.042511
vn 0.096564 0.000000 -0.025990
vn 0.098663 0.000000 -0.016298
vn 0.099746 -0.000000 0.007121
vn 0.099378 -0.000000 0.011138
vn 0.091891 -0.000000 0.039448
vn 0.092599 -0.000000 0.037755
vn 0.078847 -0.000000 0.061508
vn 0.073874 -0.000000 0.067400
vn 0.059152 -0.000000 0.080629
vn 0.047686 -0.000000 0.087898
vn 0.034984 -0.000000 0.093681
vn 0.016232 -0.000000 0.098674
vn 0.008201 -0.000000 0.099663
vn -0.017030 0.000000 0.098539
vn -0.019211 0.000000 0.098137
vn -0.045187 0.000000 0.089208
vn -0.048408 0.000000 0.087503
vn -0.067743 0.000000 0.073559
vn -0.074421 0.000000 0.066794
vn -0.085200 0.000000 0.052354
vn -0.092211 0.000000 0.038692
vn -0.096229 0.000000 0.027203
vn -0.099800 0.000000 0.006315
vn -0.100000 0.000000 0.000004
vn -0.096354 0.000000 -0.026758
vn -0.092387 0.000000 -0.038271
vn -0.082252 0.000000 -0.056873
vn -0.070709 0.000000 -0.070712
vn -0.059056 0.000000 -0.080699
vn -0.038259 0.000000 -0.092392
vn -0.029323 0.000000 -0.095604
vn 0.000010 0.000000 -0.100000
vn 0.003636 0.000000 -0.099934
vn 0.038269 0.000000 -0.092388
vn 0.036202 0.000000 -0.093217
vn 0.064764 0.000000 -0.076194
vn 0.070711 0.000000 -0.070710
vn 0.086169 0.000000 -0.050744
vn 0.092395 0.000000 -0.038251
vn 0.098044 0.000000 -0.019684
vn 0.100000 -0.000000 0.000015
vn 0.099079 -0.000000 0.013538
vn 0.092379 -0.000000 0.038291
vn 0.089163 -0.000000 0.045276
vn 0.070696 -0.000000 0.070725
vn 0.069398 -0.000000 0.071999
vn 0.041957 -0.000000 0.090772
vn 0.038245 -0.000000 0.092398
vn 0.009876 -0.000000 0.099511
vn -0.000021 0.000000 0.100000
vn -0.023290 0.000000 0.097250
vn -0.038294 0.000000 0.092377
vn -0.053890 0.000000 0.084237
vn -0.070728 0.000000 0.070694
vn -0.078518 0.000000 0.061926
vn -0.092393 0.000000 0.038257
vn -0.094479 0.000000 0.032766
vn -0.100000 0.000000 -0.000011
vn -0.100000 0.000000 -0.000004
vn -0.092380 0.000000 -0.038287
vn -0.092379 0.000000 -0.038290
vn -0.070691 0.000000 -0.070730
vn -0.070681 0.000000 -0.070740
vn -0.038237 0.000000 -0.092401
vn -0.038221 0.000000 -0.092408
vn 0.000034 0.000000 -0.100000
vn 0.000078 0.000000 -0.100000
vn 0.038302 0.000000 -0.092374
vn 0.038354 0.000000 -0.092352
vn 0.070735 0.000000 -0.070686
vn 0.070790 0.000000 -0.070631
vn 0.092401 0.000000 -0.038237
vn 0.092433 0.000000 -0.038160
vn 0.100000 -0.000000 0.000031
vn 0.100000 -0.000000 0.000137
vn 0.092378 -0.000000 0.038292
vn 0.092334 -0.000000 0.038399
vn 0.070693 -0.000000 0.070729
vn 0.070595 -0.000000 0.070826
vn 0.038250 -0.000000 0.092395
vn 0.038108 -0.000000 0.092454
vn -0.000003 0.000000 0.100000
vn -0.000188 0.000000 0.100000
vn -0.038266 0.000000 0.092389
vn -0.038443 0.000000 0.092315
vn -0.070697 0.000000 0.070724
vn -0.070853 0.000000 0.070568
vn -0.092377 0.000000 0.038294
vn -0.092466 0.000000 0.038080
vn -0.100000 0.000000 0.000017
vn -0.100000 0.000000 -0.000215
vn -0.092396 0.000000 -0.038250
vn -0.092303 0.000000 -0.038473
vn -0.070722 0.000000 -0.070699
vn -0.070552 0.000000 -0.070869
vn -0.038307 0.000000 -0.092372
vn -0.038061 0.000000 -0.092474
vn -0.000033 0.000000 -0.100000
vn 0.000218 0.000000 -0.100000
vn 0.038231 0.000000 -0.092403
vn 0.038470 0.000000 -0.092304
vn 0.070687 0.000000 -0.070734
vn 0.070858 0.000000 -0.070564
vn 0.092368 0.000000 -0.038316
vn 0.092467 0.000000 -0.038077
vn 0.100000 0.000000 -0.000043
vn 0.100000 -0.000000 0.000196
vn 0.092409 -0.000000 0.038217
vn 0.092314 -0.000000 0.038447
vn 0.070747 -0.000000 0.070674
vn 0.070593 -0.000000 0.070828
vn 0.038322 -0.000000 0.092366
vn 0.038113 -0.000000 0.092452
vn 0.000061 -0.000000 0.100000
vn -0.000137 0.000000 0.100000
vn -0.038212 0.000000 0.092411
vn -0.038397 0.000000 0.092334
vn -0.070660 0.000000 0.070761
vn -0.070785 0.000000 0.070636
vn -0.092363 0.000000 0.038330
vn -0.092427 0.000000 0.038173
vn -0.100000 0.000000 0.000082
vn -0.100000 0.000000 -0.000094
vn -0.092416 0.000000 -0.038200
vn -0.092350 0.000000 -0.038360
vn -0.070776 0.000000 -0.070646
vn -0.070651 0.000000 -0.070770
vn -0.038348 0.000000 -0.092355
vn -0.038211 0.000000 -0.092412
vn -0.000086 0.000000 -0.100000
vn 0.000051 0.000000 -0.100000
vn 0.038197 0.000000 -0.092418
vn 0.038312 0.000000 -0.092370
vn 0.070654 0.000000 -0.070767
vn 0.070736 0.000000 -0.070686
vn 0.092362 0.000000 -0.038332
vn 0.092399 0.000000 -0.038241
vn 0.100000 0.000000 -0.000068
vn 0.100000 -0.000000 0.000020
vn 0.092409 -0.000000 0.038218
vn 0.092382 -0.000000 0.038282
vn 0.070742 -0.000000 0.070679
vn 0.070703 -0.000000 0.070718
vn 0.038295 -0.000000 0.092377
vn 0.038255 -0.000000 0.092393
vn 0.000047 -0.000000 0.100000
vn -0.000009 0.000000 0.100000
vn -0.038244 0.000000 0.092398
vn -0.038271 0.000000 0.092387
vn -0.070695 0.000000 0.070727
vn -0.070711 0.000000 0.070711
vn -0.092385 0.000000 0.038276
vn -0.092386 0.000000 0.038273
vn -0.100000 0.000000 0.000004
vn -0.100000 0.000000 0.000000
vn -0.092390 0.000000 -0.038264
vn -0.100000 0.000000 -0.000003
vn -0.086602 0.000000 -0.050002
vn -0.070714 0.000000 -0.070707
vn -0.049998 0.000000 -0.086603
vn -0.038277 0.000000 -0.092384
vn 0.000002 0.000000 -0.100000
vn -0.000026 0.000000 -0.100000
vn 0.038243 0.000000 -0.092399
vn 0.050002 0.000000 -0.086602
vn 0.070695 0.000000 -0.070726
vn 0.086603 0.000000 -0.049998
vn 0.092379 0.000000 -0.038291
vn 0.100000 -0.000000 0.000002
vn 0.100000 0.000000 -0.000017
vn 0.092396 -0.000000 0.038250
vn 0.086602 -0.000000 0.050002
vn 0.070713 -0.000000 0.070709
vn 0.049998 -0.000000 0.086603
vn 0.038270 -0.000000 0.092387
vn -0.000002 0.000000 0.100000
vn 0.000015 -0.000000 0.100000
vn -0.038256 0.000000 0.092393
vn -0.050002 0.000000 0.086602
vn -0.070707 0.000000 0.070714
vn -0.086603 0.000000 0.049998
vn -0.092386 0.000000 0.038273
vn -0.008465 0.086292 -0.049820
vn 0.000296 0.086333 -0.050464
vn -0.023723 0.086249 -0.044704
vn -0.032001 0.086314 -0.039061
vn -0.040612 0.086350 -0.029906
vn -0.031447 0.086358 -0.039413
vn -0.039422 0.086389 -0.031351
vn 0.006980 0.086255 -0.050114
vn 0.021808 0.086267 -0.045633
vn 0.032338 0.086347 -0.038710
vn 0.034996 0.086280 -0.036484
vn 0.044325 0.086248 -0.024426
vn 0.049548 0.086347 -0.009443
vn 0.049659 0.086290 -0.009382
vn 0.050202 0.086261 0.006225
vn 0.044398 0.086326 0.024013
vn 0.046034 0.086258 0.020988
vn 0.036237 0.086284 0.035240
vn 0.019047 0.086311 0.046772
vn 0.023070 0.086248 0.045046
vn 0.006686 0.086291 0.050091
vn -0.015150 0.086308 0.048181
vn -0.010016 0.086256 0.049593
vn -0.025546 0.086268 0.043650
vn -0.042411 0.086317 0.027397
vn -0.038690 0.086276 0.032550
vn -0.047111 0.086250 0.018482
vn -0.050109 0.086334 -0.005966
vn -0.050512 0.086291 0.001548
vn -0.048374 0.086251 -0.014859
vn -0.034840 0.086348 -0.036473
vn -0.040769 0.086280 -0.029894
vn -0.028563 0.086267 -0.041739
vn -0.003847 0.086346 -0.050295
vn -0.013664 0.086255 -0.048717
vn 0.003562 0.086286 -0.050418
vn 0.019567 0.086248 -0.046673
vn 0.028834 0.086324 -0.041433
vn 0.005531 0.086385 -0.050070
vn 0.021309 0.086353 -0.045707
vn 0.035277 0.086392 -0.035943
vn 0.045115 0.086360 -0.022509
vn 0.048617 0.086310 -0.013675
vn 0.049954 0.086372 -0.006672
vn 0.049296 0.086377 0.010431
vn 0.046171 0.086308 0.020473
vn 0.043397 0.086355 0.025682
vn 0.032220 0.086392 0.038708
vn 0.022451 0.086319 0.045222
vn 0.018019 0.086355 0.047097
vn 0.001585 0.086382 0.050355
vn -0.011558 0.086335 0.049119
vn -0.015205 0.086369 0.048054
vn -0.029832 0.086360 0.040645
vn -0.040148 0.086348 0.030531
vn -0.041726 0.086388 0.028216
vn -0.048632 0.086353 0.013348
vn -0.050413 0.086344 -0.001796
vn -0.050240 0.086391 -0.003551
vn -0.046356 0.086362 -0.019817
vn -0.037945 0.086323 -0.033295
vn -0.037463 0.086368 -0.033721
vn -0.023970 0.086380 -0.044316
vn -0.008128 0.086309 -0.049846
vn -0.008530 0.086354 -0.049702
vn 0.008597 0.086393 -0.049622
vn 0.025536 0.086309 -0.043574
vn 0.024235 0.086356 -0.044218
vn 0.037308 0.086378 -0.033867
vn 0.047459 0.086320 -0.017220
vn 0.046463 0.086372 -0.019519
vn 0.050293 0.086358 -0.003600
vn 0.047507 0.086337 0.017002
vn 0.048522 0.086390 0.013507
vn 0.041655 0.086353 0.028426
vn 0.025839 0.086349 0.043316
vn 0.029881 0.086388 0.040549
vn 0.014900 0.086365 0.048158
vn -0.007416 0.086343 0.049899
vn -0.001405 0.086365 0.050390
vn -0.018243 0.086383 0.046959
vn -0.037338 0.086321 0.033979
vn -0.032355 0.086353 0.038682
vn -0.043359 0.086393 0.025619
vn -0.050445 0.086309 0.002477
vn -0.049389 0.086358 0.010147
vn -0.049979 0.086374 -0.006447
vn -0.044953 0.086375 -0.022771
vn -0.040424 0.086309 -0.030275
vn -0.035318 0.086356 -0.035990
vn -0.021149 0.086391 -0.045709
vn -0.011772 0.086321 -0.049092
vn -0.005297 0.086354 -0.050149
vn 0.011481 0.086385 -0.049050
vn 0.022230 0.086338 -0.045294
vn 0.027059 0.086367 -0.042526
vn 0.039297 0.086362 -0.031581
vn 0.045937 0.086349 -0.020823
vn 0.047590 0.086386 -0.016513
vn 0.050429 0.086353 -0.000385
vn 0.048763 0.086341 0.012941
vn 0.047617 0.086392 0.016404
vn 0.039700 0.086360 0.031077
vn 0.029884 0.086318 0.040695
vn 0.027494 0.086370 0.042240
vn 0.011755 0.086379 0.048996
vn -0.002489 0.086308 0.050445
vn -0.004555 0.086355 0.050220
vn -0.021118 0.086392 0.045720
vn -0.033849 0.086310 0.037481
vn -0.034801 0.086353 0.036496
vn -0.033807 0.086250 0.037655
vn -0.044212 0.086274 0.024537
vn 0.033947 0.086290 -0.037439
vn 0.044373 0.086259 -0.024300
vn 0.049837 0.086264 -0.008648
vn 0.049821 0.086279 0.008596
vn 0.044497 0.086249 0.024108
vn 0.033759 0.086292 0.037604
vn 0.019797 0.086252 0.046569
vn 0.003468 0.086276 0.050442
vn -0.013526 0.086270 0.048730
vn -0.028445 0.086253 0.041848
vn -0.040843 0.086288 0.029768
vn -0.048307 0.086248 0.015089
vn -0.050509 0.086288 -0.001803
vn -0.047160 0.086261 -0.018303
vn -0.038731 0.086261 -0.032540
vn -0.025509 0.086281 -0.043645
vn -0.010220 0.086248 -0.049566
vn 0.006978 0.086292 -0.050050
vn 0.022855 0.086254 -0.045143
vn 0.036297 0.086272 -0.035208
vn 0.045966 0.086272 -0.021075
vn 0.050330 0.086251 -0.005256
vn 0.049094 0.086290 0.011993
vn 0.042691 0.086249 0.027177
vn 0.031275 0.086285 0.039709
vn 0.016464 0.086264 0.047828
vn 0.000203 0.086258 0.050591
vn -0.016831 0.086284 0.047664
vn -0.031235 0.086248 0.039821
vn -0.042686 0.086291 0.027050
vn -0.049223 0.086256 0.011705
vn -0.050336 0.086268 -0.004900
vn -0.045781 0.086275 -0.021462
vn -0.036546 0.086250 -0.035005
vn -0.022605 0.086291 -0.045198
vn -0.006848 0.086250 -0.050139
vn 0.010006 0.086281 -0.049553
vn 0.025855 0.086267 -0.043470
vn 0.038451 0.086256 -0.032886
vn 0.047234 0.086286 -0.017990
vn 0.050573 0.086248 -0.001920
vn 0.048257 0.086290 0.015010
vn 0.040754 0.086258 0.029976
vn 0.028869 0.086264 0.041533
vn 0.013252 0.086279 0.048789
vn -0.003043 0.086249 0.050515
vn -0.019811 0.086292 0.046488
vn -0.044777 0.086379 0.023102
vn -0.049860 0.086272 0.008437
vn -0.049918 0.086372 0.006927
vn -0.011634 0.086363 -0.049052
vn -0.026786 0.086366 -0.042701
vn -0.039347 0.086386 -0.031452
vn -0.047565 0.086354 -0.016752
vn -0.050362 0.086391 -0.000542
vn -0.047670 0.086356 0.016434
vn -0.039871 0.086374 0.030818
vn -0.027301 0.086375 0.042355
vn -0.012045 0.086357 0.048962
vn 0.004498 0.086393 0.050160
vn 0.021038 0.086353 0.045832
vn 0.034571 0.086382 0.036646
vn 0.044896 0.086366 0.022919
vn 0.049725 0.086361 0.008316
vn 0.049842 0.086392 -0.007219
vn 0.045143 0.086353 -0.022477
vn 0.036327 0.086378 -0.034917
vn 0.023581 0.086375 -0.044535
vn 0.008914 0.086357 -0.049630
vn -0.006482 0.086392 -0.049944
vn -0.021899 0.086355 -0.045422
vn -0.045702 0.086375 -0.021229
vn -0.049362 0.086356 -0.010300
vn -0.049921 0.086371 0.006922
vn -0.043308 0.086368 0.025786
vn -0.049863 0.086271 0.008431
vn -0.042651 0.086262 0.027199
vn -0.033503 0.086308 0.037794
vn -0.029287 0.086263 0.041243
vn -0.011000 0.086272 0.049358
vn -0.001547 0.086307 0.050486
vn 0.008518 0.086260 0.049867
vn 0.031011 0.086317 0.039845
vn 0.027057 0.086278 0.042709
vn 0.041315 0.086255 0.029208
vn 0.049209 0.086341 0.011125
vn 0.049303 0.086285 0.011146
vn 0.049863 0.086252 -0.008620
vn 0.044916 0.086349 -0.022941
vn 0.042778 0.086289 -0.026912
vn 0.029122 0.086249 -0.041389
vn 0.019643 0.086338 -0.046475
vn 0.011277 0.086292 -0.049260
vn -0.008724 0.086247 -0.049853
vn -0.014994 0.086320 -0.048208
vn -0.026811 0.086292 -0.042835
vn -0.042611 0.086308 -0.027116
vn -0.041441 0.086246 -0.029056
vn -0.049242 0.086291 -0.011362
vn -0.050049 0.086307 0.006800
vn -0.049843 0.086246 0.008793
vn -0.042865 0.086289 0.026775
vn -0.033918 0.086320 0.037396
vn -0.029003 0.086247 0.041476
vn -0.011383 0.086285 0.049247
vn -0.002121 0.086342 0.050404
vn 0.008832 0.086249 0.049831
vn 0.030637 0.086349 0.040065
vn 0.026782 0.086281 0.042876
vn 0.041478 0.086252 0.028984
vn 0.049252 0.086337 0.010965
vn 0.049268 0.086276 0.011360
vn 0.049820 0.086257 -0.008819
vn 0.044724 0.086319 -0.023426
vn 0.042865 0.086271 -0.026830
vn 0.029015 0.086262 -0.041437
vn 0.019005 0.086307 -0.046796
vn 0.011311 0.086266 -0.049297
vn -0.015690 0.086307 -0.048009
vn -0.008731 0.086268 -0.049816
vn -0.026897 0.086262 -0.042843
vn -0.042879 0.086321 -0.026648
vn -0.041342 0.086274 -0.029112
vn -0.049328 0.086257 -0.011247
vn -0.049964 0.086344 0.006953
vn -0.049823 0.086281 0.008556
vn -0.042812 0.086253 0.026973
vn -0.033910 0.086349 0.037336
vn -0.029250 0.086287 0.041218
vn -0.011168 0.086250 0.049358
vn -0.001928 0.086336 0.050423
vn 0.008376 0.086291 0.049837
vn 0.031093 0.086318 0.039779
vn 0.027037 0.086248 0.042782
vn 0.041122 0.086292 0.029372
vn 0.049453 0.086307 0.010273
vn 0.049380 0.086246 0.011101
vn 0.049855 0.086292 -0.008258
vn 0.044404 0.086308 -0.024068
vn 0.042749 0.086246 -0.027096
vn 0.029438 0.086290 -0.041079
vn 0.018513 0.086322 -0.046965
vn 0.011042 0.086246 -0.049393
vn -0.008220 0.086287 -0.049870
vn -0.015802 0.086345 -0.047905
vn -0.027132 0.086248 -0.042721
vn -0.042821 0.086348 -0.026651
vn -0.041083 0.086283 -0.029452
vn -0.049392 0.086251 -0.011010
vn -0.049949 0.086334 0.007173
vn -0.049880 0.086278 0.008247
vn -0.042702 0.086255 0.027142
vn -0.033535 0.086317 0.037746
vn -0.029416 0.086273 0.041129
vn -0.011012 0.086259 0.049377
vn -0.001205 0.086306 0.050495
vn 0.008326 0.086269 0.049884
vn 0.031661 0.086308 0.039351
vn 0.027099 0.086265 0.042708
vn 0.041199 0.086264 0.029346
vn 0.049524 0.086324 0.009777
vn 0.049343 0.086271 0.011072
vn 0.049881 0.086259 -0.008442
vn 0.044292 0.086346 -0.024138
vn 0.042743 0.086278 -0.027002
vn 0.029254 0.086255 -0.041283
vn 0.018525 0.086348 -0.046914
vn 0.011206 0.086285 -0.049288
vn -0.008572 0.086252 -0.049871
vn -0.016042 0.086334 -0.047845
vn -0.026885 0.086289 -0.042795
vn -0.043172 0.086314 -0.026193
vn -0.041377 0.086247 -0.029145
vn -0.049250 0.086292 -0.011319
vn -0.049851 0.086250 0.008710
vn -0.049911 0.086354 0.007202
vn -0.048732 0.086393 -0.012704
vn -0.040376 0.086350 -0.030223
vn -0.025548 0.086391 -0.043404
vn -0.007120 0.086355 -0.049921
vn 0.012566 0.086388 -0.048777
vn 0.030301 0.086357 -0.040302
vn 0.043340 0.086382 -0.025686
vn 0.049925 0.086361 -0.007023
vn 0.048836 0.086376 0.012419
vn 0.040235 0.086365 0.030369
vn 0.025799 0.086370 0.043296
vn 0.006933 0.086369 0.049923
vn -0.012343 0.086365 0.048874
vn -0.030422 0.086374 0.040175
vn -0.043285 0.086361 0.025850
vn -0.049916 0.086378 0.006867
vn -0.048893 0.086357 -0.012329
vn -0.040134 0.086383 -0.030451
vn -0.025848 0.086354 -0.043300
vn -0.006838 0.086387 -0.049906
vn 0.012363 0.086352 -0.048893
vn 0.030447 0.086390 -0.040122
vn 0.043332 0.086351 -0.025805
vn 0.049894 0.086392 -0.006858
vn 0.048878 0.086351 0.012431
vn 0.040147 0.086393 0.030405
vn 0.025733 0.086352 0.043373
vn 0.006936 0.086392 0.049882
vn -0.012518 0.086353 0.048851
vn -0.030319 0.086390 0.040219
vn -0.043416 0.086356 0.025646
vn -0.049874 0.086385 0.007082
vn -0.048817 0.086359 -0.012612
vn -0.040331 0.086379 -0.030200
vn -0.025556 0.086363 -0.043455
vn -0.007224 0.086373 -0.049874
vn 0.012698 0.086367 -0.048780
vn 0.030131 0.086368 -0.040407
vn 0.043485 0.086371 -0.025476
vn 0.049882 0.086363 -0.007292
vn 0.048747 0.086376 0.012763
vn 0.040440 0.086359 0.030113
vn 0.025420 0.086381 0.043500
vn 0.007298 0.086355 0.049895
vn -0.012796 0.086385 0.048723
vn -0.030136 0.086353 0.040435
vn -0.043497 0.086388 0.025398
vn -0.049908 0.086351 0.007256
vn -0.048714 0.086391 -0.012787
vn -0.040401 0.086351 -0.030188
vn -0.025424 0.086393 -0.043473
vn -0.007181 0.086351 -0.049919
vn 0.012724 0.086393 -0.048727
vn 0.030256 0.086352 -0.040347
vn 0.043427 0.086391 -0.025507
vn 0.049927 0.086354 -0.007086
vn 0.048768 0.086388 0.012602
vn 0.040281 0.086357 0.030330
vn 0.025653 0.086382 0.043360
vn 0.006989 0.086361 0.049929
vn -0.012463 0.086377 0.048823
vn -0.030407 0.086364 0.040209
vn -0.000000 0.100000 -0.000000
vn -0.000000 0.100000 -0.000000
vn -0.000000 0.100000 -0.000000
vn -0.000000 0.100000 -0.000000
vn -0.000000 0.100000 -0.000000
vn -0.000000 0.100000 -0.000000
vn -0.000000 0.100000 -0.000000
vn -0.000000 0.100000 -0.000000
vn -0.000000 0.100000 -0.000000
vn -0.000000 0.100000 -0.000000
vn -0.000000 0.100000 -0.000000
vn -0.000000 0.100000 -0.000000
vn 0.000000 0.000000 -0.100000
vn 0.000000 0.000000 -0.100000
vn 0.000000 0.000000 -0.100000
vn -0.049911 -0.086354 -0.007203
vn -0.049850 -0.086250 -0.008712
vn -0.043366 -0.086315 0.025866
vn -0.049251 -0.086292 0.011313
vn -0.041383 -0.086247 0.029137
vn -0.026896 -0.086289 0.042788
vn -0.016770 -0.086336 0.047590
vn -0.025548 -0.086391 0.043404
vn -0.007120 -0.086355 0.049921
vn 0.017413 -0.086349 0.047335
vn 0.012566 -0.086388 0.048778
vn 0.030301 -0.086357 0.040302
vn 0.043488 -0.086341 0.025576
vn 0.043340 -0.086382 0.025686
vn 0.049925 -0.086361 0.007023
vn 0.048413 -0.086341 -0.014193
vn 0.048836 -0.086376 -0.012418
vn 0.040235 -0.086365 -0.030369
vn 0.022795 -0.086341 -0.045008
vn 0.025799 -0.086370 -0.043296
vn 0.006933 -0.086369 -0.049923
vn -0.017205 -0.086341 -0.047427
vn -0.012343 -0.086365 -0.048874
vn -0.030422 -0.086374 -0.040175
vn -0.046350 -0.086341 -0.019924
vn -0.043285 -0.086361 -0.025850
vn -0.049916 -0.086378 -0.006868
vn -0.049927 -0.086306 0.007657
vn -0.048893 -0.086357 0.012329
vn -0.037923 -0.086327 0.033309
vn -0.040135 -0.086383 0.030451
vn -0.025848 -0.086354 0.043300
vn -0.014403 -0.086348 0.048338
vn -0.006838 -0.086387 0.049906
vn 0.013243 -0.086308 0.048739
vn 0.012363 -0.086352 0.048893
vn 0.030447 -0.086390 0.040122
vn 0.037368 -0.086320 0.033949
vn 0.043332 -0.086351 0.025805
vn 0.049673 -0.086350 0.008736
vn 0.049894 -0.086392 0.006858
vn 0.048878 -0.086351 -0.012431
vn 0.046914 -0.086314 -0.018683
vn 0.040147 -0.086393 -0.030405
vn 0.029551 -0.086313 -0.040948
vn 0.025733 -0.086352 -0.043373
vn 0.006936 -0.086392 -0.049882
vn 0.002994 -0.086347 -0.050350
vn -0.012518 -0.086353 -0.048851
vn -0.023911 -0.086321 -0.044463
vn -0.030319 -0.086390 -0.040219
vn -0.044010 -0.086309 -0.024778
vn -0.043416 -0.086356 -0.025646
vn -0.049874 -0.086385 -0.007083
vn -0.050373 -0.086342 0.002753
vn -0.048817 -0.086359 0.012612
vn -0.041404 -0.086330 0.028858
vn -0.040331 -0.086379 0.030200
vn -0.025556 -0.086363 0.043455
vn -0.019686 -0.086306 0.046516
vn -0.007224 -0.086373 0.049874
vn 0.008436 -0.086335 0.049750
vn 0.012698 -0.086367 0.048780
vn 0.030130 -0.086368 0.040407
vn 0.033456 -0.086341 0.037762
vn 0.043485 -0.086371 0.025476
vn 0.048435 -0.086306 0.014329
vn 0.049882 -0.086363 0.007292
vn 0.048496 -0.086327 -0.013992
vn 0.048747 -0.086376 -0.012763
vn 0.040440 -0.086359 -0.030113
vn 0.033614 -0.086348 -0.037605
vn 0.025420 -0.086381 -0.043500
vn 0.008770 -0.086308 -0.049739
vn 0.007298 -0.086355 -0.049895
vn -0.012796 -0.086385 -0.048723
vn -0.019356 -0.086320 -0.046629
vn -0.030136 -0.086353 -0.040435
vn -0.041226 -0.086350 -0.029054
vn -0.043497 -0.086388 -0.025399
vn -0.049908 -0.086351 -0.007257
vn -0.050404 -0.086314 -0.003070
vn -0.048714 -0.086391 0.012786
vn -0.044173 -0.086313 0.024469
vn -0.040401 -0.086351 0.030187
vn -0.024147 -0.086347 0.044284
vn -0.025424 -0.086393 0.043473
vn -0.007181 -0.086351 0.049919
vn 0.002704 -0.086321 0.050412
vn 0.012724 -0.086393 0.048728
vn 0.029271 -0.086309 0.041159
vn 0.030256 -0.086352 0.040347
vn 0.043427 -0.086391 0.025507
vn 0.046751 -0.086342 0.018957
vn 0.049927 -0.086354 0.007086
vn 0.049751 -0.086330 -0.008482
vn 0.048768 -0.086388 -0.012602
vn 0.040281 -0.086357 -0.030330
vn 0.037618 -0.086306 -0.033707
vn 0.025653 -0.086382 -0.043360
vn 0.013551 -0.086335 -0.048607
vn 0.006989 -0.086361 -0.049929
vn -0.014202 -0.086341 -0.048410
vn -0.012463 -0.086377 -0.048823
vn -0.030407 -0.086364 -0.040209
vn -0.037862 -0.086304 -0.033439
vn -0.043308 -0.086368 -0.025786
vn -0.049863 -0.086271 -0.008430
vn -0.049921 -0.086371 -0.006922
vn -0.008587 -0.086252 0.049868
vn 0.011173 -0.086285 0.049296
vn 0.029227 -0.086255 0.041302
vn 0.042725 -0.086278 0.027031
vn 0.049875 -0.086259 0.008476
vn 0.049351 -0.086271 -0.011035
vn 0.041223 -0.086264 -0.029313
vn 0.027142 -0.086265 -0.042682
vn 0.008375 -0.086269 -0.049875
vn -0.010960 -0.086259 -0.049389
vn -0.029371 -0.086274 -0.041160
vn -0.042667 -0.086254 -0.027198
vn -0.049869 -0.086279 -0.008313
vn -0.049409 -0.086251 0.010934
vn -0.041128 -0.086283 0.029390
vn -0.027202 -0.086248 0.042677
vn -0.008299 -0.086287 0.049857
vn 0.010965 -0.086246 0.049410
vn 0.029373 -0.086290 0.041125
vn 0.042709 -0.086246 0.027159
vn 0.049842 -0.086292 0.008336
vn 0.049395 -0.086246 -0.011033
vn 0.041162 -0.086292 -0.029315
vn 0.027090 -0.086248 -0.042749
vn 0.008430 -0.086291 -0.049828
vn -0.011121 -0.086250 -0.049368
vn -0.029212 -0.086287 -0.041245
vn -0.042790 -0.086253 -0.027007
vn -0.049816 -0.086281 -0.008596
vn -0.049335 -0.086257 0.011213
vn -0.041362 -0.086274 0.029085
vn -0.026921 -0.086262 0.042827
vn -0.008758 -0.086268 0.049812
vn 0.011279 -0.086266 0.049304
vn 0.028989 -0.086262 0.041456
vn 0.042851 -0.086271 0.026853
vn 0.049816 -0.086256 0.008845
vn 0.049273 -0.086276 -0.011337
vn 0.041492 -0.086252 -0.028965
vn 0.026803 -0.086281 -0.042862
vn 0.008853 -0.086249 -0.049827
vn -0.011366 -0.086285 -0.049251
vn -0.028992 -0.086247 -0.041484
vn -0.042860 -0.086289 -0.026783
vn -0.049842 -0.086246 -0.008797
vn -0.049243 -0.086291 0.011358
vn -0.041447 -0.086246 0.029048
vn -0.026820 -0.086292 0.042830
vn -0.008722 -0.086247 0.049854
vn 0.011278 -0.086292 0.049260
vn 0.029123 -0.086249 0.041388
vn 0.042778 -0.086289 0.026911
vn 0.049863 -0.086252 0.008619
vn 0.049303 -0.086285 -0.011146
vn 0.041314 -0.086255 -0.029209
vn 0.027057 -0.086278 -0.042710
vn 0.008516 -0.086260 -0.049867
vn -0.011002 -0.086272 -0.049358
vn -0.029289 -0.086263 -0.041242
vn -0.042651 -0.086262 -0.027198
vn -0.040376 -0.086350 0.030223
vn -0.048732 -0.086393 0.012704
vn 0.032104 0.070711 0.063003
vn 0.032104 0.070711 0.063003
vn 0.000000 0.070711 0.070711
vn 0.000000 0.070711 0.070711
vn -0.032653 0.070711 0.062720
vn -0.032653 0.070711 0.062720
vn -0.057926 0.070711 0.040553
vn 0.057209 0.070711 0.041559
vn 0.057209 0.070711 0.041559
vn 0.067247 0.070711 0.021861
vn 0.069308 0.070711 0.014013
vn 0.070711 0.070711 0.000026
vn 0.069197 0.070711 -0.014552
vn 0.067262 0.070711 -0.021812
vn 0.060499 0.070711 -0.036605
vn 0.057239 0.070711 -0.041517
vn 0.046082 0.070711 -0.053633
vn 0.041620 0.070711 -0.057164
vn 0.029620 0.070711 -0.064208
vn 0.021933 0.070711 -0.067223
vn 0.013039 0.070711 -0.069498
vn 0.000101 0.070711 -0.070711
vn -0.020627 0.070711 -0.067635
vn -0.021740 0.070711 -0.067286
vn -0.048895 0.070711 -0.051081
vn -0.049073 0.070711 -0.050910
vn -0.066442 0.070711 -0.024196
vn -0.066442 0.070711 -0.024196
vn -0.070107 0.070711 0.009220
vn -0.070107 0.070711 0.009220
vn -0.057926 0.070711 0.040553
vn -0.066442 0.070711 -0.024196
vn -0.050088 0.070711 -0.049912
vn -0.049073 0.070711 -0.050910
vn -0.021740 0.070711 -0.067286
vn -0.044538 -0.086374 -0.023578
vn -0.037964 -0.086391 -0.033095
vn -0.029073 -0.086346 -0.041221
vn -0.029190 -0.086357 -0.041114
vn -0.019298 -0.086356 -0.046585
vn -0.007698 -0.086366 -0.049816
vn -0.008415 -0.086387 -0.049664
vn 0.007665 -0.086364 -0.049824
vn 0.016827 -0.086317 -0.047604
vn 0.022313 -0.086363 -0.045206
vn 0.027729 -0.086337 -0.042155
vn 0.035021 -0.086392 -0.036193
vn 0.042620 -0.086314 -0.027083
vn 0.044626 -0.086353 -0.023489
vn 0.049562 -0.086380 -0.009061
vn 0.050097 -0.086332 0.006090
vn 0.049917 -0.086372 0.006938
vn 0.045480 -0.086357 0.021772
vn 0.034959 -0.086349 0.036356
vn 0.036719 -0.086392 0.034468
vn 0.023064 -0.086354 0.044844
vn 0.003938 -0.086343 0.050293
vn 0.007490 -0.086379 0.049826
vn -0.009641 -0.086370 0.049470
vn -0.029026 -0.086327 0.041293
vn -0.025137 -0.086361 0.043703
vn -0.037988 -0.086392 0.033067
vn -0.048728 -0.086312 0.013257
vn -0.046889 -0.086353 0.018566
vn -0.050308 -0.086386 0.002548
vn -0.045979 -0.086307 -0.020904
vn -0.048275 -0.086362 -0.014532
vn -0.041039 -0.086368 -0.029265
vn -0.022130 -0.086315 -0.045387
vn -0.029039 -0.086384 -0.041164
vn -0.013908 -0.086354 -0.048472
vn 0.011651 -0.086334 -0.049099
vn 0.002457 -0.086391 -0.050304
vn 0.019235 -0.086356 -0.046612
vn 0.033124 -0.086376 -0.037974
vn 0.040039 -0.086349 -0.030671
vn 0.030460 -0.086260 -0.040389
vn 0.040178 -0.086292 -0.030650
vn 0.047220 -0.086252 -0.018192
vn 0.050419 -0.086342 0.001732
vn 0.050335 -0.086263 -0.005002
vn 0.049761 -0.086291 0.008809
vn 0.045383 -0.086250 0.022391
vn 0.037769 -0.086325 0.033487
vn 0.037803 -0.086266 0.033602
vn 0.027206 -0.086290 0.042589
vn 0.007691 -0.086311 0.049912
vn 0.014288 -0.086249 0.048549
vn 0.000924 -0.086269 0.050564
vn -0.012926 -0.086288 0.048860
vn -0.025940 -0.086307 0.043338
vn -0.026004 -0.086248 0.043417
vn -0.036537 -0.086272 0.034959
vn -0.047580 -0.086316 0.016900
vn -0.044720 -0.086285 0.023558
vn -0.049547 -0.086248 0.010316
vn -0.050463 -0.086276 -0.003160
vn -0.047486 -0.086336 -0.017062
vn -0.047616 -0.086281 -0.016983
vn -0.041173 -0.086248 -0.029429
vn -0.025996 -0.086349 -0.043221
vn -0.031881 -0.086279 -0.039238
vn -0.019727 -0.086276 -0.046554
vn -0.006284 -0.086248 -0.050217
vn 0.007381 -0.086341 -0.049908
vn 0.007243 -0.086281 -0.050031
vn 0.020923 -0.086272 -0.046037
vn 0.037524 -0.086324 -0.033765
vn 0.032655 -0.086249 -0.038661
vn 0.041701 -0.086284 -0.028568
vn 0.048055 -0.086268 -0.015766
vn 0.050462 -0.086311 -0.002027
vn 0.050556 -0.086251 -0.002207
vn 0.049261 -0.086287 0.011313
vn 0.040147 -0.086308 0.030647
vn 0.044146 -0.086264 0.024692
vn 0.035900 -0.086252 0.035662
vn 0.025055 -0.086289 0.043892
vn 0.011458 -0.086318 0.049173
vn 0.011732 -0.086261 0.049209
vn -0.001874 -0.086254 0.050564
vn -0.022258 -0.086338 0.045280
vn -0.015314 -0.086290 0.048161
vn -0.028256 -0.086257 0.041967
vn -0.038430 -0.086257 0.032907
vn -0.045860 -0.086349 0.020993
vn -0.045799 -0.086291 0.021360
vn -0.050016 -0.086255 0.007651
vn -0.048766 -0.086339 -0.012939
vn -0.050241 -0.086259 -0.005932
vn -0.046734 -0.086292 -0.019226
vn -0.039521 -0.086253 -0.031600
vn -0.029332 -0.086323 -0.041086
vn -0.029706 -0.086262 -0.040944
vn -0.017506 -0.086292 -0.047405
vn 0.003663 -0.086310 -0.050371
vn -0.003548 -0.086251 -0.050480
vn 0.009960 -0.086265 -0.049590
vn 0.023036 -0.086291 -0.044980
vn 0.034964 -0.086308 -0.036448
vn 0.034717 -0.086249 -0.036821
vn 0.043199 -0.086268 -0.026300
vn 0.050145 -0.086319 -0.005874
vn 0.048703 -0.086289 -0.013499
vn 0.050605 -0.086248 0.000563
vn 0.048616 -0.086271 0.013920
vn 0.042509 -0.086340 0.027172
vn 0.042909 -0.086286 0.026711
vn 0.033894 -0.086248 0.037583
vn 0.016079 -0.086349 0.047806
vn 0.022725 -0.086274 0.045171
vn 0.009383 -0.086283 0.049671
vn -0.004643 -0.086248 0.050395
vn -0.017661 -0.086336 0.047267
vn -0.017801 -0.086278 0.047321
vn -0.030231 -0.086277 0.040525
vn -0.043606 -0.086316 0.025456
vn -0.040203 -0.086246 0.030746
vn -0.046855 -0.086279 0.018987
vn -0.050293 -0.086276 0.005204
vn -0.049849 -0.086252 -0.008705
vn -0.049909 -0.086356 -0.007198
vn -0.049421 -0.086390 0.009717
vn -0.043538 -0.086362 0.025417
vn -0.033030 -0.086364 0.038082
vn -0.018298 -0.086383 0.046938
vn -0.002301 -0.086354 0.050376
vn 0.014647 -0.086393 0.048185
vn 0.029537 -0.086358 0.040865
vn 0.041195 -0.086375 0.029023
vn 0.048521 -0.086375 0.013605
vn 0.050354 -0.086356 -0.002652
vn 0.046480 -0.086391 -0.019395
vn 0.037803 -0.086354 -0.033376
vn 0.024680 -0.086385 -0.043914
vn 0.008806 -0.086367 -0.049631
vn -0.007618 -0.086362 -0.049835
vn -0.023912 -0.086385 -0.044337
vn -0.036903 -0.086353 -0.034371
vn -0.046184 -0.086392 -0.020087
vn -0.050264 -0.086360 -0.003935
vn -0.048810 -0.086371 0.012554
vn -0.041780 -0.086378 0.028165
vn -0.030590 -0.086355 0.040089
vn -0.015346 -0.086392 0.047968
vn 0.000971 -0.086355 0.050417
vn 0.017417 -0.086382 0.047275
vn 0.032125 -0.086370 0.038837
vn 0.042902 -0.086360 0.026484
vn 0.049263 -0.086388 0.010500
vn 0.050087 -0.086353 -0.005875
vn 0.045241 -0.086390 -0.022136
vn 0.035532 -0.086362 -0.035764
vn 0.022078 -0.086368 -0.045312
vn 0.005591 -0.086381 -0.050071
vn -0.010742 -0.086354 -0.049271
vn -0.026584 -0.086393 -0.042774
vn -0.039057 -0.086356 -0.031892
vn -0.047288 -0.086378 -0.017401
vn -0.050392 -0.086373 -0.000659
vn -0.047970 -0.086358 0.015532
vn -0.039911 -0.086390 0.030724
vn -0.027945 -0.086353 0.041979
vn -0.012492 -0.086388 0.048796
vn 0.004260 -0.086365 0.050229
vn 0.020206 -0.086365 0.046183
vn 0.034528 -0.086384 0.036683
vn 0.044506 -0.086353 0.023716
vn 0.049803 -0.086393 0.007484
vn 0.049588 -0.086358 -0.009128
vn 0.043913 -0.086374 -0.024723
vn 0.018624 -0.086254 -0.047047
vn 0.004667 -0.086292 -0.050319
vn -0.009040 -0.086258 -0.049778
vn -0.030506 -0.086290 -0.040292
vn -0.045322 -0.086248 -0.022521
vn -0.050538 -0.086287 0.000685
vn -0.045097 -0.086254 0.022947
vn -0.029604 -0.086270 0.041002
vn -0.008234 -0.086275 0.049888
vn 0.015169 -0.086253 0.048274
vn 0.035385 -0.086292 0.036078
vn 0.047178 -0.086264 0.018241
vn 0.050422 -0.086321 -0.002495
vn 0.046861 -0.086293 -0.018909
vn 0.038499 -0.086329 -0.032635
vn -0.069400 0.000000 -0.071997
vn -0.034236 0.000000 -0.093957
vn -0.030745 0.000000 -0.095156
vn -0.007387 0.000000 -0.099727
vn -0.000174 0.000000 -0.100000
vn 0.020019 0.000000 -0.097976
vn 0.030426 0.000000 -0.095259
vn 0.045913 0.000000 -0.088837
vn 0.058089 0.000000 -0.081399
vn 0.068328 0.000000 -0.073015
vn 0.080205 0.000000 -0.059726
vn 0.085612 0.000000 -0.051677
vn 0.094627 0.000000 -0.032339
vn 0.096441 0.000000 -0.026442
vn 0.099983 0.000000 -0.001856
vn 0.099997 -0.000000 0.000774
vn 0.095756 -0.000000 0.028822
vn 0.096018 -0.000000 0.027938
vn 0.084797 -0.000000 0.053005
vn -0.072864 0.000000 -0.068490
vn -0.093963 0.000000 -0.034219
vn -0.095894 0.000000 -0.028361
vn -0.099146 0.000000 0.013039
vn -0.098396 0.000000 0.017837
vn -0.081920 0.000000 0.057350
vn -0.079845 0.000000 0.060206
vn -0.046179 0.000000 0.088699
vn -0.044209 0.000000 0.089697
vn -0.000000 0.000000 0.100000
vn 0.000891 -0.000000 0.099996
vn 0.045402 -0.000000 0.089099
vn 0.045791 -0.000000 0.088900
vn 0.080906 -0.000000 0.058773
vn 0.082365 -0.000000 0.056709
vn 0.067181 -0.000000 0.074072
vn 0.059199 -0.000000 0.080594
vn 0.044499 -0.000000 0.089553
vn 0.029477 -0.000000 0.095557
vn 0.018465 -0.000000 0.098280
vn -0.003500 0.000000 0.099939
vn -0.008946 0.000000 0.099599
vn -0.036105 0.000000 0.093255
vn -0.035697 0.000000 0.093412
vn -0.059758 0.000000 0.080181
vn -0.064688 0.000000 0.076259
vn -0.079310 0.000000 0.060910
vn -0.086133 0.000000 0.050805
vn -0.092886 0.000000 0.037044
vn -0.098032 0.000000 0.019743
vn -0.099459 0.000000 0.010386
vn -0.099082 0.000000 -0.013516
vn -0.098535 0.000000 -0.017054
vn -0.089157 0.000000 -0.045288
vn -0.090182 0.000000 -0.043211
vn -0.075033 0.000000 -0.066106
vn -0.069376 0.000000 -0.072020
vn -0.054225 0.000000 -0.084022
vn -0.041898 0.000000 -0.090800
vn -0.029332 0.000000 -0.095602
vn -0.009796 0.000000 -0.099519
vn -0.002221 0.000000 -0.099975
vn 0.023409 0.000000 -0.097222
vn 0.025067 0.000000 -0.096807
vn 0.050447 0.000000 -0.086343
vn 0.054017 0.000000 -0.084155
vn 0.072037 0.000000 -0.069359
vn 0.078635 0.000000 -0.061778
vn 0.088188 0.000000 -0.047148
vn 0.094556 0.000000 -0.032543
vn 0.097684 0.000000 -0.021397
vn 0.100000 -0.000000 0.000267
vn 0.099820 -0.000000 0.005993
vn 0.094373 -0.000000 0.033073
vn 0.094426 -0.000000 0.032920
vn 0.081925 -0.000000 0.057344
vn 0.078295 -0.000000 0.062208
vn 0.063229 -0.000000 0.077473
vn 0.053544 -0.000000 0.084457
vn 0.039768 -0.000000 0.091752
vn 0.022850 -0.000000 0.097354
vn 0.013328 -0.000000 0.099108
vn -0.010346 0.000000 0.099463
vn -0.014141 0.000000 0.098995
vn -0.042426 0.000000 0.090554
vn -0.040535 0.000000 0.091416
vn -0.063853 0.000000 0.076960
vn -0.069782 0.000000 0.071627
vn -0.082384 0.000000 0.056682
vn -0.089425 0.000000 0.044756
vn -0.094696 0.000000 0.032135
vn -0.099162 0.000000 0.012917
vn -0.099865 0.000000 0.005188
vn -0.097910 0.000000 -0.020337
vn -0.097510 0.000000 -0.022178
vn -0.087801 0.000000 -0.047865
vn -0.085810 0.000000 -0.051349
vn -0.071490 0.000000 -0.069922
vn -0.064208 0.000000 -0.076664
vn -0.049769 0.000000 -0.086735
vn -0.035499 0.000000 -0.093487
vn -0.024299 0.000000 -0.097003
vn -0.002873 0.000000 -0.099959
vn 0.002998 0.000000 -0.099955
vn 0.030073 0.000000 -0.095371
vn 0.030074 0.000000 -0.095370
vn 0.054879 0.000000 -0.083596
vn 0.059683 0.000000 -0.080237
vn 0.075538 0.000000 -0.065528
vn 0.082698 0.000000 -0.056223
vn 0.090516 0.000000 -0.042506
vn 0.096563 0.000000 -0.025991
vn 0.098664 0.000000 -0.016292
vn 0.099746 -0.000000 0.007120
vn 0.099377 -0.000000 0.011144
vn 0.091891 -0.000000 0.039447
vn 0.092597 -0.000000 0.037760
vn 0.078843 -0.000000 0.061513
vn 0.073874 -0.000000 0.067399
vn 0.059147 -0.000000 0.080633
vn 0.047687 -0.000000 0.087898
vn 0.034978 -0.000000 0.093683
vn 0.016234 -0.000000 0.098674
vn 0.008194 -0.000000 0.099664
vn -0.017029 0.000000 0.098539
vn -0.019218 0.000000 0.098136
vn -0.045193 0.000000 0.089205
vn -0.048407 0.000000 0.087503
vn -0.067746 0.000000 0.073556
vn -0.074421 0.000000 0.066795
vn -0.085202 0.000000 0.052350
vn -0.092211 0.000000 0.038693
vn -0.096229 0.000000 0.027203
vn -0.099800 0.000000 0.006316
vn -0.100000 0.000000 0.000004
vn -0.096354 0.000000 -0.026757
vn -0.092387 0.000000 -0.038270
vn -0.082253 0.000000 -0.056873
vn -0.070711 0.000000 -0.070710
vn -0.059057 0.000000 -0.080698
vn -0.038264 0.000000 -0.092390
vn -0.029324 0.000000 -0.095604
vn 0.000003 0.000000 -0.100000
vn 0.003635 0.000000 -0.099934
vn 0.038256 0.000000 -0.092393
vn 0.036201 0.000000 -0.093217
vn 0.064764 0.000000 -0.076195
vn 0.070695 0.000000 -0.070726
vn 0.086168 0.000000 -0.050745
vn 0.092381 0.000000 -0.038286
vn 0.098043 0.000000 -0.019685
vn 0.100000 0.000000 -0.000024
vn 0.099079 -0.000000 0.013537
vn 0.092404 -0.000000 0.038230
vn 0.089164 -0.000000 0.045275
vn 0.070744 -0.000000 0.070677
vn 0.069399 -0.000000 0.071998
vn 0.041957 -0.000000 0.090772
vn 0.038329 -0.000000 0.092363
vn 0.009877 -0.000000 0.099511
vn 0.000072 -0.000000 0.100000
vn -0.023289 0.000000 0.097250
vn -0.038208 0.000000 0.092413
vn -0.053890 0.000000 0.084237
vn -0.070662 0.000000 0.070759
vn -0.078518 0.000000 0.061927
vn -0.092358 0.000000 0.038341
vn -0.094479 0.000000 0.032766
vn -0.100000 0.000000 0.000079
vn -0.100000 0.000000 -0.000004
vn -0.092413 0.000000 -0.038208
vn -0.092401 0.000000 -0.038236
vn -0.070753 0.000000 -0.070668
vn -0.070744 0.000000 -0.070677
vn -0.038342 0.000000 -0.092357
vn -0.038317 0.000000 -0.092368
vn -0.000090 0.000000 -0.100000
vn -0.000051 0.000000 -0.100000
vn 0.038161 0.000000 -0.092432
vn 0.038225 0.000000 -0.092406
vn 0.070624 0.000000 -0.070797
vn 0.070678 0.000000 -0.070744
vn 0.092332 0.000000 -0.038404
vn 0.092370 0.000000 -0.038311
vn 0.100000 0.000000 -0.000148
vn 0.100000 0.000000 -0.000048
vn 0.092452 -0.000000 0.038112
vn 0.092408 -0.000000 0.038220
vn 0.070829 -0.000000 0.070592
vn 0.070746 -0.000000 0.070675
vn 0.038439 -0.000000 0.092317
vn 0.038320 -0.000000 0.092367
vn 0.000180 -0.000000 0.100000
vn 0.000070 -0.000000 0.100000
vn -0.038091 0.000000 0.092461
vn -0.038199 0.000000 0.092416
vn -0.070579 0.000000 0.070842
vn -0.070647 0.000000 0.070774
vn -0.092314 0.000000 0.038446
vn -0.092351 0.000000 0.038358
vn -0.100000 0.000000 0.000184
vn -0.100000 0.000000 0.000086
vn -0.092459 0.000000 -0.038096
vn -0.092421 0.000000 -0.038188
vn -0.070834 0.000000 -0.070587
vn -0.070768 0.000000 -0.070653
vn -0.038428 0.000000 -0.092322
vn -0.038366 0.000000 -0.092347
vn -0.000159 0.000000 -0.100000
vn -0.000096 0.000000 -0.100000
vn 0.038128 0.000000 -0.092446
vn 0.038175 0.000000 -0.092427
vn 0.070614 0.000000 -0.070807
vn 0.070645 0.000000 -0.070777
vn 0.092341 0.000000 -0.038381
vn 0.092346 0.000000 -0.038370
vn 0.100000 0.000000 -0.000109
vn 0.100000 0.000000 -0.000100
vn 0.092430 -0.000000 0.038166
vn 0.092421 -0.000000 0.038189
vn 0.070785 -0.000000 0.070636
vn 0.070762 -0.000000 0.070660
vn 0.038371 -0.000000 0.092345
vn 0.038308 -0.000000 0.092371
vn 0.000113 -0.000000 0.100000
vn 0.000029 -0.000000 0.100000
vn -0.038165 0.000000 0.092431
vn -0.038273 0.000000 0.092386
vn -0.070625 0.000000 0.070796
vn -0.070724 0.000000 0.070697
vn -0.092344 0.000000 0.038373
vn -0.092405 0.000000 0.038227
vn -0.100000 0.000000 0.000128
vn -0.100000 0.000000 -0.000053
vn -0.092433 0.000000 -0.038158
vn -0.092360 0.000000 -0.038335
vn -0.070806 0.000000 -0.070615
vn -0.070651 0.000000 -0.070771
vn -0.038387 0.000000 -0.092339
vn -0.038166 0.000000 -0.092430
vn -0.000127 0.000000 -0.100000
vn 0.000130 0.000000 -0.100000
vn 0.038160 0.000000 -0.092433
vn 0.038411 0.000000 -0.092329
vn 0.070627 0.000000 -0.070794
vn 0.070831 0.000000 -0.070590
vn 0.092348 0.000000 -0.038366
vn 0.092461 0.000000 -0.038091
vn 0.100000 0.000000 -0.000099
vn 0.100000 -0.000000 0.000204
vn 0.092417 -0.000000 0.038198
vn 0.092303 -0.000000 0.038474
vn 0.070763 -0.000000 0.070658
vn 0.070548 -0.000000 0.070873
vn 0.038319 -0.000000 0.092367
vn 0.038041 -0.000000 0.092482
vn 0.000069 -0.000000 0.100000
vn -0.000247 0.000000 0.100000
vn -0.038228 0.000000 0.092405
vn -0.038509 0.000000 0.092288
vn -0.070685 0.000000 0.070737
vn -0.070894 0.000000 0.070527
vn -0.092383 0.000000 0.038281
vn -0.092489 0.000000 0.038023
vn -0.100000 0.000000 0.000000
vn -0.100000 0.000000 -0.000263
vn -0.100000 0.000000 -0.000003
vn -0.092287 0.000000 -0.038511
vn -0.086602 0.000000 -0.050002
vn -0.070527 0.000000 -0.070894
vn -0.049998 0.000000 -0.086604
vn -0.038033 0.000000 -0.092485
vn 0.000002 0.000000 -0.100000
vn 0.000248 0.000000 -0.100000
vn 0.038488 0.000000 -0.092297
vn 0.050002 0.000000 -0.086602
vn 0.070872 0.000000 -0.070549
vn 0.086604 0.000000 -0.049998
vn 0.092469 0.000000 -0.038071
vn 0.100000 -0.000000 0.000002
vn 0.100000 -0.000000 0.000202
vn 0.092318 -0.000000 0.038437
vn 0.086602 -0.000000 0.050002
vn 0.070592 -0.000000 0.070829
vn 0.049998 -0.000000 0.086604
vn 0.038136 -0.000000 0.092443
vn -0.000002 0.000000 0.100000
vn -0.000126 0.000000 0.100000
vn -0.038359 0.000000 0.092350
vn -0.050002 0.000000 0.086602
vn -0.070763 0.000000 0.070658
vn -0.086604 0.000000 0.049998
vn -0.092405 0.000000 0.038227
vn -0.008466 0.086292 -0.049820
vn 0.000296 0.086333 -0.050464
vn -0.023723 0.086249 -0.044703
vn -0.032001 0.086314 -0.039061
vn -0.040612 0.086350 -0.029906
vn -0.031447 0.086358 -0.039413
vn -0.039422 0.086389 -0.031351
vn 0.006980 0.086255 -0.050114
vn 0.021808 0.086267 -0.045633
vn 0.032338 0.086347 -0.038710
vn 0.034996 0.086280 -0.036484
vn 0.044325 0.086248 -0.024426
vn 0.049548 0.086347 -0.009443
vn 0.049659 0.086290 -0.009382
vn 0.050202 0.086261 0.006225
vn 0.044398 0.086326 0.024013
vn 0.046034 0.086258 0.020988
vn 0.036237 0.086284 0.035240
vn 0.019047 0.086311 0.046772
vn 0.023070 0.086248 0.045046
vn 0.006687 0.086291 0.050091
vn -0.015150 0.086308 0.048181
vn -0.010016 0.086256 0.049593
vn -0.025546 0.086268 0.043650
vn -0.042411 0.086317 0.027397
vn -0.038690 0.086276 0.032550
vn -0.047111 0.086250 0.018482
vn -0.050109 0.086334 -0.005966
vn -0.050512 0.086291 0.001548
vn -0.048374 0.086251 -0.014858
vn -0.034840 0.086348 -0.036473
vn -0.040769 0.086280 -0.029894
vn -0.028564 0.086267 -0.041738
vn -0.003847 0.086346 -0.050295
vn -0.013665 0.086255 -0.048717
vn 0.003561 0.086286 -0.050418
vn 0.019567 0.086248 -0.046674
vn 0.028834 0.086324 -0.041433
vn 0.005531 0.086385 -0.050070
vn 0.021309 0.086353 -0.045707
vn 0.035277 0.086392 -0.035943
vn 0.045115 0.086360 -0.022509
vn 0.048617 0.086310 -0.013675
vn 0.049954 0.086372 -0.006672
vn 0.049296 0.086377 0.010431
vn 0.046171 0.086308 0.020473
vn 0.043397 0.086355 0.025682
vn 0.032220 0.086392 0.038708
vn 0.022451 0.086319 0.045222
vn 0.018019 0.086355 0.047097
vn 0.001585 0.086382 0.050355
vn -0.011558 0.086335 0.049119
vn -0.015205 0.086369 0.048054
vn -0.029832 0.086360 0.040645
vn -0.040148 0.086348 0.030531
vn -0.041726 0.086388 0.028216
vn -0.048632 0.086353 0.013348
vn -0.050413 0.086344 -0.001796
vn -0.050240 0.086391 -0.003551
vn -0.046356 0.086362 -0.019817
vn -0.037945 0.086323 -0.033295
vn -0.037463 0.086368 -0.033721
vn -0.023970 0.086380 -0.044316
vn -0.008128 0.086309 -0.049846
vn -0.008530 0.086354 -0.049702
vn 0.008597 0.086393 -0.049622
vn 0.025536 0.086309 -0.043574
vn 0.024235 0.086356 -0.044218
vn 0.037308 0.086378 -0.033866
vn 0.047459 0.086320 -0.017220
vn 0.046463 0.086372 -0.019519
vn 0.050293 0.086358 -0.003600
vn 0.047507 0.086337 0.017002
vn 0.048522 0.086390 0.013507
vn 0.041655 0.086353 0.028426
vn 0.025839 0.086349 0.043316
vn 0.029881 0.086388 0.040549
vn 0.014900 0.086365 0.048158
vn -0.007416 0.086343 0.049899
vn -0.001405 0.086365 0.050390
vn -0.018243 0.086383 0.046959
vn -0.037338 0.086321 0.033979
vn -0.032355 0.086353 0.038682
vn -0.043359 0.086393 0.025619
vn -0.050445 0.086309 0.002477
vn -0.049389 0.086358 0.010147
vn -0.049979 0.086374 -0.006447
vn -0.044953 0.086375 -0.022771
vn -0.040424 0.086309 -0.030275
vn -0.035318 0.086356 -0.035990
vn -0.021149 0.086391 -0.045709
vn -0.011772 0.086321 -0.049092
vn -0.005297 0.086354 -0.050149
vn 0.011481 0.086385 -0.049050
vn 0.022230 0.086338 -0.045294
vn 0.027059 0.086367 -0.042526
vn 0.039297 0.086362 -0.031581
vn 0.045937 0.086349 -0.020823
vn 0.047590 0.086386 -0.016513
vn 0.050429 0.086353 -0.000385
vn 0.048763 0.086341 0.012941
vn 0.047617 0.086392 0.016404
vn 0.039700 0.086360 0.031077
vn 0.029884 0.086318 0.040695
vn 0.027494 0.086370 0.042240
vn 0.011755 0.086379 0.048996
vn -0.002489 0.086308 0.050445
vn -0.004555 0.086355 0.050220
vn -0.021118 0.086392 0.045720
vn -0.033849 0.086310 0.037481
vn -0.034801 0.086353 0.036496
vn -0.033807 0.086250 0.037655
vn -0.044212 0.086274 0.024537
vn 0.033946 0.086290 -0.037440
vn 0.044373 0.086259 -0.024300
vn 0.049837 0.086264 -0.008648
vn 0.049821 0.086279 0.008596
vn 0.044497 0.086249 0.024107
vn 0.033759 0.086292 0.037604
vn 0.019798 0.086252 0.046568
vn 0.003469 0.086276 0.050442
vn -0.013526 0.086270 0.048730
vn -0.028445 0.086253 0.041849
vn -0.040843 0.086288 0.029769
vn -0.048307 0.086248 0.015089
vn -0.050509 0.086288 -0.001803
vn -0.047160 0.086261 -0.018303
vn -0.038732 0.086261 -0.032540
vn -0.025509 0.086281 -0.043645
vn -0.010220 0.086248 -0.049566
vn 0.006977 0.086292 -0.050050
vn 0.022855 0.086254 -0.045144
vn 0.036296 0.086272 -0.035209
vn 0.045966 0.086272 -0.021076
vn 0.050329 0.086251 -0.005257
vn 0.049094 0.086290 0.011992
vn 0.042691 0.086249 0.027177
vn 0.031275 0.086285 0.039709
vn 0.016464 0.086264 0.047828
vn 0.000204 0.086258 0.050591
vn -0.016831 0.086284 0.047664
vn -0.031234 0.086248 0.039821
vn -0.042686 0.086291 0.027051
vn -0.049223 0.086256 0.011706
vn -0.050336 0.086268 -0.004899
vn -0.045781 0.086275 -0.021462
vn -0.036546 0.086250 -0.035005
vn -0.022606 0.086291 -0.045198
vn -0.006848 0.086250 -0.050139
vn 0.010005 0.086281 -0.049553
vn 0.025854 0.086267 -0.043470
vn 0.038451 0.086256 -0.032886
vn 0.047234 0.086286 -0.017990
vn 0.050573 0.086248 -0.001920
vn 0.048257 0.086290 0.015010
vn 0.040755 0.086258 0.029976
vn 0.028870 0.086264 0.041533
vn 0.013252 0.086279 0.048789
vn -0.003043 0.086249 0.050515
vn -0.019811 0.086292 0.046489
vn -0.044777 0.086379 0.023102
vn -0.049860 0.086272 0.008437
vn -0.049918 0.086372 0.006927
vn -0.011634 0.086363 -0.049052
vn -0.026786 0.086366 -0.042701
vn -0.039347 0.086386 -0.031452
vn -0.047565 0.086354 -0.016752
vn -0.050362 0.086391 -0.000542
vn -0.047670 0.086356 0.016434
vn -0.039871 0.086374 0.030818
vn -0.027301 0.086375 0.042355
vn -0.012045 0.086357 0.048962
vn 0.004498 0.086393 0.050160
vn 0.021038 0.086353 0.045832
vn 0.034571 0.086382 0.036646
vn 0.044896 0.086366 0.022919
vn 0.049725 0.086361 0.008316
vn 0.049842 0.086392 -0.007219
vn 0.045143 0.086353 -0.022477
vn 0.036327 0.086378 -0.034917
vn 0.023581 0.086375 -0.044535
vn 0.008914 0.086357 -0.049630
vn -0.006482 0.086392 -0.049944
vn -0.021899 0.086355 -0.045422
vn -0.045702 0.086375 -0.021229
vn -0.049362 0.086356 -0.010300
vn -0.049921 0.086371 0.006922
vn -0.043308 0.086368 0.025786
vn -0.049863 0.086271 0.008430
vn -0.037862 0.086304 0.033439
vn -0.042664 0.086262 0.027177
vn -0.029319 0.086263 0.041220
vn -0.014202 0.086341 0.048410
vn -0.011057 0.086272 0.049345
vn 0.008450 0.086259 0.049879
vn 0.020817 0.086350 0.045939
vn 0.026991 0.086278 0.042750
vn 0.041267 0.086255 0.029277
vn 0.045823 0.086342 0.021103
vn 0.049278 0.086285 0.011251
vn 0.048444 0.086327 -0.014171
vn 0.049882 0.086251 -0.008515
vn 0.042844 0.086289 -0.026805
vn 0.027194 0.086313 -0.042550
vn 0.029222 0.086249 -0.041318
vn 0.011412 0.086292 -0.049229
vn -0.007499 0.086306 -0.049951
vn -0.008592 0.086247 -0.049876
vn -0.026696 0.086292 -0.042907
vn -0.038462 0.086308 -0.032734
vn -0.041366 0.086246 -0.029163
vn -0.049211 0.086291 -0.011496
vn -0.050482 0.086321 0.000467
vn -0.049866 0.086246 0.008663
vn -0.042938 0.086288 0.026659
vn -0.037925 0.086341 0.033272
vn -0.029109 0.086247 0.041402
vn -0.007041 0.086350 0.049941
vn -0.011510 0.086285 0.049218
vn 0.008714 0.086249 0.049851
vn 0.027382 0.086342 0.042371
vn 0.026684 0.086281 0.042937
vn 0.041414 0.086253 0.029075
vn 0.048496 0.086327 0.013992
vn 0.049245 0.086276 0.011461
vn 0.049836 0.086257 -0.008726
vn 0.045760 0.086313 -0.021355
vn 0.042908 0.086271 -0.026762
vn 0.029072 0.086262 -0.041397
vn 0.020433 0.086306 -0.046193
vn 0.011362 0.086266 -0.049285
vn -0.014935 0.086308 -0.048247
vn -0.008689 0.086268 -0.049823
vn -0.026877 0.086261 -0.042856
vn -0.042874 0.086321 -0.026656
vn -0.041342 0.086274 -0.029113
vn -0.049331 0.086257 -0.011234
vn -0.049849 0.086341 0.007771
vn -0.049819 0.086281 0.008578
vn -0.042797 0.086253 0.026997
vn -0.032705 0.086350 0.038394
vn -0.029213 0.086287 0.041245
vn -0.011104 0.086250 0.049372
vn 0.000416 0.086342 0.050447
vn 0.008462 0.086291 0.049823
vn 0.027124 0.086248 0.042727
vn 0.033449 0.086327 0.037799
vn 0.041194 0.086292 0.029270
vn 0.050079 0.086313 0.006489
vn 0.049409 0.086246 0.010967
vn 0.049829 0.086292 -0.008412
vn 0.042004 0.086306 -0.028053
vn 0.042662 0.086246 -0.027233
vn 0.029295 0.086290 -0.041181
vn 0.013242 0.086308 -0.048739
vn 0.010863 0.086246 -0.049433
vn -0.008408 0.086287 -0.049838
vn -0.021917 0.086321 -0.045479
vn -0.027301 0.086248 -0.042614
vn -0.041199 0.086283 -0.029289
vn -0.046253 0.086341 -0.020149
vn -0.049437 0.086250 -0.010809
vn -0.048186 0.086350 0.014893
vn -0.049846 0.086279 0.008443
vn -0.042594 0.086254 0.027312
vn -0.026680 0.086342 0.042816
vn -0.029259 0.086274 0.041240
vn -0.010821 0.086259 0.049420
vn 0.007988 0.086327 0.049838
vn 0.008505 0.086269 0.049853
vn 0.027257 0.086264 0.042609
vn 0.038806 0.086313 0.032313
vn 0.041293 0.086264 0.029213
vn 0.049379 0.086270 0.010913
vn 0.050497 0.086306 -0.001180
vn 0.049856 0.086260 -0.008580
vn 0.042669 0.086277 -0.027121
vn 0.037297 0.086308 -0.034056
vn 0.029159 0.086255 -0.041349
vn 0.005867 0.086321 -0.050142
vn 0.011098 0.086284 -0.049314
vn -0.008653 0.086252 -0.049856
vn -0.028265 0.086340 -0.041791
vn -0.026944 0.086289 -0.042759
vn -0.041403 0.086247 -0.029109
vn -0.046172 0.086334 -0.020360
vn -0.049256 0.086292 -0.011291
vn -0.049851 0.086250 0.008710
vn -0.049911 0.086354 0.007202
vn -0.048732 0.086393 -0.012704
vn -0.040376 0.086350 -0.030223
vn -0.025548 0.086391 -0.043404
vn -0.007120 0.086355 -0.049921
vn 0.012566 0.086388 -0.048777
vn 0.030301 0.086357 -0.040302
vn 0.043340 0.086382 -0.025686
vn 0.049925 0.086361 -0.007023
vn 0.048836 0.086376 0.012419
vn 0.040235 0.086365 0.030369
vn 0.025799 0.086370 0.043296
vn 0.006933 0.086369 0.049923
vn -0.012343 0.086365 0.048874
vn -0.030422 0.086374 0.040175
vn -0.043285 0.086361 0.025850
vn -0.049916 0.086378 0.006867
vn -0.048893 0.086357 -0.012329
vn -0.040134 0.086383 -0.030451
vn -0.025848 0.086354 -0.043300
vn -0.006838 0.086387 -0.049906
vn 0.012363 0.086352 -0.048893
vn 0.030447 0.086390 -0.040122
vn 0.043332 0.086351 -0.025805
vn 0.049894 0.086392 -0.006858
vn 0.048878 0.086351 0.012431
vn 0.040147 0.086393 0.030405
vn 0.025733 0.086352 0.043373
vn 0.006936 0.086392 0.049882
vn -0.012518 0.086353 0.048851
vn -0.030319 0.086390 0.040219
vn -0.043416 0.086356 0.025646
vn -0.049874 0.086385 0.007082
vn -0.048817 0.086359 -0.012612
vn -0.040331 0.086379 -0.030200
vn -0.025556 0.086363 -0.043455
vn -0.007224 0.086373 -0.049874
vn 0.012698 0.086367 -0.048780
vn 0.030131 0.086368 -0.040407
vn 0.043485 0.086371 -0.025476
vn 0.049882 0.086363 -0.007292
vn 0.048747 0.086376 0.012763
vn 0.040440 0.086359 0.030113
vn 0.025420 0.086381 0.043500
vn 0.007298 0.086355 0.049895
vn -0.012796 0.086385 0.048723
vn -0.030136 0.086353 0.040435
vn -0.043497 0.086388 0.025398
vn -0.049908 0.086351 0.007256
vn -0.048714 0.086391 -0.012787
vn -0.040401 0.086351 -0.030188
vn -0.025424 0.086393 -0.043473
vn -0.007181 0.086351 -0.049919
vn 0.012724 0.086393 -0.048727
vn 0.030256 0.086352 -0.040347
vn 0.043427 0.086391 -0.025507
vn 0.049927 0.086354 -0.007086
vn 0.048768 0.086388 0.012602
vn 0.040281 0.086357 0.030330
vn 0.025653 0.086382 0.043360
vn 0.006989 0.086361 0.049929
vn -0.012463 0.086377 0.048823
vn -0.030407 0.086364 0.040209
vn -0.000000 0.100000 -0.000000
vn -0.000000 0.100000 -0.000000
vn -0.000000 0.100000 -0.000000
vn -0.000000 0.100000 -0.000000
vn -0.000000 0.100000 -0.000000
vn -0.000000 0.100000 -0.000000
vn -0.000000 0.100000 -0.000000
vn -0.000000 0.100000 -0.000000
vn -0.000000 0.100000 -0.000000
vn -0.000000 0.100000 -0.000000
vn -0.000000 0.100000 -0.000000
vn -0.000000 0.100000 -0.000000
vn 0.000000 0.000000 -0.100000
vn 0.000000 0.000000 -0.100000
vn 0.000000 0.000000 -0.100000
vn -0.049911 -0.086354 -0.007203
vn -0.049850 -0.086250 -0.008712
vn -0.043366 -0.086315 0.025866
vn -0.049250 -0.086292 0.011316
vn -0.041379 -0.086247 0.029143
vn -0.026888 -0.086289 0.042793
vn -0.016770 -0.086336 0.047590
vn -0.025548 -0.086391 0.043404
vn -0.007120 -0.086355 0.049921
vn 0.017413 -0.086349 0.047335
vn 0.012566 -0.086388 0.048778
vn 0.030301 -0.086357 0.040302
vn 0.043488 -0.086341 0.025576
vn 0.043340 -0.086382 0.025686
vn 0.049925 -0.086361 0.007023
vn 0.048413 -0.086341 -0.014193
vn 0.048836 -0.086376 -0.012418
vn 0.040235 -0.086365 -0.030369
vn 0.022795 -0.086341 -0.045008
vn 0.025799 -0.086370 -0.043296
vn 0.006933 -0.086369 -0.049923
vn -0.017205 -0.086341 -0.047427
vn -0.012343 -0.086365 -0.048874
vn -0.030422 -0.086374 -0.040175
vn -0.046350 -0.086341 -0.019924
vn -0.043285 -0.086361 -0.025850
vn -0.049916 -0.086378 -0.006868
vn -0.049927 -0.086306 0.007657
vn -0.048893 -0.086357 0.012329
vn -0.037923 -0.086327 0.033309
vn -0.040135 -0.086383 0.030451
vn -0.025848 -0.086354 0.043300
vn -0.014403 -0.086348 0.048338
vn -0.006838 -0.086387 0.049906
vn 0.013243 -0.086308 0.048739
vn 0.012363 -0.086352 0.048893
vn 0.030447 -0.086390 0.040122
vn 0.037368 -0.086320 0.033949
vn 0.043332 -0.086351 0.025805
vn 0.049673 -0.086350 0.008736
vn 0.049894 -0.086392 0.006858
vn 0.048878 -0.086351 -0.012431
vn 0.046914 -0.086314 -0.018683
vn 0.040147 -0.086393 -0.030405
vn 0.029551 -0.086313 -0.040948
vn 0.025733 -0.086352 -0.043373
vn 0.006936 -0.086392 -0.049882
vn 0.002994 -0.086347 -0.050350
vn -0.012518 -0.086353 -0.048851
vn -0.023911 -0.086321 -0.044463
vn -0.030319 -0.086390 -0.040219
vn -0.044010 -0.086309 -0.024778
vn -0.043416 -0.086356 -0.025646
vn -0.049874 -0.086385 -0.007083
vn -0.050373 -0.086342 0.002753
vn -0.048817 -0.086359 0.012612
vn -0.041404 -0.086330 0.028858
vn -0.040331 -0.086379 0.030200
vn -0.025556 -0.086363 0.043455
vn -0.019686 -0.086306 0.046516
vn -0.007224 -0.086373 0.049874
vn 0.008436 -0.086335 0.049750
vn 0.012698 -0.086367 0.048780
vn 0.030130 -0.086368 0.040407
vn 0.033456 -0.086341 0.037762
vn 0.043485 -0.086371 0.025476
vn 0.048435 -0.086306 0.014329
vn 0.049882 -0.086363 0.007292
vn 0.048496 -0.086327 -0.013992
vn 0.048747 -0.086376 -0.012763
vn 0.040440 -0.086359 -0.030113
vn 0.033614 -0.086348 -0.037605
vn 0.025420 -0.086381 -0.043500
vn 0.008770 -0.086308 -0.049739
vn 0.007298 -0.086355 -0.049895
vn -0.012796 -0.086385 -0.048723
vn -0.019356 -0.086320 -0.046629
vn -0.030136 -0.086353 -0.040435
vn -0.041226 -0.086350 -0.029054
vn -0.043497 -0.086388 -0.025399
vn -0.049908 -0.086351 -0.007257
vn -0.050404 -0.086314 -0.003070
vn -0.048714 -0.086391 0.012786
vn -0.044173 -0.086313 0.024469
vn -0.040401 -0.086351 0.030187
vn -0.024147 -0.086347 0.044284
vn -0.025424 -0.086393 0.043473
vn -0.007181 -0.086351 0.049919
vn 0.002704 -0.086321 0.050412
vn 0.012724 -0.086393 0.048728
vn 0.029271 -0.086309 0.041159
vn 0.030256 -0.086352 0.040347
vn 0.043427 -0.086391 0.025507
vn 0.046751 -0.086342 0.018957
vn 0.049927 -0.086354 0.007086
vn 0.049751 -0.086330 -0.008482
vn 0.048768 -0.086388 -0.012602
vn 0.040281 -0.086357 -0.030330
vn 0.037618 -0.086306 -0.033707
vn 0.025653 -0.086382 -0.043360
vn 0.013551 -0.086335 -0.048607
vn 0.006989 -0.086361 -0.049929
vn -0.014202 -0.086341 -0.048410
vn -0.012463 -0.086377 -0.048823
vn -0.030407 -0.086364 -0.040209
vn -0.037862 -0.086304 -0.033439
vn -0.043308 -0.086368 -0.025786
vn -0.049863 -0.086271 -0.008430
vn -0.049921 -0.086371 -0.006922
vn -0.008576 -0.086252 0.049870
vn 0.011187 -0.086285 0.049293
vn 0.029238 -0.086255 0.041294
vn 0.042732 -0.086278 0.027021
vn 0.049877 -0.086259 0.008461
vn 0.049347 -0.086271 -0.011054
vn 0.041212 -0.086264 -0.029328
vn 0.027124 -0.086265 -0.042693
vn 0.008356 -0.086269 -0.049879
vn -0.010982 -0.086259 -0.049384
vn -0.029389 -0.086274 -0.041148
vn -0.042679 -0.086254 -0.027178
vn -0.049873 -0.086278 -0.008290
vn -0.049404 -0.086251 0.010957
vn -0.041113 -0.086283 0.029410
vn -0.027180 -0.086248 0.042691
vn -0.008273 -0.086287 0.049861
vn 0.010990 -0.086246 0.049404
vn 0.029396 -0.086290 0.041109
vn 0.042724 -0.086246 0.027136
vn 0.049847 -0.086292 0.008307
vn 0.049388 -0.086246 -0.011061
vn 0.041144 -0.086292 -0.029340
vn 0.027065 -0.086248 -0.042765
vn 0.008398 -0.086291 -0.049834
vn -0.011152 -0.086250 -0.049361
vn -0.029240 -0.086287 -0.041225
vn -0.042808 -0.086253 -0.026979
vn -0.049822 -0.086281 -0.008560
vn -0.049328 -0.086257 0.011246
vn -0.041340 -0.086274 0.029115
vn -0.026892 -0.086262 0.042846
vn -0.008720 -0.086268 0.049818
vn 0.011315 -0.086266 0.049296
vn 0.029021 -0.086262 0.041433
vn 0.042871 -0.086271 0.026820
vn 0.049822 -0.086257 0.008805
vn 0.049265 -0.086276 -0.011376
vn 0.041468 -0.086252 -0.028999
vn 0.026768 -0.086281 -0.042884
vn 0.008811 -0.086249 -0.049834
vn -0.011408 -0.086285 -0.049242
vn -0.029028 -0.086247 -0.041459
vn -0.042884 -0.086289 -0.026745
vn -0.049850 -0.086246 -0.008753
vn -0.049232 -0.086291 0.011404
vn -0.041420 -0.086246 0.029086
vn -0.026778 -0.086292 0.042855
vn -0.008677 -0.086247 0.049862
vn 0.011324 -0.086292 0.049249
vn 0.029150 -0.086249 0.041369
vn 0.042796 -0.086289 0.026882
vn 0.049867 -0.086252 0.008600
vn 0.049298 -0.086285 -0.011166
vn 0.041308 -0.086255 -0.029218
vn 0.027050 -0.086278 -0.042714
vn 0.008513 -0.086260 -0.049868
vn -0.011004 -0.086272 -0.049357
vn -0.029290 -0.086263 -0.041241
vn -0.042651 -0.086262 -0.027198
vn -0.040376 -0.086350 0.030223
vn -0.048732 -0.086393 0.012704
usemtl Opaque(63,62,62)
f 16/1/1 1/2/2 20/3/3
f 20/3/3 1/2/2 2/4/4
f 20/3/3 2/4/4 19/5/5
f 19/5/5 2/4/4 3/6/6
f 19/5/5 3/6/6 18/7/7
f 18/7/7 3/6/6 4/8/8
f 18/7/7 4/8/8 17/9/9
f 17/9/9 4/8/8 5/10/10
f 17/9/9 5/10/10 28/11/11
f 28/11/11 5/10/10 27/12/12
f 27/12/12 5/10/10 6/13/13
f 27/12/12 6/13/13 9/14/14
f 9/14/14 6/13/13 7/15/15
f 9/14/14 7/15/15 8/16/16
f 10/17/17 25/18/18 9/14/14
f 9/14/14 25/18/18 26/19/19
f 9/14/14 26/19/19 27/12/12
f 25/18/18 10/17/17 24/20/20
f 24/20/20 10/17/17 11/21/21
f 24/20/20 11/21/21 12/22/22
f 13/23/23 14/24/24 12/22/22
f 12/22/22 14/24/24 15/25/25
f 12/22/22 15/25/25 22/26/26
f 22/26/26 15/25/25 16/1/1
f 22/26/26 16/1/1 21/27/27
f 21/27/27 16/1/1 20/3/3
f 22/26/26 23/28/28 12/22/22
f 12/22/22 23/28/28 24/20/20
f 29/29/29 1/30/30 30/31/31
f 30/31/31 1/30/30 16/32/32
f 31/33/33 29/34/34 32/35/35
f 32/35/35 29/34/34 30/36/36
f 33/37/37 34/38/38 59/39/39
f 59/39/39 34/38/38 35/40/40
f 59/39/39 35/40/40 36/41/41
f 37/42/42 44/43/43 36/41/41
f 36/41/41 44/43/43 45/44/44
f 36/41/41 45/44/44 70/45/45
f 70/45/45 45/44/44 46/46/46
f 70/45/45 46/46/46 69/47/47
f 69/47/47 46/46/46 68/48/48
f 68/48/48 46/46/46 67/49/49
f 67/49/49 46/46/46 31/50/50
f 67/49/49 31/50/50 66/51/51
f 66/51/51 31/50/50 65/52/52
f 65/52/52 31/50/50 64/53/53
f 64/53/53 31/50/50 63/54/54
f 63/54/54 31/50/50 32/55/55
f 63/54/54 32/55/55 62/56/56
f 62/56/56 32/55/55 61/57/57
f 61/57/57 32/55/55 47/58/58
f 61/57/57 47/58/58 60/59/59
f 60/59/59 47/58/58 48/60/60
f 60/59/59 48/60/60 49/61/61
f 44/43/43 37/42/42 41/62/62
f 41/62/62 37/42/42 38/63/63
f 41/62/62 38/63/63 39/64/64
f 39/64/64 40/65/65 41/62/62
f 41/62/62 42/66/66 44/43/43
f 44/43/43 42/66/66 43/67/67
f 50/68/68 78/69/69 49/61/61
f 49/61/61 78/69/69 79/70/70
f 49/61/61 79/70/70 77/71/71
f 77/71/71 79/70/70 76/72/72
f 76/72/72 79/70/70 80/73/73
f 76/72/72 80/73/73 75/74/74
f 75/74/74 80/73/73 81/75/75
f 75/74/74 81/75/75 74/76/76
f 74/76/76 81/75/75 82/77/77
f 74/76/76 82/77/77 73/78/78
f 73/78/78 82/77/77 72/79/79
f 72/79/79 82/77/77 83/80/80
f 72/79/79 83/80/80 71/81/81
f 71/81/81 83/80/80 84/82/82
f 71/81/81 84/82/82 70/45/45
f 70/45/45 84/82/82 59/39/39
f 70/45/45 59/39/39 36/41/41
f 51/83/83 52/84/84 50/68/68
f 50/68/68 52/84/84 53/85/85
f 50/68/68 53/85/85 78/69/69
f 78/69/69 53/85/85 93/86/86
f 93/86/86 53/85/85 92/87/87
f 92/87/87 53/85/85 54/88/88
f 92/87/87 54/88/88 91/89/89
f 91/89/89 54/88/88 90/90/90
f 90/90/90 54/88/88 89/91/91
f 89/91/91 54/88/88 55/92/92
f 89/91/91 55/92/92 56/93/93
f 56/93/93 57/94/94 89/91/91
f 89/91/91 57/94/94 88/95/95
f 88/95/95 57/94/94 87/96/96
f 87/96/96 57/94/94 58/97/97
f 87/96/96 58/97/97 86/98/98
f 86/98/98 58/97/97 85/99/99
f 85/99/99 58/97/97 84/82/82
f 84/82/82 58/97/97 59/39/39
f 77/71/71 60/59/59 49/61/61
f 94/100/100 95/101/101 99/102/102
f 99/102/102 95/101/101 96/103/103
f 99/102/102 96/103/103 33/104/104
f 33/104/104 59/105/105 99/102/102
f 99/102/102 59/105/105 98/106/106
f 98/106/106 59/105/105 58/107/107
f 98/106/106 58/107/107 97/108/108
f 97/108/108 58/107/107 57/109/109
f 97/110/110 100/111/111 98/112/112
f 98/112/112 100/111/111 101/113/113
f 98/112/112 101/113/113 99/114/114
f 99/114/114 101/113/113 94/115/115
f 94/115/115 101/113/113 102/116/116
f 94/115/115 102/116/116 111/117/117
f 111/117/117 102/116/116 110/118/118
f 110/118/118 102/116/116 103/119/119
f 110/118/118 103/119/119 108/120/120
f 108/120/120 103/119/119 107/121/121
f 107/121/121 103/119/119 106/122/122
f 106/122/122 103/119/119 104/123/123
f 106/122/122 104/123/123 105/124/124
f 108/120/120 109/125/125 110/118/118
f 111/117/117 112/126/126 94/115/115
f 113/127/127 96/128/128 112/129/129
f 112/129/129 96/128/128 95/130/130
f 112/129/129 95/130/130 94/131/131
f 96/128/128 113/127/127 33/132/132
f 33/132/132 113/127/127 114/133/133
f 33/132/132 114/133/133 34/134/134
f 34/134/134 114/133/133 115/135/135
f 34/134/134 115/135/135 35/136/136
f 35/136/136 115/135/135 116/137/137
f 35/136/136 116/137/137 36/138/138
f 117/139/139 37/140/140 116/141/141
f 116/141/141 37/140/140 36/142/142
f 117/143/143 116/144/144 118/145/145
f 118/145/145 116/144/144 119/146/146
f 137/147/147 120/148/148 119/149/149
f 119/149/149 120/148/148 121/150/150
f 119/149/149 121/150/150 118/151/151
f 118/151/151 121/150/150 132/152/152
f 118/151/151 132/152/152 133/153/153
f 121/150/150 122/154/154 132/152/152
f 132/152/152 122/154/154 131/155/155
f 131/155/155 122/154/154 128/156/156
f 131/155/155 128/156/156 130/157/157
f 130/157/157 128/156/156 129/158/158
f 128/156/156 122/154/154 127/159/159
f 127/159/159 122/154/154 123/160/160
f 127/159/159 123/160/160 124/161/161
f 124/161/161 125/162/162 127/159/159
f 127/159/159 125/162/162 126/163/163
f 133/153/153 134/164/164 118/151/151
f 135/165/165 136/166/166 119/149/149
f 119/149/149 136/166/166 137/147/147
f 119/167/146 116/168/167 135/169/168
f 135/169/168 116/168/167 115/170/169
f 135/169/168 115/170/169 136/171/170
f 136/171/170 115/170/169 114/172/171
f 136/171/170 114/172/171 137/173/172
f 137/173/172 114/172/171 113/174/173
f 137/173/172 113/174/173 112/175/174
f 112/175/174 120/176/175 137/173/172
f 120/177/176 112/178/177 121/179/178
f 121/179/178 112/178/177 111/180/179
f 121/179/178 111/180/179 110/181/180
f 109/182/181 123/183/182 110/181/180
f 110/181/180 123/183/182 122/184/183
f 110/181/180 122/184/183 121/179/178
f 109/185/184 138/186/185 123/187/186
f 123/187/186 138/186/185 124/188/187
f 124/188/187 138/186/185 139/189/188
f 124/188/187 139/189/188 125/190/189
f 125/190/189 139/189/188 140/191/190
f 125/190/189 140/191/190 126/192/191
f 126/192/191 140/191/190 141/193/192
f 126/192/191 141/193/192 127/194/193
f 127/195/193 141/196/192 128/197/194
f 128/197/194 141/196/192 142/198/195
f 142/199/196 143/200/197 128/201/198
f 128/201/198 143/200/197 129/202/199
f 129/202/199 143/200/197 144/203/200
f 129/202/199 144/203/200 130/204/201
f 130/204/201 144/203/200 145/205/202
f 130/204/201 145/205/202 131/206/203
f 131/206/203 145/205/202 146/207/204
f 131/208/205 146/209/206 132/210/207
f 132/210/207 146/209/206 147/211/208
f 147/212/209 148/213/210 132/214/211
f 132/214/211 148/213/210 133/215/212
f 133/215/212 148/213/210 149/216/213
f 133/215/212 149/216/213 134/217/214
f 134/217/214 149/216/213 150/218/215
f 134/217/214 150/218/215 118/219/216
f 118/219/216 150/218/215 117/220/217
f 37/221/140 117/222/218 38/223/219
f 38/223/219 117/222/218 150/224/220
f 38/223/219 150/224/220 39/225/221
f 39/225/221 150/224/220 40/226/222
f 40/226/222 150/224/220 149/227/223
f 40/226/222 149/227/223 153/228/224
f 153/228/224 149/227/223 148/229/225
f 153/228/224 148/229/225 152/230/226
f 152/230/226 148/229/225 147/231/227
f 152/230/226 147/231/227 151/232/228
f 41/233/229 40/234/230 155/235/231
f 155/235/231 40/234/230 153/236/232
f 155/235/231 153/236/232 154/237/233
f 155/235/231 156/238/234 41/233/229
f 41/233/229 156/238/234 42/239/235
f 42/239/235 156/238/234 157/240/236
f 42/239/235 157/240/236 43/241/237
f 43/242/238 157/243/239 44/244/240
f 44/244/240 157/243/239 158/245/241
f 158/246/242 159/247/243 44/248/244
f 44/248/244 159/247/243 45/249/245
f 45/249/245 159/247/243 160/250/246
f 45/249/245 160/250/246 46/251/247
f 46/251/247 160/250/246 161/252/248
f 46/251/247 161/252/248 31/253/249
f 31/253/249 161/252/248 29/254/250
f 158/255/251 4/256/252 159/257/253
f 159/257/253 4/256/252 3/258/254
f 159/257/253 3/258/254 160/259/255
f 160/259/255 3/258/254 2/260/256
f 160/259/255 2/260/256 161/261/257
f 161/261/257 2/260/256 1/262/258
f 161/261/257 1/262/258 29/263/259
f 157/264/260 5/265/261 158/266/262
f 158/266/262 5/265/261 4/267/263
f 8/268/264 7/269/265 154/270/266
f 154/270/266 7/269/265 155/271/267
f 155/271/267 7/269/265 156/272/268
f 156/272/268 7/269/265 6/273/269
f 156/272/268 6/273/269 157/274/260
f 157/274/260 6/273/269 5/275/270
f 147/276/271 146/277/272 151/278/273
f 151/278/273 146/277/272 162/279/274
f 151/278/273 162/279/274 8/280/264
f 8/280/264 162/279/274 164/281/275
f 8/280/264 164/281/275 166/282/276
f 166/282/276 164/281/275 165/283/277
f 162/279/274 163/284/278 164/281/275
f 166/282/276 167/285/279 8/280/264
f 8/280/264 167/285/279 9/286/280
f 8/280/264 154/287/281 151/278/273
f 153/288/232 152/289/282 154/290/283
f 154/290/283 152/289/282 151/291/284
f 168/292/285 12/293/286 170/294/287
f 170/294/287 12/293/286 11/295/288
f 170/294/287 11/295/288 169/296/289
f 169/296/289 11/295/288 10/297/290
f 169/296/289 10/297/290 167/298/279
f 167/298/279 10/297/290 9/299/280
f 172/300/291 213/301/292 171/302/293
f 171/302/293 213/301/292 214/303/294
f 171/302/293 214/303/294 197/304/295
f 197/304/295 214/303/294 215/305/296
f 197/304/295 215/305/296 196/306/297
f 196/306/297 215/305/296 216/307/298
f 196/306/297 216/307/298 195/308/299
f 195/308/299 216/307/298 217/309/300
f 195/308/299 217/309/300 194/310/301
f 194/310/301 217/309/300 193/311/302
f 193/311/302 217/309/300 192/312/303
f 192/312/303 217/309/300 191/313/304
f 191/313/304 217/309/300 190/314/305
f 190/314/305 217/309/300 218/315/306
f 190/314/305 218/315/306 189/316/307
f 189/316/307 218/315/306 188/317/308
f 188/317/308 218/315/306 219/318/309
f 188/317/308 219/318/309 187/319/310
f 187/319/310 219/318/309 220/320/311
f 187/319/310 220/320/311 166/321/312
f 166/321/312 220/320/311 221/322/313
f 166/321/312 221/322/313 222/323/314
f 213/301/292 172/300/291 212/324/315
f 212/324/315 172/300/291 173/325/316
f 212/324/315 173/325/316 211/326/317
f 211/326/317 173/325/316 174/327/318
f 211/326/317 174/327/318 210/328/319
f 210/328/319 174/327/318 175/329/320
f 210/328/319 175/329/320 209/330/321
f 209/330/321 175/329/320 208/331/322
f 208/331/322 175/329/320 176/332/323
f 208/331/322 176/332/323 207/333/324
f 207/333/324 176/332/323 177/334/325
f 207/333/324 177/334/325 206/335/326
f 206/335/326 177/334/325 178/336/327
f 206/335/326 178/336/327 205/337/328
f 205/337/328 178/336/327 179/338/329
f 205/337/328 179/338/329 204/339/330
f 204/339/330 179/338/329 180/340/331
f 204/339/330 180/340/331 203/341/332
f 203/341/332 180/340/331 181/342/333
f 203/341/332 181/342/333 202/343/334
f 202/343/334 181/342/333 182/344/335
f 202/343/334 182/344/335 183/345/336
f 183/345/336 184/346/337 202/343/334
f 202/343/334 184/346/337 185/347/338
f 202/343/334 185/347/338 186/348/339
f 202/343/334 186/348/339 201/349/340
f 201/349/340 186/348/339 168/350/341
f 201/349/340 168/350/341 170/351/342
f 201/349/340 170/351/342 200/352/343
f 200/352/343 170/351/342 169/353/344
f 200/352/343 169/353/344 199/354/345
f 199/354/345 169/353/344 167/355/346
f 199/354/345 167/355/346 198/356/347
f 198/356/347 167/355/346 235/357/348
f 235/357/348 167/355/346 166/321/312
f 235/357/348 166/321/312 222/323/314
f 223/358/349 224/359/350 222/323/314
f 222/323/314 224/359/350 225/360/351
f 222/323/314 225/360/351 226/361/352
f 226/361/352 227/362/353 222/323/314
f 222/323/314 227/362/353 228/363/354
f 222/323/314 228/363/354 229/364/355
f 229/364/355 230/365/356 222/323/314
f 222/323/314 230/365/356 235/357/348
f 230/365/356 231/366/357 235/357/348
f 235/357/348 231/366/357 232/367/358
f 235/357/348 232/367/358 233/368/359
f 233/368/359 234/369/360 235/357/348
f 171/370/361 197/371/362 236/372/363
f 236/372/363 197/371/362 237/373/364
f 236/374/365 237/375/366 238/376/367
f 238/376/367 237/375/366 239/377/368
f 240/378/369 241/379/370 269/380/371
f 269/380/371 241/379/370 242/381/372
f 269/380/371 242/381/372 243/382/373
f 243/382/373 244/383/374 269/380/371
f 269/380/371 244/383/374 301/384/375
f 269/380/371 301/384/375 270/385/376
f 270/385/376 301/384/375 302/386/377
f 270/385/376 302/386/377 283/387/378
f 283/387/378 302/386/377 282/388/379
f 282/388/379 302/386/377 303/389/380
f 282/388/379 303/389/380 281/390/381
f 281/390/381 303/389/380 280/391/382
f 280/391/382 303/389/380 304/392/383
f 280/391/382 304/392/383 279/393/384
f 279/393/384 304/392/383 263/394/385
f 279/393/384 263/394/385 278/395/386
f 278/395/386 263/394/385 277/396/387
f 277/396/387 263/394/385 264/397/388
f 277/396/387 264/397/388 265/398/389
f 244/383/374 245/399/390 301/384/375
f 301/384/375 245/399/390 300/400/391
f 300/400/391 245/399/390 246/401/392
f 300/400/391 246/401/392 104/402/393
f 300/400/391 104/402/393 299/403/394
f 299/403/394 104/402/393 103/404/395
f 299/403/394 103/404/395 298/405/396
f 298/405/396 103/404/395 102/406/397
f 298/405/396 102/406/397 101/407/398
f 298/405/396 101/407/398 309/408/399
f 309/408/399 101/407/398 100/409/400
f 309/408/399 100/409/400 308/410/401
f 308/410/401 100/409/400 247/411/402
f 308/410/401 247/411/402 248/412/403
f 308/410/401 248/412/403 307/413/404
f 307/413/404 248/412/403 249/414/405
f 307/413/404 249/414/405 254/415/406
f 254/415/406 249/414/405 250/416/407
f 254/415/406 250/416/407 251/417/408
f 251/417/408 252/418/409 254/415/406
f 254/415/406 252/418/409 253/419/410
f 255/420/411 297/421/412 254/415/406
f 254/415/406 297/421/412 284/422/413
f 254/415/406 284/422/413 307/413/404
f 307/413/404 284/422/413 306/423/414
f 306/423/414 284/422/413 285/424/415
f 306/423/414 285/424/415 286/425/416
f 256/426/417 295/427/418 255/420/411
f 255/420/411 295/427/418 296/428/419
f 255/420/411 296/428/419 297/421/412
f 256/426/417 257/429/420 295/427/418
f 295/427/418 257/429/420 294/430/421
f 294/430/421 257/429/420 258/431/422
f 294/430/421 258/431/422 293/432/423
f 293/432/423 258/431/422 259/433/424
f 293/432/423 259/433/424 292/434/425
f 292/434/425 259/433/424 260/435/426
f 292/434/425 260/435/426 291/436/427
f 291/436/427 260/435/426 261/437/428
f 291/436/427 261/437/428 262/438/429
f 263/394/385 304/392/383 262/438/429
f 262/438/429 304/392/383 289/439/430
f 262/438/429 289/439/430 290/440/431
f 277/396/387 265/398/389 276/441/432
f 276/441/432 265/398/389 238/442/433
f 276/441/432 238/442/433 275/443/434
f 275/443/434 238/442/433 239/444/435
f 275/443/434 239/444/435 274/445/436
f 274/445/436 239/444/435 266/446/437
f 274/445/436 266/446/437 273/447/438
f 273/447/438 266/446/437 267/448/439
f 273/447/438 267/448/439 268/449/440
f 269/380/371 271/450/441 268/449/440
f 268/449/440 271/450/441 272/451/442
f 268/449/440 272/451/442 273/447/438
f 270/385/376 271/450/441 269/380/371
f 306/423/414 286/425/416 305/452/443
f 305/452/443 286/425/416 287/453/444
f 305/452/443 287/453/444 288/454/445
f 305/452/443 288/454/445 304/392/383
f 304/392/383 288/454/445 289/439/430
f 290/440/431 291/436/427 262/438/429
f 310/455/446 311/456/447 312/457/448
f 312/457/448 311/456/447 240/458/449
f 312/457/448 240/458/449 269/459/450
f 193/460/451 192/461/452 312/462/453
f 312/462/453 192/461/452 191/463/454
f 312/462/453 191/463/454 310/464/455
f 310/464/455 191/463/454 190/465/456
f 310/466/457 190/467/458 317/468/459
f 317/468/459 190/467/458 314/469/460
f 317/468/459 314/469/460 316/470/461
f 316/470/461 314/469/460 315/471/462
f 190/467/458 189/472/463 314/469/460
f 314/469/460 189/472/463 313/473/464
f 317/474/465 318/475/466 310/476/467
f 310/476/467 318/475/466 311/477/468
f 317/478/469 316/479/470 318/480/471
f 318/480/471 316/479/470 319/481/472
f 318/480/471 319/481/472 311/482/473
f 311/482/473 319/481/472 320/483/474
f 311/482/473 320/483/474 240/484/475
f 240/484/475 320/483/474 321/485/476
f 240/484/475 321/485/476 241/486/477
f 241/486/477 321/485/476 242/487/478
f 242/487/478 321/485/476 322/488/479
f 242/487/478 322/488/479 243/489/480
f 244/490/481 243/491/482 323/492/483
f 323/492/483 243/491/482 322/493/484
f 324/494/485 323/495/486 325/496/487
f 325/496/487 323/495/486 322/497/488
f 326/498/489 327/499/490 352/500/491
f 352/500/491 327/499/490 328/501/492
f 352/500/491 328/501/492 329/502/493
f 352/500/491 329/502/493 349/503/494
f 349/503/494 329/502/493 330/504/495
f 349/503/494 330/504/495 348/505/496
f 348/505/496 330/504/495 353/506/497
f 348/505/496 353/506/497 347/507/498
f 347/507/498 353/506/497 354/508/499
f 347/507/498 354/508/499 355/509/500
f 331/510/501 334/511/502 330/504/495
f 330/504/495 334/511/502 370/512/503
f 330/504/495 370/512/503 353/506/497
f 331/510/501 332/513/504 334/511/502
f 334/511/502 332/513/504 333/514/505
f 335/515/506 371/516/507 334/511/502
f 334/511/502 371/516/507 372/517/508
f 334/511/502 372/517/508 370/512/503
f 370/512/503 372/517/508 369/518/509
f 369/518/509 372/517/508 373/519/510
f 369/518/509 373/519/510 368/520/511
f 368/520/511 373/519/510 374/521/512
f 368/520/511 374/521/512 367/522/513
f 367/522/513 374/521/512 375/523/514
f 367/522/513 375/523/514 366/524/515
f 366/524/515 375/523/514 365/525/516
f 365/525/516 375/523/514 376/526/517
f 365/525/516 376/526/517 364/527/518
f 364/527/518 376/526/517 377/528/519
f 364/527/518 377/528/519 342/529/520
f 342/529/520 377/528/519 341/530/521
f 341/530/521 377/528/519 378/531/522
f 341/530/521 378/531/522 325/532/523
f 325/532/523 378/531/522 379/533/524
f 325/532/523 379/533/524 380/534/525
f 371/516/507 335/515/506 386/535/526
f 386/535/526 335/515/506 336/536/527
f 386/535/526 336/536/527 385/537/528
f 385/537/528 336/536/527 384/538/529
f 384/538/529 336/536/527 337/539/530
f 384/538/529 337/539/530 338/540/531
f 338/540/531 324/541/532 384/538/529
f 384/538/529 324/541/532 383/542/533
f 383/542/533 324/541/532 382/543/534
f 382/543/534 324/541/532 381/544/535
f 381/544/535 324/541/532 325/532/523
f 381/544/535 325/532/523 380/534/525
f 325/532/523 339/545/536 341/530/521
f 341/530/521 339/545/536 340/546/537
f 343/547/538 362/548/539 342/529/520
f 342/529/520 362/548/539 363/549/540
f 342/529/520 363/549/540 364/527/518
f 343/547/538 344/550/541 362/548/539
f 362/548/539 344/550/541 361/551/542
f 361/551/542 344/550/541 360/552/543
f 360/552/543 344/550/541 345/553/544
f 360/552/543 345/553/544 359/554/545
f 359/554/545 345/553/544 358/555/546
f 358/555/546 345/553/544 346/556/547
f 358/555/546 346/556/547 357/557/548
f 357/557/548 346/556/547 356/558/549
f 356/558/549 346/556/547 347/507/498
f 356/558/549 347/507/498 355/509/500
f 350/559/550 351/560/551 349/503/494
f 349/503/494 351/560/551 352/500/491
f 387/561/552 326/562/553 163/563/554
f 163/563/554 326/562/553 390/564/555
f 390/564/555 326/562/553 352/565/556
f 390/564/555 352/565/556 389/566/557
f 389/566/557 352/565/556 351/567/558
f 389/566/557 351/567/558 388/568/559
f 388/568/559 351/567/558 350/569/560
f 391/570/561 392/571/562 388/572/563
f 388/572/563 392/571/562 389/573/564
f 389/573/564 392/571/562 393/574/565
f 389/573/564 393/574/565 390/575/566
f 390/575/566 393/574/565 164/576/567
f 390/575/566 164/576/567 163/577/568
f 395/578/569 405/579/570 394/580/571
f 394/580/571 405/579/570 406/581/572
f 394/580/571 406/581/572 391/582/573
f 391/582/573 406/581/572 407/583/574
f 391/582/573 407/583/574 408/584/575
f 405/579/570 395/578/569 404/585/576
f 404/585/576 395/578/569 396/586/577
f 404/585/576 396/586/577 403/587/578
f 403/587/578 396/586/577 397/588/579
f 403/587/578 397/588/579 398/589/580
f 399/590/581 413/591/582 398/589/580
f 398/589/580 413/591/582 414/592/583
f 398/589/580 414/592/583 403/587/578
f 413/591/582 399/590/581 313/593/584
f 313/593/584 399/590/581 400/594/585
f 313/593/584 400/594/585 314/595/586
f 401/596/587 411/597/588 313/593/584
f 313/593/584 411/597/588 412/598/589
f 313/593/584 412/598/589 413/591/582
f 401/596/587 402/599/590 411/597/588
f 411/597/588 402/599/590 410/600/591
f 410/600/591 402/599/590 165/601/592
f 410/600/591 165/601/592 409/602/593
f 409/602/593 165/601/592 408/584/575
f 408/584/575 165/601/592 392/603/594
f 408/584/575 392/603/594 391/582/573
f 164/604/595 393/605/596 165/601/592
f 165/601/592 393/605/596 392/603/594
f 394/606/597 391/607/598 415/608/599
f 415/608/599 391/607/598 388/609/563
f 415/610/600 388/611/601 349/612/602
f 349/612/602 388/611/601 350/613/603
f 416/614/604 417/615/605 346/616/606
f 346/616/606 417/615/605 347/617/607
f 347/617/607 417/615/605 418/618/608
f 347/617/607 418/618/608 348/619/609
f 348/619/609 418/618/608 419/620/610
f 348/619/609 419/620/610 349/621/611
f 349/621/611 419/620/610 415/622/612
f 416/623/613 397/624/614 417/625/615
f 417/625/615 397/624/614 396/626/616
f 417/625/615 396/626/616 418/627/617
f 418/627/617 396/626/616 395/628/618
f 418/627/617 395/628/618 419/629/619
f 419/629/619 395/628/618 394/630/620
f 419/629/619 394/630/620 415/631/621
f 398/632/622 397/633/623 420/634/624
f 420/634/624 397/633/623 416/635/625
f 420/636/626 416/637/627 345/638/628
f 345/638/628 416/637/627 346/639/629
f 342/640/630 315/641/631 343/642/632
f 343/642/632 315/641/631 421/643/633
f 343/642/632 421/643/633 422/644/634
f 420/645/635 345/646/636 422/644/634
f 422/644/634 345/646/636 344/647/637
f 422/644/634 344/647/637 343/642/632
f 315/648/638 314/649/460 421/650/639
f 421/650/639 314/649/460 400/651/640
f 421/650/639 400/651/640 422/652/641
f 422/652/641 400/651/640 399/653/642
f 422/652/641 399/653/642 398/654/643
f 398/654/643 420/655/644 422/652/641
f 341/656/645 316/657/646 342/658/647
f 342/658/647 316/657/646 315/659/648
f 322/660/649 321/661/650 325/662/651
f 325/662/651 321/661/650 339/663/652
f 339/663/652 321/661/650 320/664/653
f 339/663/652 320/664/653 340/665/654
f 340/665/654 320/664/653 319/666/655
f 340/665/654 319/666/655 341/667/656
f 341/667/656 319/666/655 316/668/657
f 166/669/276 165/670/277 187/671/658
f 187/671/658 165/670/277 402/672/659
f 187/671/658 402/672/659 188/673/660
f 188/673/660 402/672/659 401/674/661
f 188/673/660 401/674/661 189/675/463
f 189/675/463 401/674/661 313/676/464
f 414/677/662 431/678/663 403/679/664
f 403/679/664 431/678/663 432/680/665
f 403/681/664 432/682/665 404/683/666
f 404/683/666 432/682/665 433/684/667
f 404/683/666 433/684/667 405/685/668
f 405/685/668 433/684/667 434/686/669
f 405/685/668 434/686/669 406/687/670
f 406/687/670 434/686/669 423/688/671
f 406/687/670 423/688/671 407/689/672
f 407/689/672 423/688/671 424/690/673
f 407/689/672 424/690/673 408/691/674
f 408/691/674 424/690/673 425/692/675
f 408/691/674 425/692/675 409/693/676
f 409/693/676 425/692/675 426/694/677
f 409/693/676 426/694/677 410/695/678
f 410/695/678 426/694/677 427/696/679
f 410/695/678 427/696/679 411/697/680
f 411/697/680 427/696/679 428/698/681
f 411/697/680 428/698/681 412/699/682
f 412/699/682 428/698/681 429/700/683
f 412/699/682 429/700/683 413/701/684
f 413/701/684 429/700/683 430/702/685
f 413/701/684 430/702/685 414/677/662
f 414/677/662 430/702/685 431/678/663
f 542/703/686 435/704/687 517/705/688
f 517/705/688 435/704/687 436/706/689
f 517/705/688 436/706/689 437/707/690
f 517/705/688 437/707/690 545/708/691
f 545/708/691 437/707/690 438/709/692
f 545/708/691 438/709/692 439/710/693
f 545/708/691 439/710/693 544/711/694
f 544/711/694 439/710/693 440/712/695
f 544/711/694 440/712/695 543/713/696
f 543/713/696 440/712/695 441/714/697
f 543/713/696 441/714/697 554/715/698
f 554/715/698 441/714/697 553/716/699
f 553/716/699 441/714/697 442/717/700
f 553/716/699 442/717/700 443/718/701
f 553/716/699 443/718/701 552/719/702
f 552/719/702 443/718/701 444/720/703
f 552/719/702 444/720/703 445/721/704
f 446/722/705 510/723/706 445/721/704
f 445/721/704 510/723/706 551/724/707
f 445/721/704 551/724/707 552/719/702
f 446/722/705 447/725/708 510/723/706
f 510/723/706 447/725/708 448/726/709
f 510/723/706 448/726/709 449/727/710
f 510/723/706 449/727/710 452/728/711
f 452/728/711 449/727/710 450/729/712
f 452/728/711 450/729/712 451/730/713
f 452/728/711 453/731/714 510/723/706
f 510/723/706 453/731/714 454/732/715
f 510/723/706 454/732/715 509/733/716
f 509/733/716 454/732/715 455/734/717
f 509/733/716 455/734/717 458/735/718
f 458/735/718 455/734/717 457/736/719
f 457/736/719 455/734/717 456/737/720
f 458/735/718 459/738/721 509/733/716
f 509/733/716 459/738/721 460/739/722
f 509/733/716 460/739/722 461/740/723
f 461/740/723 462/741/724 509/733/716
f 509/733/716 462/741/724 559/742/725
f 509/733/716 559/742/725 560/743/726
f 559/742/725 462/741/724 558/744/727
f 558/744/727 462/741/724 463/745/728
f 558/744/727 463/745/728 464/746/729
f 558/744/727 464/746/729 557/747/730
f 557/747/730 464/746/729 465/748/731
f 557/747/730 465/748/731 466/749/732
f 467/750/733 555/751/734 466/749/732
f 466/749/732 555/751/734 556/752/735
f 466/749/732 556/752/735 557/747/730
f 555/751/734 467/750/733 566/753/736
f 566/753/736 467/750/733 468/754/737
f 566/753/736 468/754/737 565/755/738
f 565/755/738 468/754/737 469/756/739
f 565/755/738 469/756/739 470/757/740
f 565/755/738 470/757/740 502/758/741
f 502/758/741 470/757/740 471/759/742
f 502/758/741 471/759/742 472/760/743
f 473/761/744 474/762/745 472/760/743
f 472/760/743 474/762/745 475/763/746
f 472/760/743 475/763/746 476/764/747
f 472/760/743 476/764/747 502/758/741
f 502/758/741 476/764/747 477/765/748
f 502/758/741 477/765/748 501/766/749
f 501/766/749 477/765/748 483/767/750
f 501/766/749 483/767/750 484/768/751
f 477/765/748 478/769/752 483/767/750
f 483/767/750 478/769/752 481/770/753
f 483/767/750 481/770/753 482/771/754
f 478/769/752 479/772/755 481/770/753
f 481/770/753 479/772/755 480/773/756
f 484/768/751 485/774/757 501/766/749
f 501/766/749 485/774/757 486/775/758
f 501/766/749 486/775/758 430/776/759
f 430/776/759 486/775/758 487/777/760
f 430/776/759 487/777/760 431/778/761
f 431/778/761 487/777/760 488/779/762
f 431/778/761 488/779/762 432/780/763
f 432/780/763 488/779/762 489/781/764
f 432/780/763 489/781/764 433/782/765
f 433/782/765 489/781/764 490/783/766
f 433/782/765 490/783/766 434/784/767
f 434/784/767 490/783/766 491/785/768
f 434/784/767 491/785/768 423/786/769
f 423/786/769 491/785/768 492/787/770
f 423/786/769 492/787/770 493/788/771
f 423/786/769 493/788/771 424/789/772
f 424/789/772 493/788/771 494/790/773
f 424/789/772 494/790/773 425/791/774
f 425/791/774 494/790/773 498/792/775
f 425/791/774 498/792/775 426/793/776
f 426/793/776 498/792/775 427/794/777
f 427/794/777 498/792/775 499/795/778
f 427/794/777 499/795/778 428/796/779
f 428/796/779 499/795/778 500/797/780
f 428/796/779 500/797/780 429/798/781
f 429/798/781 500/797/780 501/766/749
f 429/798/781 501/766/749 430/776/759
f 494/790/773 495/799/782 498/792/775
f 498/792/775 495/799/782 497/800/783
f 497/800/783 495/799/782 496/801/784
f 503/802/785 504/803/786 502/758/741
f 502/758/741 504/803/786 565/755/738
f 504/803/786 505/804/787 565/755/738
f 565/755/738 505/804/787 564/805/788
f 564/805/788 505/804/787 563/806/789
f 563/806/789 505/804/787 506/807/790
f 563/806/789 506/807/790 562/808/791
f 562/808/791 506/807/790 561/809/792
f 561/809/792 506/807/790 507/810/793
f 561/809/792 507/810/793 508/811/794
f 561/809/792 508/811/794 560/743/726
f 560/743/726 508/811/794 509/733/716
f 551/724/707 510/723/706 550/812/795
f 550/812/795 510/723/706 511/813/796
f 550/812/795 511/813/796 549/814/797
f 549/814/797 511/813/796 512/815/798
f 549/814/797 512/815/798 513/816/799
f 514/817/800 547/818/801 513/816/799
f 513/816/799 547/818/801 548/819/802
f 513/816/799 548/819/802 549/814/797
f 547/818/801 514/817/800 546/820/803
f 546/820/803 514/817/800 515/821/804
f 546/820/803 515/821/804 516/822/805
f 516/822/805 517/705/688 546/820/803
f 546/820/803 517/705/688 545/708/691
f 517/705/688 518/823/806 542/703/686
f 542/703/686 518/823/806 541/824/807
f 541/824/807 518/823/806 540/825/808
f 540/825/808 518/823/806 539/826/809
f 539/826/809 518/823/806 568/827/810
f 539/826/809 568/827/810 538/828/811
f 538/828/811 568/827/810 569/829/812
f 538/828/811 569/829/812 537/830/813
f 537/830/813 569/829/812 570/831/814
f 537/830/813 570/831/814 536/832/815
f 536/832/815 570/831/814 571/833/816
f 536/832/815 571/833/816 535/834/817
f 535/834/817 571/833/816 572/835/818
f 535/834/817 572/835/818 534/836/819
f 534/836/819 572/835/818 573/837/820
f 534/836/819 573/837/820 533/838/821
f 533/838/821 573/837/820 532/839/822
f 532/839/822 573/837/820 574/840/823
f 532/839/822 574/840/823 531/841/824
f 531/841/824 574/840/823 575/842/825
f 531/841/824 575/842/825 521/843/826
f 521/843/826 575/842/825 576/844/827
f 521/843/826 576/844/827 577/845/828
f 568/827/810 518/823/806 567/846/829
f 567/846/829 518/823/806 519/847/830
f 567/846/829 519/847/830 578/848/831
f 578/848/831 519/847/830 520/849/832
f 578/848/831 520/849/832 577/845/828
f 577/845/828 520/849/832 521/843/826
f 522/850/833 525/851/834 521/843/826
f 521/843/826 525/851/834 530/852/835
f 521/843/826 530/852/835 531/841/824
f 523/853/836 524/854/837 522/850/833
f 522/850/833 524/854/837 525/851/834
f 530/852/835 525/851/834 529/855/838
f 529/855/838 525/851/834 526/856/839
f 529/855/838 526/856/839 528/857/840
f 528/857/840 526/856/839 527/858/841
f 579/859/842 435/860/843 582/861/844
f 582/861/844 435/860/843 542/862/845
f 582/861/844 542/862/845 541/863/846
f 540/864/847 580/865/848 541/863/846
f 541/863/846 580/865/848 581/866/849
f 541/863/846 581/866/849 582/861/844
f 691/867/850 583/868/851 586/869/852
f 586/869/852 583/868/851 584/870/853
f 586/869/852 584/870/853 585/871/854
f 586/869/852 587/872/855 691/867/850
f 691/867/850 587/872/855 690/873/856
f 690/873/856 587/872/855 588/874/857
f 690/873/856 588/874/857 593/875/858
f 593/875/858 588/874/857 592/876/859
f 592/876/859 588/874/857 589/877/860
f 592/876/859 589/877/860 590/878/861
f 590/878/861 591/879/862 592/876/859
f 594/880/863 623/881/864 593/875/858
f 593/875/858 623/881/864 628/882/865
f 593/875/858 628/882/865 690/873/856
f 690/873/856 628/882/865 657/883/866
f 690/873/856 657/883/866 689/884/867
f 689/884/867 657/883/866 688/885/868
f 688/885/868 657/883/866 687/886/869
f 687/886/869 657/883/866 683/887/870
f 687/886/869 683/887/870 684/888/871
f 595/889/872 598/890/873 594/880/863
f 594/880/863 598/890/873 599/891/874
f 594/880/863 599/891/874 622/892/875
f 622/892/875 599/891/874 621/893/876
f 621/893/876 599/891/874 620/894/877
f 620/894/877 599/891/874 619/895/878
f 619/895/878 599/891/874 618/896/879
f 618/896/879 599/891/874 600/897/880
f 618/896/879 600/897/880 601/898/881
f 595/889/872 596/899/882 598/890/873
f 598/890/873 596/899/882 597/900/883
f 601/898/881 602/901/884 618/896/879
f 618/896/879 602/901/884 617/902/885
f 617/902/885 602/901/884 616/903/886
f 616/903/886 602/901/884 615/904/887
f 615/904/887 602/901/884 614/905/888
f 614/905/888 602/901/884 603/906/889
f 614/905/888 603/906/889 613/907/890
f 613/907/890 603/906/889 604/908/891
f 613/907/890 604/908/891 605/909/892
f 605/909/892 606/910/893 613/907/890
f 613/907/890 606/910/893 612/911/894
f 612/911/894 606/910/893 607/912/895
f 612/911/894 607/912/895 608/913/896
f 608/913/896 609/914/897 612/911/894
f 612/911/894 609/914/897 610/915/898
f 612/911/894 610/915/898 611/916/899
f 622/892/875 623/881/864 594/880/863
f 628/882/865 623/881/864 627/917/900
f 627/917/900 623/881/864 624/918/901
f 627/917/900 624/918/901 625/919/902
f 625/919/902 626/920/903 627/917/900
f 628/882/865 629/921/904 657/883/866
f 657/883/866 629/921/904 634/922/905
f 657/883/866 634/922/905 635/923/906
f 634/922/905 629/921/904 633/924/907
f 633/924/907 629/921/904 630/925/908
f 633/924/907 630/925/908 632/926/909
f 632/926/909 630/925/908 631/927/910
f 657/883/866 635/923/906 640/928/911
f 640/928/911 635/923/906 636/929/912
f 640/928/911 636/929/912 639/930/913
f 639/930/913 636/929/912 638/931/914
f 638/931/914 636/929/912 637/932/915
f 640/928/911 641/933/916 657/883/866
f 657/883/866 641/933/916 643/934/917
f 657/883/866 643/934/917 580/935/918
f 580/935/918 643/934/917 581/936/919
f 581/936/919 643/934/917 582/937/920
f 582/937/920 643/934/917 579/938/921
f 579/938/921 643/934/917 648/939/922
f 579/938/921 648/939/922 651/940/923
f 651/940/923 648/939/922 649/941/924
f 651/940/923 649/941/924 650/942/925
f 641/933/916 642/943/926 643/934/917
f 644/944/927 645/945/928 643/934/917
f 643/934/917 645/945/928 646/946/929
f 643/934/917 646/946/929 647/947/930
f 647/947/930 648/939/922 643/934/917
f 657/883/866 580/935/918 656/948/931
f 656/948/931 580/935/918 652/949/932
f 656/948/931 652/949/932 655/950/933
f 655/950/933 652/949/932 654/951/934
f 654/951/934 652/949/932 653/952/935
f 658/953/936 662/954/937 657/883/866
f 657/883/866 662/954/937 677/955/938
f 657/883/866 677/955/938 678/956/939
f 659/957/940 660/958/941 658/953/936
f 658/953/936 660/958/941 661/959/942
f 658/953/936 661/959/942 662/954/937
f 663/960/943 669/961/944 662/954/937
f 662/954/937 669/961/944 670/962/945
f 662/954/937 670/962/945 671/963/946
f 663/960/943 664/964/947 669/961/944
f 669/961/944 664/964/947 668/965/948
f 668/965/948 664/964/947 667/966/949
f 667/966/949 664/964/947 666/967/950
f 666/967/950 664/964/947 665/968/951
f 671/963/946 672/969/952 662/954/937
f 662/954/937 672/969/952 676/970/953
f 662/954/937 676/970/953 677/955/938
f 673/971/954 674/972/955 672/969/952
f 672/969/952 674/972/955 675/973/956
f 672/969/952 675/973/956 676/970/953
f 678/956/939 679/974/957 657/883/866
f 657/883/866 679/974/957 680/975/958
f 657/883/866 680/975/958 681/976/959
f 681/976/959 682/977/960 657/883/866
f 657/883/866 682/977/960 683/887/870
f 684/888/871 685/978/961 687/886/869
f 687/886/869 685/978/961 686/979/962
f 693/980/963 695/981/964 692/982/965
f 692/982/965 695/981/964 583/983/966
f 692/982/965 583/983/966 691/984/967
f 224/985/968 223/986/969 693/980/963
f 693/980/963 223/986/969 695/981/964
f 496/987/970 495/988/971 223/986/969
f 223/986/969 495/988/971 695/981/964
f 495/988/971 694/989/972 695/981/964
f 583/990/966 695/991/964 584/992/973
f 584/992/973 695/991/964 696/993/974
f 584/992/973 696/993/974 585/994/975
f 585/994/975 696/993/974 697/995/976
f 585/994/975 697/995/976 586/996/977
f 586/996/977 697/995/976 698/997/978
f 586/998/979 698/999/980 587/1000/981
f 587/1000/981 698/999/980 699/1001/982
f 587/1000/981 699/1001/982 700/1002/983
f 701/1003/984 589/1004/985 700/1002/983
f 700/1002/983 589/1004/985 588/1005/986
f 700/1002/983 588/1005/986 587/1000/981
f 589/1006/987 701/1007/988 590/1008/989
f 590/1008/989 701/1007/988 702/1009/990
f 590/1008/989 702/1009/990 591/1010/991
f 591/1010/991 702/1009/990 703/1011/992
f 591/1010/991 703/1011/992 592/1012/993
f 592/1012/993 703/1011/992 704/1013/994
f 712/1014/995 595/1015/996 711/1016/997
f 711/1016/997 595/1015/996 594/1017/998
f 711/1016/997 594/1017/998 710/1018/999
f 710/1018/999 594/1017/998 593/1019/1000
f 710/1018/999 593/1019/1000 709/1020/1001
f 709/1020/1001 593/1019/1000 592/1021/1002
f 709/1020/1001 592/1021/1002 704/1022/1003
f 704/1022/1003 705/1023/1004 709/1020/1001
f 709/1020/1001 705/1023/1004 708/1024/1005
f 708/1024/1005 705/1023/1004 706/1025/1006
f 708/1024/1005 706/1025/1006 707/1026/1007
f 595/1027/996 712/1028/1008 596/1029/1009
f 596/1029/1009 712/1028/1008 713/1030/1010
f 596/1029/1009 713/1030/1010 597/1031/1011
f 597/1031/1011 713/1030/1010 714/1032/1012
f 597/1031/1011 714/1032/1012 598/1033/1013
f 598/1033/1013 714/1032/1012 715/1034/1014
f 716/1035/1015 486/1036/1016 715/1037/1014
f 715/1037/1014 486/1036/1016 485/1038/1017
f 715/1037/1014 485/1038/1017 599/1039/1018
f 599/1039/1018 598/1040/1013 715/1037/1014
f 599/1041/1019 485/1042/1020 600/1043/1021
f 600/1043/1021 485/1042/1020 484/1044/1022
f 600/1043/1021 484/1044/1022 483/1045/1023
f 482/1046/1024 602/1047/1025 483/1045/1023
f 483/1045/1023 602/1047/1025 601/1048/1026
f 483/1045/1023 601/1048/1026 600/1043/1021
f 718/1049/1027 603/1050/1028 717/1051/1029
f 717/1051/1029 603/1050/1028 602/1052/1030
f 717/1051/1029 602/1052/1030 482/1053/1031
f 482/1053/1031 481/1054/1032 717/1051/1029
f 603/1055/1028 718/1056/1027 604/1057/1033
f 604/1057/1033 718/1056/1027 719/1058/1034
f 604/1057/1033 719/1058/1034 720/1059/1035
f 604/1057/1033 720/1059/1035 605/1060/1036
f 605/1060/1036 720/1059/1035 721/1061/1037
f 605/1060/1036 721/1061/1037 606/1062/1038
f 722/1063/1039 732/1064/1040 721/1065/1041
f 721/1065/1041 732/1064/1040 607/1066/1042
f 721/1065/1041 607/1066/1042 606/1067/1043
f 732/1064/1040 722/1063/1039 731/1068/1044
f 731/1068/1044 722/1063/1039 723/1069/1045
f 731/1068/1044 723/1069/1045 730/1070/1046
f 730/1070/1046 723/1069/1045 724/1071/1047
f 730/1070/1046 724/1071/1047 729/1072/1048
f 729/1072/1048 724/1071/1047 725/1073/1049
f 729/1072/1048 725/1073/1049 728/1074/1050
f 728/1074/1050 725/1073/1049 726/1075/1051
f 728/1074/1050 726/1075/1051 727/1076/1052
f 609/1077/1053 608/1078/1054 732/1064/1040
f 732/1064/1040 608/1078/1054 607/1066/1042
f 609/1079/1055 732/1080/1056 610/1081/1057
f 610/1081/1057 732/1080/1056 733/1082/1058
f 610/1081/1057 733/1082/1058 611/1083/1059
f 611/1083/1059 733/1082/1058 734/1084/1060
f 611/1083/1059 734/1084/1060 612/1085/1061
f 612/1085/1061 734/1084/1060 735/1086/1062
f 742/1087/1063 615/1088/1064 737/1089/1065
f 737/1089/1065 615/1088/1064 614/1090/1066
f 737/1089/1065 614/1090/1066 736/1091/1067
f 736/1091/1067 614/1090/1066 613/1092/1068
f 736/1091/1067 613/1092/1068 735/1093/1069
f 735/1093/1069 613/1092/1068 612/1094/1070
f 737/1089/1065 738/1095/1071 742/1087/1063
f 742/1087/1063 738/1095/1071 741/1096/1072
f 741/1096/1072 738/1095/1071 740/1097/1073
f 740/1097/1073 738/1095/1071 739/1098/1074
f 743/1099/1075 616/1100/1076 739/1101/1077
f 739/1101/1077 616/1100/1076 615/1102/1078
f 739/1101/1077 615/1102/1078 740/1103/1079
f 740/1103/1079 615/1102/1078 741/1104/1080
f 741/1104/1080 615/1102/1078 742/1105/1081
f 616/1100/1076 743/1099/1075 617/1106/1082
f 617/1106/1082 743/1099/1075 744/1107/1083
f 617/1106/1082 744/1107/1083 618/1108/1084
f 618/1108/1084 744/1107/1083 745/1109/1085
f 621/1110/1086 620/1111/1087 746/1112/1088
f 746/1112/1088 620/1111/1087 752/1113/1089
f 752/1113/1089 620/1111/1087 619/1114/1090
f 752/1113/1089 619/1114/1090 751/1115/1091
f 751/1115/1091 619/1114/1090 618/1116/1092
f 751/1115/1091 618/1116/1092 745/1117/1093
f 751/1115/1091 745/1117/1093 750/1118/1094
f 750/1118/1094 745/1117/1093 747/1119/1095
f 750/1118/1094 747/1119/1095 748/1120/1096
f 748/1120/1096 749/1121/1097 750/1118/1094
f 754/1122/1098 822/1123/1099 753/1124/1100
f 753/1124/1100 822/1123/1099 823/1125/1101
f 753/1124/1100 823/1125/1101 825/1126/1102
f 825/1126/1102 823/1125/1101 824/1127/1103
f 755/1128/1104 827/1129/1105 754/1122/1098
f 754/1122/1098 827/1129/1105 821/1130/1106
f 754/1122/1098 821/1130/1106 822/1123/1099
f 756/1131/1107 760/1132/1108 755/1128/1104
f 755/1128/1104 760/1132/1108 761/1133/1109
f 755/1128/1104 761/1133/1109 826/1134/1110
f 826/1134/1110 761/1133/1109 746/1135/1111
f 826/1134/1110 746/1135/1111 752/1136/1112
f 757/1137/1113 758/1138/1114 756/1131/1107
f 756/1131/1107 758/1138/1114 759/1139/1115
f 756/1131/1107 759/1139/1115 760/1132/1108
f 761/1133/1109 762/1140/1116 746/1135/1111
f 746/1135/1111 762/1140/1116 763/1141/1117
f 746/1135/1111 763/1141/1117 764/1142/1118
f 752/1136/1112 751/1143/1119 826/1134/1110
f 826/1134/1110 751/1143/1119 837/1144/1120
f 837/1144/1120 751/1143/1119 750/1145/1121
f 837/1144/1120 750/1145/1121 738/1146/1122
f 738/1146/1122 750/1145/1121 765/1147/1123
f 738/1146/1122 765/1147/1123 766/1148/1124
f 738/1146/1122 737/1149/1125 837/1144/1120
f 837/1144/1120 737/1149/1125 736/1150/1126
f 837/1144/1120 736/1150/1126 729/1151/1127
f 729/1151/1127 736/1150/1126 730/1152/1128
f 730/1152/1128 736/1150/1126 735/1153/1129
f 730/1152/1128 735/1153/1129 734/1154/1130
f 730/1152/1128 734/1154/1130 731/1155/1131
f 731/1155/1131 734/1154/1130 733/1156/1132
f 731/1155/1131 733/1156/1132 732/1157/1133
f 837/1144/1120 729/1151/1127 836/1158/1134
f 836/1158/1134 729/1151/1127 728/1159/1135
f 836/1158/1134 728/1159/1135 727/1160/1136
f 836/1158/1134 727/1160/1136 769/1161/1137
f 769/1161/1137 727/1160/1136 767/1162/1138
f 769/1161/1137 767/1162/1138 768/1163/1139
f 836/1158/1134 769/1161/1137 835/1164/1140
f 835/1164/1140 769/1161/1137 770/1165/1141
f 835/1164/1140 770/1165/1141 774/1166/1142
f 774/1166/1142 770/1165/1141 773/1167/1143
f 773/1167/1143 770/1165/1141 772/1168/1144
f 772/1168/1144 770/1165/1141 771/1169/1145
f 774/1166/1142 775/1170/1146 835/1164/1140
f 835/1164/1140 775/1170/1146 834/1171/1147
f 834/1171/1147 775/1170/1146 776/1172/1148
f 834/1171/1147 776/1172/1148 777/1173/1149
f 834/1171/1147 777/1173/1149 833/1174/1150
f 833/1174/1150 777/1173/1149 778/1175/1151
f 833/1174/1150 778/1175/1151 782/1176/1152
f 782/1176/1152 778/1175/1151 781/1177/1153
f 781/1177/1153 778/1175/1151 780/1178/1154
f 780/1178/1154 778/1175/1151 779/1179/1155
f 782/1176/1152 783/1180/1156 833/1174/1150
f 833/1174/1150 783/1180/1156 784/1181/1157
f 833/1174/1150 784/1181/1157 785/1182/1158
f 785/1182/1158 786/1183/1159 833/1174/1150
f 833/1174/1150 786/1183/1159 832/1184/1160
f 832/1184/1160 786/1183/1159 787/1185/1161
f 832/1184/1160 787/1185/1161 788/1186/1162
f 788/1186/1162 789/1187/1163 832/1184/1160
f 832/1184/1160 789/1187/1163 831/1188/1164
f 831/1188/1164 789/1187/1163 790/1189/1165
f 831/1188/1164 790/1189/1165 791/1190/1166
f 791/1190/1166 792/1191/1167 831/1188/1164
f 831/1188/1164 792/1191/1167 793/1192/1168
f 831/1188/1164 793/1192/1168 797/1193/1169
f 797/1193/1169 793/1192/1168 794/1194/1170
f 797/1193/1169 794/1194/1170 795/1195/1171
f 795/1195/1171 796/1196/1172 797/1193/1169
f 797/1193/1169 798/1197/1173 831/1188/1164
f 831/1188/1164 798/1197/1173 830/1198/1174
f 830/1198/1174 798/1197/1173 799/1199/1175
f 830/1198/1174 799/1199/1175 800/1200/1176
f 830/1198/1174 800/1200/1176 829/1201/1177
f 829/1201/1177 800/1200/1176 801/1202/1178
f 829/1201/1177 801/1202/1178 805/1203/1179
f 805/1203/1179 801/1202/1178 802/1204/1180
f 805/1203/1179 802/1204/1180 803/1205/1181
f 803/1205/1181 804/1206/1182 805/1203/1179
f 805/1203/1179 806/1207/1183 829/1201/1177
f 829/1201/1177 806/1207/1183 828/1208/1184
f 828/1208/1184 806/1207/1183 809/1209/1185
f 828/1208/1184 809/1209/1185 810/1210/1186
f 807/1211/1187 808/1212/1188 806/1207/1183
f 806/1207/1183 808/1212/1188 809/1209/1185
f 810/1210/1186 811/1213/1189 828/1208/1184
f 828/1208/1184 811/1213/1189 827/1129/1105
f 827/1129/1105 811/1213/1189 818/1214/1190
f 827/1129/1105 818/1214/1190 819/1215/1191
f 811/1213/1189 812/1216/1192 818/1214/1190
f 818/1214/1190 812/1216/1192 817/1217/1193
f 817/1217/1193 812/1216/1192 816/1218/1194
f 816/1218/1194 812/1216/1192 813/1219/1195
f 816/1218/1194 813/1219/1195 815/1220/1196
f 815/1220/1196 813/1219/1195 814/1221/1197
f 819/1215/1191 820/1222/1198 827/1129/1105
f 827/1129/1105 820/1222/1198 821/1130/1106
f 826/1134/1110 827/1129/1105 755/1128/1104
f 837/1223/1199 849/1224/1200 826/1225/1201
f 826/1225/1201 849/1224/1200 838/1226/1202
f 826/1225/1201 838/1226/1202 827/1227/1203
f 827/1227/1203 838/1226/1202 839/1228/1204
f 827/1227/1203 839/1228/1204 828/1229/1205
f 828/1229/1205 839/1228/1204 840/1230/1206
f 828/1229/1205 840/1230/1206 829/1231/1207
f 829/1231/1207 840/1230/1206 841/1232/1208
f 829/1231/1207 841/1232/1208 830/1233/1209
f 830/1233/1209 841/1232/1208 842/1234/1210
f 830/1233/1209 842/1234/1210 831/1235/1211
f 831/1235/1211 842/1234/1210 843/1236/1212
f 831/1235/1211 843/1236/1212 832/1237/1213
f 832/1237/1213 843/1236/1212 844/1238/1214
f 832/1239/1213 844/1240/1214 833/1241/1215
f 833/1241/1215 844/1240/1214 845/1242/1216
f 833/1241/1215 845/1242/1216 834/1243/1217
f 834/1243/1217 845/1242/1216 846/1244/1218
f 834/1243/1217 846/1244/1218 835/1245/1219
f 835/1245/1219 846/1244/1218 847/1246/1220
f 835/1245/1219 847/1246/1220 836/1247/1221
f 836/1247/1221 847/1246/1220 848/1248/1222
f 836/1247/1221 848/1248/1222 837/1223/1199
f 837/1223/1199 848/1248/1222 849/1224/1200
f 849/1249/1223 861/1250/1224 838/1251/1225
f 838/1251/1225 861/1250/1224 850/1252/1226
f 838/1251/1225 850/1252/1226 839/1253/1227
f 839/1253/1227 850/1252/1226 851/1254/1228
f 839/1253/1227 851/1254/1228 852/1255/1229
f 861/1250/1224 849/1249/1223 860/1256/1230
f 860/1256/1230 849/1249/1223 848/1257/1231
f 860/1256/1230 848/1257/1231 859/1258/1232
f 859/1258/1232 848/1257/1231 847/1259/1233
f 859/1258/1232 847/1259/1233 846/1260/1234
f 859/1258/1232 846/1260/1234 858/1261/1235
f 858/1261/1235 846/1260/1234 845/1262/1236
f 858/1261/1235 845/1262/1236 857/1263/1237
f 857/1263/1237 845/1262/1236 844/1264/1238
f 857/1263/1237 844/1264/1238 856/1265/1239
f 856/1265/1239 844/1264/1238 855/1266/1240
f 855/1266/1240 844/1264/1238 843/1267/1241
f 855/1266/1240 843/1267/1241 854/1268/1242
f 854/1268/1242 843/1267/1241 842/1269/1243
f 854/1268/1242 842/1269/1243 853/1270/1244
f 853/1270/1244 842/1269/1243 841/1271/1245
f 853/1270/1244 841/1271/1245 840/1272/1246
f 853/1270/1244 840/1272/1246 852/1255/1229
f 852/1255/1229 840/1272/1246 839/1253/1227
f 863/1273/1247 851/1274/1248 862/1275/1249
f 862/1275/1249 851/1274/1248 850/1276/1250
f 862/1275/1249 850/1276/1250 873/1277/1251
f 873/1277/1251 850/1276/1250 861/1278/1252
f 873/1277/1251 861/1278/1252 872/1279/1253
f 872/1279/1253 861/1278/1252 860/1280/1254
f 872/1279/1253 860/1280/1254 871/1281/1255
f 871/1281/1255 860/1280/1254 859/1282/1256
f 871/1281/1255 859/1282/1256 870/1283/1257
f 870/1283/1257 859/1282/1256 858/1284/1258
f 870/1283/1257 858/1284/1258 869/1285/1259
f 869/1285/1259 858/1284/1258 857/1286/1260
f 869/1285/1259 857/1286/1260 868/1287/1261
f 868/1287/1261 857/1286/1260 856/1288/1262
f 868/1289/1261 856/1290/1262 867/1291/1263
f 867/1291/1263 856/1290/1262 855/1292/1264
f 867/1291/1263 855/1292/1264 866/1293/1265
f 866/1293/1265 855/1292/1264 854/1294/1266
f 866/1293/1265 854/1294/1266 865/1295/1267
f 865/1295/1267 854/1294/1266 853/1296/1268
f 865/1295/1267 853/1296/1268 864/1297/1269
f 864/1297/1269 853/1296/1268 852/1298/1270
f 864/1297/1269 852/1298/1270 863/1273/1247
f 863/1273/1247 852/1298/1270 851/1274/1248
f 873/1299/1271 885/1300/1272 862/1301/1273
f 862/1301/1273 885/1300/1272 874/1302/1274
f 862/1301/1273 874/1302/1274 863/1303/1275
f 863/1303/1275 874/1302/1274 875/1304/1276
f 863/1303/1275 875/1304/1276 876/1305/1277
f 885/1300/1272 873/1299/1271 884/1306/1278
f 884/1306/1278 873/1299/1271 872/1307/1279
f 884/1306/1278 872/1307/1279 883/1308/1280
f 883/1308/1280 872/1307/1279 871/1309/1281
f 883/1308/1280 871/1309/1281 870/1310/1282
f 883/1308/1280 870/1310/1282 882/1311/1283
f 882/1311/1283 870/1310/1282 869/1312/1284
f 882/1311/1283 869/1312/1284 881/1313/1285
f 881/1313/1285 869/1312/1284 868/1314/1286
f 881/1313/1285 868/1314/1286 880/1315/1287
f 880/1315/1287 868/1314/1286 879/1316/1288
f 879/1316/1288 868/1314/1286 867/1317/1289
f 879/1316/1288 867/1317/1289 878/1318/1290
f 878/1318/1290 867/1317/1289 866/1319/1291
f 878/1318/1290 866/1319/1291 877/1320/1292
f 877/1320/1292 866/1319/1291 865/1321/1293
f 877/1320/1292 865/1321/1293 864/1322/1294
f 877/1320/1292 864/1322/1294 876/1305/1277
f 876/1305/1277 864/1322/1294 863/1303/1275
f 885/1323/1295 886/1324/1296 874/1325/1297
f 874/1325/1297 886/1324/1296 887/1326/1298
f 874/1325/1297 887/1326/1298 875/1327/1299
f 875/1327/1299 887/1326/1298 888/1328/1300
f 875/1327/1299 888/1328/1300 876/1329/1301
f 876/1329/1301 888/1328/1300 889/1330/1302
f 876/1329/1301 889/1330/1302 877/1331/1303
f 877/1331/1303 889/1330/1302 890/1332/1304
f 877/1331/1303 890/1332/1304 878/1333/1305
f 878/1333/1305 890/1332/1304 891/1334/1306
f 878/1333/1305 891/1334/1306 879/1335/1307
f 879/1335/1307 891/1334/1306 892/1336/1308
f 879/1335/1307 892/1336/1308 880/1337/1309
f 880/1338/1309 892/1339/1308 893/1340/1310
f 880/1338/1309 893/1340/1310 881/1341/1311
f 881/1341/1311 893/1340/1310 894/1342/1312
f 881/1341/1311 894/1342/1312 882/1343/1313
f 882/1343/1313 894/1342/1312 895/1344/1314
f 882/1343/1313 895/1344/1314 883/1345/1315
f 883/1345/1315 895/1344/1314 896/1346/1316
f 883/1345/1315 896/1346/1316 884/1347/1317
f 884/1347/1317 896/1346/1316 897/1348/1318
f 884/1347/1317 897/1348/1318 885/1323/1295
f 885/1323/1295 897/1348/1318 886/1324/1296
f 897/1349/1319 903/1350/1320 886/1351/1321
f 886/1351/1321 903/1350/1320 904/1352/1322
f 886/1351/1321 904/1352/1322 887/1353/1323
f 887/1353/1323 904/1352/1322 905/1354/1324
f 887/1353/1323 905/1354/1324 906/1355/1325
f 903/1350/1320 897/1349/1319 902/1356/1326
f 902/1356/1326 897/1349/1319 896/1357/1327
f 902/1356/1326 896/1357/1327 901/1358/1328
f 901/1358/1328 896/1357/1327 895/1359/1329
f 901/1358/1328 895/1359/1329 894/1360/1330
f 901/1358/1328 894/1360/1330 900/1361/1331
f 900/1361/1331 894/1360/1330 893/1362/1332
f 900/1361/1331 893/1362/1332 899/1363/1333
f 899/1363/1333 893/1362/1332 892/1364/1334
f 899/1363/1333 892/1364/1334 898/1365/1335
f 898/1365/1335 892/1364/1334 909/1366/1336
f 909/1366/1336 892/1364/1334 891/1367/1337
f 909/1366/1336 891/1367/1337 908/1368/1338
f 908/1368/1338 891/1367/1337 890/1369/1339
f 908/1368/1338 890/1369/1339 907/1370/1340
f 907/1370/1340 890/1369/1339 889/1371/1341
f 907/1370/1340 889/1371/1341 888/1372/1342
f 907/1370/1340 888/1372/1342 906/1355/1325
f 906/1355/1325 888/1372/1342 887/1353/1323
f 909/1373/1343 921/1374/1344 898/1375/1345
f 898/1375/1345 921/1374/1344 910/1376/1346
f 898/1375/1345 910/1376/1346 899/1377/1347
f 899/1377/1347 910/1376/1346 911/1378/1348
f 899/1377/1347 911/1378/1348 900/1379/1349
f 900/1379/1349 911/1378/1348 912/1380/1350
f 900/1379/1349 912/1380/1350 901/1381/1351
f 901/1381/1351 912/1380/1350 913/1382/1352
f 901/1381/1351 913/1382/1352 902/1383/1353
f 902/1383/1353 913/1382/1352 914/1384/1354
f 902/1383/1353 914/1384/1354 903/1385/1355
f 903/1385/1355 914/1384/1354 915/1386/1356
f 903/1385/1355 915/1386/1356 904/1387/1357
f 904/1387/1357 915/1386/1356 916/1388/1358
f 904/1389/1357 916/1390/1358 905/1391/1359
f 905/1391/1359 916/1390/1358 917/1392/1360
f 905/1391/1359 917/1392/1360 906/1393/1361
f 906/1393/1361 917/1392/1360 918/1394/1362
f 906/1393/1361 918/1394/1362 907/1395/1363
f 907/1395/1363 918/1394/1362 919/1396/1364
f 907/1395/1363 919/1396/1364 908/1397/1365
f 908/1397/1365 919/1396/1364 920/1398/1366
f 908/1397/1365 920/1398/1366 909/1373/1343
f 909/1373/1343 920/1398/1366 921/1374/1344
f 923/1399/1367 911/1400/1368 922/1401/1369
f 922/1401/1369 911/1400/1368 910/1402/1370
f 922/1401/1369 910/1402/1370 933/1403/1371
f 933/1403/1371 910/1402/1370 921/1404/1372
f 933/1403/1371 921/1404/1372 920/1405/1373
f 911/1400/1368 923/1399/1367 912/1406/1374
f 912/1406/1374 923/1399/1367 924/1407/1375
f 912/1406/1374 924/1407/1375 913/1408/1376
f 913/1408/1376 924/1407/1375 925/1409/1377
f 913/1408/1376 925/1409/1377 926/1410/1378
f 913/1408/1376 926/1410/1378 914/1411/1379
f 914/1411/1379 926/1410/1378 927/1412/1380
f 914/1411/1379 927/1412/1380 915/1413/1381
f 915/1413/1381 927/1412/1380 928/1414/1382
f 915/1413/1381 928/1414/1382 916/1415/1383
f 916/1415/1383 928/1414/1382 917/1416/1384
f 917/1416/1384 928/1414/1382 929/1417/1385
f 917/1416/1384 929/1417/1385 918/1418/1386
f 918/1418/1386 929/1417/1385 930/1419/1387
f 918/1418/1386 930/1419/1387 919/1420/1388
f 919/1420/1388 930/1419/1387 931/1421/1389
f 919/1420/1388 931/1421/1389 932/1422/1390
f 919/1420/1388 932/1422/1390 920/1405/1373
f 920/1405/1373 932/1422/1390 933/1403/1371
f 933/1423/1391 305/1424/1392 922/1425/1393
f 922/1425/1393 305/1424/1392 304/1426/1394
f 922/1425/1393 304/1426/1394 923/1427/1395
f 923/1427/1395 304/1426/1394 303/1428/1396
f 923/1427/1395 303/1428/1396 924/1429/1397
f 924/1429/1397 303/1428/1396 302/1430/1398
f 924/1429/1397 302/1430/1398 925/1431/1399
f 925/1431/1399 302/1430/1398 301/1432/1400
f 925/1431/1399 301/1432/1400 926/1433/1401
f 926/1433/1401 301/1432/1400 300/1434/1402
f 926/1433/1401 300/1434/1402 927/1435/1403
f 927/1435/1403 300/1434/1402 299/1436/1404
f 927/1435/1403 299/1436/1404 928/1437/1405
f 928/1437/1405 299/1436/1404 298/1438/1406
f 928/1439/1405 298/1440/1406 929/1441/1407
f 929/1441/1407 298/1440/1406 309/1442/1408
f 929/1441/1407 309/1442/1408 930/1443/1409
f 930/1443/1409 309/1442/1408 308/1444/1410
f 930/1443/1409 308/1444/1410 931/1445/1411
f 931/1445/1411 308/1444/1410 307/1446/1412
f 931/1445/1411 307/1446/1412 932/1447/1413
f 932/1447/1413 307/1446/1412 306/1448/1414
f 932/1447/1413 306/1448/1414 933/1423/1391
f 933/1423/1391 306/1448/1414 305/1424/1392
f 823/1449/1415 636/1450/1416 824/1451/1417
f 824/1451/1417 636/1450/1416 635/1452/1418
f 824/1451/1417 635/1452/1418 825/1453/1419
f 825/1453/1419 635/1452/1418 634/1454/1420
f 825/1453/1419 634/1454/1420 753/1455/1421
f 753/1455/1421 634/1454/1420 633/1456/1422
f 630/1457/1423 756/1458/1424 631/1459/1425
f 631/1459/1425 756/1458/1424 755/1460/1426
f 631/1459/1425 755/1460/1426 754/1461/1427
f 753/1462/1428 633/1463/1429 754/1461/1427
f 754/1461/1427 633/1463/1429 632/1464/1430
f 754/1461/1427 632/1464/1430 631/1459/1425
f 756/1465/1424 630/1466/1423 757/1467/1431
f 757/1467/1431 630/1466/1423 629/1468/1432
f 757/1467/1431 629/1468/1432 758/1469/1433
f 758/1469/1433 629/1468/1432 628/1470/1434
f 758/1469/1433 628/1470/1434 759/1471/1435
f 759/1471/1435 628/1470/1434 627/1472/1436
f 759/1473/1437 627/1474/1438 760/1475/1439
f 760/1475/1439 627/1474/1438 626/1476/1440
f 760/1475/1439 626/1476/1440 761/1477/1441
f 761/1477/1441 626/1476/1440 625/1478/1442
f 761/1477/1441 625/1478/1442 762/1479/1443
f 762/1479/1443 625/1478/1442 624/1480/1444
f 762/1481/1445 624/1482/1446 763/1483/1447
f 763/1483/1447 624/1482/1446 623/1484/1448
f 763/1483/1447 623/1484/1448 764/1485/1449
f 764/1485/1449 623/1484/1448 622/1486/1450
f 764/1485/1449 622/1486/1450 746/1487/1451
f 746/1487/1451 622/1486/1450 621/1488/1452
f 636/1489/1453 823/1490/1454 637/1491/1455
f 637/1491/1455 823/1490/1454 822/1492/1456
f 637/1491/1455 822/1492/1456 821/1493/1457
f 820/1494/1458 639/1495/1459 821/1493/1457
f 821/1493/1457 639/1495/1459 638/1496/1460
f 821/1493/1457 638/1496/1460 637/1491/1455
f 639/1497/1461 820/1498/1462 640/1499/1463
f 640/1499/1463 820/1498/1462 819/1500/1464
f 640/1499/1463 819/1500/1464 641/1501/1465
f 641/1501/1465 819/1500/1464 818/1502/1466
f 641/1501/1465 818/1502/1466 642/1503/1467
f 642/1503/1467 818/1502/1466 817/1504/1468
f 642/1505/1469 817/1506/1470 643/1507/1471
f 643/1507/1471 817/1506/1470 816/1508/1472
f 643/1507/1471 816/1508/1472 644/1509/1473
f 644/1509/1473 816/1508/1472 815/1510/1474
f 644/1509/1473 815/1510/1474 645/1511/1475
f 645/1511/1475 815/1510/1474 814/1512/1476
f 939/1513/1477 648/1514/1478 814/1515/1479
f 814/1515/1479 648/1514/1478 647/1516/1480
f 814/1515/1479 647/1516/1480 646/1517/1481
f 646/1517/1481 645/1518/1482 814/1515/1479
f 939/1513/1477 814/1515/1479 938/1519/1483
f 938/1519/1483 814/1515/1479 813/1520/1484
f 938/1519/1483 813/1520/1484 937/1521/1485
f 937/1521/1485 813/1520/1484 812/1522/1486
f 937/1521/1485 812/1522/1486 936/1523/1487
f 936/1523/1487 812/1522/1486 811/1524/1488
f 936/1523/1487 811/1524/1488 935/1525/1489
f 935/1525/1489 811/1524/1488 810/1526/1490
f 935/1525/1489 810/1526/1490 934/1527/1491
f 934/1527/1491 810/1526/1490 809/1528/1492
f 648/1529/1493 939/1530/1494 649/1531/1495
f 649/1531/1495 939/1530/1494 940/1532/1496
f 649/1531/1495 940/1532/1496 650/1533/1497
f 650/1533/1497 940/1532/1496 941/1534/1498
f 650/1533/1497 941/1534/1498 651/1535/1499
f 651/1535/1499 941/1534/1498 942/1536/1500
f 943/1537/1501 435/1538/1502 942/1539/1500
f 942/1539/1500 435/1538/1502 579/1540/1503
f 942/1539/1500 579/1540/1503 651/1541/1499
f 806/1542/1504 944/1543/1505 943/1537/1501
f 943/1537/1501 944/1543/1505 436/1544/1506
f 943/1537/1501 436/1544/1506 435/1538/1502
f 806/1542/1504 805/1545/1507 944/1543/1505
f 944/1543/1505 945/1546/1508 436/1544/1506
f 436/1547/1506 945/1548/1508 437/1549/1509
f 437/1549/1509 945/1548/1508 946/1550/1510
f 437/1549/1509 946/1550/1510 438/1551/1511
f 438/1551/1511 946/1550/1510 947/1552/1512
f 438/1551/1511 947/1552/1512 439/1553/1513
f 439/1553/1513 947/1552/1512 948/1554/1514
f 439/1553/1513 948/1554/1514 440/1555/1515
f 440/1555/1515 948/1554/1514 949/1556/1516
f 440/1557/1517 949/1558/1518 441/1559/1519
f 441/1559/1519 949/1558/1518 950/1560/1520
f 441/1559/1519 950/1560/1520 442/1561/1521
f 442/1561/1521 950/1560/1520 951/1562/1522
f 442/1561/1521 951/1562/1522 443/1563/1523
f 443/1563/1523 951/1562/1522 952/1564/1524
f 443/1563/1523 952/1564/1524 444/1565/1525
f 444/1565/1525 952/1564/1524 953/1566/1526
f 954/1567/1527 448/1568/1528 957/1569/1529
f 957/1569/1529 448/1568/1528 447/1570/1530
f 957/1569/1529 447/1570/1530 956/1571/1531
f 956/1571/1531 447/1570/1530 446/1572/1532
f 956/1571/1531 446/1572/1532 955/1573/1533
f 955/1573/1533 446/1572/1532 445/1574/1534
f 955/1573/1533 445/1574/1534 953/1575/1535
f 953/1575/1535 445/1574/1534 444/1576/1536
f 957/1577/1537 966/1578/1538 954/1579/1539
f 954/1579/1539 966/1578/1538 967/1580/1540
f 954/1579/1539 967/1580/1540 968/1581/1541
f 957/1577/1537 956/1582/1542 966/1578/1538
f 966/1578/1538 956/1582/1542 965/1583/1543
f 965/1583/1543 956/1582/1542 955/1584/1544
f 965/1583/1543 955/1584/1544 953/1585/1545
f 953/1585/1545 952/1586/1546 965/1583/1543
f 965/1583/1543 952/1586/1546 964/1587/1547
f 964/1587/1547 952/1586/1546 951/1588/1548
f 964/1587/1547 951/1588/1548 963/1589/1549
f 963/1589/1549 951/1588/1548 962/1590/1550
f 962/1590/1550 951/1588/1548 950/1591/1551
f 962/1590/1550 950/1591/1551 961/1592/1552
f 961/1592/1552 950/1591/1551 949/1593/1553
f 961/1592/1552 949/1593/1553 948/1594/1554
f 948/1594/1554 947/1595/1555 961/1592/1552
f 961/1592/1552 947/1595/1555 960/1596/1556
f 960/1596/1556 947/1595/1555 946/1597/1557
f 960/1596/1556 946/1597/1557 945/1598/1558
f 944/1599/1559 958/1600/1560 945/1598/1558
f 945/1598/1558 958/1600/1560 959/1601/1561
f 945/1598/1558 959/1601/1561 960/1596/1556
f 968/1581/1541 969/1602/1562 954/1579/1539
f 793/1603/1563 792/1604/1564 969/1605/1565
f 969/1605/1565 792/1604/1564 449/1606/1566
f 969/1605/1565 449/1606/1566 448/1607/1528
f 448/1607/1528 954/1608/1527 969/1605/1565
f 793/1609/1563 969/1610/1565 794/1611/1567
f 794/1611/1567 969/1610/1565 968/1612/1568
f 794/1611/1567 968/1612/1568 795/1613/1569
f 795/1613/1569 968/1612/1568 967/1614/1570
f 795/1613/1569 967/1614/1570 796/1615/1571
f 796/1615/1571 967/1614/1570 966/1616/1572
f 796/1615/1571 966/1616/1572 797/1617/1573
f 797/1617/1573 966/1616/1572 965/1618/1574
f 961/1619/1575 801/1620/1576 962/1621/1577
f 962/1621/1577 801/1620/1576 800/1622/1578
f 962/1621/1577 800/1622/1578 963/1623/1579
f 963/1623/1579 800/1622/1578 799/1624/1580
f 963/1623/1579 799/1624/1580 964/1625/1581
f 964/1625/1581 799/1624/1580 798/1626/1582
f 964/1625/1581 798/1626/1582 965/1627/1583
f 965/1627/1583 798/1626/1582 797/1628/1584
f 801/1629/1585 961/1630/1586 802/1631/1587
f 802/1631/1587 961/1630/1586 960/1632/1588
f 802/1631/1587 960/1632/1588 803/1633/1589
f 803/1633/1589 960/1632/1588 959/1634/1590
f 803/1633/1589 959/1634/1590 804/1635/1591
f 804/1635/1591 959/1634/1590 958/1636/1592
f 804/1635/1591 958/1636/1592 805/1637/1507
f 805/1637/1507 958/1636/1592 944/1638/1505
f 449/1639/1566 792/1640/1564 450/1641/1593
f 450/1641/1593 792/1640/1564 791/1642/1594
f 450/1641/1593 791/1642/1594 451/1643/1595
f 451/1643/1595 791/1642/1594 790/1644/1596
f 451/1643/1595 790/1644/1596 452/1645/1597
f 452/1645/1597 790/1644/1596 789/1646/1598
f 786/1647/1599 455/1648/1600 787/1649/1601
f 787/1649/1601 455/1648/1600 454/1650/1602
f 787/1649/1601 454/1650/1602 453/1651/1603
f 452/1652/1604 789/1653/1605 453/1651/1603
f 453/1651/1603 789/1653/1605 788/1654/1606
f 453/1651/1603 788/1654/1606 787/1649/1601
f 455/1655/1607 786/1656/1608 456/1657/1609
f 456/1657/1609 786/1656/1608 785/1658/1610
f 456/1657/1609 785/1658/1610 457/1659/1611
f 457/1659/1611 785/1658/1610 784/1660/1612
f 457/1659/1611 784/1660/1612 458/1661/1613
f 458/1661/1613 784/1660/1612 783/1662/1614
f 782/1663/1615 970/1664/1616 783/1665/1614
f 783/1665/1614 970/1664/1616 458/1666/1613
f 458/1666/1613 970/1664/1616 459/1667/1617
f 459/1667/1617 970/1664/1616 971/1668/1618
f 459/1669/1617 971/1670/1618 460/1671/1619
f 460/1671/1619 971/1670/1618 972/1672/1620
f 460/1671/1619 972/1672/1620 461/1673/1621
f 461/1673/1621 972/1672/1620 973/1674/1622
f 461/1673/1621 973/1674/1622 462/1675/1623
f 462/1675/1623 973/1674/1622 974/1676/1624
f 462/1675/1623 974/1676/1624 463/1677/1625
f 463/1677/1625 974/1676/1624 975/1678/1626
f 463/1679/1627 975/1680/1628 464/1681/1629
f 464/1681/1629 975/1680/1628 976/1682/1630
f 464/1681/1629 976/1682/1630 465/1683/1631
f 465/1683/1631 976/1682/1630 977/1684/1632
f 465/1683/1631 977/1684/1632 466/1685/1633
f 466/1685/1633 977/1684/1632 978/1686/1634
f 466/1685/1633 978/1686/1634 467/1687/1635
f 467/1687/1635 978/1686/1634 979/1688/1636
f 980/1689/1637 471/1690/1638 983/1691/1639
f 983/1691/1639 471/1690/1638 470/1692/1640
f 983/1691/1639 470/1692/1640 982/1693/1641
f 982/1693/1641 470/1692/1640 469/1694/1642
f 982/1693/1641 469/1694/1642 981/1695/1643
f 981/1695/1643 469/1694/1642 468/1696/1644
f 981/1695/1643 468/1696/1644 979/1697/1645
f 979/1697/1645 468/1696/1644 467/1698/1646
f 985/1699/1647 982/1700/1648 984/1701/1649
f 984/1701/1649 982/1700/1648 981/1702/1650
f 984/1701/1649 981/1702/1650 979/1703/1651
f 986/1704/1652 980/1705/1653 985/1699/1647
f 985/1699/1647 980/1705/1653 983/1706/1654
f 985/1699/1647 983/1706/1654 982/1700/1648
f 986/1704/1652 987/1707/1655 980/1705/1653
f 980/1705/1653 987/1707/1655 988/1708/1656
f 979/1703/1651 978/1709/1657 984/1701/1649
f 984/1701/1649 978/1709/1657 995/1710/1658
f 995/1710/1658 978/1709/1657 977/1711/1659
f 995/1710/1658 977/1711/1659 994/1712/1660
f 994/1712/1660 977/1711/1659 993/1713/1661
f 993/1713/1661 977/1711/1659 976/1714/1662
f 993/1713/1661 976/1714/1662 992/1715/1663
f 992/1715/1663 976/1714/1662 975/1716/1664
f 992/1715/1663 975/1716/1664 974/1717/1665
f 974/1717/1665 973/1718/1666 992/1715/1663
f 992/1715/1663 973/1718/1666 991/1719/1667
f 991/1719/1667 973/1718/1666 972/1720/1668
f 991/1719/1667 972/1720/1668 971/1721/1669
f 970/1722/1670 989/1723/1671 971/1721/1669
f 971/1721/1669 989/1723/1671 990/1724/1672
f 971/1721/1669 990/1724/1672 991/1719/1667
f 992/1725/1673 778/1726/1674 993/1727/1675
f 993/1727/1675 778/1726/1674 777/1728/1676
f 993/1727/1675 777/1728/1676 994/1729/1677
f 994/1729/1677 777/1728/1676 776/1730/1678
f 994/1729/1677 776/1730/1678 995/1731/1679
f 995/1731/1679 776/1730/1678 775/1732/1680
f 995/1731/1679 775/1732/1680 984/1733/1681
f 984/1733/1681 775/1732/1680 774/1734/1682
f 778/1735/1683 992/1736/1684 779/1737/1685
f 779/1737/1685 992/1736/1684 991/1738/1686
f 779/1737/1685 991/1738/1686 780/1739/1687
f 780/1739/1687 991/1738/1686 990/1740/1688
f 780/1739/1687 990/1740/1688 781/1741/1689
f 781/1741/1689 990/1740/1688 989/1742/1690
f 781/1741/1689 989/1742/1690 782/1743/1615
f 782/1743/1615 989/1742/1690 970/1744/1616
f 770/1745/1691 988/1746/1692 771/1747/1693
f 771/1747/1693 988/1746/1692 987/1748/1694
f 771/1747/1693 987/1748/1694 772/1749/1695
f 772/1749/1695 987/1748/1694 986/1750/1696
f 772/1749/1695 986/1750/1696 773/1751/1697
f 773/1751/1697 986/1750/1696 985/1752/1698
f 773/1751/1697 985/1752/1698 774/1753/1699
f 774/1753/1699 985/1752/1698 984/1754/1700
f 997/1755/1701 472/1756/1702 996/1757/1703
f 996/1757/1703 472/1756/1702 471/1758/1638
f 996/1757/1703 471/1758/1638 988/1759/1692
f 988/1759/1692 471/1758/1638 980/1760/1637
f 770/1761/1691 769/1762/1704 988/1759/1692
f 988/1759/1692 769/1762/1704 996/1757/1703
f 472/1763/1702 997/1764/1701 473/1765/1705
f 473/1765/1705 997/1764/1701 998/1766/1706
f 473/1765/1705 998/1766/1706 474/1767/1707
f 474/1767/1707 998/1766/1706 999/1768/1708
f 474/1767/1707 999/1768/1708 475/1769/1709
f 475/1769/1709 999/1768/1708 1000/1770/1710
f 475/1771/1711 1000/1772/1712 476/1773/1713
f 476/1773/1713 1000/1772/1712 1001/1774/1714
f 476/1773/1713 1001/1774/1714 477/1775/1715
f 477/1775/1715 1001/1774/1714 1002/1776/1716
f 477/1775/1715 1002/1776/1716 478/1777/1717
f 478/1777/1717 1002/1776/1716 1003/1778/1718
f 478/1779/1719 1003/1780/1720 479/1781/1721
f 479/1781/1721 1003/1780/1720 1004/1782/1722
f 479/1781/1721 1004/1782/1722 480/1783/1723
f 480/1783/1723 1004/1782/1722 1005/1784/1724
f 480/1783/1723 1005/1784/1724 481/1785/1032
f 481/1785/1032 1005/1784/1724 717/1786/1029
f 999/1787/1725 720/1788/1726 1000/1789/1727
f 1000/1789/1727 720/1788/1726 719/1790/1728
f 1000/1789/1727 719/1790/1728 1001/1791/1729
f 1001/1791/1729 719/1790/1728 1002/1792/1730
f 1002/1792/1730 719/1790/1728 718/1793/1731
f 1002/1792/1730 718/1793/1731 1003/1794/1732
f 1003/1794/1732 718/1793/1731 1004/1795/1733
f 1004/1795/1733 718/1793/1731 1005/1796/1734
f 1005/1796/1734 718/1793/1731 717/1797/1735
f 720/1788/1726 999/1787/1725 1007/1798/1736
f 1007/1798/1736 999/1787/1725 998/1799/1737
f 1007/1798/1736 998/1799/1737 997/1800/1738
f 996/1801/1739 1006/1802/1740 997/1800/1738
f 997/1800/1738 1006/1802/1740 1007/1798/1736
f 720/1788/1726 1007/1798/1736 721/1803/1741
f 721/1803/1741 1007/1798/1736 726/1804/1742
f 721/1803/1741 726/1804/1742 722/1805/1743
f 722/1805/1743 726/1804/1742 725/1806/1744
f 722/1805/1743 725/1806/1744 723/1807/1745
f 723/1807/1745 725/1806/1744 724/1808/1746
f 726/1809/1747 1007/1810/1748 727/1811/1749
f 727/1811/1749 1007/1810/1748 767/1812/1750
f 767/1812/1750 1007/1810/1748 1006/1813/1751
f 767/1812/1750 1006/1813/1751 768/1814/1752
f 768/1814/1752 1006/1813/1751 996/1815/1703
f 768/1814/1752 996/1815/1703 769/1816/1704
f 806/1817/1504 943/1818/1501 807/1819/1753
f 807/1819/1753 943/1818/1501 1008/1820/1754
f 807/1819/1753 1008/1820/1754 808/1821/1755
f 808/1821/1755 1008/1820/1754 1009/1822/1756
f 808/1821/1755 1009/1822/1756 934/1823/1757
f 934/1823/1757 809/1824/1758 808/1821/1755
f 1009/1825/1759 940/1826/1760 934/1827/1761
f 934/1827/1761 940/1826/1760 939/1828/1762
f 934/1827/1761 939/1828/1762 935/1829/1763
f 935/1829/1763 939/1828/1762 938/1830/1764
f 935/1829/1763 938/1830/1764 936/1831/1765
f 936/1831/1765 938/1830/1764 937/1832/1766
f 940/1826/1760 1009/1825/1759 941/1833/1767
f 941/1833/1767 1009/1825/1759 1008/1834/1768
f 941/1833/1767 1008/1834/1768 942/1835/1769
f 942/1835/1769 1008/1834/1768 943/1836/1770
f 750/1837/1771 749/1838/1772 765/1839/1773
f 765/1839/1773 749/1838/1772 1010/1840/1774
f 765/1839/1773 1010/1840/1774 766/1841/1775
f 766/1841/1775 1010/1840/1774 1011/1842/1776
f 766/1841/1775 1011/1842/1776 738/1843/1777
f 738/1843/1777 1011/1842/1776 739/1844/1778
f 1010/1845/1779 749/1846/1780 744/1847/1781
f 744/1847/1781 749/1846/1780 748/1848/1782
f 744/1847/1781 748/1848/1782 747/1849/1783
f 747/1849/1783 745/1850/1784 744/1847/1781
f 1010/1845/1779 744/1847/1781 1011/1851/1785
f 1011/1851/1785 744/1847/1781 743/1852/1786
f 1011/1851/1785 743/1852/1786 739/1853/1787
f 1012/1854/1788 489/1855/1789 1014/1856/1790
f 1014/1856/1790 489/1855/1789 488/1857/1791
f 1014/1856/1790 488/1857/1791 1013/1858/1792
f 1013/1858/1792 488/1857/1791 487/1859/1793
f 1013/1858/1792 487/1859/1793 716/1860/1015
f 716/1860/1015 487/1859/1793 486/1861/1016
f 715/1862/1794 714/1863/1795 716/1864/1796
f 716/1864/1796 714/1863/1795 713/1865/1797
f 716/1864/1796 713/1865/1797 712/1866/1798
f 711/1867/1799 1015/1868/1800 712/1866/1798
f 712/1866/1798 1015/1868/1800 1012/1869/1801
f 712/1866/1798 1012/1869/1801 1014/1870/1802
f 1015/1868/1800 711/1867/1799 708/1871/1803
f 708/1871/1803 711/1867/1799 710/1872/1804
f 708/1871/1803 710/1872/1804 709/1873/1805
f 1012/1869/1801 1015/1868/1800 1019/1874/1806
f 1019/1874/1806 1015/1868/1800 1016/1875/1807
f 1019/1874/1806 1016/1875/1807 1018/1876/1808
f 1018/1876/1808 1016/1875/1807 1017/1877/1809
f 1013/1878/1810 716/1864/1796 1014/1870/1802
f 1014/1870/1802 716/1864/1796 712/1866/1798
f 1020/1879/1811 1021/1880/1812 1017/1881/1813
f 1017/1881/1813 1021/1880/1812 491/1882/1814
f 1017/1881/1813 491/1882/1814 490/1883/1815
f 1021/1880/1812 1022/1884/1816 491/1882/1814
f 491/1882/1814 1022/1884/1816 492/1885/1817
f 492/1885/1817 1022/1884/1816 1023/1886/1818
f 489/1887/1819 1019/1888/1820 490/1883/1815
f 490/1883/1815 1019/1888/1820 1018/1889/1821
f 490/1883/1815 1018/1889/1821 1017/1881/1813
f 489/1887/1819 1012/1890/1822 1019/1888/1820
f 1020/1891/1823 1017/1892/1824 1025/1893/1825
f 1025/1893/1825 1017/1892/1824 1016/1894/1826
f 1025/1893/1825 1016/1894/1826 1024/1895/1827
f 1024/1895/1827 1016/1894/1826 1015/1896/1828
f 1024/1895/1827 1015/1896/1828 707/1897/1829
f 707/1897/1829 1015/1896/1828 708/1898/1830
f 1024/1899/1831 707/1900/1832 702/1901/1833
f 702/1901/1833 707/1900/1832 706/1902/1834
f 702/1901/1833 706/1902/1834 703/1903/1835
f 703/1903/1835 706/1902/1834 705/1904/1836
f 703/1903/1835 705/1904/1836 704/1905/1837
f 1024/1899/1831 702/1901/1833 1025/1906/1838
f 1025/1906/1838 702/1901/1833 701/1907/1839
f 1025/1906/1838 701/1907/1839 1020/1908/1840
f 1020/1908/1840 701/1907/1839 1021/1909/1841
f 1021/1909/1841 701/1907/1839 700/1910/1842
f 1021/1909/1841 700/1910/1842 1022/1911/1843
f 1022/1911/1843 700/1910/1842 699/1912/1844
f 1022/1911/1843 699/1912/1844 1023/1913/1845
f 1023/1913/1845 699/1912/1844 698/1914/1846
f 1023/1913/1845 698/1914/1846 1027/1915/1847
f 1027/1915/1847 698/1914/1846 1026/1916/1848
f 1026/1916/1848 698/1914/1846 694/1917/1849
f 694/1917/1849 698/1914/1846 697/1918/1850
f 694/1917/1849 697/1918/1850 696/1919/1851
f 696/1919/1851 695/1920/1852 694/1917/1849
f 694/1921/972 495/1922/971 1026/1923/1853
f 1026/1923/1853 495/1922/971 494/1924/1854
f 1026/1923/1853 494/1924/1854 1027/1925/1855
f 1027/1925/1855 494/1924/1854 493/1926/1856
f 1027/1925/1855 493/1926/1856 1023/1927/1857
f 1023/1927/1857 493/1926/1856 492/1928/1858
f 223/1929/1859 222/1930/1860 496/1931/1861
f 496/1931/1861 222/1930/1860 497/1932/1862
f 222/1933/1863 221/1934/1864 497/1935/1865
f 497/1935/1865 221/1934/1864 498/1936/1866
f 498/1937/1866 221/1938/1864 499/1939/1867
f 499/1939/1867 221/1938/1864 220/1940/1868
f 499/1939/1867 220/1940/1868 500/1941/1869
f 500/1941/1869 220/1940/1868 219/1942/1870
f 500/1941/1869 219/1942/1870 501/1943/1871
f 501/1943/1871 219/1942/1870 218/1944/1872
f 502/1945/1873 501/1946/1874 217/1947/1875
f 217/1947/1875 501/1946/1874 218/1948/1876
f 502/1949/1877 217/1950/1878 503/1951/1879
f 503/1951/1879 217/1950/1878 216/1952/1880
f 503/1951/1879 216/1952/1880 215/1953/1881
f 214/1954/1882 505/1955/1883 215/1953/1881
f 215/1953/1881 505/1955/1883 504/1956/1884
f 215/1953/1881 504/1956/1884 503/1951/1879
f 214/1957/1885 213/1958/1886 505/1959/1887
f 505/1959/1887 213/1958/1886 506/1960/1888
f 210/1961/1889 509/1962/1890 211/1963/1891
f 211/1963/1891 509/1962/1890 508/1964/1892
f 211/1963/1891 508/1964/1892 507/1965/1893
f 506/1966/1894 213/1967/1895 507/1965/1893
f 507/1965/1893 213/1967/1895 212/1968/1896
f 507/1965/1893 212/1968/1896 211/1963/1891
f 510/1969/1897 509/1970/1898 209/1971/1899
f 209/1971/1899 509/1970/1898 210/1972/1900
f 510/1973/1901 209/1974/1899 511/1975/1902
f 511/1975/1902 209/1974/1899 208/1976/1903
f 511/1975/1902 208/1976/1903 207/1977/1904
f 206/1978/1905 513/1979/1906 207/1977/1904
f 207/1977/1904 513/1979/1906 512/1980/1907
f 207/1977/1904 512/1980/1907 511/1975/1902
f 206/1981/1908 205/1982/1909 513/1983/1910
f 513/1983/1910 205/1982/1909 514/1984/1911
f 202/1985/1912 517/1986/1913 203/1987/1914
f 203/1987/1914 517/1986/1913 516/1988/1915
f 203/1987/1914 516/1988/1915 515/1989/1916
f 514/1990/1917 205/1991/1918 515/1989/1916
f 515/1989/1916 205/1991/1918 204/1992/1919
f 515/1989/1916 204/1992/1919 203/1987/1914
f 202/1993/1920 201/1994/1921 517/1995/1922
f 517/1995/1922 201/1994/1921 518/1996/1923
f 518/1997/1924 201/1998/1925 519/1999/1926
f 519/1999/1926 201/1998/1925 200/2000/1927
f 519/1999/1926 200/2000/1927 520/2001/1928
f 520/2001/1928 200/2000/1927 199/2002/1929
f 520/2001/1928 199/2002/1929 521/2003/1930
f 521/2003/1930 199/2002/1929 198/2004/1931
f 522/2005/1932 521/2006/1930 235/2007/1933
f 235/2007/1933 521/2006/1930 198/2008/1931
f 235/2009/1934 234/2010/1935 522/2011/1936
f 522/2011/1936 234/2010/1935 523/2012/1937
f 526/2013/1938 525/2014/1939 676/2015/1940
f 676/2015/1940 525/2014/1939 677/2016/1941
f 677/2016/1941 525/2014/1939 524/2017/1942
f 677/2016/1941 524/2017/1942 678/2018/1943
f 678/2018/1943 524/2017/1942 234/2019/1944
f 678/2018/1943 234/2019/1944 233/2020/1945
f 524/2017/1942 523/2021/1946 234/2019/1944
f 678/2018/1943 233/2020/1945 679/2022/1947
f 679/2022/1947 233/2020/1945 232/2023/1948
f 679/2022/1947 232/2023/1948 231/2024/1949
f 231/2025/1950 230/2026/1951 679/2027/1952
f 679/2027/1952 230/2026/1951 680/2028/1953
f 680/2029/1954 230/2030/1955 681/2031/1956
f 681/2031/1956 230/2030/1955 229/2032/1957
f 681/2031/1956 229/2032/1957 682/2033/1958
f 682/2033/1958 229/2032/1957 228/2034/1959
f 682/2033/1958 228/2034/1959 683/2035/1960
f 683/2035/1960 228/2034/1959 227/2036/1961
f 226/2037/1962 1030/2038/1963 227/2039/1964
f 227/2039/1964 1030/2038/1963 684/2040/1965
f 227/2039/1964 684/2040/1965 683/2041/1966
f 1030/2038/1963 226/2037/1962 1029/2042/1967
f 1029/2042/1967 226/2037/1962 225/2043/1968
f 1029/2042/1967 225/2043/1968 1028/2044/1969
f 1028/2044/1969 225/2043/1968 224/2045/968
f 1028/2044/1969 224/2045/968 693/2046/963
f 686/2047/1970 685/2048/1971 1030/2038/1963
f 1030/2038/1963 685/2048/1971 684/2040/1965
f 1030/2049/1972 1029/2050/1973 1031/2051/1974
f 1031/2051/1974 1029/2050/1973 692/2052/1975
f 692/2052/1975 1029/2050/1973 1028/2053/1976
f 692/2052/1975 1028/2053/1976 693/2054/1977
f 1032/2055/1978 1031/2056/1979 691/2057/1980
f 691/2057/1980 1031/2056/1979 692/2058/1981
f 1032/2059/1982 1033/2060/1983 1031/2061/1984
f 1031/2061/1984 1033/2060/1983 686/2062/1985
f 1031/2061/1984 686/2062/1985 1030/2063/1986
f 1033/2060/1983 687/2064/1987 686/2062/1985
f 687/2065/1988 1033/2066/1989 688/2067/1990
f 688/2067/1990 1033/2066/1989 689/2068/1991
f 689/2068/1991 1033/2066/1989 690/2069/1992
f 1033/2070/1993 1032/2071/1994 690/2072/1995
f 690/2072/1995 1032/2071/1994 691/2073/1996
f 1037/2074/1997 529/2075/1998 1036/2076/1999
f 1036/2076/1999 529/2075/1998 528/2077/2000
f 1036/2076/1999 528/2077/2000 1035/2078/2001
f 1035/2078/2001 528/2077/2000 527/2079/2002
f 1035/2078/2001 527/2079/2002 1034/2080/2003
f 1034/2080/2003 527/2079/2002 526/2081/2004
f 1034/2080/2003 526/2081/2004 675/2082/2005
f 675/2082/2005 526/2081/2004 676/2083/2006
f 675/2082/2005 674/2084/2007 1034/2080/2003
f 1034/2080/2003 674/2084/2007 673/2085/2008
f 668/2086/2009 667/2087/2010 1040/2088/2011
f 1040/2088/2011 667/2087/2010 1038/2089/2012
f 1040/2088/2011 1038/2089/2012 1037/2090/1997
f 1037/2090/1997 1038/2089/2012 529/2091/1998
f 529/2091/1998 1038/2089/2012 530/2092/2013
f 530/2092/2013 1038/2089/2012 1039/2093/2014
f 1040/2094/2015 1037/2095/2016 1041/2096/2017
f 1041/2096/2017 1037/2095/2016 1036/2097/2018
f 1041/2096/2017 1036/2097/2018 1035/2098/2019
f 1035/2098/2019 1034/2099/2020 1041/2096/2017
f 1042/2100/2021 668/2101/2022 1041/2102/2023
f 1041/2102/2023 668/2101/2022 1040/2103/2024
f 668/2104/2025 1042/2105/2026 669/2106/2027
f 669/2106/2027 1042/2105/2026 1043/2107/2028
f 669/2108/2029 1043/2109/2030 670/2110/2031
f 670/2110/2031 1043/2109/2030 671/2111/2032
f 671/2111/2032 1043/2109/2030 672/2112/2033
f 672/2113/2034 1043/2114/2035 673/2115/2036
f 673/2115/2036 1043/2114/2035 1041/2116/2037
f 673/2115/2036 1041/2116/2037 1034/2117/2038
f 1043/2114/2035 1042/2118/2039 1041/2116/2037
f 1044/2119/2040 533/2120/2041 1046/2121/2042
f 1046/2121/2042 533/2120/2041 532/2122/2043
f 1046/2121/2042 532/2122/2043 1045/2123/2044
f 1045/2123/2044 532/2122/2043 531/2124/2045
f 1045/2123/2044 531/2124/2045 1039/2125/2014
f 1039/2125/2014 531/2124/2045 530/2126/2013
f 1063/2127/2046 1047/2128/2047 1055/2129/2048
f 1055/2129/2048 1047/2128/2047 1048/2130/2049
f 1055/2129/2048 1048/2130/2049 1054/2131/2050
f 1054/2131/2050 1048/2130/2049 1049/2132/2051
f 1054/2131/2050 1049/2132/2051 1053/2133/2052
f 1053/2133/2052 1049/2132/2051 1044/2134/2053
f 1053/2133/2052 1044/2134/2053 1052/2135/2054
f 1052/2135/2054 1044/2134/2053 1046/2136/2055
f 1052/2135/2054 1046/2136/2055 1045/2137/2056
f 1045/2137/2056 1039/2138/2057 1052/2135/2054
f 1052/2135/2054 1039/2138/2057 1051/2139/2058
f 1051/2139/2058 1039/2138/2057 1050/2140/2059
f 1050/2140/2059 1039/2138/2057 1038/2141/2060
f 1055/2129/2048 1056/2142/2061 1063/2127/2046
f 1063/2127/2046 1056/2142/2061 1062/2143/2062
f 1062/2143/2062 1056/2142/2061 1061/2144/2063
f 1061/2144/2063 1056/2142/2061 1060/2145/2064
f 1060/2145/2064 1056/2142/2061 1057/2146/2065
f 1060/2145/2064 1057/2146/2065 1059/2147/2066
f 1059/2147/2066 1057/2146/2065 1058/2148/2067
f 1061/2149/2068 1064/2150/2069 1062/2151/2070
f 1062/2151/2070 1064/2150/2069 1065/2152/2071
f 1062/2151/2070 1065/2152/2071 1063/2153/2072
f 1063/2153/2072 1065/2152/2071 1066/2154/2073
f 1063/2153/2072 1066/2154/2073 1047/2155/2074
f 1047/2155/2074 1066/2154/2073 1067/2156/2075
f 1068/2157/2076 1069/2158/2077 655/2159/2078
f 655/2159/2078 1069/2158/2077 656/2160/2079
f 656/2160/2079 1069/2158/2077 1070/2161/2080
f 656/2160/2079 1070/2161/2080 657/2162/2081
f 657/2162/2081 1070/2161/2080 1071/2163/2082
f 657/2162/2081 1071/2163/2082 658/2164/2083
f 658/2164/2083 1071/2163/2082 1058/2165/2084
f 1058/2165/2084 1071/2163/2082 1059/2166/2085
f 1059/2166/2085 1071/2163/2082 1064/2167/2086
f 1059/2166/2085 1064/2167/2086 1060/2168/2087
f 1060/2168/2087 1064/2167/2086 1061/2169/2088
f 652/2170/2089 1072/2171/2090 653/2172/2091
f 653/2172/2091 1072/2171/2090 1073/2173/2092
f 653/2172/2091 1073/2173/2092 654/2174/2093
f 654/2174/2093 1073/2173/2092 1074/2175/2094
f 654/2174/2093 1074/2175/2094 655/2176/2078
f 655/2176/2078 1074/2175/2094 1068/2177/2095
f 580/2178/2096 540/2179/2097 1072/2180/2090
f 1072/2180/2090 540/2179/2097 539/2181/2098
f 1072/2180/2090 539/2181/2098 1075/2182/2099
f 1072/2180/2090 652/2183/2089 580/2178/2096
f 1074/2184/2100 1075/2185/2101 1068/2186/2102
f 1068/2186/2102 1075/2185/2101 1077/2187/2103
f 1068/2186/2102 1077/2187/2103 1078/2188/2104
f 1074/2184/2100 1073/2189/2105 1075/2185/2101
f 1075/2185/2101 1073/2189/2105 1072/2190/2106
f 1075/2185/2101 1076/2191/2107 1077/2187/2103
f 1068/2186/2102 1078/2188/2104 1065/2192/2108
f 1065/2192/2108 1078/2188/2104 1079/2193/2109
f 1065/2192/2108 1079/2193/2109 1066/2194/2110
f 1066/2194/2110 1079/2193/2109 1080/2195/2111
f 1066/2194/2110 1080/2195/2111 1067/2196/2112
f 1068/2186/2102 1065/2192/2108 1069/2197/2113
f 1069/2197/2113 1065/2192/2108 1064/2198/2114
f 1069/2197/2113 1064/2198/2114 1070/2199/2115
f 1070/2199/2115 1064/2198/2114 1071/2200/2116
f 1080/2201/2117 535/2202/2118 1067/2203/2119
f 1067/2203/2119 535/2202/2118 534/2204/2120
f 1067/2203/2119 534/2204/2120 1048/2205/2121
f 1048/2205/2121 534/2204/2120 1049/2206/2122
f 1049/2206/2122 534/2204/2120 533/2207/2123
f 1049/2206/2122 533/2207/2123 1044/2208/2124
f 1080/2201/2117 1079/2209/2125 535/2202/2118
f 535/2202/2118 1079/2209/2125 536/2210/2126
f 536/2210/2126 1079/2209/2125 1078/2211/2127
f 1048/2205/2121 1047/2212/2128 1067/2203/2119
f 1075/2213/2099 539/2214/2098 1076/2215/2129
f 1076/2215/2129 539/2214/2098 538/2216/2130
f 1076/2215/2129 538/2216/2130 1077/2217/2131
f 1077/2217/2131 538/2216/2130 537/2218/2132
f 1077/2217/2131 537/2218/2132 1078/2219/2133
f 1078/2219/2133 537/2218/2132 536/2220/2134
f 658/2221/2135 1058/2222/2136 659/2223/2137
f 659/2223/2137 1058/2222/2136 1057/2224/2138
f 659/2223/2137 1057/2224/2138 660/2225/2139
f 660/2225/2139 1057/2224/2138 1056/2226/2140
f 660/2225/2139 1056/2226/2140 661/2227/2141
f 661/2227/2141 1056/2226/2140 1055/2228/2142
f 661/2229/2143 1055/2230/2144 662/2231/2145
f 662/2231/2145 1055/2230/2144 1054/2232/2146
f 662/2231/2145 1054/2232/2146 1053/2233/2147
f 1052/2234/2148 664/2235/2149 1053/2233/2147
f 1053/2233/2147 664/2235/2149 663/2236/2150
f 1053/2233/2147 663/2236/2150 662/2231/2145
f 664/2237/2151 1052/2238/2152 665/2239/2153
f 665/2239/2153 1052/2238/2152 1051/2240/2154
f 665/2239/2153 1051/2240/2154 666/2241/2155
f 666/2241/2155 1051/2240/2154 1050/2242/2156
f 666/2241/2155 1050/2242/2156 667/2243/2010
f 667/2243/2010 1050/2242/2156 1038/2244/2012
f 1082/2245/2157 547/2246/2158 1081/2247/2159
f 1081/2247/2159 547/2246/2158 546/2248/2160
f 1081/2247/2159 546/2248/2160 1092/2249/2161
f 1092/2249/2161 546/2248/2160 545/2250/2162
f 1092/2249/2161 545/2250/2162 1091/2251/2163
f 1091/2251/2163 545/2250/2162 544/2252/2164
f 1091/2251/2163 544/2252/2164 1090/2253/2165
f 1090/2253/2165 544/2252/2164 543/2254/2166
f 1090/2253/2165 543/2254/2166 1089/2255/2167
f 1089/2255/2167 543/2254/2166 554/2256/2168
f 1089/2255/2167 554/2256/2168 1088/2257/2169
f 1088/2257/2169 554/2256/2168 553/2258/2170
f 1088/2257/2169 553/2258/2170 1087/2259/2171
f 1087/2259/2171 553/2258/2170 552/2260/2172
f 1087/2259/2171 552/2260/2172 1086/2261/2173
f 1086/2261/2173 552/2260/2172 551/2262/2174
f 1086/2261/2173 551/2262/2174 1085/2263/2175
f 1085/2263/2175 551/2262/2174 550/2264/2176
f 1085/2263/2175 550/2264/2176 1084/2265/2177
f 1084/2265/2177 550/2264/2176 549/2266/2178
f 1084/2267/2177 549/2268/2178 1083/2269/2179
f 1083/2269/2179 549/2268/2178 548/2270/2180
f 1083/2269/2179 548/2270/2180 1082/2245/2157
f 1082/2245/2157 548/2270/2180 547/2246/2158
f 1094/2271/2181 1085/2272/2182 1093/2273/2183
f 1093/2273/2183 1085/2272/2182 1084/2274/2184
f 1093/2273/2183 1084/2274/2184 1104/2275/2185
f 1104/2275/2185 1084/2274/2184 1083/2276/2186
f 1104/2275/2185 1083/2276/2186 1082/2277/2187
f 1085/2272/2182 1094/2271/2181 1086/2278/2188
f 1086/2278/2188 1094/2271/2181 1095/2279/2189
f 1086/2278/2188 1095/2279/2189 1087/2280/2190
f 1087/2280/2190 1095/2279/2189 1096/2281/2191
f 1087/2280/2190 1096/2281/2191 1097/2282/2192
f 1087/2280/2190 1097/2282/2192 1088/2283/2193
f 1088/2283/2193 1097/2282/2192 1098/2284/2194
f 1088/2283/2193 1098/2284/2194 1089/2285/2195
f 1089/2285/2195 1098/2284/2194 1099/2286/2196
f 1089/2285/2195 1099/2286/2196 1090/2287/2197
f 1090/2287/2197 1099/2286/2196 1091/2288/2198
f 1091/2288/2198 1099/2286/2196 1100/2289/2199
f 1091/2288/2198 1100/2289/2199 1092/2290/2200
f 1092/2290/2200 1100/2289/2199 1101/2291/2201
f 1092/2290/2200 1101/2291/2201 1081/2292/2202
f 1081/2292/2202 1101/2291/2201 1102/2293/2203
f 1081/2292/2202 1102/2293/2203 1103/2294/2204
f 1081/2292/2202 1103/2294/2204 1082/2277/2187
f 1082/2277/2187 1103/2294/2204 1104/2275/2185
f 285/2295/2205 284/2296/2206 1099/2297/2207
f 1099/2298/2207 284/2299/2206 297/2300/2208
f 1099/2298/2207 297/2300/2208 1100/2301/2209
f 1100/2301/2209 297/2300/2208 296/2302/2210
f 1100/2301/2209 296/2302/2210 1101/2303/2211
f 1101/2303/2211 296/2302/2210 295/2304/2212
f 1101/2303/2211 295/2304/2212 1102/2305/2213
f 1102/2305/2213 295/2304/2212 294/2306/2214
f 1102/2305/2213 294/2306/2214 1103/2307/2215
f 1103/2307/2215 294/2306/2214 293/2308/2216
f 1103/2307/2215 293/2308/2216 1104/2309/2217
f 1104/2309/2217 293/2308/2216 292/2310/2218
f 1104/2309/2217 292/2310/2218 1093/2311/2219
f 1093/2311/2219 292/2310/2218 291/2312/2220
f 1093/2311/2219 291/2312/2220 1094/2313/2221
f 1094/2313/2221 291/2312/2220 290/2314/2222
f 1094/2313/2221 290/2314/2222 289/2315/2223
f 1094/2313/2221 289/2315/2223 1095/2316/2224
f 1095/2316/2224 289/2315/2223 288/2317/2225
f 1095/2316/2224 288/2317/2225 1096/2318/2226
f 1096/2318/2226 288/2317/2225 287/2319/2227
f 1096/2318/2226 287/2319/2227 1097/2320/2228
f 1097/2320/2228 287/2319/2227 286/2321/2229
f 1097/2320/2228 286/2321/2229 1098/2322/2230
f 1098/2322/2230 286/2321/2229 285/2295/2205
f 1098/2322/2230 285/2295/2205 1099/2297/2207
f 1106/2323/2231 559/2324/2232 1105/2325/2233
f 1105/2325/2233 559/2324/2232 558/2326/2234
f 1105/2325/2233 558/2326/2234 1116/2327/2235
f 1116/2327/2235 558/2326/2234 557/2328/2236
f 1116/2327/2235 557/2328/2236 1115/2329/2237
f 1115/2329/2237 557/2328/2236 556/2330/2238
f 1115/2329/2237 556/2330/2238 1114/2331/2239
f 1114/2331/2239 556/2330/2238 555/2332/2240
f 1114/2331/2239 555/2332/2240 1113/2333/2241
f 1113/2333/2241 555/2332/2240 566/2334/2242
f 1113/2333/2241 566/2334/2242 1112/2335/2243
f 1112/2335/2243 566/2334/2242 565/2336/2244
f 1112/2335/2243 565/2336/2244 1111/2337/2245
f 1111/2337/2245 565/2336/2244 564/2338/2246
f 1111/2337/2245 564/2338/2246 1110/2339/2247
f 1110/2339/2247 564/2338/2246 563/2340/2248
f 1110/2339/2247 563/2340/2248 1109/2341/2249
f 1109/2341/2249 563/2340/2248 562/2342/2250
f 1109/2341/2249 562/2342/2250 1108/2343/2251
f 1108/2343/2251 562/2342/2250 561/2344/2252
f 1108/2345/2251 561/2346/2252 1107/2347/2253
f 1107/2347/2253 561/2346/2252 560/2348/2254
f 1107/2347/2253 560/2348/2254 1106/2323/2231
f 1106/2323/2231 560/2348/2254 559/2324/2232
f 1118/2349/2255 1109/2350/2256 1117/2351/2257
f 1117/2351/2257 1109/2350/2256 1108/2352/2258
f 1117/2351/2257 1108/2352/2258 1128/2353/2259
f 1128/2353/2259 1108/2352/2258 1107/2354/2260
f 1128/2353/2259 1107/2354/2260 1106/2355/2261
f 1109/2350/2256 1118/2349/2255 1110/2356/2262
f 1110/2356/2262 1118/2349/2255 1119/2357/2263
f 1110/2356/2262 1119/2357/2263 1111/2358/2264
f 1111/2358/2264 1119/2357/2263 1120/2359/2265
f 1111/2358/2264 1120/2359/2265 1121/2360/2266
f 1111/2358/2264 1121/2360/2266 1112/2361/2267
f 1112/2361/2267 1121/2360/2266 1122/2362/2268
f 1112/2361/2267 1122/2362/2268 1113/2363/2269
f 1113/2363/2269 1122/2362/2268 1123/2364/2270
f 1113/2363/2269 1123/2364/2270 1114/2365/2271
f 1114/2365/2271 1123/2364/2270 1115/2366/2272
f 1115/2366/2272 1123/2364/2270 1124/2367/2273
f 1115/2366/2272 1124/2367/2273 1116/2368/2274
f 1116/2368/2274 1124/2367/2273 1125/2369/2275
f 1116/2368/2274 1125/2369/2275 1105/2370/2276
f 1105/2370/2276 1125/2369/2275 1126/2371/2277
f 1105/2370/2276 1126/2371/2277 1127/2372/2278
f 1105/2370/2276 1127/2372/2278 1106/2355/2261
f 1106/2355/2261 1127/2372/2278 1128/2353/2259
f 271/2373/2279 270/2374/2280 1123/2375/2281
f 1123/2376/2281 270/2377/2280 283/2378/2282
f 1123/2376/2281 283/2378/2282 1124/2379/2283
f 1124/2379/2283 283/2378/2282 282/2380/2284
f 1124/2379/2283 282/2380/2284 1125/2381/2285
f 1125/2381/2285 282/2380/2284 281/2382/2286
f 1125/2381/2285 281/2382/2286 1126/2383/2287
f 1126/2383/2287 281/2382/2286 280/2384/2288
f 1126/2383/2287 280/2384/2288 1127/2385/2289
f 1127/2385/2289 280/2384/2288 279/2386/2290
f 1127/2385/2289 279/2386/2290 1128/2387/2291
f 1128/2387/2291 279/2386/2290 278/2388/2292
f 1128/2387/2291 278/2388/2292 277/2389/2293
f 1128/2387/2291 277/2389/2293 1117/2390/2294
f 1117/2390/2294 277/2389/2293 276/2391/2295
f 1117/2390/2294 276/2391/2295 1118/2392/2296
f 1118/2392/2296 276/2391/2295 275/2393/2297
f 1118/2392/2296 275/2393/2297 1119/2394/2298
f 1119/2394/2298 275/2393/2297 274/2395/2299
f 1119/2394/2298 274/2395/2299 1120/2396/2300
f 1120/2396/2300 274/2395/2299 273/2397/2301
f 1120/2396/2300 273/2397/2301 1121/2398/2302
f 1121/2398/2302 273/2397/2301 272/2399/2303
f 1121/2398/2302 272/2399/2303 1122/2400/2304
f 1122/2400/2304 272/2399/2303 271/2373/2279
f 1122/2400/2304 271/2373/2279 1123/2375/2281
f 28/2401/2305 574/2402/2306 17/2403/2307
f 17/2403/2307 574/2402/2306 573/2404/2308
f 17/2403/2307 573/2404/2308 18/2405/2309
f 18/2405/2309 573/2404/2308 572/2406/2310
f 18/2405/2309 572/2406/2310 19/2407/2311
f 19/2407/2311 572/2406/2310 571/2408/2312
f 19/2407/2311 571/2408/2312 20/2409/2313
f 20/2409/2313 571/2408/2312 570/2410/2314
f 20/2409/2313 570/2410/2314 21/2411/2315
f 21/2411/2315 570/2410/2314 569/2412/2316
f 21/2411/2315 569/2412/2316 22/2413/2317
f 22/2413/2317 569/2412/2316 568/2414/2318
f 22/2413/2317 568/2414/2318 23/2415/2319
f 23/2415/2319 568/2414/2318 567/2416/2320
f 23/2415/2319 567/2416/2320 24/2417/2321
f 24/2417/2321 567/2416/2320 578/2418/2322
f 24/2417/2321 578/2418/2322 25/2419/2323
f 25/2419/2323 578/2418/2322 577/2420/2324
f 25/2419/2323 577/2420/2324 26/2421/2325
f 26/2421/2325 577/2420/2324 576/2422/2326
f 26/2423/2325 576/2424/2326 27/2425/2327
f 27/2425/2327 576/2424/2326 575/2426/2328
f 27/2425/2327 575/2426/2328 28/2401/2305
f 28/2401/2305 575/2426/2328 574/2402/2306
f 162/2427/2329 146/2428/2330 1129/2429/2331
f 1129/2429/2331 146/2428/2330 145/2430/2332
f 1129/2429/2331 145/2430/2332 387/2431/2333
f 387/2431/2333 145/2430/2332 144/2432/2334
f 387/2431/2333 144/2432/2334 326/2433/2335
f 326/2433/2335 144/2432/2334 143/2434/2336
f 326/2433/2335 143/2434/2336 327/2435/2337
f 327/2435/2337 143/2434/2336 328/2436/2338
f 328/2436/2338 143/2434/2336 142/2437/2339
f 328/2436/2338 142/2437/2339 329/2438/2340
f 162/2439/2341 1129/2440/2342 163/2441/2343
f 163/2441/2343 1129/2440/2342 387/2442/2344
f 330/2443/2345 329/2444/2346 141/2445/2347
f 141/2445/2347 329/2444/2346 142/2446/2348
f 330/2447/2349 141/2448/2350 331/2449/2351
f 331/2449/2351 141/2448/2350 140/2450/2352
f 331/2449/2351 140/2450/2352 332/2451/2353
f 332/2451/2353 140/2450/2352 139/2452/2354
f 332/2451/2353 139/2452/2354 333/2453/2355
f 333/2453/2355 139/2452/2354 138/2454/2356
f 333/2453/2355 138/2454/2356 1131/2455/2357
f 1131/2455/2357 138/2454/2356 1130/2456/2358
f 1130/2456/2358 138/2454/2356 109/2457/2359
f 1130/2456/2358 109/2457/2359 108/2458/2360
f 334/2459/2361 333/2460/2362 107/2461/2363
f 107/2461/2363 333/2460/2362 1131/2462/2364
f 107/2461/2363 1131/2462/2364 1130/2463/2365
f 1130/2463/2365 108/2464/2366 107/2461/2363
f 107/2461/2363 106/2465/2367 334/2459/2361
f 334/2459/2361 106/2465/2367 335/2466/2368
f 335/2466/2368 106/2465/2367 105/2467/2369
f 335/2466/2368 105/2467/2369 336/2468/2370
f 336/2469/2371 105/2470/2372 337/2471/2373
f 337/2471/2373 105/2470/2372 1132/2472/2374
f 337/2471/2373 1132/2472/2374 338/2473/2375
f 338/2473/2375 1132/2472/2374 323/2474/2376
f 338/2473/2375 323/2474/2376 324/2475/2377
f 104/2476/2378 246/2477/2379 105/2478/2380
f 105/2478/2380 246/2477/2379 1132/2479/2381
f 1132/2479/2381 246/2477/2379 245/2480/2382
f 1132/2479/2381 245/2480/2382 323/2481/2383
f 323/2481/2383 245/2480/2382 244/2482/481
f 370/2483/2384 1143/2484/2385 353/2485/2386
f 353/2485/2386 1143/2484/2385 1144/2486/2387
f 353/2485/2386 1144/2486/2387 354/2487/2388
f 354/2487/2388 1144/2486/2387 1145/2488/2389
f 354/2487/2388 1145/2488/2389 355/2489/2390
f 355/2489/2390 1145/2488/2389 1146/2490/2391
f 355/2489/2390 1146/2490/2391 356/2491/2392
f 356/2491/2392 1146/2490/2391 1147/2492/2393
f 356/2491/2392 1147/2492/2393 357/2493/2394
f 357/2493/2394 1147/2492/2393 358/2494/2395
f 358/2494/2395 1147/2492/2393 1148/2495/2396
f 358/2494/2395 1148/2495/2396 1133/2496/2397
f 1133/2496/2397 1148/2495/2396 1151/2497/2398
f 1151/2497/2398 1148/2495/2396 1149/2498/2399
f 1151/2497/2398 1149/2498/2399 1150/2499/2400
f 370/2483/2384 369/2500/2401 1143/2484/2385
f 1143/2484/2385 369/2500/2401 1142/2501/2402
f 1142/2501/2402 369/2500/2401 368/2502/2403
f 1142/2501/2402 368/2502/2403 1141/2503/2404
f 1141/2503/2404 368/2502/2403 367/2504/2405
f 1141/2503/2404 367/2504/2405 1140/2505/2406
f 1140/2505/2406 367/2504/2405 366/2506/2407
f 1140/2505/2406 366/2506/2407 1139/2507/2408
f 1139/2507/2408 366/2506/2407 365/2508/2409
f 1139/2507/2408 365/2508/2409 1138/2509/2410
f 1138/2509/2410 365/2508/2409 364/2510/2411
f 1138/2509/2410 364/2510/2411 1137/2511/2412
f 1137/2511/2412 364/2510/2411 363/2512/2413
f 1137/2511/2412 363/2512/2413 1136/2513/2414
f 1136/2513/2414 363/2512/2413 362/2514/2415
f 1136/2513/2414 362/2514/2415 1135/2515/2416
f 1135/2515/2416 362/2514/2415 361/2516/2417
f 1135/2517/2416 361/2518/2417 1134/2519/2418
f 1134/2519/2418 361/2518/2417 360/2520/2419
f 1134/2519/2418 360/2520/2419 1133/2496/2397
f 1133/2496/2397 360/2520/2419 359/2521/2420
f 1133/2496/2397 359/2521/2420 358/2494/2395
f 1133/2522/2421 1152/2523/2422 1134/2524/2423
f 1134/2524/2423 1152/2523/2422 1153/2525/2424
f 1134/2524/2423 1153/2525/2424 1154/2526/2425
f 1134/2524/2423 1154/2526/2425 1135/2527/2426
f 1135/2527/2426 1154/2526/2425 1155/2528/2427
f 1135/2527/2426 1155/2528/2427 1156/2529/2428
f 1135/2527/2426 1156/2529/2428 1136/2530/2429
f 1136/2530/2429 1156/2529/2428 1157/2531/2430
f 1136/2530/2429 1157/2531/2430 1137/2532/2431
f 1137/2532/2431 1157/2531/2430 1158/2533/2432
f 1137/2532/2431 1158/2533/2432 1332/2534/2433
f 1332/2534/2433 1158/2533/2432 1159/2535/2434
f 1332/2534/2433 1159/2535/2434 1160/2536/2435
f 1332/2534/2433 1160/2536/2435 1331/2537/2436
f 1331/2537/2436 1160/2536/2435 1161/2538/2437
f 1331/2537/2436 1161/2538/2437 1162/2539/2438
f 1331/2537/2436 1162/2539/2438 1330/2540/2439
f 1330/2540/2439 1162/2539/2438 1163/2541/2440
f 1330/2540/2439 1163/2541/2440 1164/2542/2441
f 1330/2540/2439 1164/2542/2441 1329/2543/2442
f 1329/2543/2442 1164/2542/2441 1165/2544/2443
f 1329/2543/2442 1165/2544/2443 1166/2545/2444
f 1329/2543/2442 1166/2545/2444 1328/2546/2445
f 1328/2546/2445 1166/2545/2444 1167/2547/2446
f 1328/2546/2445 1167/2547/2446 1168/2548/2447
f 1328/2546/2445 1168/2548/2447 1327/2549/2448
f 1327/2549/2448 1168/2548/2447 1169/2550/2449
f 1327/2549/2448 1169/2550/2449 1170/2551/2450
f 1327/2549/2448 1170/2551/2450 1326/2552/2451
f 1326/2552/2451 1170/2551/2450 1171/2553/2452
f 1326/2552/2451 1171/2553/2452 1172/2554/2453
f 1326/2552/2451 1172/2554/2453 1325/2555/2454
f 1325/2555/2454 1172/2554/2453 1173/2556/2455
f 1325/2555/2454 1173/2556/2455 1174/2557/2456
f 1325/2555/2454 1174/2557/2456 1324/2558/2457
f 1324/2558/2457 1174/2557/2456 1175/2559/2458
f 1324/2558/2457 1175/2559/2458 1176/2560/2459
f 1176/2560/2459 1177/2561/2460 1324/2558/2457
f 1324/2558/2457 1177/2561/2460 1323/2562/2461
f 1324/2558/2457 1323/2562/2461 1289/2563/2462
f 1289/2563/2462 1323/2562/2461 1288/2564/2463
f 1288/2564/2463 1323/2562/2461 1287/2565/2464
f 1287/2565/2464 1323/2562/2461 1322/2566/2465
f 1287/2565/2464 1322/2566/2465 1286/2567/2466
f 1286/2567/2466 1322/2566/2465 1285/2568/2467
f 1285/2568/2467 1322/2566/2465 1284/2569/2468
f 1284/2569/2468 1322/2566/2465 1321/2570/2469
f 1284/2569/2468 1321/2570/2469 1283/2571/2470
f 1283/2571/2470 1321/2570/2469 1282/2572/2471
f 1282/2572/2471 1321/2570/2469 1320/2573/2472
f 1282/2572/2471 1320/2573/2472 1281/2574/2473
f 1281/2574/2473 1320/2573/2472 1280/2575/2474
f 1280/2575/2474 1320/2573/2472 1279/2576/2475
f 1279/2576/2475 1320/2573/2472 1319/2577/2476
f 1279/2576/2475 1319/2577/2476 1278/2578/2477
f 1278/2578/2477 1319/2577/2476 1277/2579/2478
f 1277/2579/2478 1319/2577/2476 1318/2580/2479
f 1277/2579/2478 1318/2580/2479 1276/2581/2480
f 1276/2581/2480 1318/2580/2479 1275/2582/2481
f 1275/2582/2481 1318/2580/2479 1274/2583/2482
f 1274/2583/2482 1318/2580/2479 1317/2584/2483
f 1274/2583/2482 1317/2584/2483 1273/2585/2484
f 1273/2585/2484 1317/2584/2483 1272/2586/2485
f 1272/2586/2485 1317/2584/2483 1316/2587/2486
f 1272/2586/2485 1316/2587/2486 1271/2588/2487
f 1271/2588/2487 1316/2587/2486 1270/2589/2488
f 1270/2589/2488 1316/2587/2486 1269/2590/2489
f 1269/2590/2489 1316/2587/2486 1315/2591/2490
f 1269/2590/2489 1315/2591/2490 1268/2592/2491
f 1268/2592/2491 1315/2591/2490 1267/2593/2492
f 1267/2593/2492 1315/2591/2490 1314/2594/2493
f 1267/2593/2492 1314/2594/2493 1266/2595/2494
f 1266/2595/2494 1314/2594/2493 1265/2596/2495
f 1265/2596/2495 1314/2594/2493 1264/2597/2496
f 1264/2597/2496 1314/2594/2493 1313/2598/2497
f 1264/2597/2496 1313/2598/2497 1263/2599/2498
f 1263/2599/2498 1313/2598/2497 1262/2600/2499
f 1262/2600/2499 1313/2598/2497 1312/2601/2500
f 1262/2600/2499 1312/2601/2500 1261/2602/2501
f 1261/2602/2501 1312/2601/2500 1260/2603/2502
f 1260/2603/2502 1312/2601/2500 1259/2604/2503
f 1259/2604/2503 1312/2601/2500 1311/2605/2504
f 1259/2604/2503 1311/2605/2504 1258/2606/2505
f 1258/2606/2505 1311/2605/2504 1257/2607/2506
f 1257/2607/2506 1311/2605/2504 1310/2608/2507
f 1257/2607/2506 1310/2608/2507 1256/2609/2508
f 1256/2609/2508 1310/2608/2507 1255/2610/2509
f 1255/2610/2509 1310/2608/2507 1254/2611/2510
f 1254/2611/2510 1310/2608/2507 1309/2612/2511
f 1254/2611/2510 1309/2612/2511 1253/2613/2512
f 1253/2613/2512 1309/2612/2511 1252/2614/2513
f 1252/2614/2513 1309/2612/2511 1308/2615/2514
f 1252/2614/2513 1308/2615/2514 1251/2616/2515
f 1251/2616/2515 1308/2615/2514 1250/2617/2516
f 1250/2617/2516 1308/2615/2514 1249/2618/2517
f 1249/2618/2517 1308/2615/2514 1307/2619/2518
f 1249/2618/2517 1307/2619/2518 1248/2620/2519
f 1248/2620/2519 1307/2619/2518 1247/2621/2520
f 1247/2621/2520 1307/2619/2518 1306/2622/2521
f 1247/2621/2520 1306/2622/2521 1246/2623/2522
f 1246/2623/2522 1306/2622/2521 1245/2624/2523
f 1245/2624/2523 1306/2622/2521 1244/2625/2524
f 1244/2625/2524 1306/2622/2521 1305/2626/2525
f 1244/2625/2524 1305/2626/2525 1243/2627/2526
f 1243/2627/2526 1305/2626/2525 1242/2628/2527
f 1242/2628/2527 1305/2626/2525 1304/2629/2528
f 1242/2628/2527 1304/2629/2528 1241/2630/2529
f 1241/2630/2529 1304/2629/2528 1240/2631/2530
f 1240/2631/2530 1304/2629/2528 1239/2632/2531
f 1239/2632/2531 1304/2629/2528 1303/2633/2532
f 1239/2632/2531 1303/2633/2532 1238/2634/2533
f 1238/2634/2533 1303/2633/2532 1237/2635/2534
f 1237/2635/2534 1303/2633/2532 1302/2636/2535
f 1237/2635/2534 1302/2636/2535 1236/2637/2536
f 1236/2637/2536 1302/2636/2535 1235/2638/2537
f 1235/2638/2537 1302/2636/2535 1234/2639/2538
f 1234/2639/2538 1302/2636/2535 1301/2640/2539
f 1234/2639/2538 1301/2640/2539 1233/2641/2540
f 1233/2641/2540 1301/2640/2539 1232/2642/2541
f 1232/2642/2541 1301/2640/2539 1300/2643/2542
f 1232/2642/2541 1300/2643/2542 1231/2644/2543
f 1231/2644/2543 1300/2643/2542 1230/2645/2544
f 1230/2645/2544 1300/2643/2542 1229/2646/2545
f 1229/2646/2545 1300/2643/2542 1228/2647/2546
f 1228/2647/2546 1300/2643/2542 1227/2648/2547
f 1227/2648/2547 1300/2643/2542 1226/2649/2548
f 1226/2649/2548 1300/2643/2542 1225/2650/2549
f 1225/2650/2549 1300/2643/2542 1224/2651/2550
f 1224/2651/2550 1300/2643/2542 1301/2640/2539
f 1224/2651/2550 1301/2640/2539 1223/2652/2551
f 1223/2652/2551 1301/2640/2539 1222/2653/2552
f 1222/2653/2552 1301/2640/2539 1302/2636/2535
f 1222/2653/2552 1302/2636/2535 1221/2654/2553
f 1221/2654/2553 1302/2636/2535 1220/2655/2554
f 1220/2655/2554 1302/2636/2535 1303/2633/2532
f 1220/2655/2554 1303/2633/2532 1219/2656/2555
f 1219/2656/2555 1303/2633/2532 1218/2657/2556
f 1218/2657/2556 1303/2633/2532 1304/2629/2528
f 1218/2657/2556 1304/2629/2528 1217/2658/2557
f 1217/2658/2557 1304/2629/2528 1216/2659/2558
f 1216/2659/2558 1304/2629/2528 1305/2626/2525
f 1216/2659/2558 1305/2626/2525 1215/2660/2559
f 1215/2660/2559 1305/2626/2525 1214/2661/2560
f 1214/2661/2560 1305/2626/2525 1306/2622/2521
f 1214/2661/2560 1306/2622/2521 1213/2662/2561
f 1213/2662/2561 1306/2622/2521 1212/2663/2562
f 1212/2663/2562 1306/2622/2521 1307/2619/2518
f 1212/2663/2562 1307/2619/2518 1211/2664/2563
f 1211/2664/2563 1307/2619/2518 1210/2665/2564
f 1210/2665/2564 1307/2619/2518 1308/2615/2514
f 1210/2665/2564 1308/2615/2514 1209/2666/2565
f 1209/2666/2565 1308/2615/2514 1208/2667/2566
f 1208/2667/2566 1308/2615/2514 1207/2668/2567
f 1207/2668/2567 1308/2615/2514 1309/2612/2511
f 1207/2668/2567 1309/2612/2511 1206/2669/2568
f 1206/2669/2568 1309/2612/2511 1205/2670/2569
f 1205/2670/2569 1309/2612/2511 1310/2608/2507
f 1205/2670/2569 1310/2608/2507 1204/2671/2570
f 1204/2671/2570 1310/2608/2507 1203/2672/2571
f 1203/2672/2571 1310/2608/2507 1311/2605/2504
f 1203/2672/2571 1311/2605/2504 1202/2673/2572
f 1202/2673/2572 1311/2605/2504 1201/2674/2573
f 1201/2674/2573 1311/2605/2504 1312/2601/2500
f 1201/2674/2573 1312/2601/2500 1200/2675/2574
f 1200/2675/2574 1312/2601/2500 1199/2676/2575
f 1199/2676/2575 1312/2601/2500 1313/2598/2497
f 1199/2676/2575 1313/2598/2497 1198/2677/2576
f 1198/2677/2576 1313/2598/2497 1197/2678/2577
f 1197/2678/2577 1313/2598/2497 1314/2594/2493
f 1197/2678/2577 1314/2594/2493 1196/2679/2578
f 1196/2679/2578 1314/2594/2493 1195/2680/2579
f 1195/2680/2579 1314/2594/2493 1315/2591/2490
f 1195/2680/2579 1315/2591/2490 1194/2681/2580
f 1194/2681/2580 1315/2591/2490 1193/2682/2581
f 1193/2682/2581 1315/2591/2490 1316/2587/2486
f 1193/2682/2581 1316/2587/2486 1192/2683/2582
f 1192/2683/2582 1316/2587/2486 1191/2684/2583
f 1191/2684/2583 1316/2587/2486 1317/2584/2483
f 1191/2684/2583 1317/2584/2483 1190/2685/2584
f 1190/2685/2584 1317/2584/2483 1189/2686/2585
f 1189/2686/2585 1317/2584/2483 1318/2580/2479
f 1189/2686/2585 1318/2580/2479 1188/2687/2586
f 1188/2687/2586 1318/2580/2479 1187/2688/2587
f 1187/2688/2587 1318/2580/2479 1319/2577/2476
f 1187/2688/2587 1319/2577/2476 1186/2689/2588
f 1186/2689/2588 1319/2577/2476 1185/2690/2589
f 1185/2690/2589 1319/2577/2476 1320/2573/2472
f 1185/2690/2589 1320/2573/2472 1184/2691/2590
f 1184/2691/2590 1320/2573/2472 1183/2692/2591
f 1183/2692/2591 1320/2573/2472 1321/2570/2469
f 1183/2692/2591 1321/2570/2469 1182/2693/2592
f 1182/2693/2592 1321/2570/2469 1181/2694/2593
f 1181/2694/2593 1321/2570/2469 1322/2566/2465
f 1181/2694/2593 1322/2566/2465 1180/2695/2594
f 1180/2695/2594 1322/2566/2465 1179/2696/2595
f 1179/2696/2595 1322/2566/2465 1323/2562/2461
f 1179/2696/2595 1323/2562/2461 1178/2697/2596
f 1178/2697/2596 1323/2562/2461 1177/2561/2460
f 1289/2563/2462 1290/2698/2597 1324/2558/2457
f 1324/2558/2457 1290/2698/2597 1291/2699/2598
f 1324/2558/2457 1291/2699/2598 1292/2700/2599
f 1324/2558/2457 1292/2700/2599 1325/2555/2454
f 1325/2555/2454 1292/2700/2599 1293/2701/2600
f 1325/2555/2454 1293/2701/2600 1326/2552/2451
f 1326/2552/2451 1293/2701/2600 1294/2702/2601
f 1326/2552/2451 1294/2702/2601 1295/2703/2602
f 1326/2552/2451 1295/2703/2602 1327/2549/2448
f 1327/2549/2448 1295/2703/2602 1296/2704/2603
f 1327/2549/2448 1296/2704/2603 1328/2546/2445
f 1328/2546/2445 1296/2704/2603 1297/2705/2604
f 1328/2546/2445 1297/2705/2604 1298/2706/2605
f 1328/2546/2445 1298/2706/2605 1329/2543/2442
f 1329/2543/2442 1298/2706/2605 1299/2707/2606
f 1329/2543/2442 1299/2707/2606 1330/2540/2439
f 1330/2540/2439 1299/2707/2606 1142/2708/2607
f 1330/2540/2439 1142/2708/2607 1141/2709/2608
f 1330/2540/2439 1141/2709/2608 1331/2537/2436
f 1331/2537/2436 1141/2709/2608 1140/2710/2609
f 1331/2537/2436 1140/2710/2609 1139/2711/2610
f 1331/2537/2436 1139/2711/2610 1332/2534/2433
f 1332/2534/2433 1139/2711/2610 1138/2712/2611
f 1332/2534/2433 1138/2712/2611 1137/2532/2431
f 1149/2713/2612 1292/2714/2613 1150/2715/2614
f 1150/2715/2614 1292/2714/2613 1291/2716/2615
f 1150/2715/2614 1291/2716/2615 1543/2717/2616
f 1543/2717/2616 1291/2716/2615 1290/2718/2617
f 1543/2717/2616 1290/2718/2617 1542/2719/2618
f 1542/2719/2618 1290/2718/2617 1289/2720/2619
f 1542/2719/2618 1289/2720/2619 1541/2721/2620
f 1541/2721/2620 1289/2720/2619 1288/2722/2621
f 1541/2721/2620 1288/2722/2621 1540/2723/2622
f 1540/2723/2622 1288/2722/2621 1287/2724/2623
f 1540/2723/2622 1287/2724/2623 1539/2725/2624
f 1539/2725/2624 1287/2724/2623 1286/2726/2625
f 1539/2725/2624 1286/2726/2625 1538/2727/2626
f 1538/2728/2626 1286/2729/2625 1285/2730/2627
f 1538/2728/2626 1285/2730/2627 1537/2731/2628
f 1537/2731/2628 1285/2730/2627 1284/2732/2629
f 1537/2731/2628 1284/2732/2629 1283/2733/2630
f 1292/2714/2613 1149/2713/2612 1293/2734/2631
f 1293/2734/2631 1149/2713/2612 1148/2735/2632
f 1293/2734/2631 1148/2735/2632 1294/2736/2633
f 1294/2736/2633 1148/2735/2632 1147/2737/2634
f 1294/2736/2633 1147/2737/2634 1295/2738/2635
f 1295/2738/2635 1147/2737/2634 1146/2739/2636
f 1295/2738/2635 1146/2739/2636 1296/2740/2637
f 1296/2740/2637 1146/2739/2636 1145/2741/2638
f 1296/2740/2637 1145/2741/2638 1297/2742/2639
f 1297/2742/2639 1145/2741/2638 1144/2743/2640
f 1297/2742/2639 1144/2743/2640 1298/2744/2641
f 1298/2744/2641 1144/2743/2640 1143/2745/2642
f 1298/2744/2641 1143/2745/2642 1299/2746/2643
f 1299/2746/2643 1143/2745/2642 1142/2747/2644
f 1537/2731/2628 1283/2733/2630 1536/2748/2645
f 1536/2748/2645 1283/2733/2630 1282/2749/2646
f 1536/2748/2645 1282/2749/2646 1535/2750/2647
f 1535/2750/2647 1282/2749/2646 1281/2751/2648
f 1535/2750/2647 1281/2751/2648 1534/2752/2649
f 1534/2752/2649 1281/2751/2648 1280/2753/2650
f 1534/2752/2649 1280/2753/2650 1533/2754/2651
f 1533/2754/2651 1280/2753/2650 1279/2755/2652
f 1533/2754/2651 1279/2755/2652 1532/2756/2653
f 1532/2756/2653 1279/2755/2652 1278/2757/2654
f 1532/2756/2653 1278/2757/2654 1277/2758/2655
f 1532/2756/2653 1277/2758/2655 1531/2759/2656
f 1531/2759/2656 1277/2758/2655 1276/2760/2657
f 1531/2759/2656 1276/2760/2657 1530/2761/2658
f 1530/2761/2658 1276/2760/2657 1275/2762/2659
f 1530/2761/2658 1275/2762/2659 1529/2763/2660
f 1529/2763/2660 1275/2762/2659 1274/2764/2661
f 1529/2763/2660 1274/2764/2661 1528/2765/2662
f 1528/2765/2662 1274/2764/2661 1273/2766/2663
f 1528/2765/2662 1273/2766/2663 1527/2767/2664
f 1527/2767/2664 1273/2766/2663 1272/2768/2665
f 1527/2767/2664 1272/2768/2665 1271/2769/2666
f 1527/2767/2664 1271/2769/2666 1526/2770/2667
f 1526/2770/2667 1271/2769/2666 1270/2771/2668
f 1526/2770/2667 1270/2771/2668 1525/2772/2669
f 1525/2772/2669 1270/2771/2668 1269/2773/2670
f 1525/2772/2669 1269/2773/2670 1524/2774/2671
f 1524/2774/2671 1269/2773/2670 1268/2775/2672
f 1524/2774/2671 1268/2775/2672 1523/2776/2673
f 1523/2776/2673 1268/2775/2672 1267/2777/2674
f 1523/2776/2673 1267/2777/2674 1266/2778/2675
f 1523/2776/2673 1266/2778/2675 1522/2779/2676
f 1522/2779/2676 1266/2778/2675 1265/2780/2677
f 1522/2779/2676 1265/2780/2677 1521/2781/2678
f 1521/2781/2678 1265/2780/2677 1264/2782/2679
f 1521/2781/2678 1264/2782/2679 1520/2783/2680
f 1520/2783/2680 1264/2782/2679 1263/2784/2681
f 1520/2783/2680 1263/2784/2681 1519/2785/2682
f 1519/2785/2682 1263/2784/2681 1262/2786/2683
f 1519/2787/2682 1262/2788/2683 1518/2789/2684
f 1518/2789/2684 1262/2788/2683 1261/2790/2685
f 1518/2789/2684 1261/2790/2685 1260/2791/2686
f 1518/2789/2684 1260/2791/2686 1517/2792/2687
f 1517/2792/2687 1260/2791/2686 1259/2793/2688
f 1517/2792/2687 1259/2793/2688 1516/2794/2689
f 1516/2794/2689 1259/2793/2688 1258/2795/2690
f 1516/2794/2689 1258/2795/2690 1515/2796/2691
f 1515/2796/2691 1258/2795/2690 1257/2797/2692
f 1515/2796/2691 1257/2797/2692 1514/2798/2693
f 1514/2798/2693 1257/2797/2692 1256/2799/2694
f 1514/2798/2693 1256/2799/2694 1513/2800/2695
f 1513/2800/2695 1256/2799/2694 1255/2801/2696
f 1513/2800/2695 1255/2801/2696 1254/2802/2697
f 1513/2800/2695 1254/2802/2697 1512/2803/2698
f 1512/2803/2698 1254/2802/2697 1253/2804/2699
f 1512/2803/2698 1253/2804/2699 1511/2805/2700
f 1511/2805/2700 1253/2804/2699 1252/2806/2701
f 1511/2805/2700 1252/2806/2701 1510/2807/2702
f 1510/2807/2702 1252/2806/2701 1251/2808/2703
f 1510/2807/2702 1251/2808/2703 1509/2809/2704
f 1509/2809/2704 1251/2808/2703 1250/2810/2705
f 1509/2809/2704 1250/2810/2705 1249/2811/2706
f 1509/2809/2704 1249/2811/2706 1508/2812/2707
f 1508/2812/2707 1249/2811/2706 1248/2813/2708
f 1508/2812/2707 1248/2813/2708 1507/2814/2709
f 1507/2814/2709 1248/2813/2708 1247/2815/2710
f 1507/2814/2709 1247/2815/2710 1506/2816/2711
f 1506/2816/2711 1247/2815/2710 1246/2817/2712
f 1506/2816/2711 1246/2817/2712 1505/2818/2713
f 1505/2818/2713 1246/2817/2712 1245/2819/2714
f 1505/2818/2713 1245/2819/2714 1504/2820/2715
f 1504/2820/2715 1245/2819/2714 1244/2821/2716
f 1504/2820/2715 1244/2821/2716 1243/2822/2717
f 1504/2820/2715 1243/2822/2717 1503/2823/2718
f 1503/2823/2718 1243/2822/2717 1242/2824/2719
f 1503/2823/2718 1242/2824/2719 1502/2825/2720
f 1502/2825/2720 1242/2824/2719 1241/2826/2721
f 1502/2825/2720 1241/2826/2721 1501/2827/2722
f 1501/2827/2722 1241/2826/2721 1240/2828/2723
f 1501/2827/2722 1240/2828/2723 1500/2829/2724
f 1500/2829/2724 1240/2828/2723 1239/2830/2725
f 1500/2831/2724 1239/2832/2725 1499/2833/2726
f 1499/2833/2726 1239/2832/2725 1238/2834/2727
f 1499/2833/2726 1238/2834/2727 1237/2835/2728
f 1499/2833/2726 1237/2835/2728 1498/2836/2729
f 1498/2836/2729 1237/2835/2728 1236/2837/2730
f 1498/2836/2729 1236/2837/2730 1497/2838/2731
f 1497/2838/2731 1236/2837/2730 1235/2839/2732
f 1497/2838/2731 1235/2839/2732 1496/2840/2733
f 1496/2840/2733 1235/2839/2732 1234/2841/2734
f 1496/2840/2733 1234/2841/2734 1495/2842/2735
f 1495/2842/2735 1234/2841/2734 1233/2843/2736
f 1495/2842/2735 1233/2843/2736 1232/2844/2737
f 1495/2842/2735 1232/2844/2737 1494/2845/2738
f 1494/2845/2738 1232/2844/2737 1231/2846/2739
f 1494/2845/2738 1231/2846/2739 1493/2847/2740
f 1493/2847/2740 1231/2846/2739 1230/2848/2741
f 1493/2847/2740 1230/2848/2741 1492/2849/2742
f 1492/2849/2742 1230/2848/2741 1229/2850/2743
f 1492/2849/2742 1229/2850/2743 1491/2851/2744
f 1491/2851/2744 1229/2850/2743 1228/2852/2745
f 1491/2851/2744 1228/2852/2745 1490/2853/2746
f 1490/2853/2746 1228/2852/2745 1333/2854/2747
f 1490/2853/2746 1333/2854/2747 1489/2855/2748
f 1489/2855/2748 1333/2854/2747 1334/2856/2749
f 1489/2855/2748 1334/2856/2749 1488/2857/2750
f 1488/2857/2750 1334/2856/2749 1335/2858/2751
f 1488/2857/2750 1335/2858/2751 1487/2859/2752
f 1487/2859/2752 1335/2858/2751 1336/2860/2753
f 1487/2859/2752 1336/2860/2753 1486/2861/2754
f 1486/2861/2754 1336/2860/2753 1337/2862/2755
f 1486/2861/2754 1337/2862/2755 1485/2863/2756
f 1485/2863/2756 1337/2862/2755 1484/2864/2757
f 1484/2864/2757 1337/2862/2755 1338/2865/2758
f 1484/2864/2757 1338/2865/2758 1483/2866/2759
f 1483/2866/2759 1338/2865/2758 1339/2867/2760
f 1483/2866/2759 1339/2867/2760 1482/2868/2761
f 1482/2869/2761 1339/2870/2760 1340/2871/2762
f 1482/2869/2761 1340/2871/2762 1481/2872/2763
f 1481/2872/2763 1340/2871/2762 1341/2873/2764
f 1481/2872/2763 1341/2873/2764 1480/2874/2765
f 1480/2874/2765 1341/2873/2764 1342/2875/2766
f 1480/2874/2765 1342/2875/2766 1479/2876/2767
f 1479/2876/2767 1342/2875/2766 1478/2877/2768
f 1478/2877/2768 1342/2875/2766 1343/2878/2769
f 1478/2877/2768 1343/2878/2769 1477/2879/2770
f 1477/2879/2770 1343/2878/2769 1344/2880/2771
f 1477/2879/2770 1344/2880/2771 1476/2881/2772
f 1476/2881/2772 1344/2880/2771 1345/2882/2773
f 1476/2881/2772 1345/2882/2773 1475/2883/2774
f 1475/2883/2774 1345/2882/2773 1346/2884/2775
f 1475/2883/2774 1346/2884/2775 1474/2885/2776
f 1474/2885/2776 1346/2884/2775 1347/2886/2777
f 1474/2885/2776 1347/2886/2777 1473/2887/2778
f 1473/2887/2778 1347/2886/2777 1348/2888/2779
f 1473/2887/2778 1348/2888/2779 1472/2889/2780
f 1472/2889/2780 1348/2888/2779 1471/2890/2781
f 1471/2890/2781 1348/2888/2779 1349/2891/2782
f 1471/2890/2781 1349/2891/2782 1470/2892/2783
f 1470/2892/2783 1349/2891/2782 1350/2893/2784
f 1470/2892/2783 1350/2893/2784 1351/2894/2785
f 1470/2892/2783 1351/2894/2785 1469/2895/2786
f 1469/2895/2786 1351/2894/2785 1352/2896/2787
f 1469/2895/2786 1352/2896/2787 1468/2897/2788
f 1468/2897/2788 1352/2896/2787 1353/2898/2789
f 1468/2897/2788 1353/2898/2789 1467/2899/2790
f 1467/2899/2790 1353/2898/2789 1354/2900/2791
f 1467/2899/2790 1354/2900/2791 1466/2901/2792
f 1466/2901/2792 1354/2900/2791 1355/2902/2793
f 1466/2901/2792 1355/2902/2793 1465/2903/2794
f 1465/2904/2794 1355/2905/2793 1356/2906/2795
f 1465/2904/2794 1356/2906/2795 1464/2907/2796
f 1464/2907/2796 1356/2906/2795 1357/2908/2797
f 1464/2907/2796 1357/2908/2797 1463/2909/2798
f 1463/2909/2798 1357/2908/2797 1358/2910/2799
f 1463/2909/2798 1358/2910/2799 1462/2911/2800
f 1462/2911/2800 1358/2910/2799 1359/2912/2801
f 1462/2911/2800 1359/2912/2801 1461/2913/2802
f 1461/2913/2802 1359/2912/2801 1360/2914/2803
f 1461/2913/2802 1360/2914/2803 1460/2915/2804
f 1460/2915/2804 1360/2914/2803 1361/2916/2805
f 1460/2915/2804 1361/2916/2805 1459/2917/2806
f 1459/2917/2806 1361/2916/2805 1362/2918/2807
f 1459/2917/2806 1362/2918/2807 1458/2919/2808
f 1458/2919/2808 1362/2918/2807 1363/2920/2809
f 1458/2919/2808 1363/2920/2809 1457/2921/2810
f 1457/2921/2810 1363/2920/2809 1364/2922/2811
f 1457/2921/2810 1364/2922/2811 1456/2923/2812
f 1456/2923/2812 1364/2922/2811 1365/2924/2813
f 1456/2923/2812 1365/2924/2813 1455/2925/2814
f 1455/2925/2814 1365/2924/2813 1366/2926/2815
f 1455/2925/2814 1366/2926/2815 1454/2927/2816
f 1454/2927/2816 1366/2926/2815 1367/2928/2817
f 1454/2927/2816 1367/2928/2817 1453/2929/2818
f 1453/2929/2818 1367/2928/2817 1368/2930/2819
f 1453/2929/2818 1368/2930/2819 1452/2931/2820
f 1452/2931/2820 1368/2930/2819 1369/2932/2821
f 1452/2931/2820 1369/2932/2821 1451/2933/2822
f 1451/2933/2822 1369/2932/2821 1370/2934/2823
f 1451/2933/2822 1370/2934/2823 1450/2935/2824
f 1450/2935/2824 1370/2934/2823 1371/2936/2825
f 1450/2935/2824 1371/2936/2825 1449/2937/2826
f 1449/2937/2826 1371/2936/2825 1372/2938/2827
f 1449/2937/2826 1372/2938/2827 1448/2939/2828
f 1448/2939/2828 1372/2938/2827 1373/2940/2829
f 1448/2941/2828 1373/2942/2829 1447/2943/2830
f 1447/2943/2830 1373/2942/2829 1374/2944/2831
f 1447/2943/2830 1374/2944/2831 1446/2945/2832
f 1446/2945/2832 1374/2944/2831 1375/2946/2833
f 1446/2945/2832 1375/2946/2833 1445/2947/2834
f 1445/2947/2834 1375/2946/2833 1376/2948/2835
f 1445/2947/2834 1376/2948/2835 1444/2949/2836
f 1444/2949/2836 1376/2948/2835 1377/2950/2837
f 1444/2949/2836 1377/2950/2837 1443/2951/2838
f 1443/2951/2838 1377/2950/2837 1378/2952/2839
f 1443/2951/2838 1378/2952/2839 1442/2953/2840
f 1442/2953/2840 1378/2952/2839 1379/2954/2841
f 1442/2953/2840 1379/2954/2841 1441/2955/2842
f 1441/2955/2842 1379/2954/2841 1380/2956/2843
f 1441/2955/2842 1380/2956/2843 1440/2957/2844
f 1440/2957/2844 1380/2956/2843 1381/2958/2845
f 1440/2957/2844 1381/2958/2845 1439/2959/2846
f 1439/2959/2846 1381/2958/2845 1382/2960/2847
f 1439/2959/2846 1382/2960/2847 1438/2961/2848
f 1438/2961/2848 1382/2960/2847 1383/2962/2849
f 1438/2961/2848 1383/2962/2849 1437/2963/2850
f 1437/2963/2850 1383/2962/2849 1384/2964/2851
f 1437/2963/2850 1384/2964/2851 1436/2965/2852
f 1436/2965/2852 1384/2964/2851 1385/2966/2853
f 1436/2965/2852 1385/2966/2853 1435/2967/2854
f 1435/2967/2854 1385/2966/2853 1386/2968/2855
f 1435/2967/2854 1386/2968/2855 1434/2969/2856
f 1434/2969/2856 1386/2968/2855 1387/2970/2857
f 1434/2969/2856 1387/2970/2857 1433/2971/2858
f 1433/2971/2858 1387/2970/2857 1388/2972/2859
f 1433/2971/2858 1388/2972/2859 1432/2973/2860
f 1432/2973/2860 1388/2972/2859 1389/2974/2861
f 1432/2975/2860 1389/2976/2861 1431/2977/2862
f 1431/2977/2862 1389/2976/2861 1390/2978/2863
f 1431/2977/2862 1390/2978/2863 1430/2979/2864
f 1430/2979/2864 1390/2978/2863 1391/2980/2865
f 1430/2979/2864 1391/2980/2865 1429/2981/2866
f 1429/2981/2866 1391/2980/2865 1392/2982/2867
f 1429/2981/2866 1392/2982/2867 1428/2983/2868
f 1428/2983/2868 1392/2982/2867 1393/2984/2869
f 1428/2983/2868 1393/2984/2869 1427/2985/2870
f 1427/2985/2870 1393/2984/2869 1394/2986/2871
f 1427/2985/2870 1394/2986/2871 1426/2987/2872
f 1426/2987/2872 1394/2986/2871 1395/2988/2873
f 1426/2987/2872 1395/2988/2873 1425/2989/2874
f 1425/2989/2874 1395/2988/2873 1396/2990/2875
f 1425/2989/2874 1396/2990/2875 1424/2991/2876
f 1424/2991/2876 1396/2990/2875 1397/2992/2877
f 1424/2991/2876 1397/2992/2877 1423/2993/2878
f 1423/2993/2878 1397/2992/2877 1398/2994/2879
f 1423/2993/2878 1398/2994/2879 1422/2995/2880
f 1422/2995/2880 1398/2994/2879 1399/2996/2881
f 1422/2995/2880 1399/2996/2881 1421/2997/2882
f 1421/2997/2882 1399/2996/2881 1400/2998/2883
f 1421/2997/2882 1400/2998/2883 1420/2999/2884
f 1420/2999/2884 1400/2998/2883 1419/3000/2885
f 1419/3000/2885 1400/2998/2883 1401/3001/2886
f 1419/3000/2885 1401/3001/2886 1418/3002/2887
f 1418/3002/2887 1401/3001/2886 1402/3003/2888
f 1418/3002/2887 1402/3003/2888 1417/3004/2889
f 1417/3005/2889 1402/3006/2888 1403/3007/2890
f 1417/3005/2889 1403/3007/2890 1416/3008/2891
f 1416/3008/2891 1403/3007/2890 1415/3009/2892
f 1415/3009/2892 1403/3007/2890 1404/3010/2893
f 1415/3009/2892 1404/3010/2893 1414/3011/2894
f 1414/3011/2894 1404/3010/2893 1405/3012/2895
f 1414/3011/2894 1405/3012/2895 1413/3013/2896
f 1413/3013/2896 1405/3012/2895 1406/3014/2897
f 1413/3013/2896 1406/3014/2897 1412/3015/2898
f 1412/3015/2898 1406/3014/2897 1411/3016/2899
f 1411/3016/2899 1406/3014/2897 1407/3017/2900
f 1411/3016/2899 1407/3017/2900 1410/3018/2901
f 1410/3018/2901 1407/3017/2900 1408/3019/2902
f 1410/3018/2901 1408/3019/2902 1409/3020/2903
f 1409/3020/2903 1408/3019/2902 1397/2992/2877
f 1543/3021/2904 1577/3022/2905 1150/3023/2906
f 1150/3023/2906 1577/3022/2905 1578/3024/2907
f 1150/3023/2906 1578/3024/2907 1151/3025/2908
f 1151/3025/2908 1578/3024/2907 1154/3026/2909
f 1151/3025/2908 1154/3026/2909 1153/3027/2910
f 1543/3021/2904 1542/3028/2911 1577/3022/2905
f 1577/3022/2905 1542/3028/2911 1541/3029/2912
f 1577/3022/2905 1541/3029/2912 1576/3030/2913
f 1576/3030/2913 1541/3029/2912 1540/3031/2914
f 1576/3030/2913 1540/3031/2914 1539/3032/2915
f 1576/3030/2913 1539/3032/2915 1575/3033/2916
f 1575/3033/2916 1539/3032/2915 1538/3034/2917
f 1575/3033/2916 1538/3034/2917 1537/3035/2918
f 1575/3033/2916 1537/3035/2918 1574/3036/2919
f 1574/3036/2919 1537/3035/2918 1536/3037/2920
f 1574/3036/2919 1536/3037/2920 1535/3038/2921
f 1574/3036/2919 1535/3038/2921 1573/3039/2922
f 1573/3039/2922 1535/3038/2921 1534/3040/2923
f 1573/3039/2922 1534/3040/2923 1533/3041/2924
f 1573/3039/2922 1533/3041/2924 1572/3042/2925
f 1572/3042/2925 1533/3041/2924 1532/3043/2926
f 1572/3042/2925 1532/3043/2926 1531/3044/2927
f 1572/3042/2925 1531/3044/2927 1571/3045/2928
f 1571/3045/2928 1531/3044/2927 1530/3046/2929
f 1571/3045/2928 1530/3046/2929 1529/3047/2930
f 1571/3045/2928 1529/3047/2930 1570/3048/2931
f 1570/3048/2931 1529/3047/2930 1528/3049/2932
f 1570/3048/2931 1528/3049/2932 1527/3050/2933
f 1570/3048/2931 1527/3050/2933 1569/3051/2934
f 1569/3051/2934 1527/3050/2933 1526/3052/2935
f 1569/3051/2934 1526/3052/2935 1525/3053/2936
f 1569/3051/2934 1525/3053/2936 1568/3054/2937
f 1568/3054/2937 1525/3053/2936 1524/3055/2938
f 1568/3054/2937 1524/3055/2938 1523/3056/2939
f 1523/3056/2939 1522/3057/2940 1568/3054/2937
f 1568/3054/2937 1522/3057/2940 1567/3058/2941
f 1568/3054/2937 1567/3058/2941 1176/3059/2942
f 1176/3059/2942 1567/3058/2941 1177/3060/2943
f 1177/3060/2943 1567/3058/2941 1178/3061/2944
f 1178/3061/2944 1567/3058/2941 1179/3062/2945
f 1179/3062/2945 1567/3058/2941 1566/3063/2946
f 1179/3062/2945 1566/3063/2946 1180/3064/2947
f 1180/3064/2947 1566/3063/2946 1181/3065/2948
f 1181/3065/2948 1566/3063/2946 1565/3066/2949
f 1181/3065/2948 1565/3066/2949 1182/3067/2950
f 1182/3067/2950 1565/3066/2949 1183/3068/2951
f 1183/3068/2951 1565/3066/2949 1564/3069/2952
f 1183/3068/2951 1564/3069/2952 1184/3070/2953
f 1184/3070/2953 1564/3069/2952 1185/3071/2954
f 1185/3071/2954 1564/3069/2952 1563/3072/2955
f 1185/3071/2954 1563/3072/2955 1186/3073/2956
f 1186/3073/2956 1563/3072/2955 1187/3074/2957
f 1187/3074/2957 1563/3072/2955 1562/3075/2958
f 1187/3074/2957 1562/3075/2958 1188/3076/2959
f 1188/3076/2959 1562/3075/2958 1189/3077/2960
f 1189/3077/2960 1562/3075/2958 1561/3078/2961
f 1189/3077/2960 1561/3078/2961 1190/3079/2962
f 1190/3079/2962 1561/3078/2961 1191/3080/2963
f 1191/3080/2963 1561/3078/2961 1560/3081/2964
f 1191/3080/2963 1560/3081/2964 1192/3082/2965
f 1192/3082/2965 1560/3081/2964 1193/3083/2966
f 1193/3083/2966 1560/3081/2964 1559/3084/2967
f 1193/3083/2966 1559/3084/2967 1194/3085/2968
f 1194/3085/2968 1559/3084/2967 1195/3086/2969
f 1195/3086/2969 1559/3084/2967 1558/3087/2970
f 1195/3086/2969 1558/3087/2970 1196/3088/2971
f 1196/3088/2971 1558/3087/2970 1197/3089/2972
f 1197/3089/2972 1558/3087/2970 1557/3090/2973
f 1197/3089/2972 1557/3090/2973 1198/3091/2974
f 1198/3091/2974 1557/3090/2973 1199/3092/2975
f 1199/3092/2975 1557/3090/2973 1556/3093/2976
f 1199/3092/2975 1556/3093/2976 1200/3094/2977
f 1200/3094/2977 1556/3093/2976 1201/3095/2978
f 1201/3095/2978 1556/3093/2976 1555/3096/2979
f 1201/3095/2978 1555/3096/2979 1202/3097/2980
f 1202/3097/2980 1555/3096/2979 1203/3098/2981
f 1203/3098/2981 1555/3096/2979 1554/3099/2982
f 1203/3098/2981 1554/3099/2982 1204/3100/2983
f 1204/3100/2983 1554/3099/2982 1205/3101/2984
f 1205/3101/2984 1554/3099/2982 1553/3102/2985
f 1205/3101/2984 1553/3102/2985 1206/3103/2986
f 1206/3103/2986 1553/3102/2985 1207/3104/2987
f 1207/3104/2987 1553/3102/2985 1552/3105/2988
f 1207/3104/2987 1552/3105/2988 1208/3106/2989
f 1208/3106/2989 1552/3105/2988 1209/3107/2990
f 1209/3107/2990 1552/3105/2988 1210/3108/2991
f 1210/3108/2991 1552/3105/2988 1551/3109/2992
f 1210/3108/2991 1551/3109/2992 1211/3110/2993
f 1211/3110/2993 1551/3109/2992 1212/3111/2994
f 1212/3111/2994 1551/3109/2992 1550/3112/2995
f 1212/3111/2994 1550/3112/2995 1213/3113/2996
f 1213/3113/2996 1550/3112/2995 1214/3114/2997
f 1214/3114/2997 1550/3112/2995 1549/3115/2998
f 1214/3114/2997 1549/3115/2998 1215/3116/2999
f 1215/3116/2999 1549/3115/2998 1216/3117/3000
f 1216/3117/3000 1549/3115/2998 1548/3118/3001
f 1216/3117/3000 1548/3118/3001 1217/3119/3002
f 1217/3119/3002 1548/3118/3001 1218/3120/3003
f 1218/3120/3003 1548/3118/3001 1547/3121/3004
f 1218/3120/3003 1547/3121/3004 1219/3122/3005
f 1219/3122/3005 1547/3121/3004 1220/3123/3006
f 1220/3123/3006 1547/3121/3004 1546/3124/3007
f 1220/3123/3006 1546/3124/3007 1221/3125/3008
f 1221/3125/3008 1546/3124/3007 1222/3126/3009
f 1222/3126/3009 1546/3124/3007 1545/3127/3010
f 1222/3126/3009 1545/3127/3010 1223/3128/3011
f 1223/3128/3011 1545/3127/3010 1224/3129/3012
f 1224/3129/3012 1545/3127/3010 1544/3130/3013
f 1224/3129/3012 1544/3130/3013 1225/3131/3014
f 1225/3131/3014 1544/3130/3013 1474/3132/3015
f 1225/3131/3014 1474/3132/3015 1473/3133/3016
f 1522/3057/2940 1521/3134/3017 1567/3058/2941
f 1567/3058/2941 1521/3134/3017 1520/3135/3018
f 1567/3058/2941 1520/3135/3018 1566/3063/2946
f 1566/3063/2946 1520/3135/3018 1519/3136/3019
f 1566/3063/2946 1519/3136/3019 1518/3137/3020
f 1566/3063/2946 1518/3137/3020 1565/3066/2949
f 1565/3066/2949 1518/3137/3020 1517/3138/3021
f 1565/3066/2949 1517/3138/3021 1516/3139/3022
f 1565/3066/2949 1516/3139/3022 1564/3069/2952
f 1564/3069/2952 1516/3139/3022 1515/3140/3023
f 1564/3069/2952 1515/3140/3023 1514/3141/3024
f 1564/3069/2952 1514/3141/3024 1563/3072/2955
f 1563/3072/2955 1514/3141/3024 1513/3142/3025
f 1563/3072/2955 1513/3142/3025 1512/3143/3026
f 1563/3072/2955 1512/3143/3026 1562/3075/2958
f 1562/3075/2958 1512/3143/3026 1511/3144/3027
f 1562/3075/2958 1511/3144/3027 1510/3145/3028
f 1562/3075/2958 1510/3145/3028 1561/3078/2961
f 1561/3078/2961 1510/3145/3028 1509/3146/3029
f 1561/3078/2961 1509/3146/3029 1508/3147/3030
f 1561/3078/2961 1508/3147/3030 1560/3081/2964
f 1560/3081/2964 1508/3147/3030 1507/3148/3031
f 1560/3081/2964 1507/3148/3031 1506/3149/3032
f 1560/3081/2964 1506/3149/3032 1559/3084/2967
f 1559/3084/2967 1506/3149/3032 1505/3150/3033
f 1559/3084/2967 1505/3150/3033 1504/3151/3034
f 1559/3084/2967 1504/3151/3034 1558/3087/2970
f 1558/3087/2970 1504/3151/3034 1503/3152/3035
f 1558/3087/2970 1503/3152/3035 1502/3153/3036
f 1558/3087/2970 1502/3153/3036 1557/3090/2973
f 1557/3090/2973 1502/3153/3036 1501/3154/3037
f 1557/3090/2973 1501/3154/3037 1500/3155/3038
f 1557/3090/2973 1500/3155/3038 1556/3093/2976
f 1556/3093/2976 1500/3155/3038 1499/3156/3039
f 1556/3093/2976 1499/3156/3039 1498/3157/3040
f 1556/3093/2976 1498/3157/3040 1555/3096/2979
f 1555/3096/2979 1498/3157/3040 1497/3158/3041
f 1555/3096/2979 1497/3158/3041 1496/3159/3042
f 1555/3096/2979 1496/3159/3042 1554/3099/2982
f 1554/3099/2982 1496/3159/3042 1495/3160/3043
f 1554/3099/2982 1495/3160/3043 1494/3161/3044
f 1554/3099/2982 1494/3161/3044 1553/3102/2985
f 1553/3102/2985 1494/3161/3044 1493/3162/3045
f 1553/3102/2985 1493/3162/3045 1492/3163/3046
f 1492/3163/3046 1491/3164/3047 1553/3102/2985
f 1553/3102/2985 1491/3164/3047 1552/3105/2988
f 1491/3164/3047 1490/3165/3048 1552/3105/2988
f 1552/3105/2988 1490/3165/3048 1489/3166/3049
f 1552/3105/2988 1489/3166/3049 1551/3109/2992
f 1551/3109/2992 1489/3166/3049 1488/3167/3050
f 1551/3109/2992 1488/3167/3050 1487/3168/3051
f 1551/3109/2992 1487/3168/3051 1550/3112/2995
f 1550/3112/2995 1487/3168/3051 1486/3169/3052
f 1550/3112/2995 1486/3169/3052 1485/3170/3053
f 1550/3112/2995 1485/3170/3053 1549/3115/2998
f 1549/3115/2998 1485/3170/3053 1484/3171/3054
f 1549/3115/2998 1484/3171/3054 1483/3172/3055
f 1549/3115/2998 1483/3172/3055 1548/3118/3001
f 1548/3118/3001 1483/3172/3055 1482/3173/3056
f 1548/3118/3001 1482/3173/3056 1481/3174/3057
f 1548/3118/3001 1481/3174/3057 1547/3121/3004
f 1547/3121/3004 1481/3174/3057 1480/3175/3058
f 1547/3121/3004 1480/3175/3058 1479/3176/3059
f 1547/3121/3004 1479/3176/3059 1546/3124/3007
f 1546/3124/3007 1479/3176/3059 1478/3177/3060
f 1546/3124/3007 1478/3177/3060 1477/3178/3061
f 1546/3124/3007 1477/3178/3061 1545/3127/3010
f 1545/3127/3010 1477/3178/3061 1476/3179/3062
f 1545/3127/3010 1476/3179/3062 1475/3180/3063
f 1545/3127/3010 1475/3180/3063 1544/3130/3013
f 1544/3130/3013 1475/3180/3063 1474/3132/3015
f 1225/3131/3014 1473/3133/3016 1226/3181/3064
f 1226/3181/3064 1473/3133/3016 1472/3182/3065
f 1226/3181/3064 1472/3182/3065 1227/3183/3066
f 1176/3059/2942 1175/3184/3067 1568/3054/2937
f 1568/3054/2937 1175/3184/3067 1174/3185/3068
f 1568/3054/2937 1174/3185/3068 1569/3051/2934
f 1569/3051/2934 1174/3185/3068 1173/3186/3069
f 1569/3051/2934 1173/3186/3069 1172/3187/3070
f 1569/3051/2934 1172/3187/3070 1570/3048/2931
f 1570/3048/2931 1172/3187/3070 1171/3188/3071
f 1570/3048/2931 1171/3188/3071 1170/3189/3072
f 1570/3048/2931 1170/3189/3072 1571/3045/2928
f 1571/3045/2928 1170/3189/3072 1169/3190/3073
f 1571/3045/2928 1169/3190/3073 1168/3191/3074
f 1571/3045/2928 1168/3191/3074 1572/3042/2925
f 1572/3042/2925 1168/3191/3074 1167/3192/3075
f 1572/3042/2925 1167/3192/3075 1166/3193/3076
f 1572/3042/2925 1166/3193/3076 1573/3039/2922
f 1573/3039/2922 1166/3193/3076 1165/3194/3077
f 1573/3039/2922 1165/3194/3077 1164/3195/3078
f 1573/3039/2922 1164/3195/3078 1574/3036/2919
f 1574/3036/2919 1164/3195/3078 1163/3196/3079
f 1574/3036/2919 1163/3196/3079 1162/3197/3080
f 1574/3036/2919 1162/3197/3080 1575/3033/2916
f 1575/3033/2916 1162/3197/3080 1161/3198/3081
f 1575/3033/2916 1161/3198/3081 1160/3199/3082
f 1575/3033/2916 1160/3199/3082 1576/3030/2913
f 1576/3030/2913 1160/3199/3082 1159/3200/3083
f 1576/3030/2913 1159/3200/3083 1158/3201/3084
f 1576/3030/2913 1158/3201/3084 1577/3022/2905
f 1577/3022/2905 1158/3201/3084 1157/3202/3085
f 1577/3022/2905 1157/3202/3085 1156/3203/3086
f 1156/3203/3086 1155/3204/3087 1577/3022/2905
f 1577/3022/2905 1155/3204/3087 1578/3024/2907
f 1155/3204/3087 1154/3026/2909 1578/3024/2907
f 1153/3027/2910 1152/3205/3088 1151/3025/2908
f 1151/3025/2908 1152/3205/3088 1133/3206/3089
f 1579/3207/3090 1580/3208/3091 1397/3209/3092
f 1397/3209/3092 1580/3208/3091 1409/3210/3093
f 1409/3210/3093 1580/3208/3091 1643/3211/3094
f 1409/3210/3093 1643/3211/3094 1410/3212/3095
f 1410/3212/3095 1643/3211/3094 1411/3213/3096
f 1411/3213/3096 1643/3211/3094 1644/3214/3097
f 1411/3213/3096 1644/3214/3097 1412/3215/3098
f 1412/3215/3098 1644/3214/3097 1645/3216/3099
f 1412/3215/3098 1645/3216/3099 1413/3217/3100
f 1413/3217/3100 1645/3216/3099 1414/3218/3101
f 1414/3218/3101 1645/3216/3099 1646/3219/3102
f 1414/3218/3101 1646/3219/3102 1415/3220/3103
f 1415/3220/3103 1646/3219/3102 1416/3221/3104
f 1416/3221/3104 1646/3219/3102 1647/3222/3105
f 1416/3221/3104 1647/3222/3105 1417/3223/3106
f 1417/3223/3106 1647/3222/3105 1418/3224/3107
f 1418/3224/3107 1647/3222/3105 1648/3225/3108
f 1418/3224/3107 1648/3225/3108 1419/3226/3109
f 1419/3226/3109 1648/3225/3108 1420/3227/3110
f 1420/3227/3110 1648/3225/3108 1649/3228/3111
f 1420/3227/3110 1649/3228/3111 1421/3229/3112
f 1421/3229/3112 1649/3228/3111 1650/3230/3113
f 1421/3229/3112 1650/3230/3113 1422/3231/3114
f 1422/3231/3114 1650/3230/3113 1423/3232/3115
f 1423/3232/3115 1650/3230/3113 1651/3233/3116
f 1423/3232/3115 1651/3233/3116 1424/3234/3117
f 1424/3234/3117 1651/3233/3116 1425/3235/3118
f 1425/3235/3118 1651/3233/3116 1652/3236/3119
f 1425/3235/3118 1652/3236/3119 1426/3237/3120
f 1426/3237/3120 1652/3236/3119 1427/3238/3121
f 1427/3238/3121 1652/3236/3119 1653/3239/3122
f 1427/3238/3121 1653/3239/3122 1428/3240/3123
f 1428/3240/3123 1653/3239/3122 1654/3241/3124
f 1428/3240/3123 1654/3241/3124 1429/3242/3125
f 1429/3242/3125 1654/3241/3124 1430/3243/3126
f 1430/3243/3126 1654/3241/3124 1655/3244/3127
f 1430/3243/3126 1655/3244/3127 1431/3245/3128
f 1431/3245/3128 1655/3244/3127 1432/3246/3129
f 1432/3246/3129 1655/3244/3127 1656/3247/3130
f 1432/3246/3129 1656/3247/3130 1433/3248/3131
f 1433/3248/3131 1656/3247/3130 1434/3249/3132
f 1434/3249/3132 1656/3247/3130 1657/3250/3133
f 1434/3249/3132 1657/3250/3133 1435/3251/3134
f 1435/3251/3134 1657/3250/3133 1658/3252/3135
f 1435/3251/3134 1658/3252/3135 1436/3253/3136
f 1436/3253/3136 1658/3252/3135 1437/3254/3137
f 1437/3254/3137 1658/3252/3135 1659/3255/3138
f 1437/3254/3137 1659/3255/3138 1438/3256/3139
f 1438/3256/3139 1659/3255/3138 1439/3257/3140
f 1439/3257/3140 1659/3255/3138 1660/3258/3141
f 1439/3257/3140 1660/3258/3141 1440/3259/3142
f 1440/3259/3142 1660/3258/3141 1441/3260/3143
f 1441/3260/3143 1660/3258/3141 1661/3261/3144
f 1441/3260/3143 1661/3261/3144 1442/3262/3145
f 1442/3262/3145 1661/3261/3144 1443/3263/3146
f 1443/3263/3146 1661/3261/3144 1662/3264/3147
f 1443/3263/3146 1662/3264/3147 1444/3265/3148
f 1444/3265/3148 1662/3264/3147 1663/3266/3149
f 1444/3265/3148 1663/3266/3149 1445/3267/3150
f 1445/3267/3150 1663/3266/3149 1446/3268/3151
f 1446/3268/3151 1663/3266/3149 1664/3269/3152
f 1446/3268/3151 1664/3269/3152 1447/3270/3153
f 1447/3270/3153 1664/3269/3152 1448/3271/3154
f 1448/3271/3154 1664/3269/3152 1665/3272/3155
f 1448/3271/3154 1665/3272/3155 1449/3273/3156
f 1449/3273/3156 1665/3272/3155 1450/3274/3157
f 1450/3274/3157 1665/3272/3155 1666/3275/3158
f 1450/3274/3157 1666/3275/3158 1451/3276/3159
f 1451/3276/3159 1666/3275/3158 1452/3277/3160
f 1452/3277/3160 1666/3275/3158 1667/3278/3161
f 1452/3277/3160 1667/3278/3161 1453/3279/3162
f 1453/3279/3162 1667/3278/3161 1668/3280/3163
f 1453/3279/3162 1668/3280/3163 1454/3281/3164
f 1454/3281/3164 1668/3280/3163 1455/3282/3165
f 1455/3282/3165 1668/3280/3163 1669/3283/3166
f 1455/3282/3165 1669/3283/3166 1456/3284/3167
f 1456/3284/3167 1669/3283/3166 1457/3285/3168
f 1457/3285/3168 1669/3283/3166 1670/3286/3169
f 1457/3285/3168 1670/3286/3169 1458/3287/3170
f 1458/3287/3170 1670/3286/3169 1459/3288/3171
f 1459/3288/3171 1670/3286/3169 1671/3289/3172
f 1459/3288/3171 1671/3289/3172 1460/3290/3173
f 1460/3290/3173 1671/3289/3172 1672/3291/3174
f 1460/3290/3173 1672/3291/3174 1461/3292/3175
f 1461/3292/3175 1672/3291/3174 1462/3293/3176
f 1462/3293/3176 1672/3291/3174 1673/3294/3177
f 1462/3293/3176 1673/3294/3177 1463/3295/3178
f 1463/3295/3178 1673/3294/3177 1464/3296/3179
f 1464/3296/3179 1673/3294/3177 1674/3297/3180
f 1464/3296/3179 1674/3297/3180 1465/3298/3181
f 1465/3298/3181 1674/3297/3180 1466/3299/3182
f 1466/3299/3182 1674/3297/3180 1675/3300/3183
f 1466/3299/3182 1675/3300/3183 1467/3301/3184
f 1467/3301/3184 1675/3300/3183 1468/3302/3185
f 1468/3302/3185 1675/3300/3183 1676/3303/3186
f 1468/3302/3185 1676/3303/3186 1469/3304/3187
f 1469/3304/3187 1676/3303/3186 1677/3305/3188
f 1469/3304/3187 1677/3305/3188 1470/3306/3189
f 1470/3306/3189 1677/3305/3188 1471/3307/3190
f 1471/3307/3190 1677/3305/3188 1472/3308/3191
f 1472/3308/3191 1677/3305/3188 1227/3309/3192
f 1227/3309/3192 1677/3305/3188 1642/3310/3193
f 1642/3310/3193 1677/3305/3188 1641/3311/3194
f 1641/3311/3194 1677/3305/3188 1640/3312/3195
f 1640/3312/3195 1677/3305/3188 1676/3303/3186
f 1640/3312/3195 1676/3303/3186 1639/3313/3196
f 1639/3313/3196 1676/3303/3186 1675/3300/3183
f 1639/3313/3196 1675/3300/3183 1638/3314/3197
f 1638/3314/3197 1675/3300/3183 1637/3315/3198
f 1637/3315/3198 1675/3300/3183 1674/3297/3180
f 1637/3315/3198 1674/3297/3180 1636/3316/3199
f 1636/3316/3199 1674/3297/3180 1635/3317/3200
f 1635/3317/3200 1674/3297/3180 1673/3294/3177
f 1635/3317/3200 1673/3294/3177 1634/3318/3201
f 1634/3318/3201 1673/3294/3177 1633/3319/3202
f 1633/3319/3202 1673/3294/3177 1672/3291/3174
f 1633/3319/3202 1672/3291/3174 1632/3320/3203
f 1632/3320/3203 1672/3291/3174 1631/3321/3204
f 1631/3321/3204 1672/3291/3174 1671/3289/3172
f 1631/3321/3204 1671/3289/3172 1630/3322/3205
f 1630/3322/3205 1671/3289/3172 1670/3286/3169
f 1630/3322/3205 1670/3286/3169 1629/3323/3206
f 1629/3323/3206 1670/3286/3169 1628/3324/3207
f 1628/3324/3207 1670/3286/3169 1669/3283/3166
f 1628/3324/3207 1669/3283/3166 1627/3325/3208
f 1627/3325/3208 1669/3283/3166 1626/3326/3209
f 1626/3326/3209 1669/3283/3166 1668/3280/3163
f 1626/3326/3209 1668/3280/3163 1625/3327/3210
f 1625/3327/3210 1668/3280/3163 1624/3328/3211
f 1624/3328/3211 1668/3280/3163 1667/3278/3161
f 1624/3328/3211 1667/3278/3161 1623/3329/3212
f 1623/3329/3212 1667/3278/3161 1666/3275/3158
f 1623/3329/3212 1666/3275/3158 1622/3330/3213
f 1622/3330/3213 1666/3275/3158 1621/3331/3214
f 1621/3331/3214 1666/3275/3158 1665/3272/3155
f 1621/3331/3214 1665/3272/3155 1620/3332/3215
f 1620/3332/3215 1665/3272/3155 1619/3333/3216
f 1619/3333/3216 1665/3272/3155 1664/3269/3152
f 1619/3333/3216 1664/3269/3152 1618/3334/3217
f 1618/3334/3217 1664/3269/3152 1617/3335/3218
f 1617/3335/3218 1664/3269/3152 1663/3266/3149
f 1617/3335/3218 1663/3266/3149 1616/3336/3219
f 1616/3336/3219 1663/3266/3149 1615/3337/3220
f 1615/3337/3220 1663/3266/3149 1662/3264/3147
f 1615/3337/3220 1662/3264/3147 1614/3338/3221
f 1614/3338/3221 1662/3264/3147 1661/3261/3144
f 1614/3338/3221 1661/3261/3144 1613/3339/3222
f 1613/3339/3222 1661/3261/3144 1612/3340/3223
f 1612/3340/3223 1661/3261/3144 1660/3258/3141
f 1612/3340/3223 1660/3258/3141 1611/3341/3224
f 1611/3341/3224 1660/3258/3141 1610/3342/3225
f 1610/3342/3225 1660/3258/3141 1659/3255/3138
f 1610/3342/3225 1659/3255/3138 1609/3343/3226
f 1609/3343/3226 1659/3255/3138 1608/3344/3227
f 1608/3344/3227 1659/3255/3138 1658/3252/3135
f 1608/3344/3227 1658/3252/3135 1607/3345/3228
f 1607/3345/3228 1658/3252/3135 1657/3250/3133
f 1607/3345/3228 1657/3250/3133 1606/3346/3229
f 1606/3346/3229 1657/3250/3133 1605/3347/3230
f 1605/3347/3230 1657/3250/3133 1656/3247/3130
f 1605/3347/3230 1656/3247/3130 1604/3348/3231
f 1604/3348/3231 1656/3247/3130 1603/3349/3232
f 1603/3349/3232 1656/3247/3130 1655/3244/3127
f 1603/3349/3232 1655/3244/3127 1602/3350/3233
f 1602/3350/3233 1655/3244/3127 1601/3351/3234
f 1601/3351/3234 1655/3244/3127 1654/3241/3124
f 1601/3351/3234 1654/3241/3124 1600/3352/3235
f 1600/3352/3235 1654/3241/3124 1599/3353/3236
f 1599/3353/3236 1654/3241/3124 1653/3239/3122
f 1599/3353/3236 1653/3239/3122 1598/3354/3237
f 1598/3354/3237 1653/3239/3122 1652/3236/3119
f 1598/3354/3237 1652/3236/3119 1597/3355/3238
f 1597/3355/3238 1652/3236/3119 1596/3356/3239
f 1596/3356/3239 1652/3236/3119 1651/3233/3116
f 1596/3356/3239 1651/3233/3116 1595/3357/3240
f 1595/3357/3240 1651/3233/3116 1594/3358/3241
f 1594/3358/3241 1651/3233/3116 1650/3230/3113
f 1594/3358/3241 1650/3230/3113 1593/3359/3242
f 1593/3359/3242 1650/3230/3113 1592/3360/3243
f 1592/3360/3243 1650/3230/3113 1649/3228/3111
f 1592/3360/3243 1649/3228/3111 1591/3361/3244
f 1591/3361/3244 1649/3228/3111 1590/3362/3245
f 1590/3362/3245 1649/3228/3111 1648/3225/3108
f 1590/3362/3245 1648/3225/3108 1589/3363/3246
f 1589/3363/3246 1648/3225/3108 1647/3222/3105
f 1589/3363/3246 1647/3222/3105 1588/3364/3247
f 1588/3364/3247 1647/3222/3105 1587/3365/3248
f 1587/3365/3248 1647/3222/3105 1646/3219/3102
f 1587/3365/3248 1646/3219/3102 1586/3366/3249
f 1586/3366/3249 1646/3219/3102 1585/3367/3250
f 1585/3367/3250 1646/3219/3102 1645/3216/3099
f 1585/3367/3250 1645/3216/3099 1584/3368/3251
f 1584/3368/3251 1645/3216/3099 1583/3369/3252
f 1583/3369/3252 1645/3216/3099 1644/3214/3097
f 1583/3369/3252 1644/3214/3097 1582/3370/3253
f 1582/3370/3253 1644/3214/3097 1643/3211/3094
f 1582/3370/3253 1643/3211/3094 1581/3371/3254
f 1581/3371/3254 1643/3211/3094 1580/3208/3091
f 1408/3372/3255 1407/3373/3256 1397/3374/3257
f 1397/3374/3257 1407/3373/3256 1406/3375/3258
f 1397/3374/3257 1406/3375/3258 1405/3376/3259
f 1405/3376/3259 1404/3377/3260 1397/3374/3257
f 1397/3374/3257 1404/3377/3260 1403/3378/3261
f 1397/3374/3257 1403/3378/3261 1402/3379/3262
f 1402/3379/3262 1401/3380/3263 1397/3374/3257
f 1397/3374/3257 1401/3380/3263 1400/3381/3264
f 1397/3374/3257 1400/3381/3264 1399/3382/3265
f 1399/3382/3265 1398/3383/3266 1397/3374/3257
f 1396/3384/3267 1579/3385/3268 1397/3386/3269
f 1579/3387/3270 1396/3388/3271 1718/3389/3272
f 1718/3389/3272 1396/3388/3271 1395/3390/3273
f 1718/3389/3272 1395/3390/3273 1394/3391/3274
f 1394/3391/3274 1393/3392/3275 1718/3389/3272
f 1718/3389/3272 1393/3392/3275 1717/3393/3276
f 1718/3389/3272 1717/3393/3276 1582/3394/3277
f 1582/3394/3277 1717/3393/3276 1583/3395/3278
f 1583/3395/3278 1717/3393/3276 1716/3396/3279
f 1583/3395/3278 1716/3396/3279 1584/3397/3280
f 1584/3397/3280 1716/3396/3279 1585/3398/3281
f 1585/3398/3281 1716/3396/3279 1715/3399/3282
f 1585/3398/3281 1715/3399/3282 1586/3400/3283
f 1586/3400/3283 1715/3399/3282 1587/3401/3284
f 1587/3401/3284 1715/3399/3282 1714/3402/3285
f 1587/3401/3284 1714/3402/3285 1588/3403/3286
f 1588/3403/3286 1714/3402/3285 1589/3404/3287
f 1589/3404/3287 1714/3402/3285 1713/3405/3288
f 1589/3404/3287 1713/3405/3288 1590/3406/3289
f 1590/3406/3289 1713/3405/3288 1591/3407/3290
f 1591/3407/3290 1713/3405/3288 1712/3408/3291
f 1591/3407/3290 1712/3408/3291 1592/3409/3292
f 1592/3409/3292 1712/3408/3291 1593/3410/3293
f 1593/3410/3293 1712/3408/3291 1711/3411/3294
f 1593/3410/3293 1711/3411/3294 1594/3412/3295
f 1594/3412/3295 1711/3411/3294 1595/3413/3296
f 1595/3413/3296 1711/3411/3294 1710/3414/3297
f 1595/3413/3296 1710/3414/3297 1596/3415/3298
f 1596/3415/3298 1710/3414/3297 1709/3416/3299
f 1596/3415/3298 1709/3416/3299 1597/3417/3300
f 1597/3417/3300 1709/3416/3299 1598/3418/3301
f 1598/3418/3301 1709/3416/3299 1708/3419/3302
f 1598/3418/3301 1708/3419/3302 1599/3420/3303
f 1599/3420/3303 1708/3419/3302 1707/3421/3304
f 1599/3420/3303 1707/3421/3304 1600/3422/3305
f 1600/3422/3305 1707/3421/3304 1601/3423/3306
f 1601/3423/3306 1707/3421/3304 1706/3424/3307
f 1601/3423/3306 1706/3424/3307 1602/3425/3308
f 1602/3425/3308 1706/3424/3307 1705/3426/3309
f 1602/3425/3308 1705/3426/3309 1603/3427/3310
f 1603/3427/3310 1705/3426/3309 1604/3428/3311
f 1604/3428/3311 1705/3426/3309 1704/3429/3312
f 1604/3428/3311 1704/3429/3312 1605/3430/3313
f 1605/3430/3313 1704/3429/3312 1703/3431/3314
f 1605/3430/3313 1703/3431/3314 1606/3432/3315
f 1606/3432/3315 1703/3431/3314 1607/3433/3316
f 1607/3433/3316 1703/3431/3314 1702/3434/3317
f 1607/3433/3316 1702/3434/3317 1608/3435/3318
f 1608/3435/3318 1702/3434/3317 1701/3436/3319
f 1608/3435/3318 1701/3436/3319 1609/3437/3320
f 1609/3437/3320 1701/3436/3319 1700/3438/3321
f 1609/3437/3320 1700/3438/3321 1610/3439/3322
f 1610/3439/3322 1700/3438/3321 1611/3440/3323
f 1611/3440/3323 1700/3438/3321 1699/3441/3324
f 1611/3440/3323 1699/3441/3324 1612/3442/3325
f 1612/3442/3325 1699/3441/3324 1698/3443/3326
f 1612/3442/3325 1698/3443/3326 1613/3444/3327
f 1613/3444/3327 1698/3443/3326 1614/3445/3328
f 1614/3445/3328 1698/3443/3326 1697/3446/3329
f 1614/3445/3328 1697/3446/3329 1615/3447/3330
f 1615/3447/3330 1697/3446/3329 1696/3448/3331
f 1615/3447/3330 1696/3448/3331 1616/3449/3332
f 1616/3449/3332 1696/3448/3331 1617/3450/3333
f 1617/3450/3333 1696/3448/3331 1695/3451/3334
f 1617/3450/3333 1695/3451/3334 1618/3452/3335
f 1618/3452/3335 1695/3451/3334 1694/3453/3336
f 1618/3452/3335 1694/3453/3336 1619/3454/3337
f 1619/3454/3337 1694/3453/3336 1693/3455/3338
f 1619/3454/3337 1693/3455/3338 1620/3456/3339
f 1620/3456/3339 1693/3455/3338 1621/3457/3340
f 1621/3457/3340 1693/3455/3338 1692/3458/3341
f 1621/3457/3340 1692/3458/3341 1622/3459/3342
f 1622/3459/3342 1692/3458/3341 1691/3460/3343
f 1622/3459/3342 1691/3460/3343 1623/3461/3344
f 1623/3461/3344 1691/3460/3343 1624/3462/3345
f 1624/3462/3345 1691/3460/3343 1690/3463/3346
f 1624/3462/3345 1690/3463/3346 1625/3464/3347
f 1625/3464/3347 1690/3463/3346 1689/3465/3348
f 1625/3464/3347 1689/3465/3348 1626/3466/3349
f 1626/3466/3349 1689/3465/3348 1627/3467/3350
f 1627/3467/3350 1689/3465/3348 1688/3468/3351
f 1627/3467/3350 1688/3468/3351 1628/3469/3352
f 1628/3469/3352 1688/3468/3351 1687/3470/3353
f 1628/3469/3352 1687/3470/3353 1629/3471/3354
f 1629/3471/3354 1687/3470/3353 1686/3472/3355
f 1629/3471/3354 1686/3472/3355 1630/3473/3356
f 1630/3473/3356 1686/3472/3355 1631/3474/3357
f 1631/3474/3357 1686/3472/3355 1685/3475/3358
f 1631/3474/3357 1685/3475/3358 1632/3476/3359
f 1632/3476/3359 1685/3475/3358 1684/3477/3360
f 1632/3476/3359 1684/3477/3360 1633/3478/3361
f 1633/3478/3361 1684/3477/3360 1634/3479/3362
f 1634/3479/3362 1684/3477/3360 1683/3480/3363
f 1634/3479/3362 1683/3480/3363 1635/3481/3364
f 1635/3481/3364 1683/3480/3363 1682/3482/3365
f 1635/3481/3364 1682/3482/3365 1636/3483/3366
f 1636/3483/3366 1682/3482/3365 1637/3484/3367
f 1637/3484/3367 1682/3482/3365 1681/3485/3368
f 1637/3484/3367 1681/3485/3368 1638/3486/3369
f 1638/3486/3369 1681/3485/3368 1680/3487/3370
f 1638/3486/3369 1680/3487/3370 1639/3488/3371
f 1639/3488/3371 1680/3487/3370 1679/3489/3372
f 1639/3488/3371 1679/3489/3372 1640/3490/3373
f 1640/3490/3373 1679/3489/3372 1641/3491/3374
f 1641/3491/3374 1679/3489/3372 1678/3492/3375
f 1641/3491/3374 1678/3492/3375 1642/3493/3376
f 1642/3493/3376 1678/3492/3375 1228/3494/3377
f 1642/3493/3376 1228/3494/3377 1227/3495/3378
f 1393/3392/3275 1392/3496/3379 1717/3393/3276
f 1717/3393/3276 1392/3496/3379 1716/3396/3279
f 1392/3496/3379 1391/3497/3380 1716/3396/3279
f 1716/3396/3279 1391/3497/3380 1390/3498/3381
f 1716/3396/3279 1390/3498/3381 1715/3399/3282
f 1715/3399/3282 1390/3498/3381 1389/3499/3382
f 1715/3399/3282 1389/3499/3382 1388/3500/3383
f 1715/3399/3282 1388/3500/3383 1714/3402/3285
f 1714/3402/3285 1388/3500/3383 1387/3501/3384
f 1714/3402/3285 1387/3501/3384 1386/3502/3385
f 1714/3402/3285 1386/3502/3385 1713/3405/3288
f 1713/3405/3288 1386/3502/3385 1385/3503/3386
f 1713/3405/3288 1385/3503/3386 1384/3504/3387
f 1713/3405/3288 1384/3504/3387 1712/3408/3291
f 1712/3408/3291 1384/3504/3387 1383/3505/3388
f 1712/3408/3291 1383/3505/3388 1382/3506/3389
f 1712/3408/3291 1382/3506/3389 1711/3411/3294
f 1711/3411/3294 1382/3506/3389 1381/3507/3390
f 1711/3411/3294 1381/3507/3390 1380/3508/3391
f 1711/3411/3294 1380/3508/3391 1710/3414/3297
f 1710/3414/3297 1380/3508/3391 1379/3509/3392
f 1710/3414/3297 1379/3509/3392 1378/3510/3393
f 1710/3414/3297 1378/3510/3393 1709/3416/3299
f 1709/3416/3299 1378/3510/3393 1377/3511/3394
f 1709/3416/3299 1377/3511/3394 1708/3419/3302
f 1708/3419/3302 1377/3511/3394 1376/3512/3395
f 1708/3419/3302 1376/3512/3395 1707/3421/3304
f 1707/3421/3304 1376/3512/3395 1375/3513/3396
f 1707/3421/3304 1375/3513/3396 1374/3514/3397
f 1707/3421/3304 1374/3514/3397 1706/3424/3307
f 1706/3424/3307 1374/3514/3397 1373/3515/3398
f 1706/3424/3307 1373/3515/3398 1705/3426/3309
f 1705/3426/3309 1373/3515/3398 1372/3516/3399
f 1705/3426/3309 1372/3516/3399 1371/3517/3400
f 1705/3426/3309 1371/3517/3400 1704/3429/3312
f 1704/3429/3312 1371/3517/3400 1370/3518/3401
f 1704/3429/3312 1370/3518/3401 1703/3431/3314
f 1703/3431/3314 1370/3518/3401 1369/3519/3402
f 1703/3431/3314 1369/3519/3402 1368/3520/3403
f 1703/3431/3314 1368/3520/3403 1702/3434/3317
f 1702/3434/3317 1368/3520/3403 1367/3521/3404
f 1702/3434/3317 1367/3521/3404 1701/3436/3319
f 1701/3436/3319 1367/3521/3404 1366/3522/3405
f 1701/3436/3319 1366/3522/3405 1700/3438/3321
f 1700/3438/3321 1366/3522/3405 1365/3523/3406
f 1700/3438/3321 1365/3523/3406 1364/3524/3407
f 1700/3438/3321 1364/3524/3407 1699/3441/3324
f 1699/3441/3324 1364/3524/3407 1363/3525/3408
f 1699/3441/3324 1363/3525/3408 1698/3443/3326
f 1698/3443/3326 1363/3525/3408 1362/3526/3409
f 1698/3443/3326 1362/3526/3409 1361/3527/3410
f 1698/3443/3326 1361/3527/3410 1697/3446/3329
f 1697/3446/3329 1361/3527/3410 1360/3528/3411
f 1697/3446/3329 1360/3528/3411 1696/3448/3331
f 1696/3448/3331 1360/3528/3411 1359/3529/3412
f 1696/3448/3331 1359/3529/3412 1358/3530/3413
f 1696/3448/3331 1358/3530/3413 1695/3451/3334
f 1695/3451/3334 1358/3530/3413 1357/3531/3414
f 1695/3451/3334 1357/3531/3414 1694/3453/3336
f 1694/3453/3336 1357/3531/3414 1356/3532/3415
f 1694/3453/3336 1356/3532/3415 1693/3455/3338
f 1693/3455/3338 1356/3532/3415 1355/3533/3416
f 1693/3455/3338 1355/3533/3416 1354/3534/3417
f 1693/3455/3338 1354/3534/3417 1692/3458/3341
f 1692/3458/3341 1354/3534/3417 1353/3535/3418
f 1692/3458/3341 1353/3535/3418 1691/3460/3343
f 1691/3460/3343 1353/3535/3418 1352/3536/3419
f 1691/3460/3343 1352/3536/3419 1351/3537/3420
f 1691/3460/3343 1351/3537/3420 1690/3463/3346
f 1690/3463/3346 1351/3537/3420 1350/3538/3421
f 1690/3463/3346 1350/3538/3421 1689/3465/3348
f 1689/3465/3348 1350/3538/3421 1349/3539/3422
f 1689/3465/3348 1349/3539/3422 1348/3540/3423
f 1689/3465/3348 1348/3540/3423 1688/3468/3351
f 1688/3468/3351 1348/3540/3423 1347/3541/3424
f 1688/3468/3351 1347/3541/3424 1687/3470/3353
f 1687/3470/3353 1347/3541/3424 1346/3542/3425
f 1687/3470/3353 1346/3542/3425 1686/3472/3355
f 1686/3472/3355 1346/3542/3425 1345/3543/3426
f 1686/3472/3355 1345/3543/3426 1344/3544/3427
f 1686/3472/3355 1344/3544/3427 1685/3475/3358
f 1685/3475/3358 1344/3544/3427 1343/3545/3428
f 1685/3475/3358 1343/3545/3428 1684/3477/3360
f 1684/3477/3360 1343/3545/3428 1342/3546/3429
f 1684/3477/3360 1342/3546/3429 1341/3547/3430
f 1684/3477/3360 1341/3547/3430 1683/3480/3363
f 1683/3480/3363 1341/3547/3430 1340/3548/3431
f 1683/3480/3363 1340/3548/3431 1682/3482/3365
f 1682/3482/3365 1340/3548/3431 1339/3549/3432
f 1682/3482/3365 1339/3549/3432 1338/3550/3433
f 1682/3482/3365 1338/3550/3433 1681/3485/3368
f 1681/3485/3368 1338/3550/3433 1337/3551/3434
f 1681/3485/3368 1337/3551/3434 1680/3487/3370
f 1680/3487/3370 1337/3551/3434 1336/3552/3435
f 1680/3487/3370 1336/3552/3435 1679/3489/3372
f 1679/3489/3372 1336/3552/3435 1335/3553/3436
f 1679/3489/3372 1335/3553/3436 1334/3554/3437
f 1679/3489/3372 1334/3554/3437 1678/3492/3375
f 1678/3492/3375 1334/3554/3437 1333/3555/3438
f 1678/3492/3375 1333/3555/3438 1228/3494/3377
f 1582/3394/3277 1581/3556/3439 1718/3389/3272
f 1718/3389/3272 1581/3556/3439 1580/3557/3440
f 1718/3389/3272 1580/3557/3440 1579/3387/3270
f 386/3558/3441 1729/3559/3442 371/3560/3443
f 371/3560/3443 1729/3559/3442 1730/3561/3444
f 371/3560/3443 1730/3561/3444 372/3562/3445
f 372/3562/3445 1730/3561/3444 1731/3563/3446
f 372/3562/3445 1731/3563/3446 1732/3564/3447
f 386/3558/3441 385/3565/3448 1729/3559/3442
f 1729/3559/3442 385/3565/3448 1728/3566/3449
f 1728/3566/3449 385/3565/3448 384/3567/3450
f 1728/3566/3449 384/3567/3450 1727/3568/3451
f 1727/3568/3451 384/3567/3450 383/3569/3452
f 1727/3568/3451 383/3569/3452 1726/3570/3453
f 1726/3570/3453 383/3569/3452 382/3571/3454
f 1726/3570/3453 382/3571/3454 1725/3572/3455
f 1725/3572/3455 382/3571/3454 381/3573/3456
f 1725/3572/3455 381/3573/3456 1724/3574/3457
f 1724/3574/3457 381/3573/3456 380/3575/3458
f 1724/3574/3457 380/3575/3458 1723/3576/3459
f 1723/3576/3459 380/3575/3458 379/3577/3460
f 1723/3576/3459 379/3577/3460 1722/3578/3461
f 1722/3578/3461 379/3577/3460 378/3579/3462
f 1722/3578/3461 378/3579/3462 1721/3580/3463
f 1721/3580/3463 378/3579/3462 377/3581/3464
f 1721/3582/3463 377/3583/3464 1720/3584/3465
f 1720/3584/3465 377/3583/3464 376/3585/3466
f 1720/3584/3465 376/3585/3466 1719/3586/3467
f 1719/3586/3467 376/3585/3466 375/3587/3468
f 1719/3586/3467 375/3587/3468 374/3588/3469
f 1719/3586/3467 374/3588/3469 1733/3589/3470
f 1733/3589/3470 374/3588/3469 373/3590/3471
f 1733/3589/3470 373/3590/3471 1732/3564/3447
f 1732/3564/3447 373/3590/3471 372/3562/3445
f 1733/3589/3470 1734/3591/3472 1719/3586/3467
f 1719/3586/3467 1734/3591/3472 1737/3592/3473
f 1737/3592/3473 1734/3591/3472 1735/3593/3474
f 1737/3592/3473 1735/3593/3474 1736/3594/3475
f 1719/3595/3476 1738/3596/3477 1720/3597/3478
f 1720/3597/3478 1738/3596/3477 1739/3598/3479
f 1720/3597/3478 1739/3598/3479 1740/3599/3480
f 1720/3597/3478 1740/3599/3480 1721/3600/3481
f 1721/3600/3481 1740/3599/3480 1741/3601/3482
f 1721/3600/3481 1741/3601/3482 1742/3602/3483
f 1721/3600/3481 1742/3602/3483 1722/3603/3484
f 1722/3603/3484 1742/3602/3483 1743/3604/3485
f 1722/3603/3484 1743/3604/3485 1723/3605/3486
f 1723/3605/3486 1743/3604/3485 1744/3606/3487
f 1723/3605/3486 1744/3606/3487 1918/3607/3488
f 1918/3607/3488 1744/3606/3487 1745/3608/3489
f 1918/3607/3488 1745/3608/3489 1746/3609/3490
f 1918/3607/3488 1746/3609/3490 1917/3610/3491
f 1917/3610/3491 1746/3609/3490 1747/3611/3492
f 1917/3610/3491 1747/3611/3492 1748/3612/3493
f 1917/3610/3491 1748/3612/3493 1916/3613/3494
f 1916/3613/3494 1748/3612/3493 1749/3614/3495
f 1916/3613/3494 1749/3614/3495 1750/3615/3496
f 1916/3613/3494 1750/3615/3496 1915/3616/3497
f 1915/3616/3497 1750/3615/3496 1751/3617/3498
f 1915/3616/3497 1751/3617/3498 1752/3618/3499
f 1915/3616/3497 1752/3618/3499 1914/3619/3500
f 1914/3619/3500 1752/3618/3499 1753/3620/3501
f 1914/3619/3500 1753/3620/3501 1754/3621/3502
f 1914/3619/3500 1754/3621/3502 1913/3622/3503
f 1913/3622/3503 1754/3621/3502 1755/3623/3504
f 1913/3622/3503 1755/3623/3504 1756/3624/3505
f 1913/3622/3503 1756/3624/3505 1912/3625/3506
f 1912/3625/3506 1756/3624/3505 1757/3626/3507
f 1912/3625/3506 1757/3626/3507 1758/3627/3508
f 1912/3625/3506 1758/3627/3508 1911/3628/3509
f 1911/3628/3509 1758/3627/3508 1759/3629/3510
f 1911/3628/3509 1759/3629/3510 1760/3630/3511
f 1911/3628/3509 1760/3630/3511 1910/3631/3512
f 1910/3631/3512 1760/3630/3511 1761/3632/3513
f 1910/3631/3512 1761/3632/3513 1762/3633/3514
f 1762/3633/3514 1763/3634/3515 1910/3631/3512
f 1910/3631/3512 1763/3634/3515 1909/3635/3516
f 1910/3631/3512 1909/3635/3516 1875/3636/3517
f 1875/3636/3517 1909/3635/3516 1874/3637/3518
f 1874/3637/3518 1909/3635/3516 1873/3638/3519
f 1873/3638/3519 1909/3635/3516 1908/3639/3520
f 1873/3638/3519 1908/3639/3520 1872/3640/3521
f 1872/3640/3521 1908/3639/3520 1871/3641/3522
f 1871/3641/3522 1908/3639/3520 1870/3642/3523
f 1870/3642/3523 1908/3639/3520 1907/3643/3524
f 1870/3642/3523 1907/3643/3524 1869/3644/3525
f 1869/3644/3525 1907/3643/3524 1868/3645/3526
f 1868/3645/3526 1907/3643/3524 1906/3646/3527
f 1868/3645/3526 1906/3646/3527 1867/3647/3528
f 1867/3647/3528 1906/3646/3527 1866/3648/3529
f 1866/3648/3529 1906/3646/3527 1865/3649/3530
f 1865/3649/3530 1906/3646/3527 1905/3650/3531
f 1865/3649/3530 1905/3650/3531 1864/3651/3532
f 1864/3651/3532 1905/3650/3531 1863/3652/3533
f 1863/3652/3533 1905/3650/3531 1904/3653/3534
f 1863/3652/3533 1904/3653/3534 1862/3654/3535
f 1862/3654/3535 1904/3653/3534 1861/3655/3536
f 1861/3655/3536 1904/3653/3534 1860/3656/3537
f 1860/3656/3537 1904/3653/3534 1903/3657/3538
f 1860/3656/3537 1903/3657/3538 1859/3658/3539
f 1859/3658/3539 1903/3657/3538 1858/3659/3540
f 1858/3659/3540 1903/3657/3538 1902/3660/3541
f 1858/3659/3540 1902/3660/3541 1857/3661/3542
f 1857/3661/3542 1902/3660/3541 1856/3662/3543
f 1856/3662/3543 1902/3660/3541 1855/3663/3544
f 1855/3663/3544 1902/3660/3541 1901/3664/3545
f 1855/3663/3544 1901/3664/3545 1854/3665/3546
f 1854/3665/3546 1901/3664/3545 1853/3666/3547
f 1853/3666/3547 1901/3664/3545 1900/3667/3548
f 1853/3666/3547 1900/3667/3548 1852/3668/3549
f 1852/3668/3549 1900/3667/3548 1851/3669/3550
f 1851/3669/3550 1900/3667/3548 1850/3670/3551
f 1850/3670/3551 1900/3667/3548 1899/3671/3552
f 1850/3670/3551 1899/3671/3552 1849/3672/3553
f 1849/3672/3553 1899/3671/3552 1848/3673/3554
f 1848/3673/3554 1899/3671/3552 1898/3674/3555
f 1848/3673/3554 1898/3674/3555 1847/3675/3556
f 1847/3675/3556 1898/3674/3555 1846/3676/3557
f 1846/3676/3557 1898/3674/3555 1845/3677/3558
f 1845/3677/3558 1898/3674/3555 1897/3678/3559
f 1845/3677/3558 1897/3678/3559 1844/3679/3560
f 1844/3679/3560 1897/3678/3559 1843/3680/3561
f 1843/3680/3561 1897/3678/3559 1896/3681/3562
f 1843/3680/3561 1896/3681/3562 1842/3682/3563
f 1842/3682/3563 1896/3681/3562 1841/3683/3564
f 1841/3683/3564 1896/3681/3562 1840/3684/3565
f 1840/3684/3565 1896/3681/3562 1895/3685/3566
f 1840/3684/3565 1895/3685/3566 1839/3686/3567
f 1839/3686/3567 1895/3685/3566 1838/3687/3568
f 1838/3687/3568 1895/3685/3566 1894/3688/3569
f 1838/3687/3568 1894/3688/3569 1837/3689/3570
f 1837/3689/3570 1894/3688/3569 1836/3690/3571
f 1836/3690/3571 1894/3688/3569 1835/3691/3572
f 1835/3691/3572 1894/3688/3569 1893/3692/3573
f 1835/3691/3572 1893/3692/3573 1834/3693/3574
f 1834/3693/3574 1893/3692/3573 1833/3694/3575
f 1833/3694/3575 1893/3692/3573 1892/3695/3576
f 1833/3694/3575 1892/3695/3576 1832/3696/3577
f 1832/3696/3577 1892/3695/3576 1831/3697/3578
f 1831/3697/3578 1892/3695/3576 1830/3698/3579
f 1830/3698/3579 1892/3695/3576 1891/3699/3580
f 1830/3698/3579 1891/3699/3580 1829/3700/3581
f 1829/3700/3581 1891/3699/3580 1828/3701/3582
f 1828/3701/3582 1891/3699/3580 1890/3702/3583
f 1828/3701/3582 1890/3702/3583 1827/3703/3584
f 1827/3703/3584 1890/3702/3583 1826/3704/3585
f 1826/3704/3585 1890/3702/3583 1825/3705/3586
f 1825/3705/3586 1890/3702/3583 1889/3706/3587
f 1825/3705/3586 1889/3706/3587 1824/3707/3588
f 1824/3707/3588 1889/3706/3587 1823/3708/3589
f 1823/3708/3589 1889/3706/3587 1888/3709/3590
f 1823/3708/3589 1888/3709/3590 1822/3710/3591
f 1822/3710/3591 1888/3709/3590 1821/3711/3592
f 1821/3711/3592 1888/3709/3590 1820/3712/3593
f 1820/3712/3593 1888/3709/3590 1887/3713/3594
f 1820/3712/3593 1887/3713/3594 1819/3714/3595
f 1819/3714/3595 1887/3713/3594 1818/3715/3596
f 1818/3715/3596 1887/3713/3594 1886/3716/3597
f 1818/3715/3596 1886/3716/3597 1817/3717/3598
f 1817/3717/3598 1886/3716/3597 1816/3718/3599
f 1816/3718/3599 1886/3716/3597 1815/3719/3600
f 1815/3719/3600 1886/3716/3597 1814/3720/3601
f 1814/3720/3601 1886/3716/3597 1813/3721/3602
f 1813/3721/3602 1886/3716/3597 1812/3722/3603
f 1812/3722/3603 1886/3716/3597 1811/3723/3604
f 1811/3723/3604 1886/3716/3597 1810/3724/3605
f 1810/3724/3605 1886/3716/3597 1887/3713/3594
f 1810/3724/3605 1887/3713/3594 1809/3725/3606
f 1809/3725/3606 1887/3713/3594 1808/3726/3607
f 1808/3726/3607 1887/3713/3594 1888/3709/3590
f 1808/3726/3607 1888/3709/3590 1807/3727/3608
f 1807/3727/3608 1888/3709/3590 1806/3728/3609
f 1806/3728/3609 1888/3709/3590 1889/3706/3587
f 1806/3728/3609 1889/3706/3587 1805/3729/3610
f 1805/3729/3610 1889/3706/3587 1804/3730/3611
f 1804/3730/3611 1889/3706/3587 1890/3702/3583
f 1804/3730/3611 1890/3702/3583 1803/3731/3612
f 1803/3731/3612 1890/3702/3583 1802/3732/3613
f 1802/3732/3613 1890/3702/3583 1891/3699/3580
f 1802/3732/3613 1891/3699/3580 1801/3733/3614
f 1801/3733/3614 1891/3699/3580 1800/3734/3615
f 1800/3734/3615 1891/3699/3580 1892/3695/3576
f 1800/3734/3615 1892/3695/3576 1799/3735/3616
f 1799/3735/3616 1892/3695/3576 1798/3736/3617
f 1798/3736/3617 1892/3695/3576 1893/3692/3573
f 1798/3736/3617 1893/3692/3573 1797/3737/3618
f 1797/3737/3618 1893/3692/3573 1796/3738/3619
f 1796/3738/3619 1893/3692/3573 1894/3688/3569
f 1796/3738/3619 1894/3688/3569 1795/3739/3620
f 1795/3739/3620 1894/3688/3569 1794/3740/3621
f 1794/3740/3621 1894/3688/3569 1793/3741/3622
f 1793/3741/3622 1894/3688/3569 1895/3685/3566
f 1793/3741/3622 1895/3685/3566 1792/3742/3623
f 1792/3742/3623 1895/3685/3566 1791/3743/3624
f 1791/3743/3624 1895/3685/3566 1896/3681/3562
f 1791/3743/3624 1896/3681/3562 1790/3744/3625
f 1790/3744/3625 1896/3681/3562 1789/3745/3626
f 1789/3745/3626 1896/3681/3562 1897/3678/3559
f 1789/3745/3626 1897/3678/3559 1788/3746/3627
f 1788/3746/3627 1897/3678/3559 1787/3747/3628
f 1787/3747/3628 1897/3678/3559 1898/3674/3555
f 1787/3747/3628 1898/3674/3555 1786/3748/3629
f 1786/3748/3629 1898/3674/3555 1785/3749/3630
f 1785/3749/3630 1898/3674/3555 1899/3671/3552
f 1785/3749/3630 1899/3671/3552 1784/3750/3631
f 1784/3750/3631 1899/3671/3552 1783/3751/3632
f 1783/3751/3632 1899/3671/3552 1900/3667/3548
f 1783/3751/3632 1900/3667/3548 1782/3752/3633
f 1782/3752/3633 1900/3667/3548 1781/3753/3634
f 1781/3753/3634 1900/3667/3548 1901/3664/3545
f 1781/3753/3634 1901/3664/3545 1780/3754/3635
f 1780/3754/3635 1901/3664/3545 1779/3755/3636
f 1779/3755/3636 1901/3664/3545 1902/3660/3541
f 1779/3755/3636 1902/3660/3541 1778/3756/3637
f 1778/3756/3637 1902/3660/3541 1777/3757/3638
f 1777/3757/3638 1902/3660/3541 1903/3657/3538
f 1777/3757/3638 1903/3657/3538 1776/3758/3639
f 1776/3758/3639 1903/3657/3538 1775/3759/3640
f 1775/3759/3640 1903/3657/3538 1904/3653/3534
f 1775/3759/3640 1904/3653/3534 1774/3760/3641
f 1774/3760/3641 1904/3653/3534 1773/3761/3642
f 1773/3761/3642 1904/3653/3534 1905/3650/3531
f 1773/3761/3642 1905/3650/3531 1772/3762/3643
f 1772/3762/3643 1905/3650/3531 1771/3763/3644
f 1771/3763/3644 1905/3650/3531 1906/3646/3527
f 1771/3763/3644 1906/3646/3527 1770/3764/3645
f 1770/3764/3645 1906/3646/3527 1769/3765/3646
f 1769/3765/3646 1906/3646/3527 1907/3643/3524
f 1769/3765/3646 1907/3643/3524 1768/3766/3647
f 1768/3766/3647 1907/3643/3524 1767/3767/3648
f 1767/3767/3648 1907/3643/3524 1908/3639/3520
f 1767/3767/3648 1908/3639/3520 1766/3768/3649
f 1766/3768/3649 1908/3639/3520 1765/3769/3650
f 1765/3769/3650 1908/3639/3520 1909/3635/3516
f 1765/3769/3650 1909/3635/3516 1764/3770/3651
f 1764/3770/3651 1909/3635/3516 1763/3634/3515
f 1875/3636/3517 1876/3771/3652 1910/3631/3512
f 1910/3631/3512 1876/3771/3652 1877/3772/3653
f 1910/3631/3512 1877/3772/3653 1878/3773/3654
f 1910/3631/3512 1878/3773/3654 1911/3628/3509
f 1911/3628/3509 1878/3773/3654 1879/3774/3655
f 1911/3628/3509 1879/3774/3655 1912/3625/3506
f 1912/3625/3506 1879/3774/3655 1880/3775/3656
f 1912/3625/3506 1880/3775/3656 1881/3776/3657
f 1912/3625/3506 1881/3776/3657 1913/3622/3503
f 1913/3622/3503 1881/3776/3657 1882/3777/3658
f 1913/3622/3503 1882/3777/3658 1914/3619/3500
f 1914/3619/3500 1882/3777/3658 1883/3778/3659
f 1914/3619/3500 1883/3778/3659 1884/3779/3660
f 1914/3619/3500 1884/3779/3660 1915/3616/3497
f 1915/3616/3497 1884/3779/3660 1885/3780/3661
f 1915/3616/3497 1885/3780/3661 1916/3613/3494
f 1916/3613/3494 1885/3780/3661 1728/3781/3662
f 1916/3613/3494 1728/3781/3662 1727/3782/3663
f 1916/3613/3494 1727/3782/3663 1917/3610/3491
f 1917/3610/3491 1727/3782/3663 1726/3783/3664
f 1917/3610/3491 1726/3783/3664 1725/3784/3665
f 1917/3610/3491 1725/3784/3665 1918/3607/3488
f 1918/3607/3488 1725/3784/3665 1724/3785/3666
f 1918/3607/3488 1724/3785/3666 1723/3605/3486
f 1735/3786/3667 1878/3787/3668 1736/3788/3669
f 1736/3788/3669 1878/3787/3668 1877/3789/3670
f 1736/3788/3669 1877/3789/3670 2129/3790/3671
f 2129/3790/3671 1877/3789/3670 1876/3791/3672
f 2129/3790/3671 1876/3791/3672 2128/3792/3673
f 2128/3792/3673 1876/3791/3672 1875/3793/3674
f 2128/3792/3673 1875/3793/3674 2127/3794/3675
f 2127/3794/3675 1875/3793/3674 1874/3795/3676
f 2127/3794/3675 1874/3795/3676 2126/3796/3677
f 2126/3796/3677 1874/3795/3676 1873/3797/3678
f 2126/3796/3677 1873/3797/3678 2125/3798/3679
f 2125/3798/3679 1873/3797/3678 1872/3799/3680
f 2125/3798/3679 1872/3799/3680 2124/3800/3681
f 2124/3801/3681 1872/3802/3680 1871/3803/3682
f 2124/3801/3681 1871/3803/3682 2123/3804/3683
f 2123/3804/3683 1871/3803/3682 1870/3805/3684
f 2123/3804/3683 1870/3805/3684 1869/3806/3685
f 1878/3787/3668 1735/3786/3667 1879/3807/3686
f 1879/3807/3686 1735/3786/3667 1734/3808/3687
f 1879/3807/3686 1734/3808/3687 1880/3809/3688
f 1880/3809/3688 1734/3808/3687 1733/3810/3689
f 1880/3809/3688 1733/3810/3689 1881/3811/3690
f 1881/3811/3690 1733/3810/3689 1732/3812/3691
f 1881/3811/3690 1732/3812/3691 1882/3813/3692
f 1882/3813/3692 1732/3812/3691 1731/3814/3693
f 1882/3813/3692 1731/3814/3693 1883/3815/3694
f 1883/3815/3694 1731/3814/3693 1730/3816/3695
f 1883/3815/3694 1730/3816/3695 1884/3817/3696
f 1884/3817/3696 1730/3816/3695 1729/3818/3697
f 1884/3817/3696 1729/3818/3697 1885/3819/3698
f 1885/3819/3698 1729/3818/3697 1728/3820/3699
f 2123/3804/3683 1869/3806/3685 2122/3821/3700
f 2122/3821/3700 1869/3806/3685 1868/3822/3701
f 2122/3821/3700 1868/3822/3701 2121/3823/3702
f 2121/3823/3702 1868/3822/3701 1867/3824/3703
f 2121/3823/3702 1867/3824/3703 2120/3825/3704
f 2120/3825/3704 1867/3824/3703 1866/3826/3705
f 2120/3825/3704 1866/3826/3705 2119/3827/3706
f 2119/3827/3706 1866/3826/3705 1865/3828/3707
f 2119/3827/3706 1865/3828/3707 2118/3829/3708
f 2118/3829/3708 1865/3828/3707 1864/3830/3709
f 2118/3829/3708 1864/3830/3709 1863/3831/3710
f 2118/3829/3708 1863/3831/3710 2117/3832/3711
f 2117/3832/3711 1863/3831/3710 1862/3833/3712
f 2117/3832/3711 1862/3833/3712 2116/3834/3713
f 2116/3834/3713 1862/3833/3712 1861/3835/3714
f 2116/3834/3713 1861/3835/3714 2115/3836/3715
f 2115/3836/3715 1861/3835/3714 1860/3837/3716
f 2115/3836/3715 1860/3837/3716 2114/3838/3717
f 2114/3838/3717 1860/3837/3716 1859/3839/3718
f 2114/3838/3717 1859/3839/3718 2113/3840/3719
f 2113/3840/3719 1859/3839/3718 1858/3841/3720
f 2113/3840/3719 1858/3841/3720 1857/3842/3721
f 2113/3840/3719 1857/3842/3721 2112/3843/3722
f 2112/3843/3722 1857/3842/3721 1856/3844/3723
f 2112/3843/3722 1856/3844/3723 2111/3845/3724
f 2111/3845/3724 1856/3844/3723 1855/3846/3725
f 2111/3845/3724 1855/3846/3725 2110/3847/3726
f 2110/3847/3726 1855/3846/3725 1854/3848/3727
f 2110/3847/3726 1854/3848/3727 2109/3849/3728
f 2109/3849/3728 1854/3848/3727 1853/3850/3729
f 2109/3849/3728 1853/3850/3729 1852/3851/3730
f 2109/3849/3728 1852/3851/3730 2108/3852/3731
f 2108/3852/3731 1852/3851/3730 1851/3853/3732
f 2108/3852/3731 1851/3853/3732 2107/3854/3733
f 2107/3854/3733 1851/3853/3732 1850/3855/3734
f 2107/3854/3733 1850/3855/3734 2106/3856/3735
f 2106/3856/3735 1850/3855/3734 1849/3857/3736
f 2106/3856/3735 1849/3857/3736 2105/3858/3737
f 2105/3858/3737 1849/3857/3736 1848/3859/3738
f 2105/3860/3737 1848/3861/3738 2104/3862/3739
f 2104/3862/3739 1848/3861/3738 1847/3863/3740
f 2104/3862/3739 1847/3863/3740 1846/3864/3741
f 2104/3862/3739 1846/3864/3741 2103/3865/3742
f 2103/3865/3742 1846/3864/3741 1845/3866/3743
f 2103/3865/3742 1845/3866/3743 2102/3867/3744
f 2102/3867/3744 1845/3866/3743 1844/3868/3745
f 2102/3867/3744 1844/3868/3745 2101/3869/3746
f 2101/3869/3746 1844/3868/3745 1843/3870/3747
f 2101/3869/3746 1843/3870/3747 2100/3871/3748
f 2100/3871/3748 1843/3870/3747 1842/3872/3749
f 2100/3871/3748 1842/3872/3749 2099/3873/3750
f 2099/3873/3750 1842/3872/3749 1841/3874/3751
f 2099/3873/3750 1841/3874/3751 1840/3875/3752
f 2099/3873/3750 1840/3875/3752 2098/3876/3753
f 2098/3876/3753 1840/3875/3752 1839/3877/3754
f 2098/3876/3753 1839/3877/3754 2097/3878/3755
f 2097/3878/3755 1839/3877/3754 1838/3879/3756
f 2097/3878/3755 1838/3879/3756 2096/3880/3757
f 2096/3880/3757 1838/3879/3756 1837/3881/3758
f 2096/3880/3757 1837/3881/3758 2095/3882/3759
f 2095/3882/3759 1837/3881/3758 1836/3883/3760
f 2095/3882/3759 1836/3883/3760 1835/3884/3761
f 2095/3882/3759 1835/3884/3761 2094/3885/3762
f 2094/3885/3762 1835/3884/3761 1834/3886/3763
f 2094/3885/3762 1834/3886/3763 2093/3887/3764
f 2093/3887/3764 1834/3886/3763 1833/3888/3765
f 2093/3887/3764 1833/3888/3765 2092/3889/3766
f 2092/3889/3766 1833/3888/3765 1832/3890/3767
f 2092/3889/3766 1832/3890/3767 2091/3891/3768
f 2091/3891/3768 1832/3890/3767 1831/3892/3769
f 2091/3891/3768 1831/3892/3769 2090/3893/3770
f 2090/3893/3770 1831/3892/3769 1830/3894/3771
f 2090/3893/3770 1830/3894/3771 1829/3895/3772
f 2090/3893/3770 1829/3895/3772 2089/3896/3773
f 2089/3896/3773 1829/3895/3772 1828/3897/3774
f 2089/3896/3773 1828/3897/3774 2088/3898/3775
f 2088/3898/3775 1828/3897/3774 1827/3899/3776
f 2088/3898/3775 1827/3899/3776 2087/3900/3777
f 2087/3900/3777 1827/3899/3776 1826/3901/3778
f 2087/3900/3777 1826/3901/3778 2086/3902/3779
f 2086/3902/3779 1826/3901/3778 1825/3903/3780
f 2086/3904/3779 1825/3905/3780 2085/3906/3781
f 2085/3906/3781 1825/3905/3780 1824/3907/3782
f 2085/3906/3781 1824/3907/3782 1823/3908/3783
f 2085/3906/3781 1823/3908/3783 2084/3909/3784
f 2084/3909/3784 1823/3908/3783 1822/3910/3785
f 2084/3909/3784 1822/3910/3785 2083/3911/3786
f 2083/3911/3786 1822/3910/3785 1821/3912/3787
f 2083/3911/3786 1821/3912/3787 2082/3913/3788
f 2082/3913/3788 1821/3912/3787 1820/3914/3789
f 2082/3913/3788 1820/3914/3789 2081/3915/3790
f 2081/3915/3790 1820/3914/3789 1819/3916/3791
f 2081/3915/3790 1819/3916/3791 1818/3917/3792
f 2081/3915/3790 1818/3917/3792 2080/3918/3793
f 2080/3918/3793 1818/3917/3792 1817/3919/3794
f 2080/3918/3793 1817/3919/3794 2079/3920/3795
f 2079/3920/3795 1817/3919/3794 1816/3921/3796
f 2079/3920/3795 1816/3921/3796 2078/3922/3797
f 2078/3922/3797 1816/3921/3796 1815/3923/3798
f 2078/3922/3797 1815/3923/3798 2077/3924/3799
f 2077/3924/3799 1815/3923/3798 1814/3925/3800
f 2077/3924/3799 1814/3925/3800 2076/3926/3801
f 2076/3926/3801 1814/3925/3800 1919/3927/3802
f 2076/3926/3801 1919/3927/3802 2075/3928/3803
f 2075/3928/3803 1919/3927/3802 1920/3929/3804
f 2075/3928/3803 1920/3929/3804 2074/3930/3805
f 2074/3930/3805 1920/3929/3804 1921/3931/3806
f 2074/3930/3805 1921/3931/3806 2073/3932/3807
f 2073/3932/3807 1921/3931/3806 1922/3933/3808
f 2073/3932/3807 1922/3933/3808 2072/3934/3809
f 2072/3934/3809 1922/3933/3808 1923/3935/3810
f 2072/3934/3809 1923/3935/3810 2071/3936/3811
f 2071/3936/3811 1923/3935/3810 2070/3937/3812
f 2070/3937/3812 1923/3935/3810 1924/3938/3813
f 2070/3937/3812 1924/3938/3813 2069/3939/3814
f 2069/3939/3814 1924/3938/3813 1925/3940/3815
f 2069/3939/3814 1925/3940/3815 2068/3941/3816
f 2068/3941/3816 1925/3940/3815 1926/3942/3817
f 2068/3941/3816 1926/3942/3817 2067/3943/3818
f 2067/3943/3818 1926/3942/3817 1927/3944/3819
f 2067/3945/3818 1927/3946/3819 2066/3947/3820
f 2066/3947/3820 1927/3946/3819 1928/3948/3821
f 2066/3947/3820 1928/3948/3821 2065/3949/3822
f 2065/3949/3822 1928/3948/3821 2064/3950/3823
f 2064/3950/3823 1928/3948/3821 1929/3951/3824
f 2064/3950/3823 1929/3951/3824 2063/3952/3825
f 2063/3952/3825 1929/3951/3824 1930/3953/3826
f 2063/3952/3825 1930/3953/3826 2062/3954/3827
f 2062/3954/3827 1930/3953/3826 1931/3955/3828
f 2062/3954/3827 1931/3955/3828 2061/3956/3829
f 2061/3956/3829 1931/3955/3828 1932/3957/3830
f 2061/3956/3829 1932/3957/3830 2060/3958/3831
f 2060/3958/3831 1932/3957/3830 1933/3959/3832
f 2060/3958/3831 1933/3959/3832 2059/3960/3833
f 2059/3960/3833 1933/3959/3832 1934/3961/3834
f 2059/3960/3833 1934/3961/3834 2058/3962/3835
f 2058/3962/3835 1934/3961/3834 1935/3963/3836
f 2058/3962/3835 1935/3963/3836 2057/3964/3837
f 2057/3964/3837 1935/3963/3836 1936/3965/3838
f 2057/3964/3837 1936/3965/3838 2056/3966/3839
f 2056/3966/3839 1936/3965/3838 2055/3967/3840
f 2055/3967/3840 1936/3965/3838 1937/3968/3841
f 2055/3967/3840 1937/3968/3841 2054/3969/3842
f 2054/3969/3842 1937/3968/3841 1938/3970/3843
f 2054/3969/3842 1938/3970/3843 2053/3971/3844
f 2053/3971/3844 1938/3970/3843 1939/3972/3845
f 2053/3971/3844 1939/3972/3845 2052/3973/3846
f 2052/3973/3846 1939/3972/3845 1940/3974/3847
f 2052/3973/3846 1940/3974/3847 2051/3975/3848
f 2051/3975/3848 1940/3974/3847 1941/3976/3849
f 2051/3975/3848 1941/3976/3849 2050/3977/3850
f 2050/3977/3850 1941/3976/3849 1942/3978/3851
f 2050/3977/3850 1942/3978/3851 2049/3979/3852
f 2049/3979/3852 1942/3978/3851 1943/3980/3853
f 2049/3981/3852 1943/3982/3853 2048/3983/3854
f 2048/3983/3854 1943/3982/3853 1944/3984/3855
f 2048/3983/3854 1944/3984/3855 2047/3985/3856
f 2047/3985/3856 1944/3984/3855 1945/3986/3857
f 2047/3985/3856 1945/3986/3857 2046/3987/3858
f 2046/3987/3858 1945/3986/3857 1946/3988/3859
f 2046/3987/3858 1946/3988/3859 2045/3989/3860
f 2045/3989/3860 1946/3988/3859 1947/3990/3861
f 2045/3989/3860 1947/3990/3861 2044/3991/3862
f 2044/3991/3862 1947/3990/3861 1948/3992/3863
f 2044/3991/3862 1948/3992/3863 2043/3993/3864
f 2043/3993/3864 1948/3992/3863 1949/3994/3865
f 2043/3993/3864 1949/3994/3865 2042/3995/3866
f 2042/3995/3866 1949/3994/3865 1950/3996/3867
f 2042/3995/3866 1950/3996/3867 2041/3997/3868
f 2041/3997/3868 1950/3996/3867 1951/3998/3869
f 2041/3997/3868 1951/3998/3869 2040/3999/3870
f 2040/3999/3870 1951/3998/3869 1952/4000/3871
f 2040/3999/3870 1952/4000/3871 2039/4001/3872
f 2039/4001/3872 1952/4000/3871 1953/4002/3873
f 2039/4001/3872 1953/4002/3873 2038/4003/3874
f 2038/4003/3874 1953/4002/3873 1954/4004/3875
f 2038/4003/3874 1954/4004/3875 2037/4005/3876
f 2037/4005/3876 1954/4004/3875 1955/4006/3877
f 2037/4005/3876 1955/4006/3877 2036/4007/3878
f 2036/4007/3878 1955/4006/3877 1956/4008/3879
f 2036/4007/3878 1956/4008/3879 2035/4009/3880
f 2035/4009/3880 1956/4008/3879 1957/4010/3881
f 2035/4009/3880 1957/4010/3881 2034/4011/3882
f 2034/4011/3882 1957/4010/3881 1958/4012/3883
f 2034/4011/3882 1958/4012/3883 1959/4013/3884
f 2034/4011/3882 1959/4013/3884 2033/4014/3885
f 2033/4015/3885 1959/4016/3884 1960/4017/3886
f 2033/4015/3885 1960/4017/3886 2032/4018/3887
f 2032/4018/3887 1960/4017/3886 1961/4019/3888
f 2032/4018/3887 1961/4019/3888 2031/4020/3889
f 2031/4020/3889 1961/4019/3888 1962/4021/3890
f 2031/4020/3889 1962/4021/3890 2030/4022/3891
f 2030/4022/3891 1962/4021/3890 1963/4023/3892
f 2030/4022/3891 1963/4023/3892 2029/4024/3893
f 2029/4024/3893 1963/4023/3892 1964/4025/3894
f 2029/4024/3893 1964/4025/3894 2028/4026/3895
f 2028/4026/3895 1964/4025/3894 1965/4027/3896
f 2028/4026/3895 1965/4027/3896 2027/4028/3897
f 2027/4028/3897 1965/4027/3896 1966/4029/3898
f 2027/4028/3897 1966/4029/3898 2026/4030/3899
f 2026/4030/3899 1966/4029/3898 1967/4031/3900
f 2026/4030/3899 1967/4031/3900 2025/4032/3901
f 2025/4032/3901 1967/4031/3900 1968/4033/3902
f 2025/4032/3901 1968/4033/3902 2024/4034/3903
f 2024/4034/3903 1968/4033/3902 1969/4035/3904
f 2024/4034/3903 1969/4035/3904 2023/4036/3905
f 2023/4036/3905 1969/4035/3904 1970/4037/3906
f 2023/4036/3905 1970/4037/3906 2022/4038/3907
f 2022/4038/3907 1970/4037/3906 1971/4039/3908
f 2022/4038/3907 1971/4039/3908 2021/4040/3909
f 2021/4040/3909 1971/4039/3908 1972/4041/3910
f 2021/4040/3909 1972/4041/3910 2020/4042/3911
f 2020/4042/3911 1972/4041/3910 1973/4043/3912
f 2020/4042/3911 1973/4043/3912 2019/4044/3913
f 2019/4044/3913 1973/4043/3912 1974/4045/3914
f 2019/4044/3913 1974/4045/3914 2018/4046/3915
f 2018/4046/3915 1974/4045/3914 1975/4047/3916
f 2018/4048/3915 1975/4049/3916 2017/4050/3917
f 2017/4050/3917 1975/4049/3916 1976/4051/3918
f 2017/4050/3917 1976/4051/3918 2016/4052/3919
f 2016/4052/3919 1976/4051/3918 1977/4053/3920
f 2016/4052/3919 1977/4053/3920 2015/4054/3921
f 2015/4054/3921 1977/4053/3920 1978/4055/3922
f 2015/4054/3921 1978/4055/3922 2014/4056/3923
f 2014/4056/3923 1978/4055/3922 1979/4057/3924
f 2014/4056/3923 1979/4057/3924 2013/4058/3925
f 2013/4058/3925 1979/4057/3924 1980/4059/3926
f 2013/4058/3925 1980/4059/3926 2012/4060/3927
f 2012/4060/3927 1980/4059/3926 1981/4061/3928
f 2012/4060/3927 1981/4061/3928 2011/4062/3929
f 2011/4062/3929 1981/4061/3928 1982/4063/3930
f 2011/4062/3929 1982/4063/3930 2010/4064/3931
f 2010/4064/3931 1982/4063/3930 1983/4065/3932
f 2010/4064/3931 1983/4065/3932 2009/4066/3933
f 2009/4066/3933 1983/4065/3932 1984/4067/3934
f 2009/4066/3933 1984/4067/3934 2008/4068/3935
f 2008/4068/3935 1984/4067/3934 1985/4069/3936
f 2008/4068/3935 1985/4069/3936 2007/4070/3937
f 2007/4070/3937 1985/4069/3936 1986/4071/3938
f 2007/4070/3937 1986/4071/3938 2006/4072/3939
f 2006/4072/3939 1986/4071/3938 2005/4073/3940
f 2005/4073/3940 1986/4071/3938 1987/4074/3941
f 2005/4073/3940 1987/4074/3941 2004/4075/3942
f 2004/4075/3942 1987/4074/3941 1988/4076/3943
f 2004/4075/3942 1988/4076/3943 2003/4077/3944
f 2003/4078/3944 1988/4079/3943 1989/4080/3945
f 2003/4078/3944 1989/4080/3945 2002/4081/3946
f 2002/4081/3946 1989/4080/3945 2001/4082/3947
f 2001/4082/3947 1989/4080/3945 1990/4083/3948
f 2001/4082/3947 1990/4083/3948 2000/4084/3949
f 2000/4084/3949 1990/4083/3948 1991/4085/3950
f 2000/4084/3949 1991/4085/3950 1999/4086/3951
f 1999/4086/3951 1991/4085/3950 1992/4087/3952
f 1999/4086/3951 1992/4087/3952 1998/4088/3953
f 1998/4088/3953 1992/4087/3952 1997/4089/3954
f 1997/4089/3954 1992/4087/3952 1993/4090/3955
f 1997/4089/3954 1993/4090/3955 1996/4091/3956
f 1996/4091/3956 1993/4090/3955 1994/4092/3957
f 1996/4091/3956 1994/4092/3957 1995/4093/3958
f 1995/4093/3958 1994/4092/3957 1983/4065/3932
f 2129/4094/3959 2163/4095/3960 1736/4096/3961
f 1736/4096/3961 2163/4095/3960 2164/4097/3962
f 1736/4096/3961 2164/4097/3962 1737/4098/3963
f 1737/4098/3963 2164/4097/3962 1740/4099/3964
f 1737/4098/3963 1740/4099/3964 1739/4100/3965
f 2129/4094/3959 2128/4101/3966 2163/4095/3960
f 2163/4095/3960 2128/4101/3966 2127/4102/3967
f 2163/4095/3960 2127/4102/3967 2162/4103/3968
f 2162/4103/3968 2127/4102/3967 2126/4104/3969
f 2162/4103/3968 2126/4104/3969 2125/4105/3970
f 2162/4103/3968 2125/4105/3970 2161/4106/3971
f 2161/4106/3971 2125/4105/3970 2124/4107/3972
f 2161/4106/3971 2124/4107/3972 2123/4108/3973
f 2161/4106/3971 2123/4108/3973 2160/4109/3974
f 2160/4109/3974 2123/4108/3973 2122/4110/3975
f 2160/4109/3974 2122/4110/3975 2121/4111/3976
f 2160/4109/3974 2121/4111/3976 2159/4112/3977
f 2159/4112/3977 2121/4111/3976 2120/4113/3978
f 2159/4112/3977 2120/4113/3978 2119/4114/3979
f 2159/4112/3977 2119/4114/3979 2158/4115/3980
f 2158/4115/3980 2119/4114/3979 2118/4116/3981
f 2158/4115/3980 2118/4116/3981 2117/4117/3982
f 2158/4115/3980 2117/4117/3982 2157/4118/3983
f 2157/4118/3983 2117/4117/3982 2116/4119/3984
f 2157/4118/3983 2116/4119/3984 2115/4120/3985
f 2157/4118/3983 2115/4120/3985 2156/4121/3986
f 2156/4121/3986 2115/4120/3985 2114/4122/3987
f 2156/4121/3986 2114/4122/3987 2113/4123/3988
f 2156/4121/3986 2113/4123/3988 2155/4124/3989
f 2155/4124/3989 2113/4123/3988 2112/4125/3990
f 2155/4124/3989 2112/4125/3990 2111/4126/3991
f 2155/4124/3989 2111/4126/3991 2154/4127/3992
f 2154/4127/3992 2111/4126/3991 2110/4128/3993
f 2154/4127/3992 2110/4128/3993 2109/4129/3994
f 2109/4129/3994 2108/4130/3995 2154/4127/3992
f 2154/4127/3992 2108/4130/3995 2153/4131/3996
f 2154/4127/3992 2153/4131/3996 1762/4132/3997
f 1762/4132/3997 2153/4131/3996 1763/4133/3998
f 1763/4133/3998 2153/4131/3996 1764/4134/3999
f 1764/4134/3999 2153/4131/3996 1765/4135/4000
f 1765/4135/4000 2153/4131/3996 2152/4136/4001
f 1765/4135/4000 2152/4136/4001 1766/4137/4002
f 1766/4137/4002 2152/4136/4001 1767/4138/4003
f 1767/4138/4003 2152/4136/4001 2151/4139/4004
f 1767/4138/4003 2151/4139/4004 1768/4140/4005
f 1768/4140/4005 2151/4139/4004 1769/4141/4006
f 1769/4141/4006 2151/4139/4004 2150/4142/4007
f 1769/4141/4006 2150/4142/4007 1770/4143/4008
f 1770/4143/4008 2150/4142/4007 1771/4144/4009
f 1771/4144/4009 2150/4142/4007 2149/4145/4010
f 1771/4144/4009 2149/4145/4010 1772/4146/4011
f 1772/4146/4011 2149/4145/4010 1773/4147/4012
f 1773/4147/4012 2149/4145/4010 2148/4148/4013
f 1773/4147/4012 2148/4148/4013 1774/4149/4014
f 1774/4149/4014 2148/4148/4013 1775/4150/4015
f 1775/4150/4015 2148/4148/4013 2147/4151/4016
f 1775/4150/4015 2147/4151/4016 1776/4152/4017
f 1776/4152/4017 2147/4151/4016 1777/4153/4018
f 1777/4153/4018 2147/4151/4016 2146/4154/4019
f 1777/4153/4018 2146/4154/4019 1778/4155/4020
f 1778/4155/4020 2146/4154/4019 1779/4156/4021
f 1779/4156/4021 2146/4154/4019 2145/4157/4022
f 1779/4156/4021 2145/4157/4022 1780/4158/4023
f 1780/4158/4023 2145/4157/4022 1781/4159/4024
f 1781/4159/4024 2145/4157/4022 2144/4160/4025
f 1781/4159/4024 2144/4160/4025 1782/4161/4026
f 1782/4161/4026 2144/4160/4025 1783/4162/4027
f 1783/4162/4027 2144/4160/4025 2143/4163/4028
f 1783/4162/4027 2143/4163/4028 1784/4164/4029
f 1784/4164/4029 2143/4163/4028 1785/4165/4030
f 1785/4165/4030 2143/4163/4028 2142/4166/4031
f 1785/4165/4030 2142/4166/4031 1786/4167/4032
f 1786/4167/4032 2142/4166/4031 1787/4168/4033
f 1787/4168/4033 2142/4166/4031 2141/4169/4034
f 1787/4168/4033 2141/4169/4034 1788/4170/4035
f 1788/4170/4035 2141/4169/4034 1789/4171/4036
f 1789/4171/4036 2141/4169/4034 2140/4172/4037
f 1789/4171/4036 2140/4172/4037 1790/4173/4038
f 1790/4173/4038 2140/4172/4037 1791/4174/4039
f 1791/4174/4039 2140/4172/4037 2139/4175/4040
f 1791/4174/4039 2139/4175/4040 1792/4176/4041
f 1792/4176/4041 2139/4175/4040 1793/4177/4042
f 1793/4177/4042 2139/4175/4040 2138/4178/4043
f 1793/4177/4042 2138/4178/4043 1794/4179/4044
f 1794/4179/4044 2138/4178/4043 1795/4180/4045
f 1795/4180/4045 2138/4178/4043 1796/4181/4046
f 1796/4181/4046 2138/4178/4043 2137/4182/4047
f 1796/4181/4046 2137/4182/4047 1797/4183/4048
f 1797/4183/4048 2137/4182/4047 1798/4184/4049
f 1798/4184/4049 2137/4182/4047 2136/4185/4050
f 1798/4184/4049 2136/4185/4050 1799/4186/4051
f 1799/4186/4051 2136/4185/4050 1800/4187/4052
f 1800/4187/4052 2136/4185/4050 2135/4188/4053
f 1800/4187/4052 2135/4188/4053 1801/4189/4054
f 1801/4189/4054 2135/4188/4053 1802/4190/4055
f 1802/4190/4055 2135/4188/4053 2134/4191/4056
f 1802/4190/4055 2134/4191/4056 1803/4192/4057
f 1803/4192/4057 2134/4191/4056 1804/4193/4058
f 1804/4193/4058 2134/4191/4056 2133/4194/4059
f 1804/4193/4058 2133/4194/4059 1805/4195/4060
f 1805/4195/4060 2133/4194/4059 1806/4196/4061
f 1806/4196/4061 2133/4194/4059 2132/4197/4062
f 1806/4196/4061 2132/4197/4062 1807/4198/4063
f 1807/4198/4063 2132/4197/4062 1808/4199/4064
f 1808/4199/4064 2132/4197/4062 2131/4200/4065
f 1808/4199/4064 2131/4200/4065 1809/4201/4066
f 1809/4201/4066 2131/4200/4065 1810/4202/4067
f 1810/4202/4067 2131/4200/4065 2130/4203/4068
f 1810/4202/4067 2130/4203/4068 1811/4204/4069
f 1811/4204/4069 2130/4203/4068 2060/4205/4070
f 1811/4204/4069 2060/4205/4070 2059/4206/4071
f 2108/4130/3995 2107/4207/4072 2153/4131/3996
f 2153/4131/3996 2107/4207/4072 2106/4208/4073
f 2153/4131/3996 2106/4208/4073 2152/4136/4001
f 2152/4136/4001 2106/4208/4073 2105/4209/4074
f 2152/4136/4001 2105/4209/4074 2104/4210/4075
f 2152/4136/4001 2104/4210/4075 2151/4139/4004
f 2151/4139/4004 2104/4210/4075 2103/4211/4076
f 2151/4139/4004 2103/4211/4076 2102/4212/4077
f 2151/4139/4004 2102/4212/4077 2150/4142/4007
f 2150/4142/4007 2102/4212/4077 2101/4213/4078
f 2150/4142/4007 2101/4213/4078 2100/4214/4079
f 2150/4142/4007 2100/4214/4079 2149/4145/4010
f 2149/4145/4010 2100/4214/4079 2099/4215/4080
f 2149/4145/4010 2099/4215/4080 2098/4216/4081
f 2149/4145/4010 2098/4216/4081 2148/4148/4013
f 2148/4148/4013 2098/4216/4081 2097/4217/4082
f 2148/4148/4013 2097/4217/4082 2096/4218/4083
f 2148/4148/4013 2096/4218/4083 2147/4151/4016
f 2147/4151/4016 2096/4218/4083 2095/4219/4084
f 2147/4151/4016 2095/4219/4084 2094/4220/4085
f 2147/4151/4016 2094/4220/4085 2146/4154/4019
f 2146/4154/4019 2094/4220/4085 2093/4221/4086
f 2146/4154/4019 2093/4221/4086 2092/4222/4087
f 2146/4154/4019 2092/4222/4087 2145/4157/4022
f 2145/4157/4022 2092/4222/4087 2091/4223/4088
f 2145/4157/4022 2091/4223/4088 2090/4224/4089
f 2145/4157/4022 2090/4224/4089 2144/4160/4025
f 2144/4160/4025 2090/4224/4089 2089/4225/4090
f 2144/4160/4025 2089/4225/4090 2088/4226/4091
f 2144/4160/4025 2088/4226/4091 2143/4163/4028
f 2143/4163/4028 2088/4226/4091 2087/4227/4092
f 2143/4163/4028 2087/4227/4092 2086/4228/4093
f 2143/4163/4028 2086/4228/4093 2142/4166/4031
f 2142/4166/4031 2086/4228/4093 2085/4229/4094
f 2142/4166/4031 2085/4229/4094 2084/4230/4095
f 2142/4166/4031 2084/4230/4095 2141/4169/4034
f 2141/4169/4034 2084/4230/4095 2083/4231/4096
f 2141/4169/4034 2083/4231/4096 2082/4232/4097
f 2141/4169/4034 2082/4232/4097 2140/4172/4037
f 2140/4172/4037 2082/4232/4097 2081/4233/4098
f 2140/4172/4037 2081/4233/4098 2080/4234/4099
f 2140/4172/4037 2080/4234/4099 2139/4175/4040
f 2139/4175/4040 2080/4234/4099 2079/4235/4100
f 2139/4175/4040 2079/4235/4100 2078/4236/4101
f 2078/4236/4101 2077/4237/4102 2139/4175/4040
f 2139/4175/4040 2077/4237/4102 2138/4178/4043
f 2077/4237/4102 2076/4238/4103 2138/4178/4043
f 2138/4178/4043 2076/4238/4103 2075/4239/4104
f 2138/4178/4043 2075/4239/4104 2137/4182/4047
f 2137/4182/4047 2075/4239/4104 2074/4240/4105
f 2137/4182/4047 2074/4240/4105 2073/4241/4106
f 2137/4182/4047 2073/4241/4106 2136/4185/4050
f 2136/4185/4050 2073/4241/4106 2072/4242/4107
f 2136/4185/4050 2072/4242/4107 2071/4243/4108
f 2136/4185/4050 2071/4243/4108 2135/4188/4053
f 2135/4188/4053 2071/4243/4108 2070/4244/4109
f 2135/4188/4053 2070/4244/4109 2069/4245/4110
f 2135/4188/4053 2069/4245/4110 2134/4191/4056
f 2134/4191/4056 2069/4245/4110 2068/4246/4111
f 2134/4191/4056 2068/4246/4111 2067/4247/4112
f 2134/4191/4056 2067/4247/4112 2133/4194/4059
f 2133/4194/4059 2067/4247/4112 2066/4248/4113
f 2133/4194/4059 2066/4248/4113 2065/4249/4114
f 2133/4194/4059 2065/4249/4114 2132/4197/4062
f 2132/4197/4062 2065/4249/4114 2064/4250/4115
f 2132/4197/4062 2064/4250/4115 2063/4251/4116
f 2132/4197/4062 2063/4251/4116 2131/4200/4065
f 2131/4200/4065 2063/4251/4116 2062/4252/4117
f 2131/4200/4065 2062/4252/4117 2061/4253/4118
f 2131/4200/4065 2061/4253/4118 2130/4203/4068
f 2130/4203/4068 2061/4253/4118 2060/4205/4070
f 1811/4204/4069 2059/4206/4071 1812/4254/4119
f 1812/4254/4119 2059/4206/4071 2058/4255/4120
f 1812/4254/4119 2058/4255/4120 1813/4256/4121
f 1762/4132/3997 1761/4257/4122 2154/4127/3992
f 2154/4127/3992 1761/4257/4122 1760/4258/4123
f 2154/4127/3992 1760/4258/4123 2155/4124/3989
f 2155/4124/3989 1760/4258/4123 1759/4259/4124
f 2155/4124/3989 1759/4259/4124 1758/4260/4125
f 2155/4124/3989 1758/4260/4125 2156/4121/3986
f 2156/4121/3986 1758/4260/4125 1757/4261/4126
f 2156/4121/3986 1757/4261/4126 1756/4262/4127
f 2156/4121/3986 1756/4262/4127 2157/4118/3983
f 2157/4118/3983 1756/4262/4127 1755/4263/4128
f 2157/4118/3983 1755/4263/4128 1754/4264/4129
f 2157/4118/3983 1754/4264/4129 2158/4115/3980
f 2158/4115/3980 1754/4264/4129 1753/4265/4130
f 2158/4115/3980 1753/4265/4130 1752/4266/4131
f 2158/4115/3980 1752/4266/4131 2159/4112/3977
f 2159/4112/3977 1752/4266/4131 1751/4267/4132
f 2159/4112/3977 1751/4267/4132 1750/4268/4133
f 2159/4112/3977 1750/4268/4133 2160/4109/3974
f 2160/4109/3974 1750/4268/4133 1749/4269/4134
f 2160/4109/3974 1749/4269/4134 1748/4270/4135
f 2160/4109/3974 1748/4270/4135 2161/4106/3971
f 2161/4106/3971 1748/4270/4135 1747/4271/4136
f 2161/4106/3971 1747/4271/4136 1746/4272/4137
f 2161/4106/3971 1746/4272/4137 2162/4103/3968
f 2162/4103/3968 1746/4272/4137 1745/4273/4138
f 2162/4103/3968 1745/4273/4138 1744/4274/4139
f 2162/4103/3968 1744/4274/4139 2163/4095/3960
f 2163/4095/3960 1744/4274/4139 1743/4275/4140
f 2163/4095/3960 1743/4275/4140 1742/4276/4141
f 1742/4276/4141 1741/4277/4142 2163/4095/3960
f 2163/4095/3960 1741/4277/4142 2164/4097/3962
f 1741/4277/4142 1740/4099/3964 2164/4097/3962
f 1739/4100/3965 1738/4278/4143 1737/4098/3963
f 1737/4098/3963 1738/4278/4143 1719/4279/4144
f 2165/4280/4145 2166/4281/4146 1983/4282/4147
f 1983/4282/4147 2166/4281/4146 2229/4283/4148
f 1983/4282/4147 2229/4283/4148 1995/4284/4149
f 1995/4284/4149 2229/4283/4148 1996/4285/4150
f 1996/4285/4150 2229/4283/4148 2230/4286/4151
f 1996/4285/4150 2230/4286/4151 1997/4287/4152
f 1997/4287/4152 2230/4286/4151 1998/4288/4153
f 1998/4288/4153 2230/4286/4151 2231/4289/4154
f 1998/4288/4153 2231/4289/4154 1999/4290/4155
f 1999/4290/4155 2231/4289/4154 2000/4291/4156
f 2000/4291/4156 2231/4289/4154 2232/4292/4157
f 2000/4291/4156 2232/4292/4157 2001/4293/4158
f 2001/4293/4158 2232/4292/4157 2233/4294/4159
f 2001/4293/4158 2233/4294/4159 2002/4295/4160
f 2002/4295/4160 2233/4294/4159 2003/4296/4161
f 2003/4296/4161 2233/4294/4159 2234/4297/4162
f 2003/4296/4161 2234/4297/4162 2004/4298/4163
f 2004/4298/4163 2234/4297/4162 2005/4299/4164
f 2005/4299/4164 2234/4297/4162 2235/4300/4165
f 2005/4299/4164 2235/4300/4165 2006/4301/4166
f 2006/4301/4166 2235/4300/4165 2007/4302/4167
f 2007/4302/4167 2235/4300/4165 2236/4303/4168
f 2007/4302/4167 2236/4303/4168 2008/4304/4169
f 2008/4304/4169 2236/4303/4168 2009/4305/4170
f 2009/4305/4170 2236/4303/4168 2237/4306/4171
f 2009/4305/4170 2237/4306/4171 2010/4307/4172
f 2010/4307/4172 2237/4306/4171 2011/4308/4173
f 2011/4308/4173 2237/4306/4171 2238/4309/4174
f 2011/4308/4173 2238/4309/4174 2012/4310/4175
f 2012/4310/4175 2238/4309/4174 2239/4311/4176
f 2012/4310/4175 2239/4311/4176 2013/4312/4177
f 2013/4312/4177 2239/4311/4176 2014/4313/4178
f 2014/4313/4178 2239/4311/4176 2240/4314/4179
f 2014/4313/4178 2240/4314/4179 2015/4315/4180
f 2015/4315/4180 2240/4314/4179 2016/4316/4181
f 2016/4316/4181 2240/4314/4179 2241/4317/4182
f 2016/4316/4181 2241/4317/4182 2017/4318/4183
f 2017/4318/4183 2241/4317/4182 2018/4319/4184
f 2018/4319/4184 2241/4317/4182 2242/4320/4185
f 2018/4319/4184 2242/4320/4185 2019/4321/4186
f 2019/4321/4186 2242/4320/4185 2020/4322/4187
f 2020/4322/4187 2242/4320/4185 2243/4323/4188
f 2020/4322/4187 2243/4323/4188 2021/4324/4189
f 2021/4324/4189 2243/4323/4188 2244/4325/4190
f 2021/4324/4189 2244/4325/4190 2022/4326/4191
f 2022/4326/4191 2244/4325/4190 2023/4327/4192
f 2023/4327/4192 2244/4325/4190 2245/4328/4193
f 2023/4327/4192 2245/4328/4193 2024/4329/4194
f 2024/4329/4194 2245/4328/4193 2025/4330/4195
f 2025/4330/4195 2245/4328/4193 2246/4331/4196
f 2025/4330/4195 2246/4331/4196 2026/4332/4197
f 2026/4332/4197 2246/4331/4196 2027/4333/4198
f 2027/4333/4198 2246/4331/4196 2247/4334/4199
f 2027/4333/4198 2247/4334/4199 2028/4335/4200
f 2028/4335/4200 2247/4334/4199 2029/4336/4201
f 2029/4336/4201 2247/4334/4199 2248/4337/4202
f 2029/4336/4201 2248/4337/4202 2030/4338/4203
f 2030/4338/4203 2248/4337/4202 2031/4339/4204
f 2031/4339/4204 2248/4337/4202 2249/4340/4205
f 2031/4339/4204 2249/4340/4205 2032/4341/4206
f 2032/4341/4206 2249/4340/4205 2250/4342/4207
f 2032/4341/4206 2250/4342/4207 2033/4343/4208
f 2033/4343/4208 2250/4342/4207 2034/4344/4209
f 2034/4344/4209 2250/4342/4207 2251/4345/4210
f 2034/4344/4209 2251/4345/4210 2035/4346/4211
f 2035/4346/4211 2251/4345/4210 2036/4347/4212
f 2036/4347/4212 2251/4345/4210 2252/4348/4213
f 2036/4347/4212 2252/4348/4213 2037/4349/4214
f 2037/4349/4214 2252/4348/4213 2038/4350/4215
f 2038/4350/4215 2252/4348/4213 2253/4351/4216
f 2038/4350/4215 2253/4351/4216 2039/4352/4217
f 2039/4352/4217 2253/4351/4216 2040/4353/4218
f 2040/4353/4218 2253/4351/4216 2254/4354/4219
f 2040/4353/4218 2254/4354/4219 2041/4355/4220
f 2041/4355/4220 2254/4354/4219 2255/4356/4221
f 2041/4355/4220 2255/4356/4221 2042/4357/4222
f 2042/4357/4222 2255/4356/4221 2043/4358/4223
f 2043/4358/4223 2255/4356/4221 2256/4359/4224
f 2043/4358/4223 2256/4359/4224 2044/4360/4225
f 2044/4360/4225 2256/4359/4224 2045/4361/4226
f 2045/4361/4226 2256/4359/4224 2257/4362/4227
f 2045/4361/4226 2257/4362/4227 2046/4363/4228
f 2046/4363/4228 2257/4362/4227 2047/4364/4229
f 2047/4364/4229 2257/4362/4227 2258/4365/4230
f 2047/4364/4229 2258/4365/4230 2048/4366/4231
f 2048/4366/4231 2258/4365/4230 2049/4367/4232
f 2049/4367/4232 2258/4365/4230 2259/4368/4233
f 2049/4367/4232 2259/4368/4233 2050/4369/4234
f 2050/4369/4234 2259/4368/4233 2051/4370/4235
f 2051/4370/4235 2259/4368/4233 2260/4371/4236
f 2051/4370/4235 2260/4371/4236 2052/4372/4237
f 2052/4372/4237 2260/4371/4236 2261/4373/4238
f 2052/4372/4237 2261/4373/4238 2053/4374/4239
f 2053/4374/4239 2261/4373/4238 2054/4375/4240
f 2054/4375/4240 2261/4373/4238 2262/4376/4241
f 2054/4375/4240 2262/4376/4241 2055/4377/4242
f 2055/4377/4242 2262/4376/4241 2056/4378/4243
f 2056/4378/4243 2262/4376/4241 2263/4379/4244
f 2056/4378/4243 2263/4379/4244 2057/4380/4245
f 2057/4380/4245 2263/4379/4244 2058/4381/4246
f 2058/4381/4246 2263/4379/4244 1813/4382/4247
f 1813/4382/4247 2263/4379/4244 2228/4383/4248
f 2228/4383/4248 2263/4379/4244 2227/4384/4249
f 2227/4384/4249 2263/4379/4244 2262/4376/4241
f 2227/4384/4249 2262/4376/4241 2226/4385/4250
f 2226/4385/4250 2262/4376/4241 2225/4386/4251
f 2225/4386/4251 2262/4376/4241 2261/4373/4238
f 2225/4386/4251 2261/4373/4238 2224/4387/4252
f 2224/4387/4252 2261/4373/4238 2223/4388/4253
f 2223/4388/4253 2261/4373/4238 2260/4371/4236
f 2223/4388/4253 2260/4371/4236 2222/4389/4254
f 2222/4389/4254 2260/4371/4236 2259/4368/4233
f 2222/4389/4254 2259/4368/4233 2221/4390/4255
f 2221/4390/4255 2259/4368/4233 2220/4391/4256
f 2220/4391/4256 2259/4368/4233 2258/4365/4230
f 2220/4391/4256 2258/4365/4230 2219/4392/4257
f 2219/4392/4257 2258/4365/4230 2218/4393/4258
f 2218/4393/4258 2258/4365/4230 2257/4362/4227
f 2218/4393/4258 2257/4362/4227 2217/4394/4259
f 2217/4394/4259 2257/4362/4227 2216/4395/4260
f 2216/4395/4260 2257/4362/4227 2256/4359/4224
f 2216/4395/4260 2256/4359/4224 2215/4396/4261
f 2215/4396/4261 2256/4359/4224 2214/4397/4262
f 2214/4397/4262 2256/4359/4224 2255/4356/4221
f 2214/4397/4262 2255/4356/4221 2213/4398/4263
f 2213/4398/4263 2255/4356/4221 2212/4399/4264
f 2212/4399/4264 2255/4356/4221 2254/4354/4219
f 2212/4399/4264 2254/4354/4219 2211/4400/4265
f 2211/4400/4265 2254/4354/4219 2253/4351/4216
f 2211/4400/4265 2253/4351/4216 2210/4401/4266
f 2210/4401/4266 2253/4351/4216 2209/4402/4267
f 2209/4402/4267 2253/4351/4216 2252/4348/4213
f 2209/4402/4267 2252/4348/4213 2208/4403/4268
f 2208/4403/4268 2252/4348/4213 2207/4404/4269
f 2207/4404/4269 2252/4348/4213 2251/4345/4210
f 2207/4404/4269 2251/4345/4210 2206/4405/4270
f 2206/4405/4270 2251/4345/4210 2205/4406/4271
f 2205/4406/4271 2251/4345/4210 2250/4342/4207
f 2205/4406/4271 2250/4342/4207 2204/4407/4272
f 2204/4407/4272 2250/4342/4207 2203/4408/4273
f 2203/4408/4273 2250/4342/4207 2249/4340/4205
f 2203/4408/4273 2249/4340/4205 2202/4409/4274
f 2202/4409/4274 2249/4340/4205 2248/4337/4202
f 2202/4409/4274 2248/4337/4202 2201/4410/4275
f 2201/4410/4275 2248/4337/4202 2200/4411/4276
f 2200/4411/4276 2248/4337/4202 2247/4334/4199
f 2200/4411/4276 2247/4334/4199 2199/4412/4277
f 2199/4412/4277 2247/4334/4199 2198/4413/4278
f 2198/4413/4278 2247/4334/4199 2246/4331/4196
f 2198/4413/4278 2246/4331/4196 2197/4414/4279
f 2197/4414/4279 2246/4331/4196 2196/4415/4280
f 2196/4415/4280 2246/4331/4196 2245/4328/4193
f 2196/4415/4280 2245/4328/4193 2195/4416/4281
f 2195/4416/4281 2245/4328/4193 2194/4417/4282
f 2194/4417/4282 2245/4328/4193 2244/4325/4190
f 2194/4417/4282 2244/4325/4190 2193/4418/4283
f 2193/4418/4283 2244/4325/4190 2192/4419/4284
f 2192/4419/4284 2244/4325/4190 2243/4323/4188
f 2192/4419/4284 2243/4323/4188 2191/4420/4285
f 2191/4420/4285 2243/4323/4188 2242/4320/4185
f 2191/4420/4285 2242/4320/4185 2190/4421/4286
f 2190/4421/4286 2242/4320/4185 2189/4422/4287
f 2189/4422/4287 2242/4320/4185 2241/4317/4182
f 2189/4422/4287 2241/4317/4182 2188/4423/4288
f 2188/4423/4288 2241/4317/4182 2187/4424/4289
f 2187/4424/4289 2241/4317/4182 2240/4314/4179
f 2187/4424/4289 2240/4314/4179 2186/4425/4290
f 2186/4425/4290 2240/4314/4179 2185/4426/4291
f 2185/4426/4291 2240/4314/4179 2239/4311/4176
f 2185/4426/4291 2239/4311/4176 2184/4427/4292
f 2184/4427/4292 2239/4311/4176 2183/4428/4293
f 2183/4428/4293 2239/4311/4176 2238/4309/4174
f 2183/4428/4293 2238/4309/4174 2182/4429/4294
f 2182/4429/4294 2238/4309/4174 2237/4306/4171
f 2182/4429/4294 2237/4306/4171 2181/4430/4295
f 2181/4430/4295 2237/4306/4171 2180/4431/4296
f 2180/4431/4296 2237/4306/4171 2236/4303/4168
f 2180/4431/4296 2236/4303/4168 2179/4432/4297
f 2179/4432/4297 2236/4303/4168 2178/4433/4298
f 2178/4433/4298 2236/4303/4168 2235/4300/4165
f 2178/4433/4298 2235/4300/4165 2177/4434/4299
f 2177/4434/4299 2235/4300/4165 2176/4435/4300
f 2176/4435/4300 2235/4300/4165 2234/4297/4162
f 2176/4435/4300 2234/4297/4162 2175/4436/4301
f 2175/4436/4301 2234/4297/4162 2174/4437/4302
f 2174/4437/4302 2234/4297/4162 2233/4294/4159
f 2174/4437/4302 2233/4294/4159 2173/4438/4303
f 2173/4438/4303 2233/4294/4159 2172/4439/4304
f 2172/4439/4304 2233/4294/4159 2232/4292/4157
f 2172/4439/4304 2232/4292/4157 2171/4440/4305
f 2171/4440/4305 2232/4292/4157 2231/4289/4154
f 2171/4440/4305 2231/4289/4154 2170/4441/4306
f 2170/4441/4306 2231/4289/4154 2169/4442/4307
f 2169/4442/4307 2231/4289/4154 2230/4286/4151
f 2169/4442/4307 2230/4286/4151 2168/4443/4308
f 2168/4443/4308 2230/4286/4151 2167/4444/4309
f 2167/4444/4309 2230/4286/4151 2229/4283/4148
f 2167/4444/4309 2229/4283/4148 2166/4281/4146
f 1994/4445/4310 1993/4446/4311 1983/4447/4312
f 1983/4447/4312 1993/4446/4311 1992/4448/4313
f 1983/4447/4312 1992/4448/4313 1991/4449/4314
f 1991/4449/4314 1990/4450/4315 1983/4447/4312
f 1983/4447/4312 1990/4450/4315 1989/4451/4316
f 1983/4447/4312 1989/4451/4316 1988/4452/4317
f 1988/4452/4317 1987/4453/4318 1983/4447/4312
f 1983/4447/4312 1987/4453/4318 1986/4454/4319
f 1983/4447/4312 1986/4454/4319 1985/4455/4320
f 1985/4455/4320 1984/4456/4321 1983/4447/4312
f 1982/4457/4322 2165/4458/4323 1983/4459/4324
f 2165/4460/4325 1982/4461/4326 2304/4462/4327
f 2304/4462/4327 1982/4461/4326 1981/4463/4328
f 2304/4462/4327 1981/4463/4328 1980/4464/4329
f 1980/4464/4329 1979/4465/4330 2304/4462/4327
f 2304/4462/4327 1979/4465/4330 2303/4466/4331
f 2304/4462/4327 2303/4466/4331 2168/4467/4332
f 2168/4467/4332 2303/4466/4331 2169/4468/4333
f 2169/4468/4333 2303/4466/4331 2302/4469/4334
f 2169/4468/4333 2302/4469/4334 2170/4470/4335
f 2170/4470/4335 2302/4469/4334 2171/4471/4336
f 2171/4471/4336 2302/4469/4334 2301/4472/4337
f 2171/4471/4336 2301/4472/4337 2172/4473/4338
f 2172/4473/4338 2301/4472/4337 2173/4474/4339
f 2173/4474/4339 2301/4472/4337 2300/4475/4340
f 2173/4474/4339 2300/4475/4340 2174/4476/4341
f 2174/4476/4341 2300/4475/4340 2175/4477/4342
f 2175/4477/4342 2300/4475/4340 2299/4478/4343
f 2175/4477/4342 2299/4478/4343 2176/4479/4344
f 2176/4479/4344 2299/4478/4343 2177/4480/4345
f 2177/4480/4345 2299/4478/4343 2298/4481/4346
f 2177/4480/4345 2298/4481/4346 2178/4482/4347
f 2178/4482/4347 2298/4481/4346 2179/4483/4348
f 2179/4483/4348 2298/4481/4346 2297/4484/4349
f 2179/4483/4348 2297/4484/4349 2180/4485/4350
f 2180/4485/4350 2297/4484/4349 2181/4486/4351
f 2181/4486/4351 2297/4484/4349 2296/4487/4352
f 2181/4486/4351 2296/4487/4352 2182/4488/4353
f 2182/4488/4353 2296/4487/4352 2295/4489/4354
f 2182/4488/4353 2295/4489/4354 2183/4490/4355
f 2183/4490/4355 2295/4489/4354 2184/4491/4356
f 2184/4491/4356 2295/4489/4354 2294/4492/4357
f 2184/4491/4356 2294/4492/4357 2185/4493/4358
f 2185/4493/4358 2294/4492/4357 2293/4494/4359
f 2185/4493/4358 2293/4494/4359 2186/4495/4360
f 2186/4495/4360 2293/4494/4359 2187/4496/4361
f 2187/4496/4361 2293/4494/4359 2292/4497/4362
f 2187/4496/4361 2292/4497/4362 2188/4498/4363
f 2188/4498/4363 2292/4497/4362 2291/4499/4364
f 2188/4498/4363 2291/4499/4364 2189/4500/4365
f 2189/4500/4365 2291/4499/4364 2190/4501/4366
f 2190/4501/4366 2291/4499/4364 2290/4502/4367
f 2190/4501/4366 2290/4502/4367 2191/4503/4368
f 2191/4503/4368 2290/4502/4367 2289/4504/4369
f 2191/4503/4368 2289/4504/4369 2192/4505/4370
f 2192/4505/4370 2289/4504/4369 2193/4506/4371
f 2193/4506/4371 2289/4504/4369 2288/4507/4372
f 2193/4506/4371 2288/4507/4372 2194/4508/4373
f 2194/4508/4373 2288/4507/4372 2287/4509/4374
f 2194/4508/4373 2287/4509/4374 2195/4510/4375
f 2195/4510/4375 2287/4509/4374 2286/4511/4376
f 2195/4510/4375 2286/4511/4376 2196/4512/4377
f 2196/4512/4377 2286/4511/4376 2197/4513/4378
f 2197/4513/4378 2286/4511/4376 2285/4514/4379
f 2197/4513/4378 2285/4514/4379 2198/4515/4380
f 2198/4515/4380 2285/4514/4379 2284/4516/4381
f 2198/4515/4380 2284/4516/4381 2199/4517/4382
f 2199/4517/4382 2284/4516/4381 2200/4518/4383
f 2200/4518/4383 2284/4516/4381 2283/4519/4384
f 2200/4518/4383 2283/4519/4384 2201/4520/4385
f 2201/4520/4385 2283/4519/4384 2282/4521/4386
f 2201/4520/4385 2282/4521/4386 2202/4522/4387
f 2202/4522/4387 2282/4521/4386 2203/4523/4388
f 2203/4523/4388 2282/4521/4386 2281/4524/4389
f 2203/4523/4388 2281/4524/4389 2204/4525/4390
f 2204/4525/4390 2281/4524/4389 2280/4526/4391
f 2204/4525/4390 2280/4526/4391 2205/4527/4392
f 2205/4527/4392 2280/4526/4391 2279/4528/4393
f 2205/4527/4392 2279/4528/4393 2206/4529/4394
f 2206/4529/4394 2279/4528/4393 2207/4530/4395
f 2207/4530/4395 2279/4528/4393 2278/4531/4396
f 2207/4530/4395 2278/4531/4396 2208/4532/4397
f 2208/4532/4397 2278/4531/4396 2277/4533/4398
f 2208/4532/4397 2277/4533/4398 2209/4534/4399
f 2209/4534/4399 2277/4533/4398 2210/4535/4400
f 2210/4535/4400 2277/4533/4398 2276/4536/4401
f 2210/4535/4400 2276/4536/4401 2211/4537/4402
f 2211/4537/4402 2276/4536/4401 2275/4538/4403
f 2211/4537/4402 2275/4538/4403 2212/4539/4404
f 2212/4539/4404 2275/4538/4403 2213/4540/4405
f 2213/4540/4405 2275/4538/4403 2274/4541/4406
f 2213/4540/4405 2274/4541/4406 2214/4542/4407
f 2214/4542/4407 2274/4541/4406 2273/4543/4408
f 2214/4542/4407 2273/4543/4408 2215/4544/4409
f 2215/4544/4409 2273/4543/4408 2272/4545/4410
f 2215/4544/4409 2272/4545/4410 2216/4546/4411
f 2216/4546/4411 2272/4545/4410 2217/4547/4412
f 2217/4547/4412 2272/4545/4410 2271/4548/4413
f 2217/4547/4412 2271/4548/4413 2218/4549/4414
f 2218/4549/4414 2271/4548/4413 2270/4550/4415
f 2218/4549/4414 2270/4550/4415 2219/4551/4416
f 2219/4551/4416 2270/4550/4415 2220/4552/4417
f 2220/4552/4417 2270/4550/4415 2269/4553/4418
f 2220/4552/4417 2269/4553/4418 2221/4554/4419
f 2221/4554/4419 2269/4553/4418 2268/4555/4420
f 2221/4554/4419 2268/4555/4420 2222/4556/4421
f 2222/4556/4421 2268/4555/4420 2223/4557/4422
f 2223/4557/4422 2268/4555/4420 2267/4558/4423
f 2223/4557/4422 2267/4558/4423 2224/4559/4424
f 2224/4559/4424 2267/4558/4423 2266/4560/4425
f 2224/4559/4424 2266/4560/4425 2225/4561/4426
f 2225/4561/4426 2266/4560/4425 2265/4562/4427
f 2225/4561/4426 2265/4562/4427 2226/4563/4428
f 2226/4563/4428 2265/4562/4427 2227/4564/4429
f 2227/4564/4429 2265/4562/4427 2264/4565/4430
f 2227/4564/4429 2264/4565/4430 2228/4566/4431
f 2228/4566/4431 2264/4565/4430 1814/4567/4432
f 2228/4566/4431 1814/4567/4432 1813/4568/4433
f 1979/4465/4330 1978/4569/4434 2303/4466/4331
f 2303/4466/4331 1978/4569/4434 2302/4469/4334
f 1978/4569/4434 1977/4570/4435 2302/4469/4334
f 2302/4469/4334 1977/4570/4435 1976/4571/4436
f 2302/4469/4334 1976/4571/4436 2301/4472/4337
f 2301/4472/4337 1976/4571/4436 1975/4572/4437
f 2301/4472/4337 1975/4572/4437 1974/4573/4438
f 2301/4472/4337 1974/4573/4438 2300/4475/4340
f 2300/4475/4340 1974/4573/4438 1973/4574/4439
f 2300/4475/4340 1973/4574/4439 1972/4575/4440
f 2300/4475/4340 1972/4575/4440 2299/4478/4343
f 2299/4478/4343 1972/4575/4440 1971/4576/4441
f 2299/4478/4343 1971/4576/4441 1970/4577/4442
f 2299/4478/4343 1970/4577/4442 2298/4481/4346
f 2298/4481/4346 1970/4577/4442 1969/4578/4443
f 2298/4481/4346 1969/4578/4443 1968/4579/4444
f 2298/4481/4346 1968/4579/4444 2297/4484/4349
f 2297/4484/4349 1968/4579/4444 1967/4580/4445
f 2297/4484/4349 1967/4580/4445 1966/4581/4446
f 2297/4484/4349 1966/4581/4446 2296/4487/4352
f 2296/4487/4352 1966/4581/4446 1965/4582/4447
f 2296/4487/4352 1965/4582/4447 1964/4583/4448
f 2296/4487/4352 1964/4583/4448 2295/4489/4354
f 2295/4489/4354 1964/4583/4448 1963/4584/4449
f 2295/4489/4354 1963/4584/4449 2294/4492/4357
f 2294/4492/4357 1963/4584/4449 1962/4585/4450
f 2294/4492/4357 1962/4585/4450 2293/4494/4359
f 2293/4494/4359 1962/4585/4450 1961/4586/4451
f 2293/4494/4359 1961/4586/4451 1960/4587/4452
f 2293/4494/4359 1960/4587/4452 2292/4497/4362
f 2292/4497/4362 1960/4587/4452 1959/4588/4453
f 2292/4497/4362 1959/4588/4453 2291/4499/4364
f 2291/4499/4364 1959/4588/4453 1958/4589/4454
f 2291/4499/4364 1958/4589/4454 1957/4590/4455
f 2291/4499/4364 1957/4590/4455 2290/4502/4367
f 2290/4502/4367 1957/4590/4455 1956/4591/4456
f 2290/4502/4367 1956/4591/4456 2289/4504/4369
f 2289/4504/4369 1956/4591/4456 1955/4592/4457
f 2289/4504/4369 1955/4592/4457 1954/4593/4458
f 2289/4504/4369 1954/4593/4458 2288/4507/4372
f 2288/4507/4372 1954/4593/4458 1953/4594/4459
f 2288/4507/4372 1953/4594/4459 2287/4509/4374
f 2287/4509/4374 1953/4594/4459 1952/4595/4460
f 2287/4509/4374 1952/4595/4460 2286/4511/4376
f 2286/4511/4376 1952/4595/4460 1951/4596/4461
f 2286/4511/4376 1951/4596/4461 1950/4597/4462
f 2286/4511/4376 1950/4597/4462 2285/4514/4379
f 2285/4514/4379 1950/4597/4462 1949/4598/4463
f 2285/4514/4379 1949/4598/4463 2284/4516/4381
f 2284/4516/4381 1949/4598/4463 1948/4599/4464
f 2284/4516/4381 1948/4599/4464 1947/4600/4465
f 2284/4516/4381 1947/4600/4465 2283/4519/4384
f 2283/4519/4384 1947/4600/4465 1946/4601/4466
f 2283/4519/4384 1946/4601/4466 2282/4521/4386
f 2282/4521/4386 1946/4601/4466 1945/4602/4467
f 2282/4521/4386 1945/4602/4467 1944/4603/4468
f 2282/4521/4386 1944/4603/4468 2281/4524/4389
f 2281/4524/4389 1944/4603/4468 1943/4604/4469
f 2281/4524/4389 1943/4604/4469 2280/4526/4391
f 2280/4526/4391 1943/4604/4469 1942/4605/4470
f 2280/4526/4391 1942/4605/4470 2279/4528/4393
f 2279/4528/4393 1942/4605/4470 1941/4606/4471
f 2279/4528/4393 1941/4606/4471 1940/4607/4472
f 2279/4528/4393 1940/4607/4472 2278/4531/4396
f 2278/4531/4396 1940/4607/4472 1939/4608/4473
f 2278/4531/4396 1939/4608/4473 2277/4533/4398
f 2277/4533/4398 1939/4608/4473 1938/4609/4474
f 2277/4533/4398 1938/4609/4474 1937/4610/4475
f 2277/4533/4398 1937/4610/4475 2276/4536/4401
f 2276/4536/4401 1937/4610/4475 1936/4611/4476
f 2276/4536/4401 1936/4611/4476 2275/4538/4403
f 2275/4538/4403 1936/4611/4476 1935/4612/4477
f 2275/4538/4403 1935/4612/4477 1934/4613/4478
f 2275/4538/4403 1934/4613/4478 2274/4541/4406
f 2274/4541/4406 1934/4613/4478 1933/4614/4479
f 2274/4541/4406 1933/4614/4479 2273/4543/4408
f 2273/4543/4408 1933/4614/4479 1932/4615/4480
f 2273/4543/4408 1932/4615/4480 2272/4545/4410
f 2272/4545/4410 1932/4615/4480 1931/4616/4481
f 2272/4545/4410 1931/4616/4481 1930/4617/4482
f 2272/4545/4410 1930/4617/4482 2271/4548/4413
f 2271/4548/4413 1930/4617/4482 1929/4618/4483
f 2271/4548/4413 1929/4618/4483 2270/4550/4415
f 2270/4550/4415 1929/4618/4483 1928/4619/4484
f 2270/4550/4415 1928/4619/4484 1927/4620/4485
f 2270/4550/4415 1927/4620/4485 2269/4553/4418
f 2269/4553/4418 1927/4620/4485 1926/4621/4486
f 2269/4553/4418 1926/4621/4486 2268/4555/4420
f 2268/4555/4420 1926/4621/4486 1925/4622/4487
f 2268/4555/4420 1925/4622/4487 1924/4623/4488
f 2268/4555/4420 1924/4623/4488 2267/4558/4423
f 2267/4558/4423 1924/4623/4488 1923/4624/4489
f 2267/4558/4423 1923/4624/4489 2266/4560/4425
f 2266/4560/4425 1923/4624/4489 1922/4625/4490
f 2266/4560/4425 1922/4625/4490 2265/4562/4427
f 2265/4562/4427 1922/4625/4490 1921/4626/4491
f 2265/4562/4427 1921/4626/4491 1920/4627/4492
f 2265/4562/4427 1920/4627/4492 2264/4565/4430
f 2264/4565/4430 1920/4627/4492 1919/4628/4493
f 2264/4565/4430 1919/4628/4493 1814/4567/4432
f 2168/4467/4332 2167/4629/4494 2304/4462/4327
f 2304/4462/4327 2167/4629/4494 2166/4630/4495
f 2304/4462/4327 2166/4630/4495 2165/4460/4325
f 2305/4631/4496 194/4632/4497 312/4633/4498
f 312/4633/4498 194/4632/4497 193/4634/4499
f 2305/4635/4500 312/4636/4501 268/4637/4502
f 268/4637/4502 312/4636/4501 269/4638/4503
f 239/4639/368 237/4640/4504 266/4641/4505
f 266/4641/4505 237/4640/4504 2306/4642/4506
f 266/4641/4505 2306/4642/4506 2307/4643/4507
f 266/4641/4505 2307/4643/4507 267/4644/4508
f 267/4644/4508 2307/4643/4507 2305/4645/4509
f 267/4644/4508 2305/4645/4509 268/4646/4502
f 237/4647/4510 197/4648/4511 2306/4649/4512
f 2306/4649/4512 197/4648/4511 196/4650/4513
f 2306/4649/4512 196/4650/4513 195/4651/4514
f 2306/4649/4512 195/4651/4514 2307/4652/4515
f 2307/4652/4515 195/4651/4514 194/4653/4497
f 2307/4652/4515 194/4653/4497 2305/4654/4516
f 263/4655/4517 2308/4656/4518 264/4657/4519
f 264/4657/4519 2308/4656/4518 2309/4658/4520
f 264/4657/4519 2309/4658/4520 2310/4659/4521
f 264/4657/4519 2310/4659/4521 265/4660/4522
f 265/4660/4522 2310/4659/4521 236/4661/4523
f 265/4660/4522 236/4661/4523 238/4662/367
f 2308/4663/4524 174/4664/4525 2309/4665/4526
f 2309/4665/4526 174/4664/4525 173/4666/4527
f 2309/4665/4526 173/4666/4527 172/4667/4528
f 2309/4665/4526 172/4667/4528 2310/4668/4529
f 2310/4668/4529 172/4667/4528 171/4669/4530
f 2310/4668/4529 171/4669/4530 236/4670/4531
f 2311/4671/4532 175/4672/4533 2308/4673/4534
f 2308/4673/4534 175/4672/4533 174/4674/4535
f 262/4675/4536 2311/4676/4537 263/4677/4517
f 263/4677/4517 2311/4676/4537 2308/4678/4538
f 259/4679/4539 2312/4680/4540 260/4681/4541
f 260/4681/4541 2312/4680/4540 2313/4682/4542
f 260/4681/4541 2313/4682/4542 2314/4683/4543
f 260/4681/4541 2314/4683/4543 261/4684/4544
f 261/4684/4544 2314/4683/4543 2311/4685/4545
f 261/4684/4544 2311/4685/4545 262/4686/4536
f 2312/4687/4546 178/4688/4547 2313/4689/4548
f 2313/4689/4548 178/4688/4547 177/4690/4549
f 2313/4689/4548 177/4690/4549 176/4691/4550
f 2313/4689/4548 176/4691/4550 2314/4692/4551
f 2314/4692/4551 176/4691/4550 175/4693/4552
f 2314/4692/4551 175/4693/4552 2311/4694/4553
f 179/4695/4554 178/4696/4555 2315/4697/4556
f 2315/4697/4556 178/4696/4555 2312/4698/4557
f 2315/4699/4558 2312/4700/4559 258/4701/4560
f 258/4701/4560 2312/4700/4559 259/4702/4539
f 255/4703/4561 2316/4704/4562 256/4705/4563
f 256/4705/4563 2316/4704/4562 2317/4706/4564
f 256/4705/4563 2317/4706/4564 2318/4707/4565
f 256/4705/4563 2318/4707/4565 257/4708/4566
f 257/4708/4566 2318/4707/4565 2315/4709/4567
f 257/4708/4566 2315/4709/4567 258/4710/4560
f 2316/4711/4568 182/4712/4569 2317/4713/4570
f 2317/4713/4570 182/4712/4569 181/4714/4571
f 2317/4713/4570 181/4714/4571 180/4715/4572
f 2317/4713/4570 180/4715/4572 2318/4716/4573
f 2318/4716/4573 180/4715/4572 179/4717/4574
f 2318/4716/4573 179/4717/4574 2315/4718/4575
f 183/4719/4576 182/4720/4569 2319/4721/4577
f 2319/4721/4577 182/4720/4569 2316/4722/4578
f 2319/4723/4579 2316/4724/4580 254/4725/4581
f 254/4725/4581 2316/4724/4580 255/4726/4561
f 254/4727/4582 253/4728/4583 2319/4729/4584
f 2319/4729/4584 253/4728/4583 2320/4730/4585
f 2319/4729/4584 2320/4730/4585 2321/4731/4586
f 186/4732/4587 185/4733/4588 2321/4734/4589
f 2321/4734/4589 185/4733/4588 184/4735/4590
f 2321/4734/4589 184/4735/4590 2319/4736/4591
f 2319/4736/4591 184/4735/4590 183/4737/4592
f 2323/4738/4593 13/4739/4594 2322/4740/4595
f 2322/4740/4595 13/4739/4594 186/4741/4596
f 2322/4740/4595 186/4741/4596 2321/4742/4597
f 2323/4738/4593 2324/4743/4598 13/4739/4594
f 12/4744/286 168/4745/285 13/4739/4594
f 13/4739/4594 168/4745/285 186/4741/4596
f 2320/4746/4599 2325/4747/4600 2321/4748/4601
f 2321/4748/4601 2325/4747/4600 2322/4749/4602
f 250/4750/4603 2326/4751/4604 251/4752/4605
f 251/4752/4605 2326/4751/4604 2327/4753/4606
f 251/4752/4605 2327/4753/4606 252/4754/4607
f 252/4754/4607 2327/4753/4606 253/4755/4608
f 253/4755/4608 2327/4753/4606 2328/4756/4609
f 253/4755/4608 2328/4756/4609 2320/4757/4610
f 2320/4757/4610 2328/4756/4609 2329/4758/4611
f 2320/4757/4610 2329/4758/4611 2325/4759/4612
f 2325/4759/4612 2329/4758/4611 2323/4760/4613
f 2325/4759/4612 2323/4760/4613 2322/4761/4614
f 2323/4762/4615 2329/4763/4616 50/4764/4617
f 50/4764/4617 2329/4763/4616 51/4765/4618
f 51/4765/4618 2329/4763/4616 2328/4766/4619
f 51/4765/4618 2328/4766/4619 52/4767/4620
f 52/4767/4620 2328/4766/4619 2327/4768/4621
f 52/4767/4620 2327/4768/4621 53/4769/4622
f 53/4769/4622 2327/4768/4621 2326/4770/4623
f 2326/4771/4624 2330/4772/4625 53/4773/4626
f 53/4773/4626 2330/4772/4625 54/4774/4627
f 54/4775/4627 2330/4776/4628 55/4777/4629
f 55/4777/4629 2330/4776/4628 2331/4778/4630
f 55/4777/4629 2331/4778/4630 56/4779/4631
f 56/4779/4631 2331/4778/4630 97/4780/4632
f 56/4779/4631 97/4780/4632 57/4781/4633
f 249/4782/4634 248/4783/4635 2330/4784/4636
f 2330/4784/4636 248/4783/4635 2331/4785/4637
f 2331/4785/4637 248/4783/4635 247/4786/4638
f 2331/4785/4637 247/4786/4638 97/4787/4639
f 97/4787/4639 247/4786/4638 100/4788/4640
f 2326/4789/4641 250/4790/4642 2330/4791/4643
f 2330/4791/4643 250/4790/4642 249/4792/4644
f 2324/4793/4645 2323/4794/4646 49/4795/4647
f 49/4795/4647 2323/4794/4646 50/4796/4648
f 32/4797/4649 30/4798/4650 47/4799/4651
f 47/4799/4651 30/4798/4650 2332/4800/4652
f 47/4799/4651 2332/4800/4652 2333/4801/4653
f 2324/4802/4654 49/4803/4655 2333/4801/4653
f 2333/4801/4653 49/4803/4655 48/4804/4656
f 2333/4801/4653 48/4804/4656 47/4799/4651
f 30/4805/4657 16/4806/4658 2332/4807/4659
f 2332/4807/4659 16/4806/4658 15/4808/4660
f 2332/4807/4659 15/4808/4660 14/4809/4661
f 2332/4807/4659 14/4809/4661 2333/4810/4662
f 2333/4810/4662 14/4809/4661 13/4811/4663
f 2333/4810/4662 13/4811/4663 2324/4812/4664
f 77/4813/4665 2344/4814/4666 60/4815/4667
f 60/4815/4667 2344/4814/4666 2345/4816/4668
f 60/4815/4667 2345/4816/4668 61/4817/4669
f 61/4817/4669 2345/4816/4668 2346/4818/4670
f 61/4817/4669 2346/4818/4670 62/4819/4671
f 62/4819/4671 2346/4818/4670 2347/4820/4672
f 62/4819/4671 2347/4820/4672 63/4821/4673
f 63/4821/4673 2347/4820/4672 2348/4822/4674
f 63/4821/4673 2348/4822/4674 64/4823/4675
f 64/4823/4675 2348/4822/4674 2349/4824/4676
f 64/4823/4675 2349/4824/4676 65/4825/4677
f 65/4825/4677 2349/4824/4676 2334/4826/4678
f 65/4825/4677 2334/4826/4678 66/4827/4679
f 66/4827/4679 2334/4826/4678 67/4828/4680
f 67/4828/4680 2334/4826/4678 2335/4829/4681
f 67/4828/4680 2335/4829/4681 68/4830/4682
f 68/4830/4682 2335/4829/4681 2336/4831/4683
f 68/4832/4682 2336/4833/4683 69/4834/4684
f 69/4834/4684 2336/4833/4683 2337/4835/4685
f 69/4834/4684 2337/4835/4685 70/4836/4686
f 70/4836/4686 2337/4835/4685 2338/4837/4687
f 70/4836/4686 2338/4837/4687 71/4838/4688
f 71/4838/4688 2338/4837/4687 2339/4839/4689
f 71/4838/4688 2339/4839/4689 72/4840/4690
f 72/4840/4690 2339/4839/4689 2340/4841/4691
f 72/4840/4690 2340/4841/4691 73/4842/4692
f 73/4842/4692 2340/4841/4691 2341/4843/4693
f 73/4842/4692 2341/4843/4693 74/4844/4694
f 74/4844/4694 2341/4843/4693 2342/4845/4695
f 74/4844/4694 2342/4845/4695 75/4846/4696
f 75/4846/4696 2342/4845/4695 2343/4847/4697
f 75/4846/4696 2343/4847/4697 76/4848/4698
f 76/4848/4698 2343/4847/4697 2344/4814/4666
f 76/4848/4698 2344/4814/4666 77/4813/4665
f 2334/4826/4678 2349/4824/4676 2352/4849/4699
f 2352/4849/4699 2349/4824/4676 2350/4850/4700
f 2352/4849/4699 2350/4850/4700 2351/4851/4701
f 2334/4852/4702 2353/4853/4703 2335/4854/4704
f 2335/4854/4704 2353/4853/4703 2354/4855/4705
f 2335/4854/4704 2354/4855/4705 2355/4856/4706
f 2335/4854/4704 2355/4856/4706 2336/4857/4707
f 2336/4857/4707 2355/4856/4706 2356/4858/4708
f 2336/4857/4707 2356/4858/4708 2357/4859/4709
f 2336/4857/4707 2357/4859/4709 2337/4860/4710
f 2337/4860/4710 2357/4859/4709 2358/4861/4711
f 2337/4860/4710 2358/4861/4711 2338/4862/4712
f 2338/4862/4712 2358/4861/4711 2359/4863/4713
f 2338/4862/4712 2359/4863/4713 2533/4864/4714
f 2533/4864/4714 2359/4863/4713 2360/4865/4715
f 2533/4864/4714 2360/4865/4715 2361/4866/4716
f 2533/4864/4714 2361/4866/4716 2532/4867/4717
f 2532/4867/4717 2361/4866/4716 2362/4868/4718
f 2532/4867/4717 2362/4868/4718 2363/4869/4719
f 2532/4867/4717 2363/4869/4719 2531/4870/4720
f 2531/4870/4720 2363/4869/4719 2364/4871/4721
f 2531/4870/4720 2364/4871/4721 2365/4872/4722
f 2531/4870/4720 2365/4872/4722 2530/4873/4723
f 2530/4873/4723 2365/4872/4722 2366/4874/4724
f 2530/4873/4723 2366/4874/4724 2367/4875/4725
f 2530/4873/4723 2367/4875/4725 2529/4876/4726
f 2529/4876/4726 2367/4875/4725 2368/4877/4727
f 2529/4876/4726 2368/4877/4727 2369/4878/4728
f 2529/4876/4726 2369/4878/4728 2528/4879/4729
f 2528/4879/4729 2369/4878/4728 2370/4880/4730
f 2528/4879/4729 2370/4880/4730 2371/4881/4731
f 2528/4879/4729 2371/4881/4731 2527/4882/4732
f 2527/4882/4732 2371/4881/4731 2372/4883/4733
f 2527/4882/4732 2372/4883/4733 2373/4884/4734
f 2527/4882/4732 2373/4884/4734 2526/4885/4735
f 2526/4885/4735 2373/4884/4734 2374/4886/4736
f 2526/4885/4735 2374/4886/4736 2375/4887/4737
f 2526/4885/4735 2375/4887/4737 2525/4888/4738
f 2525/4888/4738 2375/4887/4737 2376/4889/4739
f 2525/4888/4738 2376/4889/4739 2377/4890/4740
f 2377/4890/4740 2378/4891/4741 2525/4888/4738
f 2525/4888/4738 2378/4891/4741 2524/4892/4742
f 2525/4888/4738 2524/4892/4742 2490/4893/4743
f 2490/4893/4743 2524/4892/4742 2489/4894/4744
f 2489/4894/4744 2524/4892/4742 2488/4895/4745
f 2488/4895/4745 2524/4892/4742 2523/4896/4746
f 2488/4895/4745 2523/4896/4746 2487/4897/4747
f 2487/4897/4747 2523/4896/4746 2486/4898/4748
f 2486/4898/4748 2523/4896/4746 2485/4899/4749
f 2485/4899/4749 2523/4896/4746 2522/4900/4750
f 2485/4899/4749 2522/4900/4750 2484/4901/4751
f 2484/4901/4751 2522/4900/4750 2483/4902/4752
f 2483/4902/4752 2522/4900/4750 2521/4903/4753
f 2483/4902/4752 2521/4903/4753 2482/4904/4754
f 2482/4904/4754 2521/4903/4753 2481/4905/4755
f 2481/4905/4755 2521/4903/4753 2480/4906/4756
f 2480/4906/4756 2521/4903/4753 2520/4907/4757
f 2480/4906/4756 2520/4907/4757 2479/4908/4758
f 2479/4908/4758 2520/4907/4757 2478/4909/4759
f 2478/4909/4759 2520/4907/4757 2519/4910/4760
f 2478/4909/4759 2519/4910/4760 2477/4911/4761
f 2477/4911/4761 2519/4910/4760 2476/4912/4762
f 2476/4912/4762 2519/4910/4760 2475/4913/4763
f 2475/4913/4763 2519/4910/4760 2518/4914/4764
f 2475/4913/4763 2518/4914/4764 2474/4915/4765
f 2474/4915/4765 2518/4914/4764 2473/4916/4766
f 2473/4916/4766 2518/4914/4764 2517/4917/4767
f 2473/4916/4766 2517/4917/4767 2472/4918/4768
f 2472/4918/4768 2517/4917/4767 2471/4919/4769
f 2471/4919/4769 2517/4917/4767 2470/4920/4770
f 2470/4920/4770 2517/4917/4767 2516/4921/4771
f 2470/4920/4770 2516/4921/4771 2469/4922/4772
f 2469/4922/4772 2516/4921/4771 2468/4923/4773
f 2468/4923/4773 2516/4921/4771 2515/4924/4774
f 2468/4923/4773 2515/4924/4774 2467/4925/4775
f 2467/4925/4775 2515/4924/4774 2466/4926/4776
f 2466/4926/4776 2515/4924/4774 2465/4927/4777
f 2465/4927/4777 2515/4924/4774 2514/4928/4778
f 2465/4927/4777 2514/4928/4778 2464/4929/4779
f 2464/4929/4779 2514/4928/4778 2463/4930/4780
f 2463/4930/4780 2514/4928/4778 2513/4931/4781
f 2463/4930/4780 2513/4931/4781 2462/4932/4782
f 2462/4932/4782 2513/4931/4781 2461/4933/4783
f 2461/4933/4783 2513/4931/4781 2460/4934/4784
f 2460/4934/4784 2513/4931/4781 2512/4935/4785
f 2460/4934/4784 2512/4935/4785 2459/4936/4786
f 2459/4936/4786 2512/4935/4785 2458/4937/4787
f 2458/4937/4787 2512/4935/4785 2511/4938/4788
f 2458/4937/4787 2511/4938/4788 2457/4939/4789
f 2457/4939/4789 2511/4938/4788 2456/4940/4790
f 2456/4940/4790 2511/4938/4788 2455/4941/4791
f 2455/4941/4791 2511/4938/4788 2510/4942/4792
f 2455/4941/4791 2510/4942/4792 2454/4943/4793
f 2454/4943/4793 2510/4942/4792 2453/4944/4794
f 2453/4944/4794 2510/4942/4792 2509/4945/4795
f 2453/4944/4794 2509/4945/4795 2452/4946/4796
f 2452/4946/4796 2509/4945/4795 2451/4947/4797
f 2451/4947/4797 2509/4945/4795 2450/4948/4798
f 2450/4948/4798 2509/4945/4795 2508/4949/4799
f 2450/4948/4798 2508/4949/4799 2449/4950/4800
f 2449/4950/4800 2508/4949/4799 2448/4951/4801
f 2448/4951/4801 2508/4949/4799 2507/4952/4802
f 2448/4951/4801 2507/4952/4802 2447/4953/4803
f 2447/4953/4803 2507/4952/4802 2446/4954/4804
f 2446/4954/4804 2507/4952/4802 2445/4955/4805
f 2445/4955/4805 2507/4952/4802 2506/4956/4806
f 2445/4955/4805 2506/4956/4806 2444/4957/4807
f 2444/4957/4807 2506/4956/4806 2443/4958/4808
f 2443/4958/4808 2506/4956/4806 2505/4959/4809
f 2443/4958/4808 2505/4959/4809 2442/4960/4810
f 2442/4960/4810 2505/4959/4809 2441/4961/4811
f 2441/4961/4811 2505/4959/4809 2440/4962/4812
f 2440/4962/4812 2505/4959/4809 2504/4963/4813
f 2440/4962/4812 2504/4963/4813 2439/4964/4814
f 2439/4964/4814 2504/4963/4813 2438/4965/4815
f 2438/4965/4815 2504/4963/4813 2503/4966/4816
f 2438/4965/4815 2503/4966/4816 2437/4967/4817
f 2437/4967/4817 2503/4966/4816 2436/4968/4818
f 2436/4968/4818 2503/4966/4816 2435/4969/4819
f 2435/4969/4819 2503/4966/4816 2502/4970/4820
f 2435/4969/4819 2502/4970/4820 2434/4971/4821
f 2434/4971/4821 2502/4970/4820 2433/4972/4822
f 2433/4972/4822 2502/4970/4820 2501/4973/4823
f 2433/4972/4822 2501/4973/4823 2432/4974/4824
f 2432/4974/4824 2501/4973/4823 2431/4975/4825
f 2431/4975/4825 2501/4973/4823 2430/4976/4826
f 2430/4976/4826 2501/4973/4823 2429/4977/4827
f 2429/4977/4827 2501/4973/4823 2428/4978/4828
f 2428/4978/4828 2501/4973/4823 2427/4979/4829
f 2427/4979/4829 2501/4973/4823 2426/4980/4830
f 2426/4980/4830 2501/4973/4823 2425/4981/4831
f 2425/4981/4831 2501/4973/4823 2502/4970/4820
f 2425/4981/4831 2502/4970/4820 2424/4982/4832
f 2424/4982/4832 2502/4970/4820 2423/4983/4833
f 2423/4983/4833 2502/4970/4820 2503/4966/4816
f 2423/4983/4833 2503/4966/4816 2422/4984/4834
f 2422/4984/4834 2503/4966/4816 2421/4985/4835
f 2421/4985/4835 2503/4966/4816 2504/4963/4813
f 2421/4985/4835 2504/4963/4813 2420/4986/4836
f 2420/4986/4836 2504/4963/4813 2419/4987/4837
f 2419/4987/4837 2504/4963/4813 2505/4959/4809
f 2419/4987/4837 2505/4959/4809 2418/4988/4838
f 2418/4988/4838 2505/4959/4809 2417/4989/4839
f 2417/4989/4839 2505/4959/4809 2506/4956/4806
f 2417/4989/4839 2506/4956/4806 2416/4990/4840
f 2416/4990/4840 2506/4956/4806 2415/4991/4841
f 2415/4991/4841 2506/4956/4806 2507/4952/4802
f 2415/4991/4841 2507/4952/4802 2414/4992/4842
f 2414/4992/4842 2507/4952/4802 2413/4993/4843
f 2413/4993/4843 2507/4952/4802 2508/4949/4799
f 2413/4993/4843 2508/4949/4799 2412/4994/4844
f 2412/4994/4844 2508/4949/4799 2411/4995/4845
f 2411/4995/4845 2508/4949/4799 2509/4945/4795
f 2411/4995/4845 2509/4945/4795 2410/4996/4846
f 2410/4996/4846 2509/4945/4795 2409/4997/4847
f 2409/4997/4847 2509/4945/4795 2408/4998/4848
f 2408/4998/4848 2509/4945/4795 2510/4942/4792
f 2408/4998/4848 2510/4942/4792 2407/4999/4849
f 2407/4999/4849 2510/4942/4792 2406/5000/4850
f 2406/5000/4850 2510/4942/4792 2511/4938/4788
f 2406/5000/4850 2511/4938/4788 2405/5001/4851
f 2405/5001/4851 2511/4938/4788 2404/5002/4852
f 2404/5002/4852 2511/4938/4788 2512/4935/4785
f 2404/5002/4852 2512/4935/4785 2403/5003/4853
f 2403/5003/4853 2512/4935/4785 2402/5004/4854
f 2402/5004/4854 2512/4935/4785 2513/4931/4781
f 2402/5004/4854 2513/4931/4781 2401/5005/4855
f 2401/5005/4855 2513/4931/4781 2400/5006/4856
f 2400/5006/4856 2513/4931/4781 2514/4928/4778
f 2400/5006/4856 2514/4928/4778 2399/5007/4857
f 2399/5007/4857 2514/4928/4778 2398/5008/4858
f 2398/5008/4858 2514/4928/4778 2515/4924/4774
f 2398/5008/4858 2515/4924/4774 2397/5009/4859
f 2397/5009/4859 2515/4924/4774 2396/5010/4860
f 2396/5010/4860 2515/4924/4774 2516/4921/4771
f 2396/5010/4860 2516/4921/4771 2395/5011/4861
f 2395/5011/4861 2516/4921/4771 2394/5012/4862
f 2394/5012/4862 2516/4921/4771 2517/4917/4767
f 2394/5012/4862 2517/4917/4767 2393/5013/4863
f 2393/5013/4863 2517/4917/4767 2392/5014/4864
f 2392/5014/4864 2517/4917/4767 2518/4914/4764
f 2392/5014/4864 2518/4914/4764 2391/5015/4865
f 2391/5015/4865 2518/4914/4764 2390/5016/4866
f 2390/5016/4866 2518/4914/4764 2519/4910/4760
f 2390/5016/4866 2519/4910/4760 2389/5017/4867
f 2389/5017/4867 2519/4910/4760 2388/5018/4868
f 2388/5018/4868 2519/4910/4760 2520/4907/4757
f 2388/5018/4868 2520/4907/4757 2387/5019/4869
f 2387/5019/4869 2520/4907/4757 2386/5020/4870
f 2386/5020/4870 2520/4907/4757 2521/4903/4753
f 2386/5020/4870 2521/4903/4753 2385/5021/4871
f 2385/5021/4871 2521/4903/4753 2384/5022/4872
f 2384/5022/4872 2521/4903/4753 2522/4900/4750
f 2384/5022/4872 2522/4900/4750 2383/5023/4873
f 2383/5023/4873 2522/4900/4750 2382/5024/4874
f 2382/5024/4874 2522/4900/4750 2523/4896/4746
f 2382/5024/4874 2523/4896/4746 2381/5025/4875
f 2381/5025/4875 2523/4896/4746 2380/5026/4876
f 2380/5026/4876 2523/4896/4746 2524/4892/4742
f 2380/5026/4876 2524/4892/4742 2379/5027/4877
f 2379/5027/4877 2524/4892/4742 2378/4891/4741
f 2490/4893/4743 2491/5028/4878 2525/4888/4738
f 2525/4888/4738 2491/5028/4878 2492/5029/4879
f 2525/4888/4738 2492/5029/4879 2493/5030/4880
f 2525/4888/4738 2493/5030/4880 2526/4885/4735
f 2526/4885/4735 2493/5030/4880 2494/5031/4881
f 2526/4885/4735 2494/5031/4881 2527/4882/4732
f 2527/4882/4732 2494/5031/4881 2495/5032/4882
f 2527/4882/4732 2495/5032/4882 2496/5033/4883
f 2527/4882/4732 2496/5033/4883 2528/4879/4729
f 2528/4879/4729 2496/5033/4883 2497/5034/4884
f 2528/4879/4729 2497/5034/4884 2529/4876/4726
f 2529/4876/4726 2497/5034/4884 2498/5035/4885
f 2529/4876/4726 2498/5035/4885 2499/5036/4886
f 2529/4876/4726 2499/5036/4886 2530/4873/4723
f 2530/4873/4723 2499/5036/4886 2500/5037/4887
f 2530/4873/4723 2500/5037/4887 2531/4870/4720
f 2531/4870/4720 2500/5037/4887 2343/5038/4888
f 2531/4870/4720 2343/5038/4888 2342/5039/4889
f 2531/4870/4720 2342/5039/4889 2532/4867/4717
f 2532/4867/4717 2342/5039/4889 2341/5040/4890
f 2532/4867/4717 2341/5040/4890 2340/5041/4891
f 2532/4867/4717 2340/5041/4891 2533/4864/4714
f 2533/4864/4714 2340/5041/4891 2339/5042/4892
f 2533/4864/4714 2339/5042/4892 2338/4862/4712
f 2350/5043/4893 2493/5044/4894 2351/5045/4895
f 2351/5045/4895 2493/5044/4894 2492/5046/4896
f 2351/5045/4895 2492/5046/4896 2744/5047/4897
f 2744/5047/4897 2492/5046/4896 2491/5048/4898
f 2744/5047/4897 2491/5048/4898 2743/5049/4899
f 2743/5049/4899 2491/5048/4898 2490/5050/4900
f 2743/5049/4899 2490/5050/4900 2742/5051/4901
f 2742/5051/4901 2490/5050/4900 2489/5052/4902
f 2742/5051/4901 2489/5052/4902 2741/5053/4903
f 2741/5053/4903 2489/5052/4902 2488/5054/4904
f 2741/5053/4903 2488/5054/4904 2740/5055/4905
f 2740/5055/4905 2488/5054/4904 2487/5056/4906
f 2740/5055/4905 2487/5056/4906 2739/5057/4907
f 2739/5058/4907 2487/5059/4906 2486/5060/4908
f 2739/5058/4907 2486/5060/4908 2738/5061/4909
f 2738/5061/4909 2486/5060/4908 2485/5062/4910
f 2738/5061/4909 2485/5062/4910 2484/5063/4911
f 2493/5044/4894 2350/5043/4893 2494/5064/4912
f 2494/5064/4912 2350/5043/4893 2349/5065/4913
f 2494/5064/4912 2349/5065/4913 2495/5066/4914
f 2495/5066/4914 2349/5065/4913 2348/5067/4915
f 2495/5066/4914 2348/5067/4915 2496/5068/4916
f 2496/5068/4916 2348/5067/4915 2347/5069/4917
f 2496/5068/4916 2347/5069/4917 2497/5070/4918
f 2497/5070/4918 2347/5069/4917 2346/5071/4919
f 2497/5070/4918 2346/5071/4919 2498/5072/4920
f 2498/5072/4920 2346/5071/4919 2345/5073/4921
f 2498/5072/4920 2345/5073/4921 2499/5074/4922
f 2499/5074/4922 2345/5073/4921 2344/5075/4923
f 2499/5074/4922 2344/5075/4923 2500/5076/4924
f 2500/5076/4924 2344/5075/4923 2343/5077/4925
f 2738/5061/4909 2484/5063/4911 2737/5078/4926
f 2737/5078/4926 2484/5063/4911 2483/5079/4927
f 2737/5078/4926 2483/5079/4927 2736/5080/4928
f 2736/5080/4928 2483/5079/4927 2482/5081/4929
f 2736/5080/4928 2482/5081/4929 2735/5082/4930
f 2735/5082/4930 2482/5081/4929 2481/5083/4931
f 2735/5082/4930 2481/5083/4931 2734/5084/4932
f 2734/5084/4932 2481/5083/4931 2480/5085/4933
f 2734/5084/4932 2480/5085/4933 2733/5086/4934
f 2733/5086/4934 2480/5085/4933 2479/5087/4935
f 2733/5086/4934 2479/5087/4935 2478/5088/4936
f 2733/5086/4934 2478/5088/4936 2732/5089/4937
f 2732/5089/4937 2478/5088/4936 2477/5090/4938
f 2732/5089/4937 2477/5090/4938 2731/5091/4939
f 2731/5091/4939 2477/5090/4938 2476/5092/4940
f 2731/5091/4939 2476/5092/4940 2730/5093/4941
f 2730/5093/4941 2476/5092/4940 2475/5094/4942
f 2730/5093/4941 2475/5094/4942 2729/5095/4943
f 2729/5095/4943 2475/5094/4942 2474/5096/4944
f 2729/5095/4943 2474/5096/4944 2728/5097/4945
f 2728/5097/4945 2474/5096/4944 2473/5098/4946
f 2728/5097/4945 2473/5098/4946 2472/5099/4947
f 2728/5097/4945 2472/5099/4947 2727/5100/4948
f 2727/5100/4948 2472/5099/4947 2471/5101/4949
f 2727/5100/4948 2471/5101/4949 2726/5102/4950
f 2726/5102/4950 2471/5101/4949 2470/5103/4951
f 2726/5102/4950 2470/5103/4951 2725/5104/4952
f 2725/5104/4952 2470/5103/4951 2469/5105/4953
f 2725/5104/4952 2469/5105/4953 2724/5106/4954
f 2724/5106/4954 2469/5105/4953 2468/5107/4955
f 2724/5106/4954 2468/5107/4955 2467/5108/4956
f 2724/5106/4954 2467/5108/4956 2723/5109/4957
f 2723/5109/4957 2467/5108/4956 2466/5110/4958
f 2723/5109/4957 2466/5110/4958 2722/5111/4959
f 2722/5111/4959 2466/5110/4958 2465/5112/4960
f 2722/5111/4959 2465/5112/4960 2721/5113/4961
f 2721/5113/4961 2465/5112/4960 2464/5114/4962
f 2721/5113/4961 2464/5114/4962 2720/5115/4963
f 2720/5115/4963 2464/5114/4962 2463/5116/4964
f 2720/5117/4963 2463/5118/4964 2719/5119/4965
f 2719/5119/4965 2463/5118/4964 2462/5120/4966
f 2719/5119/4965 2462/5120/4966 2461/5121/4967
f 2719/5119/4965 2461/5121/4967 2718/5122/4968
f 2718/5122/4968 2461/5121/4967 2460/5123/4969
f 2718/5122/4968 2460/5123/4969 2717/5124/4970
f 2717/5124/4970 2460/5123/4969 2459/5125/4971
f 2717/5124/4970 2459/5125/4971 2716/5126/4972
f 2716/5126/4972 2459/5125/4971 2458/5127/4973
f 2716/5126/4972 2458/5127/4973 2715/5128/4974
f 2715/5128/4974 2458/5127/4973 2457/5129/4975
f 2715/5128/4974 2457/5129/4975 2714/5130/4976
f 2714/5130/4976 2457/5129/4975 2456/5131/4977
f 2714/5130/4976 2456/5131/4977 2455/5132/4978
f 2714/5130/4976 2455/5132/4978 2713/5133/4979
f 2713/5133/4979 2455/5132/4978 2454/5134/4980
f 2713/5133/4979 2454/5134/4980 2712/5135/4981
f 2712/5135/4981 2454/5134/4980 2453/5136/4982
f 2712/5135/4981 2453/5136/4982 2711/5137/4983
f 2711/5137/4983 2453/5136/4982 2452/5138/4984
f 2711/5137/4983 2452/5138/4984 2710/5139/4985
f 2710/5139/4985 2452/5138/4984 2451/5140/4986
f 2710/5139/4985 2451/5140/4986 2450/5141/4987
f 2710/5139/4985 2450/5141/4987 2709/5142/4988
f 2709/5142/4988 2450/5141/4987 2449/5143/4989
f 2709/5142/4988 2449/5143/4989 2708/5144/4990
f 2708/5144/4990 2449/5143/4989 2448/5145/4991
f 2708/5144/4990 2448/5145/4991 2707/5146/4992
f 2707/5146/4992 2448/5145/4991 2447/5147/4993
f 2707/5146/4992 2447/5147/4993 2706/5148/4994
f 2706/5148/4994 2447/5147/4993 2446/5149/4995
f 2706/5148/4994 2446/5149/4995 2705/5150/4996
f 2705/5150/4996 2446/5149/4995 2445/5151/4997
f 2705/5150/4996 2445/5151/4997 2444/5152/4998
f 2705/5150/4996 2444/5152/4998 2704/5153/4999
f 2704/5153/4999 2444/5152/4998 2443/5154/5000
f 2704/5153/4999 2443/5154/5000 2703/5155/5001
f 2703/5155/5001 2443/5154/5000 2442/5156/5002
f 2703/5155/5001 2442/5156/5002 2702/5157/5003
f 2702/5157/5003 2442/5156/5002 2441/5158/5004
f 2702/5157/5003 2441/5158/5004 2701/5159/5005
f 2701/5159/5005 2441/5158/5004 2440/5160/5006
f 2701/5161/5005 2440/5162/5006 2700/5163/5007
f 2700/5163/5007 2440/5162/5006 2439/5164/5008
f 2700/5163/5007 2439/5164/5008 2438/5165/5009
f 2700/5163/5007 2438/5165/5009 2699/5166/5010
f 2699/5166/5010 2438/5165/5009 2437/5167/5011
f 2699/5166/5010 2437/5167/5011 2698/5168/5012
f 2698/5168/5012 2437/5167/5011 2436/5169/5013
f 2698/5168/5012 2436/5169/5013 2697/5170/5014
f 2697/5170/5014 2436/5169/5013 2435/5171/5015
f 2697/5170/5014 2435/5171/5015 2696/5172/5016
f 2696/5172/5016 2435/5171/5015 2434/5173/5017
f 2696/5172/5016 2434/5173/5017 2433/5174/5018
f 2696/5172/5016 2433/5174/5018 2695/5175/5019
f 2695/5175/5019 2433/5174/5018 2432/5176/5020
f 2695/5175/5019 2432/5176/5020 2694/5177/5021
f 2694/5177/5021 2432/5176/5020 2431/5178/5022
f 2694/5177/5021 2431/5178/5022 2693/5179/5023
f 2693/5179/5023 2431/5178/5022 2430/5180/5024
f 2693/5179/5023 2430/5180/5024 2692/5181/5025
f 2692/5181/5025 2430/5180/5024 2429/5182/5026
f 2692/5181/5025 2429/5182/5026 2691/5183/5027
f 2691/5183/5027 2429/5182/5026 2534/5184/5028
f 2691/5183/5027 2534/5184/5028 2690/5185/5029
f 2690/5185/5029 2534/5184/5028 2535/5186/5030
f 2690/5185/5029 2535/5186/5030 2689/5187/5031
f 2689/5187/5031 2535/5186/5030 2536/5188/5032
f 2689/5187/5031 2536/5188/5032 2688/5189/5033
f 2688/5189/5033 2536/5188/5032 2537/5190/5034
f 2688/5189/5033 2537/5190/5034 2687/5191/5035
f 2687/5191/5035 2537/5190/5034 2538/5192/5036
f 2687/5191/5035 2538/5192/5036 2686/5193/5037
f 2686/5193/5037 2538/5192/5036 2685/5194/5038
f 2685/5194/5038 2538/5192/5036 2539/5195/5039
f 2685/5194/5038 2539/5195/5039 2684/5196/5040
f 2684/5196/5040 2539/5195/5039 2540/5197/5041
f 2684/5196/5040 2540/5197/5041 2683/5198/5042
f 2683/5199/5042 2540/5200/5041 2541/5201/5043
f 2683/5199/5042 2541/5201/5043 2682/5202/5044
f 2682/5202/5044 2541/5201/5043 2542/5203/5045
f 2682/5202/5044 2542/5203/5045 2681/5204/5046
f 2681/5204/5046 2542/5203/5045 2543/5205/5047
f 2681/5204/5046 2543/5205/5047 2680/5206/5048
f 2680/5206/5048 2543/5205/5047 2679/5207/5049
f 2679/5207/5049 2543/5205/5047 2544/5208/5050
f 2679/5207/5049 2544/5208/5050 2678/5209/5051
f 2678/5209/5051 2544/5208/5050 2545/5210/5052
f 2678/5209/5051 2545/5210/5052 2677/5211/5053
f 2677/5211/5053 2545/5210/5052 2546/5212/5054
f 2677/5211/5053 2546/5212/5054 2676/5213/5055
f 2676/5213/5055 2546/5212/5054 2547/5214/5056
f 2676/5213/5055 2547/5214/5056 2675/5215/5057
f 2675/5215/5057 2547/5214/5056 2548/5216/5058
f 2675/5215/5057 2548/5216/5058 2674/5217/5059
f 2674/5217/5059 2548/5216/5058 2549/5218/5060
f 2674/5217/5059 2549/5218/5060 2673/5219/5061
f 2673/5219/5061 2549/5218/5060 2672/5220/5062
f 2672/5220/5062 2549/5218/5060 2550/5221/5063
f 2672/5220/5062 2550/5221/5063 2551/5222/5064
f 2672/5220/5062 2551/5222/5064 2671/5223/5065
f 2671/5223/5065 2551/5222/5064 2552/5224/5066
f 2671/5223/5065 2552/5224/5066 2670/5225/5067
f 2670/5225/5067 2552/5224/5066 2553/5226/5068
f 2670/5225/5067 2553/5226/5068 2669/5227/5069
f 2669/5227/5069 2553/5226/5068 2554/5228/5070
f 2669/5227/5069 2554/5228/5070 2668/5229/5071
f 2668/5229/5071 2554/5228/5070 2555/5230/5072
f 2668/5229/5071 2555/5230/5072 2667/5231/5073
f 2667/5231/5073 2555/5230/5072 2556/5232/5074
f 2667/5231/5073 2556/5232/5074 2666/5233/5075
f 2666/5234/5075 2556/5235/5074 2557/5236/5076
f 2666/5234/5075 2557/5236/5076 2665/5237/5077
f 2665/5237/5077 2557/5236/5076 2558/5238/5078
f 2665/5237/5077 2558/5238/5078 2664/5239/5079
f 2664/5239/5079 2558/5238/5078 2559/5240/5080
f 2664/5239/5079 2559/5240/5080 2663/5241/5081
f 2663/5241/5081 2559/5240/5080 2560/5242/5082
f 2663/5241/5081 2560/5242/5082 2662/5243/5083
f 2662/5243/5083 2560/5242/5082 2561/5244/5084
f 2662/5243/5083 2561/5244/5084 2661/5245/5085
f 2661/5245/5085 2561/5244/5084 2562/5246/5086
f 2661/5245/5085 2562/5246/5086 2660/5247/5087
f 2660/5247/5087 2562/5246/5086 2563/5248/5088
f 2660/5247/5087 2563/5248/5088 2659/5249/5089
f 2659/5249/5089 2563/5248/5088 2564/5250/5090
f 2659/5249/5089 2564/5250/5090 2658/5251/5091
f 2658/5251/5091 2564/5250/5090 2565/5252/5092
f 2658/5251/5091 2565/5252/5092 2657/5253/5093
f 2657/5253/5093 2565/5252/5092 2566/5254/5094
f 2657/5253/5093 2566/5254/5094 2656/5255/5095
f 2656/5255/5095 2566/5254/5094 2567/5256/5096
f 2656/5255/5095 2567/5256/5096 2655/5257/5097
f 2655/5257/5097 2567/5256/5096 2568/5258/5098
f 2655/5257/5097 2568/5258/5098 2654/5259/5099
f 2654/5259/5099 2568/5258/5098 2569/5260/5100
f 2654/5259/5099 2569/5260/5100 2653/5261/5101
f 2653/5261/5101 2569/5260/5100 2570/5262/5102
f 2653/5261/5101 2570/5262/5102 2652/5263/5103
f 2652/5263/5103 2570/5262/5102 2571/5264/5104
f 2652/5263/5103 2571/5264/5104 2651/5265/5105
f 2651/5265/5105 2571/5264/5104 2572/5266/5106
f 2651/5265/5105 2572/5266/5106 2650/5267/5107
f 2650/5267/5107 2572/5266/5106 2573/5268/5108
f 2650/5267/5107 2573/5268/5108 2649/5269/5109
f 2649/5269/5109 2573/5268/5108 2574/5270/5110
f 2649/5271/5109 2574/5272/5110 2648/5273/5111
f 2648/5273/5111 2574/5272/5110 2575/5274/5112
f 2648/5273/5111 2575/5274/5112 2647/5275/5113
f 2647/5275/5113 2575/5274/5112 2576/5276/5114
f 2647/5275/5113 2576/5276/5114 2646/5277/5115
f 2646/5277/5115 2576/5276/5114 2577/5278/5116
f 2646/5277/5115 2577/5278/5116 2645/5279/5117
f 2645/5279/5117 2577/5278/5116 2578/5280/5118
f 2645/5279/5117 2578/5280/5118 2644/5281/5119
f 2644/5281/5119 2578/5280/5118 2579/5282/5120
f 2644/5281/5119 2579/5282/5120 2643/5283/5121
f 2643/5283/5121 2579/5282/5120 2580/5284/5122
f 2643/5283/5121 2580/5284/5122 2642/5285/5123
f 2642/5285/5123 2580/5284/5122 2581/5286/5124
f 2642/5285/5123 2581/5286/5124 2641/5287/5125
f 2641/5287/5125 2581/5286/5124 2582/5288/5126
f 2641/5287/5125 2582/5288/5126 2640/5289/5127
f 2640/5289/5127 2582/5288/5126 2583/5290/5128
f 2640/5289/5127 2583/5290/5128 2639/5291/5129
f 2639/5291/5129 2583/5290/5128 2584/5292/5130
f 2639/5291/5129 2584/5292/5130 2638/5293/5131
f 2638/5293/5131 2584/5292/5130 2585/5294/5132
f 2638/5293/5131 2585/5294/5132 2637/5295/5133
f 2637/5295/5133 2585/5294/5132 2586/5296/5134
f 2637/5295/5133 2586/5296/5134 2636/5297/5135
f 2636/5297/5135 2586/5296/5134 2587/5298/5136
f 2636/5297/5135 2587/5298/5136 2635/5299/5137
f 2635/5299/5137 2587/5298/5136 2588/5300/5138
f 2635/5299/5137 2588/5300/5138 2634/5301/5139
f 2634/5301/5139 2588/5300/5138 2589/5302/5140
f 2634/5301/5139 2589/5302/5140 2633/5303/5141
f 2633/5303/5141 2589/5302/5140 2590/5304/5142
f 2633/5305/5141 2590/5306/5142 2632/5307/5143
f 2632/5307/5143 2590/5306/5142 2591/5308/5144
f 2632/5307/5143 2591/5308/5144 2631/5309/5145
f 2631/5309/5145 2591/5308/5144 2592/5310/5146
f 2631/5309/5145 2592/5310/5146 2630/5311/5147
f 2630/5311/5147 2592/5310/5146 2593/5312/5148
f 2630/5311/5147 2593/5312/5148 2629/5313/5149
f 2629/5313/5149 2593/5312/5148 2594/5314/5150
f 2629/5313/5149 2594/5314/5150 2628/5315/5151
f 2628/5315/5151 2594/5314/5150 2595/5316/5152
f 2628/5315/5151 2595/5316/5152 2627/5317/5153
f 2627/5317/5153 2595/5316/5152 2596/5318/5154
f 2627/5317/5153 2596/5318/5154 2626/5319/5155
f 2626/5319/5155 2596/5318/5154 2625/5320/5156
f 2625/5320/5156 2596/5318/5154 2597/5321/5157
f 2625/5320/5156 2597/5321/5157 2624/5322/5158
f 2624/5322/5158 2597/5321/5157 2598/5323/5159
f 2624/5322/5158 2598/5323/5159 2599/5324/5160
f 2624/5322/5158 2599/5324/5160 2623/5325/5161
f 2623/5325/5161 2599/5324/5160 2600/5326/5162
f 2623/5325/5161 2600/5326/5162 2622/5327/5163
f 2622/5327/5163 2600/5326/5162 2601/5328/5164
f 2622/5327/5163 2601/5328/5164 2621/5329/5165
f 2621/5329/5165 2601/5328/5164 2620/5330/5166
f 2620/5330/5166 2601/5328/5164 2602/5331/5167
f 2620/5330/5166 2602/5331/5167 2619/5332/5168
f 2619/5332/5168 2602/5331/5167 2603/5333/5169
f 2619/5332/5168 2603/5333/5169 2618/5334/5170
f 2618/5335/5170 2603/5336/5169 2604/5337/5171
f 2618/5335/5170 2604/5337/5171 2617/5338/5172
f 2617/5338/5172 2604/5337/5171 2616/5339/5173
f 2616/5339/5173 2604/5337/5171 2605/5340/5174
f 2616/5339/5173 2605/5340/5174 2615/5341/5175
f 2615/5341/5175 2605/5340/5174 2606/5342/5176
f 2615/5341/5175 2606/5342/5176 2614/5343/5177
f 2614/5343/5177 2606/5342/5176 2607/5344/5178
f 2614/5343/5177 2607/5344/5178 2613/5345/5179
f 2613/5345/5179 2607/5344/5178 2612/5346/5180
f 2612/5346/5180 2607/5344/5178 2608/5347/5181
f 2612/5346/5180 2608/5347/5181 2611/5348/5182
f 2611/5348/5182 2608/5347/5181 2609/5349/5183
f 2611/5348/5182 2609/5349/5183 2610/5350/5184
f 2610/5350/5184 2609/5349/5183 2598/5323/5159
f 2744/5351/5185 2778/5352/5186 2351/5353/5187
f 2351/5353/5187 2778/5352/5186 2779/5354/5188
f 2351/5353/5187 2779/5354/5188 2352/5355/5189
f 2352/5355/5189 2779/5354/5188 2355/5356/5190
f 2352/5355/5189 2355/5356/5190 2354/5357/5191
f 2744/5351/5185 2743/5358/5192 2778/5352/5186
f 2778/5352/5186 2743/5358/5192 2742/5359/5193
f 2778/5352/5186 2742/5359/5193 2777/5360/5194
f 2777/5360/5194 2742/5359/5193 2741/5361/5195
f 2777/5360/5194 2741/5361/5195 2740/5362/5196
f 2777/5360/5194 2740/5362/5196 2776/5363/5197
f 2776/5363/5197 2740/5362/5196 2739/5364/5198
f 2776/5363/5197 2739/5364/5198 2738/5365/5199
f 2776/5363/5197 2738/5365/5199 2775/5366/5200
f 2775/5366/5200 2738/5365/5199 2737/5367/5201
f 2775/5366/5200 2737/5367/5201 2736/5368/5202
f 2775/5366/5200 2736/5368/5202 2774/5369/5203
f 2774/5369/5203 2736/5368/5202 2735/5370/5204
f 2774/5369/5203 2735/5370/5204 2734/5371/5205
f 2774/5369/5203 2734/5371/5205 2773/5372/5206
f 2773/5372/5206 2734/5371/5205 2733/5373/5207
f 2773/5372/5206 2733/5373/5207 2732/5374/5208
f 2773/5372/5206 2732/5374/5208 2772/5375/5209
f 2772/5375/5209 2732/5374/5208 2731/5376/5210
f 2772/5375/5209 2731/5376/5210 2730/5377/5211
f 2772/5375/5209 2730/5377/5211 2771/5378/5212
f 2771/5378/5212 2730/5377/5211 2729/5379/5213
f 2771/5378/5212 2729/5379/5213 2728/5380/5214
f 2771/5378/5212 2728/5380/5214 2770/5381/5215
f 2770/5381/5215 2728/5380/5214 2727/5382/5216
f 2770/5381/5215 2727/5382/5216 2726/5383/5217
f 2770/5381/5215 2726/5383/5217 2769/5384/5218
f 2769/5384/5218 2726/5383/5217 2725/5385/5219
f 2769/5384/5218 2725/5385/5219 2724/5386/5220
f 2724/5386/5220 2723/5387/5221 2769/5384/5218
f 2769/5384/5218 2723/5387/5221 2768/5388/5222
f 2769/5384/5218 2768/5388/5222 2377/5389/5223
f 2377/5389/5223 2768/5388/5222 2378/5390/5224
f 2378/5390/5224 2768/5388/5222 2379/5391/5225
f 2379/5391/5225 2768/5388/5222 2380/5392/5226
f 2380/5392/5226 2768/5388/5222 2767/5393/5227
f 2380/5392/5226 2767/5393/5227 2381/5394/5228
f 2381/5394/5228 2767/5393/5227 2382/5395/5229
f 2382/5395/5229 2767/5393/5227 2766/5396/5230
f 2382/5395/5229 2766/5396/5230 2383/5397/5231
f 2383/5397/5231 2766/5396/5230 2384/5398/5232
f 2384/5398/5232 2766/5396/5230 2765/5399/5233
f 2384/5398/5232 2765/5399/5233 2385/5400/5234
f 2385/5400/5234 2765/5399/5233 2386/5401/5235
f 2386/5401/5235 2765/5399/5233 2764/5402/5236
f 2386/5401/5235 2764/5402/5236 2387/5403/5237
f 2387/5403/5237 2764/5402/5236 2388/5404/5238
f 2388/5404/5238 2764/5402/5236 2763/5405/5239
f 2388/5404/5238 2763/5405/5239 2389/5406/5240
f 2389/5406/5240 2763/5405/5239 2390/5407/5241
f 2390/5407/5241 2763/5405/5239 2762/5408/5242
f 2390/5407/5241 2762/5408/5242 2391/5409/5243
f 2391/5409/5243 2762/5408/5242 2392/5410/5244
f 2392/5410/5244 2762/5408/5242 2761/5411/5245
f 2392/5410/5244 2761/5411/5245 2393/5412/5246
f 2393/5412/5246 2761/5411/5245 2394/5413/5247
f 2394/5413/5247 2761/5411/5245 2760/5414/5248
f 2394/5413/5247 2760/5414/5248 2395/5415/5249
f 2395/5415/5249 2760/5414/5248 2396/5416/5250
f 2396/5416/5250 2760/5414/5248 2759/5417/5251
f 2396/5416/5250 2759/5417/5251 2397/5418/5252
f 2397/5418/5252 2759/5417/5251 2398/5419/5253
f 2398/5419/5253 2759/5417/5251 2758/5420/5254
f 2398/5419/5253 2758/5420/5254 2399/5421/5255
f 2399/5421/5255 2758/5420/5254 2400/5422/5256
f 2400/5422/5256 2758/5420/5254 2757/5423/5257
f 2400/5422/5256 2757/5423/5257 2401/5424/5258
f 2401/5424/5258 2757/5423/5257 2402/5425/5259
f 2402/5425/5259 2757/5423/5257 2756/5426/5260
f 2402/5425/5259 2756/5426/5260 2403/5427/5261
f 2403/5427/5261 2756/5426/5260 2404/5428/5262
f 2404/5428/5262 2756/5426/5260 2755/5429/5263
f 2404/5428/5262 2755/5429/5263 2405/5430/5264
f 2405/5430/5264 2755/5429/5263 2406/5431/5265
f 2406/5431/5265 2755/5429/5263 2754/5432/5266
f 2406/5431/5265 2754/5432/5266 2407/5433/5267
f 2407/5433/5267 2754/5432/5266 2408/5434/5268
f 2408/5434/5268 2754/5432/5266 2753/5435/5269
f 2408/5434/5268 2753/5435/5269 2409/5436/5270
f 2409/5436/5270 2753/5435/5269 2410/5437/5271
f 2410/5437/5271 2753/5435/5269 2411/5438/5272
f 2411/5438/5272 2753/5435/5269 2752/5439/5273
f 2411/5438/5272 2752/5439/5273 2412/5440/5274
f 2412/5440/5274 2752/5439/5273 2413/5441/5275
f 2413/5441/5275 2752/5439/5273 2751/5442/5276
f 2413/5441/5275 2751/5442/5276 2414/5443/5277
f 2414/5443/5277 2751/5442/5276 2415/5444/5278
f 2415/5444/5278 2751/5442/5276 2750/5445/5279
f 2415/5444/5278 2750/5445/5279 2416/5446/5280
f 2416/5446/5280 2750/5445/5279 2417/5447/5281
f 2417/5447/5281 2750/5445/5279 2749/5448/5282
f 2417/5447/5281 2749/5448/5282 2418/5449/5283
f 2418/5449/5283 2749/5448/5282 2419/5450/5284
f 2419/5450/5284 2749/5448/5282 2748/5451/5285
f 2419/5450/5284 2748/5451/5285 2420/5452/5286
f 2420/5452/5286 2748/5451/5285 2421/5453/5287
f 2421/5453/5287 2748/5451/5285 2747/5454/5288
f 2421/5453/5287 2747/5454/5288 2422/5455/5289
f 2422/5455/5289 2747/5454/5288 2423/5456/5290
f 2423/5456/5290 2747/5454/5288 2746/5457/5291
f 2423/5456/5290 2746/5457/5291 2424/5458/5292
f 2424/5458/5292 2746/5457/5291 2425/5459/5293
f 2425/5459/5293 2746/5457/5291 2745/5460/5294
f 2425/5459/5293 2745/5460/5294 2426/5461/5295
f 2426/5461/5295 2745/5460/5294 2675/5462/5296
f 2426/5461/5295 2675/5462/5296 2674/5463/5297
f 2723/5387/5221 2722/5464/5298 2768/5388/5222
f 2768/5388/5222 2722/5464/5298 2721/5465/5299
f 2768/5388/5222 2721/5465/5299 2767/5393/5227
f 2767/5393/5227 2721/5465/5299 2720/5466/5300
f 2767/5393/5227 2720/5466/5300 2719/5467/5301
f 2767/5393/5227 2719/5467/5301 2766/5396/5230
f 2766/5396/5230 2719/5467/5301 2718/5468/5302
f 2766/5396/5230 2718/5468/5302 2717/5469/5303
f 2766/5396/5230 2717/5469/5303 2765/5399/5233
f 2765/5399/5233 2717/5469/5303 2716/5470/5304
f 2765/5399/5233 2716/5470/5304 2715/5471/5305
f 2765/5399/5233 2715/5471/5305 2764/5402/5236
f 2764/5402/5236 2715/5471/5305 2714/5472/5306
f 2764/5402/5236 2714/5472/5306 2713/5473/5307
f 2764/5402/5236 2713/5473/5307 2763/5405/5239
f 2763/5405/5239 2713/5473/5307 2712/5474/5308
f 2763/5405/5239 2712/5474/5308 2711/5475/5309
f 2763/5405/5239 2711/5475/5309 2762/5408/5242
f 2762/5408/5242 2711/5475/5309 2710/5476/5310
f 2762/5408/5242 2710/5476/5310 2709/5477/5311
f 2762/5408/5242 2709/5477/5311 2761/5411/5245
f 2761/5411/5245 2709/5477/5311 2708/5478/5312
f 2761/5411/5245 2708/5478/5312 2707/5479/5313
f 2761/5411/5245 2707/5479/5313 2760/5414/5248
f 2760/5414/5248 2707/5479/5313 2706/5480/5314
f 2760/5414/5248 2706/5480/5314 2705/5481/5315
f 2760/5414/5248 2705/5481/5315 2759/5417/5251
f 2759/5417/5251 2705/5481/5315 2704/5482/5316
f 2759/5417/5251 2704/5482/5316 2703/5483/5317
f 2759/5417/5251 2703/5483/5317 2758/5420/5254
f 2758/5420/5254 2703/5483/5317 2702/5484/5318
f 2758/5420/5254 2702/5484/5318 2701/5485/5319
f 2758/5420/5254 2701/5485/5319 2757/5423/5257
f 2757/5423/5257 2701/5485/5319 2700/5486/5320
f 2757/5423/5257 2700/5486/5320 2699/5487/5321
f 2757/5423/5257 2699/5487/5321 2756/5426/5260
f 2756/5426/5260 2699/5487/5321 2698/5488/5322
f 2756/5426/5260 2698/5488/5322 2697/5489/5323
f 2756/5426/5260 2697/5489/5323 2755/5429/5263
f 2755/5429/5263 2697/5489/5323 2696/5490/5324
f 2755/5429/5263 2696/5490/5324 2695/5491/5325
f 2755/5429/5263 2695/5491/5325 2754/5432/5266
f 2754/5432/5266 2695/5491/5325 2694/5492/5326
f 2754/5432/5266 2694/5492/5326 2693/5493/5327
f 2693/5493/5327 2692/5494/5328 2754/5432/5266
f 2754/5432/5266 2692/5494/5328 2753/5435/5269
f 2692/5494/5328 2691/5495/5329 2753/5435/5269
f 2753/5435/5269 2691/5495/5329 2690/5496/5330
f 2753/5435/5269 2690/5496/5330 2752/5439/5273
f 2752/5439/5273 2690/5496/5330 2689/5497/5331
f 2752/5439/5273 2689/5497/5331 2688/5498/5332
f 2752/5439/5273 2688/5498/5332 2751/5442/5276
f 2751/5442/5276 2688/5498/5332 2687/5499/5333
f 2751/5442/5276 2687/5499/5333 2686/5500/5334
f 2751/5442/5276 2686/5500/5334 2750/5445/5279
f 2750/5445/5279 2686/5500/5334 2685/5501/5335
f 2750/5445/5279 2685/5501/5335 2684/5502/5336
f 2750/5445/5279 2684/5502/5336 2749/5448/5282
f 2749/5448/5282 2684/5502/5336 2683/5503/5337
f 2749/5448/5282 2683/5503/5337 2682/5504/5338
f 2749/5448/5282 2682/5504/5338 2748/5451/5285
f 2748/5451/5285 2682/5504/5338 2681/5505/5339
f 2748/5451/5285 2681/5505/5339 2680/5506/5340
f 2748/5451/5285 2680/5506/5340 2747/5454/5288
f 2747/5454/5288 2680/5506/5340 2679/5507/5341
f 2747/5454/5288 2679/5507/5341 2678/5508/5342
f 2747/5454/5288 2678/5508/5342 2746/5457/5291
f 2746/5457/5291 2678/5508/5342 2677/5509/5343
f 2746/5457/5291 2677/5509/5343 2676/5510/5344
f 2746/5457/5291 2676/5510/5344 2745/5460/5294
f 2745/5460/5294 2676/5510/5344 2675/5462/5296
f 2426/5461/5295 2674/5463/5297 2427/5511/5345
f 2427/5511/5345 2674/5463/5297 2673/5512/5346
f 2427/5511/5345 2673/5512/5346 2428/5513/5347
f 2377/5389/5223 2376/5514/5348 2769/5384/5218
f 2769/5384/5218 2376/5514/5348 2375/5515/5349
f 2769/5384/5218 2375/5515/5349 2770/5381/5215
f 2770/5381/5215 2375/5515/5349 2374/5516/5350
f 2770/5381/5215 2374/5516/5350 2373/5517/5351
f 2770/5381/5215 2373/5517/5351 2771/5378/5212
f 2771/5378/5212 2373/5517/5351 2372/5518/5352
f 2771/5378/5212 2372/5518/5352 2371/5519/5353
f 2771/5378/5212 2371/5519/5353 2772/5375/5209
f 2772/5375/5209 2371/5519/5353 2370/5520/5354
f 2772/5375/5209 2370/5520/5354 2369/5521/5355
f 2772/5375/5209 2369/5521/5355 2773/5372/5206
f 2773/5372/5206 2369/5521/5355 2368/5522/5356
f 2773/5372/5206 2368/5522/5356 2367/5523/5357
f 2773/5372/5206 2367/5523/5357 2774/5369/5203
f 2774/5369/5203 2367/5523/5357 2366/5524/5358
f 2774/5369/5203 2366/5524/5358 2365/5525/5359
f 2774/5369/5203 2365/5525/5359 2775/5366/5200
f 2775/5366/5200 2365/5525/5359 2364/5526/5360
f 2775/5366/5200 2364/5526/5360 2363/5527/5361
f 2775/5366/5200 2363/5527/5361 2776/5363/5197
f 2776/5363/5197 2363/5527/5361 2362/5528/5362
f 2776/5363/5197 2362/5528/5362 2361/5529/5363
f 2776/5363/5197 2361/5529/5363 2777/5360/5194
f 2777/5360/5194 2361/5529/5363 2360/5530/5364
f 2777/5360/5194 2360/5530/5364 2359/5531/5365
f 2777/5360/5194 2359/5531/5365 2778/5352/5186
f 2778/5352/5186 2359/5531/5365 2358/5532/5366
f 2778/5352/5186 2358/5532/5366 2357/5533/5367
f 2357/5533/5367 2356/5534/5368 2778/5352/5186
f 2778/5352/5186 2356/5534/5368 2779/5354/5188
f 2356/5534/5368 2355/5356/5190 2779/5354/5188
f 2354/5357/5191 2353/5535/5369 2352/5355/5189
f 2352/5355/5189 2353/5535/5369 2334/5536/5370
f 2780/5537/5371 2781/5538/5372 2598/5539/5373
f 2598/5539/5373 2781/5538/5372 2610/5540/5374
f 2610/5540/5374 2781/5538/5372 2844/5541/5375
f 2610/5540/5374 2844/5541/5375 2611/5542/5376
f 2611/5542/5376 2844/5541/5375 2612/5543/5377
f 2612/5543/5377 2844/5541/5375 2845/5544/5378
f 2612/5543/5377 2845/5544/5378 2613/5545/5379
f 2613/5545/5379 2845/5544/5378 2846/5546/5380
f 2613/5545/5379 2846/5546/5380 2614/5547/5381
f 2614/5547/5381 2846/5546/5380 2615/5548/5382
f 2615/5548/5382 2846/5546/5380 2847/5549/5383
f 2615/5548/5382 2847/5549/5383 2616/5550/5384
f 2616/5550/5384 2847/5549/5383 2617/5551/5385
f 2617/5551/5385 2847/5549/5383 2848/5552/5386
f 2617/5551/5385 2848/5552/5386 2618/5553/5387
f 2618/5553/5387 2848/5552/5386 2619/5554/5388
f 2619/5554/5388 2848/5552/5386 2849/5555/5389
f 2619/5554/5388 2849/5555/5389 2620/5556/5390
f 2620/5556/5390 2849/5555/5389 2621/5557/5391
f 2621/5557/5391 2849/5555/5389 2850/5558/5392
f 2621/5557/5391 2850/5558/5392 2622/5559/5393
f 2622/5559/5393 2850/5558/5392 2851/5560/5394
f 2622/5559/5393 2851/5560/5394 2623/5561/5395
f 2623/5561/5395 2851/5560/5394 2624/5562/5396
f 2624/5562/5396 2851/5560/5394 2852/5563/5397
f 2624/5562/5396 2852/5563/5397 2625/5564/5398
f 2625/5564/5398 2852/5563/5397 2626/5565/5399
f 2626/5565/5399 2852/5563/5397 2853/5566/5400
f 2626/5565/5399 2853/5566/5400 2627/5567/5401
f 2627/5567/5401 2853/5566/5400 2628/5568/5402
f 2628/5568/5402 2853/5566/5400 2854/5569/5403
f 2628/5568/5402 2854/5569/5403 2629/5570/5404
f 2629/5570/5404 2854/5569/5403 2855/5571/5405
f 2629/5570/5404 2855/5571/5405 2630/5572/5406
f 2630/5572/5406 2855/5571/5405 2631/5573/5407
f 2631/5573/5407 2855/5571/5405 2856/5574/5408
f 2631/5573/5407 2856/5574/5408 2632/5575/5409
f 2632/5575/5409 2856/5574/5408 2633/5576/5410
f 2633/5576/5410 2856/5574/5408 2857/5577/5411
f 2633/5576/5410 2857/5577/5411 2634/5578/5412
f 2634/5578/5412 2857/5577/5411 2635/5579/5413
f 2635/5579/5413 2857/5577/5411 2858/5580/5414
f 2635/5579/5413 2858/5580/5414 2636/5581/5415
f 2636/5581/5415 2858/5580/5414 2859/5582/5416
f 2636/5581/5415 2859/5582/5416 2637/5583/5417
f 2637/5583/5417 2859/5582/5416 2638/5584/5418
f 2638/5584/5418 2859/5582/5416 2860/5585/5419
f 2638/5584/5418 2860/5585/5419 2639/5586/5420
f 2639/5586/5420 2860/5585/5419 2640/5587/5421
f 2640/5587/5421 2860/5585/5419 2861/5588/5422
f 2640/5587/5421 2861/5588/5422 2641/5589/5423
f 2641/5589/5423 2861/5588/5422 2642/5590/5424
f 2642/5590/5424 2861/5588/5422 2862/5591/5425
f 2642/5590/5424 2862/5591/5425 2643/5592/5426
f 2643/5592/5426 2862/5591/5425 2644/5593/5427
f 2644/5593/5427 2862/5591/5425 2863/5594/5428
f 2644/5593/5427 2863/5594/5428 2645/5595/5429
f 2645/5595/5429 2863/5594/5428 2864/5596/5430
f 2645/5595/5429 2864/5596/5430 2646/5597/5431
f 2646/5597/5431 2864/5596/5430 2647/5598/5432
f 2647/5598/5432 2864/5596/5430 2865/5599/5433
f 2647/5598/5432 2865/5599/5433 2648/5600/5434
f 2648/5600/5434 2865/5599/5433 2649/5601/5435
f 2649/5601/5435 2865/5599/5433 2866/5602/5436
f 2649/5601/5435 2866/5602/5436 2650/5603/5437
f 2650/5603/5437 2866/5602/5436 2651/5604/5438
f 2651/5604/5438 2866/5602/5436 2867/5605/5439
f 2651/5604/5438 2867/5605/5439 2652/5606/5440
f 2652/5606/5440 2867/5605/5439 2653/5607/5441
f 2653/5607/5441 2867/5605/5439 2868/5608/5442
f 2653/5607/5441 2868/5608/5442 2654/5609/5443
f 2654/5609/5443 2868/5608/5442 2869/5610/5444
f 2654/5609/5443 2869/5610/5444 2655/5611/5445
f 2655/5611/5445 2869/5610/5444 2656/5612/5446
f 2656/5612/5446 2869/5610/5444 2870/5613/5447
f 2656/5612/5446 2870/5613/5447 2657/5614/5448
f 2657/5614/5448 2870/5613/5447 2658/5615/5449
f 2658/5615/5449 2870/5613/5447 2871/5616/5450
f 2658/5615/5449 2871/5616/5450 2659/5617/5451
f 2659/5617/5451 2871/5616/5450 2660/5618/5452
f 2660/5618/5452 2871/5616/5450 2872/5619/5453
f 2660/5618/5452 2872/5619/5453 2661/5620/5454
f 2661/5620/5454 2872/5619/5453 2873/5621/5455
f 2661/5620/5454 2873/5621/5455 2662/5622/5456
f 2662/5622/5456 2873/5621/5455 2663/5623/5457
f 2663/5623/5457 2873/5621/5455 2874/5624/5458
f 2663/5623/5457 2874/5624/5458 2664/5625/5459
f 2664/5625/5459 2874/5624/5458 2665/5626/5460
f 2665/5626/5460 2874/5624/5458 2875/5627/5461
f 2665/5626/5460 2875/5627/5461 2666/5628/5462
f 2666/5628/5462 2875/5627/5461 2667/5629/5463
f 2667/5629/5463 2875/5627/5461 2876/5630/5464
f 2667/5629/5463 2876/5630/5464 2668/5631/5465
f 2668/5631/5465 2876/5630/5464 2669/5632/5466
f 2669/5632/5466 2876/5630/5464 2877/5633/5467
f 2669/5632/5466 2877/5633/5467 2670/5634/5468
f 2670/5634/5468 2877/5633/5467 2878/5635/5469
f 2670/5634/5468 2878/5635/5469 2671/5636/5470
f 2671/5636/5470 2878/5635/5469 2672/5637/5471
f 2672/5637/5471 2878/5635/5469 2673/5638/5472
f 2673/5638/5472 2878/5635/5469 2428/5639/5473
f 2428/5639/5473 2878/5635/5469 2843/5640/5474
f 2843/5640/5474 2878/5635/5469 2842/5641/5475
f 2842/5641/5475 2878/5635/5469 2841/5642/5476
f 2841/5642/5476 2878/5635/5469 2877/5633/5467
f 2841/5642/5476 2877/5633/5467 2840/5643/5477
f 2840/5643/5477 2877/5633/5467 2876/5630/5464
f 2840/5643/5477 2876/5630/5464 2839/5644/5478
f 2839/5644/5478 2876/5630/5464 2838/5645/5479
f 2838/5645/5479 2876/5630/5464 2875/5627/5461
f 2838/5645/5479 2875/5627/5461 2837/5646/5480
f 2837/5646/5480 2875/5627/5461 2836/5647/5481
f 2836/5647/5481 2875/5627/5461 2874/5624/5458
f 2836/5647/5481 2874/5624/5458 2835/5648/5482
f 2835/5648/5482 2874/5624/5458 2834/5649/5483
f 2834/5649/5483 2874/5624/5458 2873/5621/5455
f 2834/5649/5483 2873/5621/5455 2833/5650/5484
f 2833/5650/5484 2873/5621/5455 2832/5651/5485
f 2832/5651/5485 2873/5621/5455 2872/5619/5453
f 2832/5651/5485 2872/5619/5453 2831/5652/5486
f 2831/5652/5486 2872/5619/5453 2871/5616/5450
f 2831/5652/5486 2871/5616/5450 2830/5653/5487
f 2830/5653/5487 2871/5616/5450 2829/5654/5488
f 2829/5654/5488 2871/5616/5450 2870/5613/5447
f 2829/5654/5488 2870/5613/5447 2828/5655/5489
f 2828/5655/5489 2870/5613/5447 2827/5656/5490
f 2827/5656/5490 2870/5613/5447 2869/5610/5444
f 2827/5656/5490 2869/5610/5444 2826/5657/5491
f 2826/5657/5491 2869/5610/5444 2825/5658/5492
f 2825/5658/5492 2869/5610/5444 2868/5608/5442
f 2825/5658/5492 2868/5608/5442 2824/5659/5493
f 2824/5659/5493 2868/5608/5442 2867/5605/5439
f 2824/5659/5493 2867/5605/5439 2823/5660/5494
f 2823/5660/5494 2867/5605/5439 2822/5661/5495
f 2822/5661/5495 2867/5605/5439 2866/5602/5436
f 2822/5661/5495 2866/5602/5436 2821/5662/5496
f 2821/5662/5496 2866/5602/5436 2820/5663/5497
f 2820/5663/5497 2866/5602/5436 2865/5599/5433
f 2820/5663/5497 2865/5599/5433 2819/5664/5498
f 2819/5664/5498 2865/5599/5433 2818/5665/5499
f 2818/5665/5499 2865/5599/5433 2864/5596/5430
f 2818/5665/5499 2864/5596/5430 2817/5666/5500
f 2817/5666/5500 2864/5596/5430 2816/5667/5501
f 2816/5667/5501 2864/5596/5430 2863/5594/5428
f 2816/5667/5501 2863/5594/5428 2815/5668/5502
f 2815/5668/5502 2863/5594/5428 2862/5591/5425
f 2815/5668/5502 2862/5591/5425 2814/5669/5503
f 2814/5669/5503 2862/5591/5425 2813/5670/5504
f 2813/5670/5504 2862/5591/5425 2861/5588/5422
f 2813/5670/5504 2861/5588/5422 2812/5671/5505
f 2812/5671/5505 2861/5588/5422 2811/5672/5506
f 2811/5672/5506 2861/5588/5422 2860/5585/5419
f 2811/5672/5506 2860/5585/5419 2810/5673/5507
f 2810/5673/5507 2860/5585/5419 2809/5674/5508
f 2809/5674/5508 2860/5585/5419 2859/5582/5416
f 2809/5674/5508 2859/5582/5416 2808/5675/5509
f 2808/5675/5509 2859/5582/5416 2858/5580/5414
f 2808/5675/5509 2858/5580/5414 2807/5676/5510
f 2807/5676/5510 2858/5580/5414 2806/5677/5511
f 2806/5677/5511 2858/5580/5414 2857/5577/5411
f 2806/5677/5511 2857/5577/5411 2805/5678/5512
f 2805/5678/5512 2857/5577/5411 2804/5679/5513
f 2804/5679/5513 2857/5577/5411 2856/5574/5408
f 2804/5679/5513 2856/5574/5408 2803/5680/5514
f 2803/5680/5514 2856/5574/5408 2802/5681/5515
f 2802/5681/5515 2856/5574/5408 2855/5571/5405
f 2802/5681/5515 2855/5571/5405 2801/5682/5516
f 2801/5682/5516 2855/5571/5405 2800/5683/5517
f 2800/5683/5517 2855/5571/5405 2854/5569/5403
f 2800/5683/5517 2854/5569/5403 2799/5684/5518
f 2799/5684/5518 2854/5569/5403 2853/5566/5400
f 2799/5684/5518 2853/5566/5400 2798/5685/5519
f 2798/5685/5519 2853/5566/5400 2797/5686/5520
f 2797/5686/5520 2853/5566/5400 2852/5563/5397
f 2797/5686/5520 2852/5563/5397 2796/5687/5521
f 2796/5687/5521 2852/5563/5397 2795/5688/5522
f 2795/5688/5522 2852/5563/5397 2851/5560/5394
f 2795/5688/5522 2851/5560/5394 2794/5689/5523
f 2794/5689/5523 2851/5560/5394 2793/5690/5524
f 2793/5690/5524 2851/5560/5394 2850/5558/5392
f 2793/5690/5524 2850/5558/5392 2792/5691/5525
f 2792/5691/5525 2850/5558/5392 2791/5692/5526
f 2791/5692/5526 2850/5558/5392 2849/5555/5389
f 2791/5692/5526 2849/5555/5389 2790/5693/5527
f 2790/5693/5527 2849/5555/5389 2848/5552/5386
f 2790/5693/5527 2848/5552/5386 2789/5694/5528
f 2789/5694/5528 2848/5552/5386 2788/5695/5529
f 2788/5695/5529 2848/5552/5386 2847/5549/5383
f 2788/5695/5529 2847/5549/5383 2787/5696/5530
f 2787/5696/5530 2847/5549/5383 2786/5697/5531
f 2786/5697/5531 2847/5549/5383 2846/5546/5380
f 2786/5697/5531 2846/5546/5380 2785/5698/5532
f 2785/5698/5532 2846/5546/5380 2784/5699/5533
f 2784/5699/5533 2846/5546/5380 2845/5544/5378
f 2784/5699/5533 2845/5544/5378 2783/5700/5534
f 2783/5700/5534 2845/5544/5378 2844/5541/5375
f 2783/5700/5534 2844/5541/5375 2782/5701/5535
f 2782/5701/5535 2844/5541/5375 2781/5538/5372
f 2609/5702/5536 2608/5703/5537 2598/5704/5538
f 2598/5704/5538 2608/5703/5537 2607/5705/5539
f 2598/5704/5538 2607/5705/5539 2606/5706/5540
f 2606/5706/5540 2605/5707/5541 2598/5704/5538
f 2598/5704/5538 2605/5707/5541 2604/5708/5542
f 2598/5704/5538 2604/5708/5542 2603/5709/5543
f 2603/5709/5543 2602/5710/5544 2598/5704/5538
f 2598/5704/5538 2602/5710/5544 2601/5711/5545
f 2598/5704/5538 2601/5711/5545 2600/5712/5546
f 2600/5712/5546 2599/5713/5547 2598/5704/5538
f 2597/5714/5548 2780/5715/5549 2598/5716/5550
f 2780/5717/5551 2597/5718/5552 2919/5719/5553
f 2919/5719/5553 2597/5718/5552 2596/5720/5554
f 2919/5719/5553 2596/5720/5554 2595/5721/5555
f 2595/5721/5555 2594/5722/5556 2919/5719/5553
f 2919/5719/5553 2594/5722/5556 2918/5723/5557
f 2919/5719/5553 2918/5723/5557 2783/5724/5558
f 2783/5724/5558 2918/5723/5557 2784/5725/5559
f 2784/5725/5559 2918/5723/5557 2917/5726/5560
f 2784/5725/5559 2917/5726/5560 2785/5727/5561
f 2785/5727/5561 2917/5726/5560 2786/5728/5562
f 2786/5728/5562 2917/5726/5560 2916/5729/5563
f 2786/5728/5562 2916/5729/5563 2787/5730/5564
f 2787/5730/5564 2916/5729/5563 2788/5731/5565
f 2788/5731/5565 2916/5729/5563 2915/5732/5566
f 2788/5731/5565 2915/5732/5566 2789/5733/5567
f 2789/5733/5567 2915/5732/5566 2790/5734/5568
f 2790/5734/5568 2915/5732/5566 2914/5735/5569
f 2790/5734/5568 2914/5735/5569 2791/5736/5570
f 2791/5736/5570 2914/5735/5569 2792/5737/5571
f 2792/5737/5571 2914/5735/5569 2913/5738/5572
f 2792/5737/5571 2913/5738/5572 2793/5739/5573
f 2793/5739/5573 2913/5738/5572 2794/5740/5574
f 2794/5740/5574 2913/5738/5572 2912/5741/5575
f 2794/5740/5574 2912/5741/5575 2795/5742/5576
f 2795/5742/5576 2912/5741/5575 2796/5743/5577
f 2796/5743/5577 2912/5741/5575 2911/5744/5578
f 2796/5743/5577 2911/5744/5578 2797/5745/5579
f 2797/5745/5579 2911/5744/5578 2910/5746/5580
f 2797/5745/5579 2910/5746/5580 2798/5747/5581
f 2798/5747/5581 2910/5746/5580 2799/5748/5582
f 2799/5748/5582 2910/5746/5580 2909/5749/5583
f 2799/5748/5582 2909/5749/5583 2800/5750/5584
f 2800/5750/5584 2909/5749/5583 2908/5751/5585
f 2800/5750/5584 2908/5751/5585 2801/5752/5586
f 2801/5752/5586 2908/5751/5585 2802/5753/5587
f 2802/5753/5587 2908/5751/5585 2907/5754/5588
f 2802/5753/5587 2907/5754/5588 2803/5755/5589
f 2803/5755/5589 2907/5754/5588 2906/5756/5590
f 2803/5755/5589 2906/5756/5590 2804/5757/5591
f 2804/5757/5591 2906/5756/5590 2805/5758/5592
f 2805/5758/5592 2906/5756/5590 2905/5759/5593
f 2805/5758/5592 2905/5759/5593 2806/5760/5594
f 2806/5760/5594 2905/5759/5593 2904/5761/5595
f 2806/5760/5594 2904/5761/5595 2807/5762/5596
f 2807/5762/5596 2904/5761/5595 2808/5763/5597
f 2808/5763/5597 2904/5761/5595 2903/5764/5598
f 2808/5763/5597 2903/5764/5598 2809/5765/5599
f 2809/5765/5599 2903/5764/5598 2902/5766/5600
f 2809/5765/5599 2902/5766/5600 2810/5767/5601
f 2810/5767/5601 2902/5766/5600 2901/5768/5602
f 2810/5767/5601 2901/5768/5602 2811/5769/5603
f 2811/5769/5603 2901/5768/5602 2812/5770/5604
f 2812/5770/5604 2901/5768/5602 2900/5771/5605
f 2812/5770/5604 2900/5771/5605 2813/5772/5606
f 2813/5772/5606 2900/5771/5605 2899/5773/5607
f 2813/5772/5606 2899/5773/5607 2814/5774/5608
f 2814/5774/5608 2899/5773/5607 2815/5775/5609
f 2815/5775/5609 2899/5773/5607 2898/5776/5610
f 2815/5775/5609 2898/5776/5610 2816/5777/5611
f 2816/5777/5611 2898/5776/5610 2897/5778/5612
f 2816/5777/5611 2897/5778/5612 2817/5779/5613
f 2817/5779/5613 2897/5778/5612 2818/5780/5614
f 2818/5780/5614 2897/5778/5612 2896/5781/5615
f 2818/5780/5614 2896/5781/5615 2819/5782/5616
f 2819/5782/5616 2896/5781/5615 2895/5783/5617
f 2819/5782/5616 2895/5783/5617 2820/5784/5618
f 2820/5784/5618 2895/5783/5617 2894/5785/5619
f 2820/5784/5618 2894/5785/5619 2821/5786/5620
f 2821/5786/5620 2894/5785/5619 2822/5787/5621
f 2822/5787/5621 2894/5785/5619 2893/5788/5622
f 2822/5787/5621 2893/5788/5622 2823/5789/5623
f 2823/5789/5623 2893/5788/5622 2892/5790/5624
f 2823/5789/5623 2892/5790/5624 2824/5791/5625
f 2824/5791/5625 2892/5790/5624 2825/5792/5626
f 2825/5792/5626 2892/5790/5624 2891/5793/5627
f 2825/5792/5626 2891/5793/5627 2826/5794/5628
f 2826/5794/5628 2891/5793/5627 2890/5795/5629
f 2826/5794/5628 2890/5795/5629 2827/5796/5630
f 2827/5796/5630 2890/5795/5629 2828/5797/5631
f 2828/5797/5631 2890/5795/5629 2889/5798/5632
f 2828/5797/5631 2889/5798/5632 2829/5799/5633
f 2829/5799/5633 2889/5798/5632 2888/5800/5634
f 2829/5799/5633 2888/5800/5634 2830/5801/5635
f 2830/5801/5635 2888/5800/5634 2887/5802/5636
f 2830/5801/5635 2887/5802/5636 2831/5803/5637
f 2831/5803/5637 2887/5802/5636 2832/5804/5638
f 2832/5804/5638 2887/5802/5636 2886/5805/5639
f 2832/5804/5638 2886/5805/5639 2833/5806/5640
f 2833/5806/5640 2886/5805/5639 2885/5807/5641
f 2833/5806/5640 2885/5807/5641 2834/5808/5642
f 2834/5808/5642 2885/5807/5641 2835/5809/5643
f 2835/5809/5643 2885/5807/5641 2884/5810/5644
f 2835/5809/5643 2884/5810/5644 2836/5811/5645
f 2836/5811/5645 2884/5810/5644 2883/5812/5646
f 2836/5811/5645 2883/5812/5646 2837/5813/5647
f 2837/5813/5647 2883/5812/5646 2838/5814/5648
f 2838/5814/5648 2883/5812/5646 2882/5815/5649
f 2838/5814/5648 2882/5815/5649 2839/5816/5650
f 2839/5816/5650 2882/5815/5649 2881/5817/5651
f 2839/5816/5650 2881/5817/5651 2840/5818/5652
f 2840/5818/5652 2881/5817/5651 2880/5819/5653
f 2840/5818/5652 2880/5819/5653 2841/5820/5654
f 2841/5820/5654 2880/5819/5653 2842/5821/5655
f 2842/5821/5655 2880/5819/5653 2879/5822/5656
f 2842/5821/5655 2879/5822/5656 2843/5823/5657
f 2843/5823/5657 2879/5822/5656 2429/5824/5658
f 2843/5823/5657 2429/5824/5658 2428/5825/5659
f 2594/5722/5556 2593/5826/5660 2918/5723/5557
f 2918/5723/5557 2593/5826/5660 2917/5726/5560
f 2593/5826/5660 2592/5827/5661 2917/5726/5560
f 2917/5726/5560 2592/5827/5661 2591/5828/5662
f 2917/5726/5560 2591/5828/5662 2916/5729/5563
f 2916/5729/5563 2591/5828/5662 2590/5829/5663
f 2916/5729/5563 2590/5829/5663 2589/5830/5664
f 2916/5729/5563 2589/5830/5664 2915/5732/5566
f 2915/5732/5566 2589/5830/5664 2588/5831/5665
f 2915/5732/5566 2588/5831/5665 2587/5832/5666
f 2915/5732/5566 2587/5832/5666 2914/5735/5569
f 2914/5735/5569 2587/5832/5666 2586/5833/5667
f 2914/5735/5569 2586/5833/5667 2585/5834/5668
f 2914/5735/5569 2585/5834/5668 2913/5738/5572
f 2913/5738/5572 2585/5834/5668 2584/5835/5669
f 2913/5738/5572 2584/5835/5669 2583/5836/5670
f 2913/5738/5572 2583/5836/5670 2912/5741/5575
f 2912/5741/5575 2583/5836/5670 2582/5837/5671
f 2912/5741/5575 2582/5837/5671 2581/5838/5672
f 2912/5741/5575 2581/5838/5672 2911/5744/5578
f 2911/5744/5578 2581/5838/5672 2580/5839/5673
f 2911/5744/5578 2580/5839/5673 2579/5840/5674
f 2911/5744/5578 2579/5840/5674 2910/5746/5580
f 2910/5746/5580 2579/5840/5674 2578/5841/5675
f 2910/5746/5580 2578/5841/5675 2909/5749/5583
f 2909/5749/5583 2578/5841/5675 2577/5842/5676
f 2909/5749/5583 2577/5842/5676 2908/5751/5585
f 2908/5751/5585 2577/5842/5676 2576/5843/5677
f 2908/5751/5585 2576/5843/5677 2575/5844/5678
f 2908/5751/5585 2575/5844/5678 2907/5754/5588
f 2907/5754/5588 2575/5844/5678 2574/5845/5679
f 2907/5754/5588 2574/5845/5679 2906/5756/5590
f 2906/5756/5590 2574/5845/5679 2573/5846/5680
f 2906/5756/5590 2573/5846/5680 2572/5847/5681
f 2906/5756/5590 2572/5847/5681 2905/5759/5593
f 2905/5759/5593 2572/5847/5681 2571/5848/5682
f 2905/5759/5593 2571/5848/5682 2904/5761/5595
f 2904/5761/5595 2571/5848/5682 2570/5849/5683
f 2904/5761/5595 2570/5849/5683 2569/5850/5684
f 2904/5761/5595 2569/5850/5684 2903/5764/5598
f 2903/5764/5598 2569/5850/5684 2568/5851/5685
f 2903/5764/5598 2568/5851/5685 2902/5766/5600
f 2902/5766/5600 2568/5851/5685 2567/5852/5686
f 2902/5766/5600 2567/5852/5686 2901/5768/5602
f 2901/5768/5602 2567/5852/5686 2566/5853/5687
f 2901/5768/5602 2566/5853/5687 2565/5854/5688
f 2901/5768/5602 2565/5854/5688 2900/5771/5605
f 2900/5771/5605 2565/5854/5688 2564/5855/5689
f 2900/5771/5605 2564/5855/5689 2899/5773/5607
f 2899/5773/5607 2564/5855/5689 2563/5856/5690
f 2899/5773/5607 2563/5856/5690 2562/5857/5691
f 2899/5773/5607 2562/5857/5691 2898/5776/5610
f 2898/5776/5610 2562/5857/5691 2561/5858/5692
f 2898/5776/5610 2561/5858/5692 2897/5778/5612
f 2897/5778/5612 2561/5858/5692 2560/5859/5693
f 2897/5778/5612 2560/5859/5693 2559/5860/5694
f 2897/5778/5612 2559/5860/5694 2896/5781/5615
f 2896/5781/5615 2559/5860/5694 2558/5861/5695
f 2896/5781/5615 2558/5861/5695 2895/5783/5617
f 2895/5783/5617 2558/5861/5695 2557/5862/5696
f 2895/5783/5617 2557/5862/5696 2894/5785/5619
f 2894/5785/5619 2557/5862/5696 2556/5863/5697
f 2894/5785/5619 2556/5863/5697 2555/5864/5698
f 2894/5785/5619 2555/5864/5698 2893/5788/5622
f 2893/5788/5622 2555/5864/5698 2554/5865/5699
f 2893/5788/5622 2554/5865/5699 2892/5790/5624
f 2892/5790/5624 2554/5865/5699 2553/5866/5700
f 2892/5790/5624 2553/5866/5700 2552/5867/5701
f 2892/5790/5624 2552/5867/5701 2891/5793/5627
f 2891/5793/5627 2552/5867/5701 2551/5868/5702
f 2891/5793/5627 2551/5868/5702 2890/5795/5629
f 2890/5795/5629 2551/5868/5702 2550/5869/5703
f 2890/5795/5629 2550/5869/5703 2549/5870/5704
f 2890/5795/5629 2549/5870/5704 2889/5798/5632
f 2889/5798/5632 2549/5870/5704 2548/5871/5705
f 2889/5798/5632 2548/5871/5705 2888/5800/5634
f 2888/5800/5634 2548/5871/5705 2547/5872/5706
f 2888/5800/5634 2547/5872/5706 2887/5802/5636
f 2887/5802/5636 2547/5872/5706 2546/5873/5707
f 2887/5802/5636 2546/5873/5707 2545/5874/5708
f 2887/5802/5636 2545/5874/5708 2886/5805/5639
f 2886/5805/5639 2545/5874/5708 2544/5875/5709
f 2886/5805/5639 2544/5875/5709 2885/5807/5641
f 2885/5807/5641 2544/5875/5709 2543/5876/5710
f 2885/5807/5641 2543/5876/5710 2542/5877/5711
f 2885/5807/5641 2542/5877/5711 2884/5810/5644
f 2884/5810/5644 2542/5877/5711 2541/5878/5712
f 2884/5810/5644 2541/5878/5712 2883/5812/5646
f 2883/5812/5646 2541/5878/5712 2540/5879/5713
f 2883/5812/5646 2540/5879/5713 2539/5880/5714
f 2883/5812/5646 2539/5880/5714 2882/5815/5649
f 2882/5815/5649 2539/5880/5714 2538/5881/5715
f 2882/5815/5649 2538/5881/5715 2881/5817/5651
f 2881/5817/5651 2538/5881/5715 2537/5882/5716
f 2881/5817/5651 2537/5882/5716 2880/5819/5653
f 2880/5819/5653 2537/5882/5716 2536/5883/5717
f 2880/5819/5653 2536/5883/5717 2535/5884/5718
f 2880/5819/5653 2535/5884/5718 2879/5822/5656
f 2879/5822/5656 2535/5884/5718 2534/5885/5719
f 2879/5822/5656 2534/5885/5719 2429/5824/5658
f 2783/5724/5558 2782/5886/5720 2919/5719/5553
f 2919/5719/5553 2782/5886/5720 2781/5887/5721
f 2919/5719/5553 2781/5887/5721 2780/5717/5551
f 93/5888/5722 2930/5889/5723 78/5890/5724
f 78/5890/5724 2930/5889/5723 2931/5891/5725
f 78/5890/5724 2931/5891/5725 79/5892/5726
f 79/5892/5726 2931/5891/5725 2932/5893/5727
f 79/5892/5726 2932/5893/5727 2933/5894/5728
f 93/5888/5722 92/5895/5729 2930/5889/5723
f 2930/5889/5723 92/5895/5729 2929/5896/5730
f 2929/5896/5730 92/5895/5729 91/5897/5731
f 2929/5896/5730 91/5897/5731 2928/5898/5732
f 2928/5898/5732 91/5897/5731 90/5899/5733
f 2928/5898/5732 90/5899/5733 2927/5900/5734
f 2927/5900/5734 90/5899/5733 89/5901/5735
f 2927/5900/5734 89/5901/5735 2926/5902/5736
f 2926/5902/5736 89/5901/5735 88/5903/5737
f 2926/5902/5736 88/5903/5737 2925/5904/5738
f 2925/5904/5738 88/5903/5737 87/5905/5739
f 2925/5904/5738 87/5905/5739 2924/5906/5740
f 2924/5906/5740 87/5905/5739 86/5907/5741
f 2924/5906/5740 86/5907/5741 2923/5908/5742
f 2923/5908/5742 86/5907/5741 85/5909/5743
f 2923/5908/5742 85/5909/5743 2922/5910/5744
f 2922/5910/5744 85/5909/5743 84/5911/5745
f 2922/5912/5744 84/5913/5745 2921/5914/5746
f 2921/5914/5746 84/5913/5745 83/5915/5747
f 2921/5914/5746 83/5915/5747 2920/5916/5748
f 2920/5916/5748 83/5915/5747 82/5917/5749
f 2920/5916/5748 82/5917/5749 81/5918/5750
f 2920/5916/5748 81/5918/5750 2934/5919/5751
f 2934/5919/5751 81/5918/5750 80/5920/5752
f 2934/5919/5751 80/5920/5752 2933/5894/5728
f 2933/5894/5728 80/5920/5752 79/5892/5726
f 2934/5919/5751 2935/5921/5753 2920/5916/5748
f 2920/5916/5748 2935/5921/5753 2938/5922/5754
f 2938/5922/5754 2935/5921/5753 2936/5923/5755
f 2938/5922/5754 2936/5923/5755 2937/5924/5756
f 2920/5925/5757 2939/5926/5758 2921/5927/5759
f 2921/5927/5759 2939/5926/5758 2940/5928/5760
f 2921/5927/5759 2940/5928/5760 2941/5929/5761
f 2921/5927/5759 2941/5929/5761 2922/5930/5762
f 2922/5930/5762 2941/5929/5761 2942/5931/5763
f 2922/5930/5762 2942/5931/5763 2943/5932/5764
f 2922/5930/5762 2943/5932/5764 2923/5933/5765
f 2923/5933/5765 2943/5932/5764 2944/5934/5766
f 2923/5933/5765 2944/5934/5766 2924/5935/5767
f 2924/5935/5767 2944/5934/5766 2945/5936/5768
f 2924/5935/5767 2945/5936/5768 3119/5937/5769
f 3119/5937/5769 2945/5936/5768 2946/5938/5770
f 3119/5937/5769 2946/5938/5770 2947/5939/5771
f 3119/5937/5769 2947/5939/5771 3118/5940/5772
f 3118/5940/5772 2947/5939/5771 2948/5941/5773
f 3118/5940/5772 2948/5941/5773 2949/5942/5774
f 3118/5940/5772 2949/5942/5774 3117/5943/5775
f 3117/5943/5775 2949/5942/5774 2950/5944/5776
f 3117/5943/5775 2950/5944/5776 2951/5945/5777
f 3117/5943/5775 2951/5945/5777 3116/5946/5778
f 3116/5946/5778 2951/5945/5777 2952/5947/5779
f 3116/5946/5778 2952/5947/5779 2953/5948/5780
f 3116/5946/5778 2953/5948/5780 3115/5949/5781
f 3115/5949/5781 2953/5948/5780 2954/5950/5782
f 3115/5949/5781 2954/5950/5782 2955/5951/5783
f 3115/5949/5781 2955/5951/5783 3114/5952/5784
f 3114/5952/5784 2955/5951/5783 2956/5953/5785
f 3114/5952/5784 2956/5953/5785 2957/5954/5786
f 3114/5952/5784 2957/5954/5786 3113/5955/5787
f 3113/5955/5787 2957/5954/5786 2958/5956/5788
f 3113/5955/5787 2958/5956/5788 2959/5957/5789
f 3113/5955/5787 2959/5957/5789 3112/5958/5790
f 3112/5958/5790 2959/5957/5789 2960/5959/5791
f 3112/5958/5790 2960/5959/5791 2961/5960/5792
f 3112/5958/5790 2961/5960/5792 3111/5961/5793
f 3111/5961/5793 2961/5960/5792 2962/5962/5794
f 3111/5961/5793 2962/5962/5794 2963/5963/5795
f 2963/5963/5795 2964/5964/5796 3111/5961/5793
f 3111/5961/5793 2964/5964/5796 3110/5965/5797
f 3111/5961/5793 3110/5965/5797 3076/5966/5798
f 3076/5966/5798 3110/5965/5797 3075/5967/5799
f 3075/5967/5799 3110/5965/5797 3074/5968/5800
f 3074/5968/5800 3110/5965/5797 3109/5969/5801
f 3074/5968/5800 3109/5969/5801 3073/5970/5802
f 3073/5970/5802 3109/5969/5801 3072/5971/5803
f 3072/5971/5803 3109/5969/5801 3071/5972/5804
f 3071/5972/5804 3109/5969/5801 3108/5973/5805
f 3071/5972/5804 3108/5973/5805 3070/5974/5806
f 3070/5974/5806 3108/5973/5805 3069/5975/5807
f 3069/5975/5807 3108/5973/5805 3107/5976/5808
f 3069/5975/5807 3107/5976/5808 3068/5977/5809
f 3068/5977/5809 3107/5976/5808 3067/5978/5810
f 3067/5978/5810 3107/5976/5808 3066/5979/5811
f 3066/5979/5811 3107/5976/5808 3106/5980/5812
f 3066/5979/5811 3106/5980/5812 3065/5981/5813
f 3065/5981/5813 3106/5980/5812 3064/5982/5814
f 3064/5982/5814 3106/5980/5812 3105/5983/5815
f 3064/5982/5814 3105/5983/5815 3063/5984/5816
f 3063/5984/5816 3105/5983/5815 3062/5985/5817
f 3062/5985/5817 3105/5983/5815 3061/5986/5818
f 3061/5986/5818 3105/5983/5815 3104/5987/5819
f 3061/5986/5818 3104/5987/5819 3060/5988/5820
f 3060/5988/5820 3104/5987/5819 3059/5989/5821
f 3059/5989/5821 3104/5987/5819 3103/5990/5822
f 3059/5989/5821 3103/5990/5822 3058/5991/5823
f 3058/5991/5823 3103/5990/5822 3057/5992/5824
f 3057/5992/5824 3103/5990/5822 3056/5993/5825
f 3056/5993/5825 3103/5990/5822 3102/5994/5826
f 3056/5993/5825 3102/5994/5826 3055/5995/5827
f 3055/5995/5827 3102/5994/5826 3054/5996/5828
f 3054/5996/5828 3102/5994/5826 3101/5997/5829
f 3054/5996/5828 3101/5997/5829 3053/5998/5830
f 3053/5998/5830 3101/5997/5829 3052/5999/5831
f 3052/5999/5831 3101/5997/5829 3051/6000/5832
f 3051/6000/5832 3101/5997/5829 3100/6001/5833
f 3051/6000/5832 3100/6001/5833 3050/6002/5834
f 3050/6002/5834 3100/6001/5833 3049/6003/5835
f 3049/6003/5835 3100/6001/5833 3099/6004/5836
f 3049/6003/5835 3099/6004/5836 3048/6005/5837
f 3048/6005/5837 3099/6004/5836 3047/6006/5838
f 3047/6006/5838 3099/6004/5836 3046/6007/5839
f 3046/6007/5839 3099/6004/5836 3098/6008/5840
f 3046/6007/5839 3098/6008/5840 3045/6009/5841
f 3045/6009/5841 3098/6008/5840 3044/6010/5842
f 3044/6010/5842 3098/6008/5840 3097/6011/5843
f 3044/6010/5842 3097/6011/5843 3043/6012/5844
f 3043/6012/5844 3097/6011/5843 3042/6013/5845
f 3042/6013/5845 3097/6011/5843 3041/6014/5846
f 3041/6014/5846 3097/6011/5843 3096/6015/5847
f 3041/6014/5846 3096/6015/5847 3040/6016/5848
f 3040/6016/5848 3096/6015/5847 3039/6017/5849
f 3039/6017/5849 3096/6015/5847 3095/6018/5850
f 3039/6017/5849 3095/6018/5850 3038/6019/5851
f 3038/6019/5851 3095/6018/5850 3037/6020/5852
f 3037/6020/5852 3095/6018/5850 3036/6021/5853
f 3036/6021/5853 3095/6018/5850 3094/6022/5854
f 3036/6021/5853 3094/6022/5854 3035/6023/5855
f 3035/6023/5855 3094/6022/5854 3034/6024/5856
f 3034/6024/5856 3094/6022/5854 3093/6025/5857
f 3034/6024/5856 3093/6025/5857 3033/6026/5858
f 3033/6026/5858 3093/6025/5857 3032/6027/5859
f 3032/6027/5859 3093/6025/5857 3031/6028/5860
f 3031/6028/5860 3093/6025/5857 3092/6029/5861
f 3031/6028/5860 3092/6029/5861 3030/6030/5862
f 3030/6030/5862 3092/6029/5861 3029/6031/5863
f 3029/6031/5863 3092/6029/5861 3091/6032/5864
f 3029/6031/5863 3091/6032/5864 3028/6033/5865
f 3028/6033/5865 3091/6032/5864 3027/6034/5866
f 3027/6034/5866 3091/6032/5864 3026/6035/5867
f 3026/6035/5867 3091/6032/5864 3090/6036/5868
f 3026/6035/5867 3090/6036/5868 3025/6037/5869
f 3025/6037/5869 3090/6036/5868 3024/6038/5870
f 3024/6038/5870 3090/6036/5868 3089/6039/5871
f 3024/6038/5870 3089/6039/5871 3023/6040/5872
f 3023/6040/5872 3089/6039/5871 3022/6041/5873
f 3022/6041/5873 3089/6039/5871 3021/6042/5874
f 3021/6042/5874 3089/6039/5871 3088/6043/5875
f 3021/6042/5874 3088/6043/5875 3020/6044/5876
f 3020/6044/5876 3088/6043/5875 3019/6045/5877
f 3019/6045/5877 3088/6043/5875 3087/6046/5878
f 3019/6045/5877 3087/6046/5878 3018/6047/5879
f 3018/6047/5879 3087/6046/5878 3017/6048/5880
f 3017/6048/5880 3087/6046/5878 3016/6049/5881
f 3016/6049/5881 3087/6046/5878 3015/6050/5882
f 3015/6050/5882 3087/6046/5878 3014/6051/5883
f 3014/6051/5883 3087/6046/5878 3013/6052/5884
f 3013/6052/5884 3087/6046/5878 3012/6053/5885
f 3012/6053/5885 3087/6046/5878 3011/6054/5886
f 3011/6054/5886 3087/6046/5878 3088/6043/5875
f 3011/6054/5886 3088/6043/5875 3010/6055/5887
f 3010/6055/5887 3088/6043/5875 3009/6056/5888
f 3009/6056/5888 3088/6043/5875 3089/6039/5871
f 3009/6056/5888 3089/6039/5871 3008/6057/5889
f 3008/6057/5889 3089/6039/5871 3007/6058/5890
f 3007/6058/5890 3089/6039/5871 3090/6036/5868
f 3007/6058/5890 3090/6036/5868 3006/6059/5891
f 3006/6059/5891 3090/6036/5868 3005/6060/5892
f 3005/6060/5892 3090/6036/5868 3091/6032/5864
f 3005/6060/5892 3091/6032/5864 3004/6061/5893
f 3004/6061/5893 3091/6032/5864 3003/6062/5894
f 3003/6062/5894 3091/6032/5864 3092/6029/5861
f 3003/6062/5894 3092/6029/5861 3002/6063/5895
f 3002/6063/5895 3092/6029/5861 3001/6064/5896
f 3001/6064/5896 3092/6029/5861 3093/6025/5857
f 3001/6064/5896 3093/6025/5857 3000/6065/5897
f 3000/6065/5897 3093/6025/5857 2999/6066/5898
f 2999/6066/5898 3093/6025/5857 3094/6022/5854
f 2999/6066/5898 3094/6022/5854 2998/6067/5899
f 2998/6067/5899 3094/6022/5854 2997/6068/5900
f 2997/6068/5900 3094/6022/5854 3095/6018/5850
f 2997/6068/5900 3095/6018/5850 2996/6069/5901
f 2996/6069/5901 3095/6018/5850 2995/6070/5902
f 2995/6070/5902 3095/6018/5850 2994/6071/5903
f 2994/6071/5903 3095/6018/5850 3096/6015/5847
f 2994/6071/5903 3096/6015/5847 2993/6072/5904
f 2993/6072/5904 3096/6015/5847 2992/6073/5905
f 2992/6073/5905 3096/6015/5847 3097/6011/5843
f 2992/6073/5905 3097/6011/5843 2991/6074/5906
f 2991/6074/5906 3097/6011/5843 2990/6075/5907
f 2990/6075/5907 3097/6011/5843 3098/6008/5840
f 2990/6075/5907 3098/6008/5840 2989/6076/5908
f 2989/6076/5908 3098/6008/5840 2988/6077/5909
f 2988/6077/5909 3098/6008/5840 3099/6004/5836
f 2988/6077/5909 3099/6004/5836 2987/6078/5910
f 2987/6078/5910 3099/6004/5836 2986/6079/5911
f 2986/6079/5911 3099/6004/5836 3100/6001/5833
f 2986/6079/5911 3100/6001/5833 2985/6080/5912
f 2985/6080/5912 3100/6001/5833 2984/6081/5913
f 2984/6081/5913 3100/6001/5833 3101/5997/5829
f 2984/6081/5913 3101/5997/5829 2983/6082/5914
f 2983/6082/5914 3101/5997/5829 2982/6083/5915
f 2982/6083/5915 3101/5997/5829 3102/5994/5826
f 2982/6083/5915 3102/5994/5826 2981/6084/5916
f 2981/6084/5916 3102/5994/5826 2980/6085/5917
f 2980/6085/5917 3102/5994/5826 3103/5990/5822
f 2980/6085/5917 3103/5990/5822 2979/6086/5918
f 2979/6086/5918 3103/5990/5822 2978/6087/5919
f 2978/6087/5919 3103/5990/5822 3104/5987/5819
f 2978/6087/5919 3104/5987/5819 2977/6088/5920
f 2977/6088/5920 3104/5987/5819 2976/6089/5921
f 2976/6089/5921 3104/5987/5819 3105/5983/5815
f 2976/6089/5921 3105/5983/5815 2975/6090/5922
f 2975/6090/5922 3105/5983/5815 2974/6091/5923
f 2974/6091/5923 3105/5983/5815 3106/5980/5812
f 2974/6091/5923 3106/5980/5812 2973/6092/5924
f 2973/6092/5924 3106/5980/5812 2972/6093/5925
f 2972/6093/5925 3106/5980/5812 3107/5976/5808
f 2972/6093/5925 3107/5976/5808 2971/6094/5926
f 2971/6094/5926 3107/5976/5808 2970/6095/5927
f 2970/6095/5927 3107/5976/5808 3108/5973/5805
f 2970/6095/5927 3108/5973/5805 2969/6096/5928
f 2969/6096/5928 3108/5973/5805 2968/6097/5929
f 2968/6097/5929 3108/5973/5805 3109/5969/5801
f 2968/6097/5929 3109/5969/5801 2967/6098/5930
f 2967/6098/5930 3109/5969/5801 2966/6099/5931
f 2966/6099/5931 3109/5969/5801 3110/5965/5797
f 2966/6099/5931 3110/5965/5797 2965/6100/5932
f 2965/6100/5932 3110/5965/5797 2964/5964/5796
f 3076/5966/5798 3077/6101/5933 3111/5961/5793
f 3111/5961/5793 3077/6101/5933 3078/6102/5934
f 3111/5961/5793 3078/6102/5934 3079/6103/5935
f 3111/5961/5793 3079/6103/5935 3112/5958/5790
f 3112/5958/5790 3079/6103/5935 3080/6104/5936
f 3112/5958/5790 3080/6104/5936 3113/5955/5787
f 3113/5955/5787 3080/6104/5936 3081/6105/5937
f 3113/5955/5787 3081/6105/5937 3082/6106/5938
f 3113/5955/5787 3082/6106/5938 3114/5952/5784
f 3114/5952/5784 3082/6106/5938 3083/6107/5939
f 3114/5952/5784 3083/6107/5939 3115/5949/5781
f 3115/5949/5781 3083/6107/5939 3084/6108/5940
f 3115/5949/5781 3084/6108/5940 3085/6109/5941
f 3115/5949/5781 3085/6109/5941 3116/5946/5778
f 3116/5946/5778 3085/6109/5941 3086/6110/5942
f 3116/5946/5778 3086/6110/5942 3117/5943/5775
f 3117/5943/5775 3086/6110/5942 2929/6111/5943
f 3117/5943/5775 2929/6111/5943 2928/6112/5944
f 3117/5943/5775 2928/6112/5944 3118/5940/5772
f 3118/5940/5772 2928/6112/5944 2927/6113/5945
f 3118/5940/5772 2927/6113/5945 2926/6114/5946
f 3118/5940/5772 2926/6114/5946 3119/5937/5769
f 3119/5937/5769 2926/6114/5946 2925/6115/5947
f 3119/5937/5769 2925/6115/5947 2924/5935/5767
f 2936/6116/5948 3079/6117/5949 2937/6118/5950
f 2937/6118/5950 3079/6117/5949 3078/6119/5951
f 2937/6118/5950 3078/6119/5951 3330/6120/5952
f 3330/6120/5952 3078/6119/5951 3077/6121/5953
f 3330/6120/5952 3077/6121/5953 3329/6122/5954
f 3329/6122/5954 3077/6121/5953 3076/6123/5955
f 3329/6122/5954 3076/6123/5955 3328/6124/5956
f 3328/6124/5956 3076/6123/5955 3075/6125/5957
f 3328/6124/5956 3075/6125/5957 3327/6126/5958
f 3327/6126/5958 3075/6125/5957 3074/6127/5959
f 3327/6126/5958 3074/6127/5959 3326/6128/5960
f 3326/6128/5960 3074/6127/5959 3073/6129/5961
f 3326/6128/5960 3073/6129/5961 3325/6130/5962
f 3325/6131/5962 3073/6132/5961 3072/6133/5963
f 3325/6131/5962 3072/6133/5963 3324/6134/5964
f 3324/6134/5964 3072/6133/5963 3071/6135/5965
f 3324/6134/5964 3071/6135/5965 3070/6136/5966
f 3079/6117/5949 2936/6116/5948 3080/6137/5967
f 3080/6137/5967 2936/6116/5948 2935/6138/5968
f 3080/6137/5967 2935/6138/5968 3081/6139/5969
f 3081/6139/5969 2935/6138/5968 2934/6140/5970
f 3081/6139/5969 2934/6140/5970 3082/6141/5971
f 3082/6141/5971 2934/6140/5970 2933/6142/5972
f 3082/6141/5971 2933/6142/5972 3083/6143/5973
f 3083/6143/5973 2933/6142/5972 2932/6144/5974
f 3083/6143/5973 2932/6144/5974 3084/6145/5975
f 3084/6145/5975 2932/6144/5974 2931/6146/5976
f 3084/6145/5975 2931/6146/5976 3085/6147/5977
f 3085/6147/5977 2931/6146/5976 2930/6148/5978
f 3085/6147/5977 2930/6148/5978 3086/6149/5979
f 3086/6149/5979 2930/6148/5978 2929/6150/5980
f 3324/6134/5964 3070/6136/5966 3323/6151/5981
f 3323/6151/5981 3070/6136/5966 3069/6152/5982
f 3323/6151/5981 3069/6152/5982 3322/6153/5983
f 3322/6153/5983 3069/6152/5982 3068/6154/5984
f 3322/6153/5983 3068/6154/5984 3321/6155/5985
f 3321/6155/5985 3068/6154/5984 3067/6156/5986
f 3321/6155/5985 3067/6156/5986 3320/6157/5987
f 3320/6157/5987 3067/6156/5986 3066/6158/5988
f 3320/6157/5987 3066/6158/5988 3319/6159/5989
f 3319/6159/5989 3066/6158/5988 3065/6160/5990
f 3319/6159/5989 3065/6160/5990 3064/6161/5991
f 3319/6159/5989 3064/6161/5991 3318/6162/5992
f 3318/6162/5992 3064/6161/5991 3063/6163/5993
f 3318/6162/5992 3063/6163/5993 3317/6164/5994
f 3317/6164/5994 3063/6163/5993 3062/6165/5995
f 3317/6164/5994 3062/6165/5995 3316/6166/5996
f 3316/6166/5996 3062/6165/5995 3061/6167/5997
f 3316/6166/5996 3061/6167/5997 3315/6168/5998
f 3315/6168/5998 3061/6167/5997 3060/6169/5999
f 3315/6168/5998 3060/6169/5999 3314/6170/6000
f 3314/6170/6000 3060/6169/5999 3059/6171/6001
f 3314/6170/6000 3059/6171/6001 3058/6172/6002
f 3314/6170/6000 3058/6172/6002 3313/6173/6003
f 3313/6173/6003 3058/6172/6002 3057/6174/6004
f 3313/6173/6003 3057/6174/6004 3312/6175/6005
f 3312/6175/6005 3057/6174/6004 3056/6176/6006
f 3312/6175/6005 3056/6176/6006 3311/6177/6007
f 3311/6177/6007 3056/6176/6006 3055/6178/6008
f 3311/6177/6007 3055/6178/6008 3310/6179/6009
f 3310/6179/6009 3055/6178/6008 3054/6180/6010
f 3310/6179/6009 3054/6180/6010 3053/6181/6011
f 3310/6179/6009 3053/6181/6011 3309/6182/6012
f 3309/6182/6012 3053/6181/6011 3052/6183/6013
f 3309/6182/6012 3052/6183/6013 3308/6184/6014
f 3308/6184/6014 3052/6183/6013 3051/6185/6015
f 3308/6184/6014 3051/6185/6015 3307/6186/6016
f 3307/6186/6016 3051/6185/6015 3050/6187/6017
f 3307/6186/6016 3050/6187/6017 3306/6188/6018
f 3306/6188/6018 3050/6187/6017 3049/6189/6019
f 3306/6190/6018 3049/6191/6019 3305/6192/6020
f 3305/6192/6020 3049/6191/6019 3048/6193/6021
f 3305/6192/6020 3048/6193/6021 3047/6194/6022
f 3305/6192/6020 3047/6194/6022 3304/6195/6023
f 3304/6195/6023 3047/6194/6022 3046/6196/6024
f 3304/6195/6023 3046/6196/6024 3303/6197/6025
f 3303/6197/6025 3046/6196/6024 3045/6198/6026
f 3303/6197/6025 3045/6198/6026 3302/6199/6027
f 3302/6199/6027 3045/6198/6026 3044/6200/6028
f 3302/6199/6027 3044/6200/6028 3301/6201/6029
f 3301/6201/6029 3044/6200/6028 3043/6202/6030
f 3301/6201/6029 3043/6202/6030 3300/6203/6031
f 3300/6203/6031 3043/6202/6030 3042/6204/6032
f 3300/6203/6031 3042/6204/6032 3041/6205/6033
f 3300/6203/6031 3041/6205/6033 3299/6206/6034
f 3299/6206/6034 3041/6205/6033 3040/6207/6035
f 3299/6206/6034 3040/6207/6035 3298/6208/6036
f 3298/6208/6036 3040/6207/6035 3039/6209/6037
f 3298/6208/6036 3039/6209/6037 3297/6210/6038
f 3297/6210/6038 3039/6209/6037 3038/6211/6039
f 3297/6210/6038 3038/6211/6039 3296/6212/6040
f 3296/6212/6040 3038/6211/6039 3037/6213/6041
f 3296/6212/6040 3037/6213/6041 3036/6214/6042
f 3296/6212/6040 3036/6214/6042 3295/6215/6043
f 3295/6215/6043 3036/6214/6042 3035/6216/6044
f 3295/6215/6043 3035/6216/6044 3294/6217/6045
f 3294/6217/6045 3035/6216/6044 3034/6218/6046
f 3294/6217/6045 3034/6218/6046 3293/6219/6047
f 3293/6219/6047 3034/6218/6046 3033/6220/6048
f 3293/6219/6047 3033/6220/6048 3292/6221/6049
f 3292/6221/6049 3033/6220/6048 3032/6222/6050
f 3292/6221/6049 3032/6222/6050 3291/6223/6051
f 3291/6223/6051 3032/6222/6050 3031/6224/6052
f 3291/6223/6051 3031/6224/6052 3030/6225/6053
f 3291/6223/6051 3030/6225/6053 3290/6226/6054
f 3290/6226/6054 3030/6225/6053 3029/6227/6055
f 3290/6226/6054 3029/6227/6055 3289/6228/6056
f 3289/6228/6056 3029/6227/6055 3028/6229/6057
f 3289/6228/6056 3028/6229/6057 3288/6230/6058
f 3288/6230/6058 3028/6229/6057 3027/6231/6059
f 3288/6230/6058 3027/6231/6059 3287/6232/6060
f 3287/6232/6060 3027/6231/6059 3026/6233/6061
f 3287/6234/6060 3026/6235/6061 3286/6236/6062
f 3286/6236/6062 3026/6235/6061 3025/6237/6063
f 3286/6236/6062 3025/6237/6063 3024/6238/6064
f 3286/6236/6062 3024/6238/6064 3285/6239/6065
f 3285/6239/6065 3024/6238/6064 3023/6240/6066
f 3285/6239/6065 3023/6240/6066 3284/6241/6067
f 3284/6241/6067 3023/6240/6066 3022/6242/6068
f 3284/6241/6067 3022/6242/6068 3283/6243/6069
f 3283/6243/6069 3022/6242/6068 3021/6244/6070
f 3283/6243/6069 3021/6244/6070 3282/6245/6071
f 3282/6245/6071 3021/6244/6070 3020/6246/6072
f 3282/6245/6071 3020/6246/6072 3019/6247/6073
f 3282/6245/6071 3019/6247/6073 3281/6248/6074
f 3281/6248/6074 3019/6247/6073 3018/6249/6075
f 3281/6248/6074 3018/6249/6075 3280/6250/6076
f 3280/6250/6076 3018/6249/6075 3017/6251/6077
f 3280/6250/6076 3017/6251/6077 3279/6252/6078
f 3279/6252/6078 3017/6251/6077 3016/6253/6079
f 3279/6252/6078 3016/6253/6079 3278/6254/6080
f 3278/6254/6080 3016/6253/6079 3015/6255/6081
f 3278/6254/6080 3015/6255/6081 3277/6256/6082
f 3277/6256/6082 3015/6255/6081 3120/6257/6083
f 3277/6256/6082 3120/6257/6083 3276/6258/6084
f 3276/6258/6084 3120/6257/6083 3121/6259/6085
f 3276/6258/6084 3121/6259/6085 3275/6260/6086
f 3275/6260/6086 3121/6259/6085 3122/6261/6087
f 3275/6260/6086 3122/6261/6087 3274/6262/6088
f 3274/6262/6088 3122/6261/6087 3123/6263/6089
f 3274/6262/6088 3123/6263/6089 3273/6264/6090
f 3273/6264/6090 3123/6263/6089 3124/6265/6091
f 3273/6264/6090 3124/6265/6091 3272/6266/6092
f 3272/6266/6092 3124/6265/6091 3271/6267/6093
f 3271/6267/6093 3124/6265/6091 3125/6268/6094
f 3271/6267/6093 3125/6268/6094 3270/6269/6095
f 3270/6269/6095 3125/6268/6094 3126/6270/6096
f 3270/6269/6095 3126/6270/6096 3269/6271/6097
f 3269/6271/6097 3126/6270/6096 3127/6272/6098
f 3269/6271/6097 3127/6272/6098 3268/6273/6099
f 3268/6273/6099 3127/6272/6098 3128/6274/6100
f 3268/6275/6099 3128/6276/6100 3267/6277/6101
f 3267/6277/6101 3128/6276/6100 3129/6278/6102
f 3267/6277/6101 3129/6278/6102 3266/6279/6103
f 3266/6279/6103 3129/6278/6102 3265/6280/6104
f 3265/6280/6104 3129/6278/6102 3130/6281/6105
f 3265/6280/6104 3130/6281/6105 3264/6282/6106
f 3264/6282/6106 3130/6281/6105 3131/6283/6107
f 3264/6282/6106 3131/6283/6107 3263/6284/6108
f 3263/6284/6108 3131/6283/6107 3132/6285/6109
f 3263/6284/6108 3132/6285/6109 3262/6286/6110
f 3262/6286/6110 3132/6285/6109 3133/6287/6111
f 3262/6286/6110 3133/6287/6111 3261/6288/6112
f 3261/6288/6112 3133/6287/6111 3134/6289/6113
f 3261/6288/6112 3134/6289/6113 3260/6290/6114
f 3260/6290/6114 3134/6289/6113 3135/6291/6115
f 3260/6290/6114 3135/6291/6115 3259/6292/6116
f 3259/6292/6116 3135/6291/6115 3136/6293/6117
f 3259/6292/6116 3136/6293/6117 3258/6294/6118
f 3258/6294/6118 3136/6293/6117 3137/6295/6119
f 3258/6294/6118 3137/6295/6119 3257/6296/6120
f 3257/6296/6120 3137/6295/6119 3256/6297/6121
f 3256/6297/6121 3137/6295/6119 3138/6298/6122
f 3256/6297/6121 3138/6298/6122 3255/6299/6123
f 3255/6299/6123 3138/6298/6122 3139/6300/6124
f 3255/6299/6123 3139/6300/6124 3254/6301/6125
f 3254/6301/6125 3139/6300/6124 3140/6302/6126
f 3254/6301/6125 3140/6302/6126 3253/6303/6127
f 3253/6303/6127 3140/6302/6126 3141/6304/6128
f 3253/6303/6127 3141/6304/6128 3252/6305/6129
f 3252/6305/6129 3141/6304/6128 3142/6306/6130
f 3252/6305/6129 3142/6306/6130 3251/6307/6131
f 3251/6307/6131 3142/6306/6130 3143/6308/6132
f 3251/6307/6131 3143/6308/6132 3250/6309/6133
f 3250/6309/6133 3143/6308/6132 3144/6310/6134
f 3250/6311/6133 3144/6312/6134 3249/6313/6135
f 3249/6313/6135 3144/6312/6134 3145/6314/6136
f 3249/6313/6135 3145/6314/6136 3248/6315/6137
f 3248/6315/6137 3145/6314/6136 3146/6316/6138
f 3248/6315/6137 3146/6316/6138 3247/6317/6139
f 3247/6317/6139 3146/6316/6138 3147/6318/6140
f 3247/6317/6139 3147/6318/6140 3246/6319/6141
f 3246/6319/6141 3147/6318/6140 3148/6320/6142
f 3246/6319/6141 3148/6320/6142 3245/6321/6143
f 3245/6321/6143 3148/6320/6142 3149/6322/6144
f 3245/6321/6143 3149/6322/6144 3244/6323/6145
f 3244/6323/6145 3149/6322/6144 3150/6324/6146
f 3244/6323/6145 3150/6324/6146 3243/6325/6147
f 3243/6325/6147 3150/6324/6146 3151/6326/6148
f 3243/6325/6147 3151/6326/6148 3242/6327/6149
f 3242/6327/6149 3151/6326/6148 3152/6328/6150
f 3242/6327/6149 3152/6328/6150 3241/6329/6151
f 3241/6329/6151 3152/6328/6150 3153/6330/6152
f 3241/6329/6151 3153/6330/6152 3240/6331/6153
f 3240/6331/6153 3153/6330/6152 3154/6332/6154
f 3240/6331/6153 3154/6332/6154 3239/6333/6155
f 3239/6333/6155 3154/6332/6154 3155/6334/6156
f 3239/6333/6155 3155/6334/6156 3238/6335/6157
f 3238/6335/6157 3155/6334/6156 3156/6336/6158
f 3238/6335/6157 3156/6336/6158 3237/6337/6159
f 3237/6337/6159 3156/6336/6158 3157/6338/6160
f 3237/6337/6159 3157/6338/6160 3236/6339/6161
f 3236/6339/6161 3157/6338/6160 3158/6340/6162
f 3236/6339/6161 3158/6340/6162 3235/6341/6163
f 3235/6341/6163 3158/6340/6162 3159/6342/6164
f 3235/6341/6163 3159/6342/6164 3160/6343/6165
f 3235/6341/6163 3160/6343/6165 3234/6344/6166
f 3234/6345/6166 3160/6346/6165 3161/6347/6167
f 3234/6345/6166 3161/6347/6167 3233/6348/6168
f 3233/6348/6168 3161/6347/6167 3162/6349/6169
f 3233/6348/6168 3162/6349/6169 3232/6350/6170
f 3232/6350/6170 3162/6349/6169 3163/6351/6171
f 3232/6350/6170 3163/6351/6171 3231/6352/6172
f 3231/6352/6172 3163/6351/6171 3164/6353/6173
f 3231/6352/6172 3164/6353/6173 3230/6354/6174
f 3230/6354/6174 3164/6353/6173 3165/6355/6175
f 3230/6354/6174 3165/6355/6175 3229/6356/6176
f 3229/6356/6176 3165/6355/6175 3166/6357/6177
f 3229/6356/6176 3166/6357/6177 3228/6358/6178
f 3228/6358/6178 3166/6357/6177 3167/6359/6179
f 3228/6358/6178 3167/6359/6179 3227/6360/6180
f 3227/6360/6180 3167/6359/6179 3168/6361/6181
f 3227/6360/6180 3168/6361/6181 3226/6362/6182
f 3226/6362/6182 3168/6361/6181 3169/6363/6183
f 3226/6362/6182 3169/6363/6183 3225/6364/6184
f 3225/6364/6184 3169/6363/6183 3170/6365/6185
f 3225/6364/6184 3170/6365/6185 3224/6366/6186
f 3224/6366/6186 3170/6365/6185 3171/6367/6187
f 3224/6366/6186 3171/6367/6187 3223/6368/6188
f 3223/6368/6188 3171/6367/6187 3172/6369/6189
f 3223/6368/6188 3172/6369/6189 3222/6370/6190
f 3222/6370/6190 3172/6369/6189 3173/6371/6191
f 3222/6370/6190 3173/6371/6191 3221/6372/6192
f 3221/6372/6192 3173/6371/6191 3174/6373/6193
f 3221/6372/6192 3174/6373/6193 3220/6374/6194
f 3220/6374/6194 3174/6373/6193 3175/6375/6195
f 3220/6374/6194 3175/6375/6195 3219/6376/6196
f 3219/6376/6196 3175/6375/6195 3176/6377/6197
f 3219/6378/6196 3176/6379/6197 3218/6380/6198
f 3218/6380/6198 3176/6379/6197 3177/6381/6199
f 3218/6380/6198 3177/6381/6199 3217/6382/6200
f 3217/6382/6200 3177/6381/6199 3178/6383/6201
f 3217/6382/6200 3178/6383/6201 3216/6384/6202
f 3216/6384/6202 3178/6383/6201 3179/6385/6203
f 3216/6384/6202 3179/6385/6203 3215/6386/6204
f 3215/6386/6204 3179/6385/6203 3180/6387/6205
f 3215/6386/6204 3180/6387/6205 3214/6388/6206
f 3214/6388/6206 3180/6387/6205 3181/6389/6207
f 3214/6388/6206 3181/6389/6207 3213/6390/6208
f 3213/6390/6208 3181/6389/6207 3182/6391/6209
f 3213/6390/6208 3182/6391/6209 3212/6392/6210
f 3212/6392/6210 3182/6391/6209 3183/6393/6211
f 3212/6392/6210 3183/6393/6211 3211/6394/6212
f 3211/6394/6212 3183/6393/6211 3184/6395/6213
f 3211/6394/6212 3184/6395/6213 3210/6396/6214
f 3210/6396/6214 3184/6395/6213 3185/6397/6215
f 3210/6396/6214 3185/6397/6215 3209/6398/6216
f 3209/6398/6216 3185/6397/6215 3186/6399/6217
f 3209/6398/6216 3186/6399/6217 3208/6400/6218
f 3208/6400/6218 3186/6399/6217 3187/6401/6219
f 3208/6400/6218 3187/6401/6219 3207/6402/6220
f 3207/6402/6220 3187/6401/6219 3206/6403/6221
f 3206/6403/6221 3187/6401/6219 3188/6404/6222
f 3206/6403/6221 3188/6404/6222 3205/6405/6223
f 3205/6405/6223 3188/6404/6222 3189/6406/6224
f 3205/6405/6223 3189/6406/6224 3204/6407/6225
f 3204/6408/6225 3189/6409/6224 3190/6410/6226
f 3204/6408/6225 3190/6410/6226 3203/6411/6227
f 3203/6411/6227 3190/6410/6226 3202/6412/6228
f 3202/6412/6228 3190/6410/6226 3191/6413/6229
f 3202/6412/6228 3191/6413/6229 3201/6414/6230
f 3201/6414/6230 3191/6413/6229 3192/6415/6231
f 3201/6414/6230 3192/6415/6231 3200/6416/6232
f 3200/6416/6232 3192/6415/6231 3193/6417/6233
f 3200/6416/6232 3193/6417/6233 3199/6418/6234
f 3199/6418/6234 3193/6417/6233 3198/6419/6235
f 3198/6419/6235 3193/6417/6233 3194/6420/6236
f 3198/6419/6235 3194/6420/6236 3197/6421/6237
f 3197/6421/6237 3194/6420/6236 3195/6422/6238
f 3197/6421/6237 3195/6422/6238 3196/6423/6239
f 3196/6423/6239 3195/6422/6238 3184/6395/6213
f 3330/6424/6240 3364/6425/6241 2937/6426/6242
f 2937/6426/6242 3364/6425/6241 3365/6427/6243
f 2937/6426/6242 3365/6427/6243 2938/6428/6244
f 2938/6428/6244 3365/6427/6243 2941/6429/6245
f 2938/6428/6244 2941/6429/6245 2940/6430/6246
f 3330/6424/6240 3329/6431/6247 3364/6425/6241
f 3364/6425/6241 3329/6431/6247 3328/6432/6248
f 3364/6425/6241 3328/6432/6248 3363/6433/6249
f 3363/6433/6249 3328/6432/6248 3327/6434/6250
f 3363/6433/6249 3327/6434/6250 3326/6435/6251
f 3363/6433/6249 3326/6435/6251 3362/6436/6252
f 3362/6436/6252 3326/6435/6251 3325/6437/6253
f 3362/6436/6252 3325/6437/6253 3324/6438/6254
f 3362/6436/6252 3324/6438/6254 3361/6439/6255
f 3361/6439/6255 3324/6438/6254 3323/6440/6256
f 3361/6439/6255 3323/6440/6256 3322/6441/6257
f 3361/6439/6255 3322/6441/6257 3360/6442/6258
f 3360/6442/6258 3322/6441/6257 3321/6443/6259
f 3360/6442/6258 3321/6443/6259 3320/6444/6260
f 3360/6442/6258 3320/6444/6260 3359/6445/6261
f 3359/6445/6261 3320/6444/6260 3319/6446/6262
f 3359/6445/6261 3319/6446/6262 3318/6447/6263
f 3359/6445/6261 3318/6447/6263 3358/6448/6264
f 3358/6448/6264 3318/6447/6263 3317/6449/6265
f 3358/6448/6264 3317/6449/6265 3316/6450/6266
f 3358/6448/6264 3316/6450/6266 3357/6451/6267
f 3357/6451/6267 3316/6450/6266 3315/6452/6268
f 3357/6451/6267 3315/6452/6268 3314/6453/6269
f 3357/6451/6267 3314/6453/6269 3356/6454/6270
f 3356/6454/6270 3314/6453/6269 3313/6455/6271
f 3356/6454/6270 3313/6455/6271 3312/6456/6272
f 3356/6454/6270 3312/6456/6272 3355/6457/6273
f 3355/6457/6273 3312/6456/6272 3311/6458/6274
f 3355/6457/6273 3311/6458/6274 3310/6459/6275
f 3310/6459/6275 3309/6460/6276 3355/6457/6273
f 3355/6457/6273 3309/6460/6276 3354/6461/6277
f 3355/6457/6273 3354/6461/6277 2963/6462/6278
f 2963/6462/6278 3354/6461/6277 2964/6463/6279
f 2964/6463/6279 3354/6461/6277 2965/6464/6280
f 2965/6464/6280 3354/6461/6277 2966/6465/6281
f 2966/6465/6281 3354/6461/6277 3353/6466/6282
f 2966/6465/6281 3353/6466/6282 2967/6467/6283
f 2967/6467/6283 3353/6466/6282 2968/6468/6284
f 2968/6468/6284 3353/6466/6282 3352/6469/6285
f 2968/6468/6284 3352/6469/6285 2969/6470/6286
f 2969/6470/6286 3352/6469/6285 2970/6471/6287
f 2970/6471/6287 3352/6469/6285 3351/6472/6288
f 2970/6471/6287 3351/6472/6288 2971/6473/6289
f 2971/6473/6289 3351/6472/6288 2972/6474/6290
f 2972/6474/6290 3351/6472/6288 3350/6475/6291
f 2972/6474/6290 3350/6475/6291 2973/6476/6292
f 2973/6476/6292 3350/6475/6291 2974/6477/6293
f 2974/6477/6293 3350/6475/6291 3349/6478/6294
f 2974/6477/6293 3349/6478/6294 2975/6479/6295
f 2975/6479/6295 3349/6478/6294 2976/6480/6296
f 2976/6480/6296 3349/6478/6294 3348/6481/6297
f 2976/6480/6296 3348/6481/6297 2977/6482/6298
f 2977/6482/6298 3348/6481/6297 2978/6483/6299
f 2978/6483/6299 3348/6481/6297 3347/6484/6300
f 2978/6483/6299 3347/6484/6300 2979/6485/6301
f 2979/6485/6301 3347/6484/6300 2980/6486/6302
f 2980/6486/6302 3347/6484/6300 3346/6487/6303
f 2980/6486/6302 3346/6487/6303 2981/6488/6304
f 2981/6488/6304 3346/6487/6303 2982/6489/6305
f 2982/6489/6305 3346/6487/6303 3345/6490/6306
f 2982/6489/6305 3345/6490/6306 2983/6491/6307
f 2983/6491/6307 3345/6490/6306 2984/6492/6308
f 2984/6492/6308 3345/6490/6306 3344/6493/6309
f 2984/6492/6308 3344/6493/6309 2985/6494/6310
f 2985/6494/6310 3344/6493/6309 2986/6495/6311
f 2986/6495/6311 3344/6493/6309 3343/6496/6312
f 2986/6495/6311 3343/6496/6312 2987/6497/6313
f 2987/6497/6313 3343/6496/6312 2988/6498/6314
f 2988/6498/6314 3343/6496/6312 3342/6499/6315
f 2988/6498/6314 3342/6499/6315 2989/6500/6316
f 2989/6500/6316 3342/6499/6315 2990/6501/6317
f 2990/6501/6317 3342/6499/6315 3341/6502/6318
f 2990/6501/6317 3341/6502/6318 2991/6503/6319
f 2991/6503/6319 3341/6502/6318 2992/6504/6320
f 2992/6504/6320 3341/6502/6318 3340/6505/6321
f 2992/6504/6320 3340/6505/6321 2993/6506/6322
f 2993/6506/6322 3340/6505/6321 2994/6507/6323
f 2994/6507/6323 3340/6505/6321 3339/6508/6324
f 2994/6507/6323 3339/6508/6324 2995/6509/6325
f 2995/6509/6325 3339/6508/6324 2996/6510/6326
f 2996/6510/6326 3339/6508/6324 2997/6511/6327
f 2997/6511/6327 3339/6508/6324 3338/6512/6328
f 2997/6511/6327 3338/6512/6328 2998/6513/6329
f 2998/6513/6329 3338/6512/6328 2999/6514/6330
f 2999/6514/6330 3338/6512/6328 3337/6515/6331
f 2999/6514/6330 3337/6515/6331 3000/6516/6332
f 3000/6516/6332 3337/6515/6331 3001/6517/6333
f 3001/6517/6333 3337/6515/6331 3336/6518/6334
f 3001/6517/6333 3336/6518/6334 3002/6519/6335
f 3002/6519/6335 3336/6518/6334 3003/6520/6336
f 3003/6520/6336 3336/6518/6334 3335/6521/6337
f 3003/6520/6336 3335/6521/6337 3004/6522/6338
f 3004/6522/6338 3335/6521/6337 3005/6523/6339
f 3005/6523/6339 3335/6521/6337 3334/6524/6340
f 3005/6523/6339 3334/6524/6340 3006/6525/6341
f 3006/6525/6341 3334/6524/6340 3007/6526/6342
f 3007/6526/6342 3334/6524/6340 3333/6527/6343
f 3007/6526/6342 3333/6527/6343 3008/6528/6344
f 3008/6528/6344 3333/6527/6343 3009/6529/6345
f 3009/6529/6345 3333/6527/6343 3332/6530/6346
f 3009/6529/6345 3332/6530/6346 3010/6531/6347
f 3010/6531/6347 3332/6530/6346 3011/6532/6348
f 3011/6532/6348 3332/6530/6346 3331/6533/6349
f 3011/6532/6348 3331/6533/6349 3012/6534/6350
f 3012/6534/6350 3331/6533/6349 3261/6535/6351
f 3012/6534/6350 3261/6535/6351 3260/6536/6352
f 3309/6460/6276 3308/6537/6353 3354/6461/6277
f 3354/6461/6277 3308/6537/6353 3307/6538/6354
f 3354/6461/6277 3307/6538/6354 3353/6466/6282
f 3353/6466/6282 3307/6538/6354 3306/6539/6355
f 3353/6466/6282 3306/6539/6355 3305/6540/6356
f 3353/6466/6282 3305/6540/6356 3352/6469/6285
f 3352/6469/6285 3305/6540/6356 3304/6541/6357
f 3352/6469/6285 3304/6541/6357 3303/6542/6358
f 3352/6469/6285 3303/6542/6358 3351/6472/6288
f 3351/6472/6288 3303/6542/6358 3302/6543/6359
f 3351/6472/6288 3302/6543/6359 3301/6544/6360
f 3351/6472/6288 3301/6544/6360 3350/6475/6291
f 3350/6475/6291 3301/6544/6360 3300/6545/6361
f 3350/6475/6291 3300/6545/6361 3299/6546/6362
f 3350/6475/6291 3299/6546/6362 3349/6478/6294
f 3349/6478/6294 3299/6546/6362 3298/6547/6363
f 3349/6478/6294 3298/6547/6363 3297/6548/6364
f 3349/6478/6294 3297/6548/6364 3348/6481/6297
f 3348/6481/6297 3297/6548/6364 3296/6549/6365
f 3348/6481/6297 3296/6549/6365 3295/6550/6366
f 3348/6481/6297 3295/6550/6366 3347/6484/6300
f 3347/6484/6300 3295/6550/6366 3294/6551/6367
f 3347/6484/6300 3294/6551/6367 3293/6552/6368
f 3347/6484/6300 3293/6552/6368 3346/6487/6303
f 3346/6487/6303 3293/6552/6368 3292/6553/6369
f 3346/6487/6303 3292/6553/6369 3291/6554/6370
f 3346/6487/6303 3291/6554/6370 3345/6490/6306
f 3345/6490/6306 3291/6554/6370 3290/6555/6371
f 3345/6490/6306 3290/6555/6371 3289/6556/6372
f 3345/6490/6306 3289/6556/6372 3344/6493/6309
f 3344/6493/6309 3289/6556/6372 3288/6557/6373
f 3344/6493/6309 3288/6557/6373 3287/6558/6374
f 3344/6493/6309 3287/6558/6374 3343/6496/6312
f 3343/6496/6312 3287/6558/6374 3286/6559/6375
f 3343/6496/6312 3286/6559/6375 3285/6560/6376
f 3343/6496/6312 3285/6560/6376 3342/6499/6315
f 3342/6499/6315 3285/6560/6376 3284/6561/6377
f 3342/6499/6315 3284/6561/6377 3283/6562/6378
f 3342/6499/6315 3283/6562/6378 3341/6502/6318
f 3341/6502/6318 3283/6562/6378 3282/6563/6379
f 3341/6502/6318 3282/6563/6379 3281/6564/6380
f 3341/6502/6318 3281/6564/6380 3340/6505/6321
f 3340/6505/6321 3281/6564/6380 3280/6565/6381
f 3340/6505/6321 3280/6565/6381 3279/6566/6382
f 3279/6566/6382 3278/6567/6383 3340/6505/6321
f 3340/6505/6321 3278/6567/6383 3339/6508/6324
f 3278/6567/6383 3277/6568/6384 3339/6508/6324
f 3339/6508/6324 3277/6568/6384 3276/6569/6385
f 3339/6508/6324 3276/6569/6385 3338/6512/6328
f 3338/6512/6328 3276/6569/6385 3275/6570/6386
f 3338/6512/6328 3275/6570/6386 3274/6571/6387
f 3338/6512/6328 3274/6571/6387 3337/6515/6331
f 3337/6515/6331 3274/6571/6387 3273/6572/6388
f 3337/6515/6331 3273/6572/6388 3272/6573/6389
f 3337/6515/6331 3272/6573/6389 3336/6518/6334
f 3336/6518/6334 3272/6573/6389 3271/6574/6390
f 3336/6518/6334 3271/6574/6390 3270/6575/6391
f 3336/6518/6334 3270/6575/6391 3335/6521/6337
f 3335/6521/6337 3270/6575/6391 3269/6576/6392
f 3335/6521/6337 3269/6576/6392 3268/6577/6393
f 3335/6521/6337 3268/6577/6393 3334/6524/6340
f 3334/6524/6340 3268/6577/6393 3267/6578/6394
f 3334/6524/6340 3267/6578/6394 3266/6579/6395
f 3334/6524/6340 3266/6579/6395 3333/6527/6343
f 3333/6527/6343 3266/6579/6395 3265/6580/6396
f 3333/6527/6343 3265/6580/6396 3264/6581/6397
f 3333/6527/6343 3264/6581/6397 3332/6530/6346
f 3332/6530/6346 3264/6581/6397 3263/6582/6398
f 3332/6530/6346 3263/6582/6398 3262/6583/6399
f 3332/6530/6346 3262/6583/6399 3331/6533/6349
f 3331/6533/6349 3262/6583/6399 3261/6535/6351
f 3012/6534/6350 3260/6536/6352 3013/6584/6400
f 3013/6584/6400 3260/6536/6352 3259/6585/6401
f 3013/6584/6400 3259/6585/6401 3014/6586/6402
f 2963/6462/6278 2962/6587/6403 3355/6457/6273
f 3355/6457/6273 2962/6587/6403 2961/6588/6404
f 3355/6457/6273 2961/6588/6404 3356/6454/6270
f 3356/6454/6270 2961/6588/6404 2960/6589/6405
f 3356/6454/6270 2960/6589/6405 2959/6590/6406
f 3356/6454/6270 2959/6590/6406 3357/6451/6267
f 3357/6451/6267 2959/6590/6406 2958/6591/6407
f 3357/6451/6267 2958/6591/6407 2957/6592/6408
f 3357/6451/6267 2957/6592/6408 3358/6448/6264
f 3358/6448/6264 2957/6592/6408 2956/6593/6409
f 3358/6448/6264 2956/6593/6409 2955/6594/6410
f 3358/6448/6264 2955/6594/6410 3359/6445/6261
f 3359/6445/6261 2955/6594/6410 2954/6595/6411
f 3359/6445/6261 2954/6595/6411 2953/6596/6412
f 3359/6445/6261 2953/6596/6412 3360/6442/6258
f 3360/6442/6258 2953/6596/6412 2952/6597/6413
f 3360/6442/6258 2952/6597/6413 2951/6598/6414
f 3360/6442/6258 2951/6598/6414 3361/6439/6255
f 3361/6439/6255 2951/6598/6414 2950/6599/6415
f 3361/6439/6255 2950/6599/6415 2949/6600/6416
f 3361/6439/6255 2949/6600/6416 3362/6436/6252
f 3362/6436/6252 2949/6600/6416 2948/6601/6417
f 3362/6436/6252 2948/6601/6417 2947/6602/6418
f 3362/6436/6252 2947/6602/6418 3363/6433/6249
f 3363/6433/6249 2947/6602/6418 2946/6603/6419
f 3363/6433/6249 2946/6603/6419 2945/6604/6420
f 3363/6433/6249 2945/6604/6420 3364/6425/6241
f 3364/6425/6241 2945/6604/6420 2944/6605/6421
f 3364/6425/6241 2944/6605/6421 2943/6606/6422
f 2943/6606/6422 2942/6607/6423 3364/6425/6241
f 3364/6425/6241 2942/6607/6423 3365/6427/6243
f 2942/6607/6423 2941/6429/6245 3365/6427/6243
f 2940/6430/6246 2939/6608/6424 2938/6428/6244
f 2938/6428/6244 2939/6608/6424 2920/6609/6425
f 3366/6610/6426 3367/6611/6427 3184/6612/6428
f 3184/6612/6428 3367/6611/6427 3430/6613/6429
f 3184/6612/6428 3430/6613/6429 3196/6614/6430
f 3196/6614/6430 3430/6613/6429 3197/6615/6431
f 3197/6615/6431 3430/6613/6429 3431/6616/6432
f 3197/6615/6431 3431/6616/6432 3198/6617/6433
f 3198/6617/6433 3431/6616/6432 3199/6618/6434
f 3199/6618/6434 3431/6616/6432 3432/6619/6435
f 3199/6618/6434 3432/6619/6435 3200/6620/6436
f 3200/6620/6436 3432/6619/6435 3201/6621/6437
f 3201/6621/6437 3432/6619/6435 3433/6622/6438
f 3201/6621/6437 3433/6622/6438 3202/6623/6439
f 3202/6623/6439 3433/6622/6438 3434/6624/6440
f 3202/6623/6439 3434/6624/6440 3203/6625/6441
f 3203/6625/6441 3434/6624/6440 3204/6626/6442
f 3204/6626/6442 3434/6624/6440 3435/6627/6443
f 3204/6626/6442 3435/6627/6443 3205/6628/6444
f 3205/6628/6444 3435/6627/6443 3206/6629/6445
f 3206/6629/6445 3435/6627/6443 3436/6630/6446
f 3206/6629/6445 3436/6630/6446 3207/6631/6447
f 3207/6631/6447 3436/6630/6446 3208/6632/6448
f 3208/6632/6448 3436/6630/6446 3437/6633/6449
f 3208/6632/6448 3437/6633/6449 3209/6634/6450
f 3209/6634/6450 3437/6633/6449 3210/6635/6451
f 3210/6635/6451 3437/6633/6449 3438/6636/6452
f 3210/6635/6451 3438/6636/6452 3211/6637/6453
f 3211/6637/6453 3438/6636/6452 3212/6638/6454
f 3212/6638/6454 3438/6636/6452 3439/6639/6455
f 3212/6638/6454 3439/6639/6455 3213/6640/6456
f 3213/6640/6456 3439/6639/6455 3440/6641/6457
f 3213/6640/6456 3440/6641/6457 3214/6642/6458
f 3214/6642/6458 3440/6641/6457 3215/6643/6459
f 3215/6643/6459 3440/6641/6457 3441/6644/6460
f 3215/6643/6459 3441/6644/6460 3216/6645/6461
f 3216/6645/6461 3441/6644/6460 3217/6646/6462
f 3217/6646/6462 3441/6644/6460 3442/6647/6463
f 3217/6646/6462 3442/6647/6463 3218/6648/6464
f 3218/6648/6464 3442/6647/6463 3219/6649/6465
f 3219/6649/6465 3442/6647/6463 3443/6650/6466
f 3219/6649/6465 3443/6650/6466 3220/6651/6467
f 3220/6651/6467 3443/6650/6466 3221/6652/6468
f 3221/6652/6468 3443/6650/6466 3444/6653/6469
f 3221/6652/6468 3444/6653/6469 3222/6654/6470
f 3222/6654/6470 3444/6653/6469 3445/6655/6471
f 3222/6654/6470 3445/6655/6471 3223/6656/6472
f 3223/6656/6472 3445/6655/6471 3224/6657/6473
f 3224/6657/6473 3445/6655/6471 3446/6658/6474
f 3224/6657/6473 3446/6658/6474 3225/6659/6475
f 3225/6659/6475 3446/6658/6474 3226/6660/6476
f 3226/6660/6476 3446/6658/6474 3447/6661/6477
f 3226/6660/6476 3447/6661/6477 3227/6662/6478
f 3227/6662/6478 3447/6661/6477 3228/6663/6479
f 3228/6663/6479 3447/6661/6477 3448/6664/6480
f 3228/6663/6479 3448/6664/6480 3229/6665/6481
f 3229/6665/6481 3448/6664/6480 3230/6666/6482
f 3230/6666/6482 3448/6664/6480 3449/6667/6483
f 3230/6666/6482 3449/6667/6483 3231/6668/6484
f 3231/6668/6484 3449/6667/6483 3232/6669/6485
f 3232/6669/6485 3449/6667/6483 3450/6670/6486
f 3232/6669/6485 3450/6670/6486 3233/6671/6487
f 3233/6671/6487 3450/6670/6486 3451/6672/6488
f 3233/6671/6487 3451/6672/6488 3234/6673/6489
f 3234/6673/6489 3451/6672/6488 3235/6674/6490
f 3235/6674/6490 3451/6672/6488 3452/6675/6491
f 3235/6674/6490 3452/6675/6491 3236/6676/6492
f 3236/6676/6492 3452/6675/6491 3237/6677/6493
f 3237/6677/6493 3452/6675/6491 3453/6678/6494
f 3237/6677/6493 3453/6678/6494 3238/6679/6495
f 3238/6679/6495 3453/6678/6494 3239/6680/6496
f 3239/6680/6496 3453/6678/6494 3454/6681/6497
f 3239/6680/6496 3454/6681/6497 3240/6682/6498
f 3240/6682/6498 3454/6681/6497 3241/6683/6499
f 3241/6683/6499 3454/6681/6497 3455/6684/6500
f 3241/6683/6499 3455/6684/6500 3242/6685/6501
f 3242/6685/6501 3455/6684/6500 3456/6686/6502
f 3242/6685/6501 3456/6686/6502 3243/6687/6503
f 3243/6687/6503 3456/6686/6502 3244/6688/6504
f 3244/6688/6504 3456/6686/6502 3457/6689/6505
f 3244/6688/6504 3457/6689/6505 3245/6690/6506
f 3245/6690/6506 3457/6689/6505 3246/6691/6507
f 3246/6691/6507 3457/6689/6505 3458/6692/6508
f 3246/6691/6507 3458/6692/6508 3247/6693/6509
f 3247/6693/6509 3458/6692/6508 3248/6694/6510
f 3248/6694/6510 3458/6692/6508 3459/6695/6511
f 3248/6694/6510 3459/6695/6511 3249/6696/6512
f 3249/6696/6512 3459/6695/6511 3250/6697/6513
f 3250/6697/6513 3459/6695/6511 3460/6698/6514
f 3250/6697/6513 3460/6698/6514 3251/6699/6515
f 3251/6699/6515 3460/6698/6514 3252/6700/6516
f 3252/6700/6516 3460/6698/6514 3461/6701/6517
f 3252/6700/6516 3461/6701/6517 3253/6702/6518
f 3253/6702/6518 3461/6701/6517 3462/6703/6519
f 3253/6702/6518 3462/6703/6519 3254/6704/6520
f 3254/6704/6520 3462/6703/6519 3255/6705/6521
f 3255/6705/6521 3462/6703/6519 3463/6706/6522
f 3255/6705/6521 3463/6706/6522 3256/6707/6523
f 3256/6707/6523 3463/6706/6522 3257/6708/6524
f 3257/6708/6524 3463/6706/6522 3464/6709/6525
f 3257/6708/6524 3464/6709/6525 3258/6710/6526
f 3258/6710/6526 3464/6709/6525 3259/6711/6527
f 3259/6711/6527 3464/6709/6525 3014/6712/6528
f 3014/6712/6528 3464/6709/6525 3429/6713/6529
f 3429/6713/6529 3464/6709/6525 3428/6714/6530
f 3428/6714/6530 3464/6709/6525 3463/6706/6522
f 3428/6714/6530 3463/6706/6522 3427/6715/6531
f 3427/6715/6531 3463/6706/6522 3426/6716/6532
f 3426/6716/6532 3463/6706/6522 3462/6703/6519
f 3426/6716/6532 3462/6703/6519 3425/6717/6533
f 3425/6717/6533 3462/6703/6519 3424/6718/6534
f 3424/6718/6534 3462/6703/6519 3461/6701/6517
f 3424/6718/6534 3461/6701/6517 3423/6719/6535
f 3423/6719/6535 3461/6701/6517 3460/6698/6514
f 3423/6719/6535 3460/6698/6514 3422/6720/6536
f 3422/6720/6536 3460/6698/6514 3421/6721/6537
f 3421/6721/6537 3460/6698/6514 3459/6695/6511
f 3421/6721/6537 3459/6695/6511 3420/6722/6538
f 3420/6722/6538 3459/6695/6511 3419/6723/6539
f 3419/6723/6539 3459/6695/6511 3458/6692/6508
f 3419/6723/6539 3458/6692/6508 3418/6724/6540
f 3418/6724/6540 3458/6692/6508 3417/6725/6541
f 3417/6725/6541 3458/6692/6508 3457/6689/6505
f 3417/6725/6541 3457/6689/6505 3416/6726/6542
f 3416/6726/6542 3457/6689/6505 3415/6727/6543
f 3415/6727/6543 3457/6689/6505 3456/6686/6502
f 3415/6727/6543 3456/6686/6502 3414/6728/6544
f 3414/6728/6544 3456/6686/6502 3413/6729/6545
f 3413/6729/6545 3456/6686/6502 3455/6684/6500
f 3413/6729/6545 3455/6684/6500 3412/6730/6546
f 3412/6730/6546 3455/6684/6500 3454/6681/6497
f 3412/6730/6546 3454/6681/6497 3411/6731/6547
f 3411/6731/6547 3454/6681/6497 3410/6732/6548
f 3410/6732/6548 3454/6681/6497 3453/6678/6494
f 3410/6732/6548 3453/6678/6494 3409/6733/6549
f 3409/6733/6549 3453/6678/6494 3408/6734/6550
f 3408/6734/6550 3453/6678/6494 3452/6675/6491
f 3408/6734/6550 3452/6675/6491 3407/6735/6551
f 3407/6735/6551 3452/6675/6491 3406/6736/6552
f 3406/6736/6552 3452/6675/6491 3451/6672/6488
f 3406/6736/6552 3451/6672/6488 3405/6737/6553
f 3405/6737/6553 3451/6672/6488 3404/6738/6554
f 3404/6738/6554 3451/6672/6488 3450/6670/6486
f 3404/6738/6554 3450/6670/6486 3403/6739/6555
f 3403/6739/6555 3450/6670/6486 3449/6667/6483
f 3403/6739/6555 3449/6667/6483 3402/6740/6556
f 3402/6740/6556 3449/6667/6483 3401/6741/6557
f 3401/6741/6557 3449/6667/6483 3448/6664/6480
f 3401/6741/6557 3448/6664/6480 3400/6742/6558
f 3400/6742/6558 3448/6664/6480 3399/6743/6559
f 3399/6743/6559 3448/6664/6480 3447/6661/6477
f 3399/6743/6559 3447/6661/6477 3398/6744/6560
f 3398/6744/6560 3447/6661/6477 3397/6745/6561
f 3397/6745/6561 3447/6661/6477 3446/6658/6474
f 3397/6745/6561 3446/6658/6474 3396/6746/6562
f 3396/6746/6562 3446/6658/6474 3395/6747/6563
f 3395/6747/6563 3446/6658/6474 3445/6655/6471
f 3395/6747/6563 3445/6655/6471 3394/6748/6564
f 3394/6748/6564 3445/6655/6471 3393/6749/6565
f 3393/6749/6565 3445/6655/6471 3444/6653/6469
f 3393/6749/6565 3444/6653/6469 3392/6750/6566
f 3392/6750/6566 3444/6653/6469 3443/6650/6466
f 3392/6750/6566 3443/6650/6466 3391/6751/6567
f 3391/6751/6567 3443/6650/6466 3390/6752/6568
f 3390/6752/6568 3443/6650/6466 3442/6647/6463
f 3390/6752/6568 3442/6647/6463 3389/6753/6569
f 3389/6753/6569 3442/6647/6463 3388/6754/6570
f 3388/6754/6570 3442/6647/6463 3441/6644/6460
f 3388/6754/6570 3441/6644/6460 3387/6755/6571
f 3387/6755/6571 3441/6644/6460 3386/6756/6572
f 3386/6756/6572 3441/6644/6460 3440/6641/6457
f 3386/6756/6572 3440/6641/6457 3385/6757/6573
f 3385/6757/6573 3440/6641/6457 3384/6758/6574
f 3384/6758/6574 3440/6641/6457 3439/6639/6455
f 3384/6758/6574 3439/6639/6455 3383/6759/6575
f 3383/6759/6575 3439/6639/6455 3438/6636/6452
f 3383/6759/6575 3438/6636/6452 3382/6760/6576
f 3382/6760/6576 3438/6636/6452 3381/6761/6577
f 3381/6761/6577 3438/6636/6452 3437/6633/6449
f 3381/6761/6577 3437/6633/6449 3380/6762/6578
f 3380/6762/6578 3437/6633/6449 3379/6763/6579
f 3379/6763/6579 3437/6633/6449 3436/6630/6446
f 3379/6763/6579 3436/6630/6446 3378/6764/6580
f 3378/6764/6580 3436/6630/6446 3377/6765/6581
f 3377/6765/6581 3436/6630/6446 3435/6627/6443
f 3377/6765/6581 3435/6627/6443 3376/6766/6582
f 3376/6766/6582 3435/6627/6443 3375/6767/6583
f 3375/6767/6583 3435/6627/6443 3434/6624/6440
f 3375/6767/6583 3434/6624/6440 3374/6768/6584
f 3374/6768/6584 3434/6624/6440 3373/6769/6585
f 3373/6769/6585 3434/6624/6440 3433/6622/6438
f 3373/6769/6585 3433/6622/6438 3372/6770/6586
f 3372/6770/6586 3433/6622/6438 3432/6619/6435
f 3372/6770/6586 3432/6619/6435 3371/6771/6587
f 3371/6771/6587 3432/6619/6435 3370/6772/6588
f 3370/6772/6588 3432/6619/6435 3431/6616/6432
f 3370/6772/6588 3431/6616/6432 3369/6773/6589
f 3369/6773/6589 3431/6616/6432 3368/6774/6590
f 3368/6774/6590 3431/6616/6432 3430/6613/6429
f 3368/6774/6590 3430/6613/6429 3367/6611/6427
f 3195/6775/6591 3194/6776/6592 3184/6777/6593
f 3184/6777/6593 3194/6776/6592 3193/6778/6594
f 3184/6777/6593 3193/6778/6594 3192/6779/6595
f 3192/6779/6595 3191/6780/6596 3184/6777/6593
f 3184/6777/6593 3191/6780/6596 3190/6781/6597
f 3184/6777/6593 3190/6781/6597 3189/6782/6598
f 3189/6782/6598 3188/6783/6599 3184/6777/6593
f 3184/6777/6593 3188/6783/6599 3187/6784/6600
f 3184/6777/6593 3187/6784/6600 3186/6785/6601
f 3186/6785/6601 3185/6786/6602 3184/6777/6593
f 3183/6787/6603 3366/6788/6604 3184/6789/6605
f 3366/6790/6606 3183/6791/6607 3505/6792/6608
f 3505/6792/6608 3183/6791/6607 3182/6793/6609
f 3505/6792/6608 3182/6793/6609 3181/6794/6610
f 3181/6794/6610 3180/6795/6611 3505/6792/6608
f 3505/6792/6608 3180/6795/6611 3504/6796/6612
f 3505/6792/6608 3504/6796/6612 3369/6797/6613
f 3369/6797/6613 3504/6796/6612 3370/6798/6614
f 3370/6798/6614 3504/6796/6612 3503/6799/6615
f 3370/6798/6614 3503/6799/6615 3371/6800/6616
f 3371/6800/6616 3503/6799/6615 3372/6801/6617
f 3372/6801/6617 3503/6799/6615 3502/6802/6618
f 3372/6801/6617 3502/6802/6618 3373/6803/6619
f 3373/6803/6619 3502/6802/6618 3374/6804/6620
f 3374/6804/6620 3502/6802/6618 3501/6805/6621
f 3374/6804/6620 3501/6805/6621 3375/6806/6622
f 3375/6806/6622 3501/6805/6621 3376/6807/6623
f 3376/6807/6623 3501/6805/6621 3500/6808/6624
f 3376/6807/6623 3500/6808/6624 3377/6809/6625
f 3377/6809/6625 3500/6808/6624 3378/6810/6626
f 3378/6810/6626 3500/6808/6624 3499/6811/6627
f 3378/6810/6626 3499/6811/6627 3379/6812/6628
f 3379/6812/6628 3499/6811/6627 3380/6813/6629
f 3380/6813/6629 3499/6811/6627 3498/6814/6630
f 3380/6813/6629 3498/6814/6630 3381/6815/6631
f 3381/6815/6631 3498/6814/6630 3382/6816/6632
f 3382/6816/6632 3498/6814/6630 3497/6817/6633
f 3382/6816/6632 3497/6817/6633 3383/6818/6634
f 3383/6818/6634 3497/6817/6633 3496/6819/6635
f 3383/6818/6634 3496/6819/6635 3384/6820/6636
f 3384/6820/6636 3496/6819/6635 3385/6821/6637
f 3385/6821/6637 3496/6819/6635 3495/6822/6638
f 3385/6821/6637 3495/6822/6638 3386/6823/6639
f 3386/6823/6639 3495/6822/6638 3494/6824/6640
f 3386/6823/6639 3494/6824/6640 3387/6825/6641
f 3387/6825/6641 3494/6824/6640 3388/6826/6642
f 3388/6826/6642 3494/6824/6640 3493/6827/6643
f 3388/6826/6642 3493/6827/6643 3389/6828/6644
f 3389/6828/6644 3493/6827/6643 3492/6829/6645
f 3389/6828/6644 3492/6829/6645 3390/6830/6646
f 3390/6830/6646 3492/6829/6645 3391/6831/6647
f 3391/6831/6647 3492/6829/6645 3491/6832/6648
f 3391/6831/6647 3491/6832/6648 3392/6833/6649
f 3392/6833/6649 3491/6832/6648 3490/6834/6650
f 3392/6833/6649 3490/6834/6650 3393/6835/6651
f 3393/6835/6651 3490/6834/6650 3394/6836/6652
f 3394/6836/6652 3490/6834/6650 3489/6837/6653
f 3394/6836/6652 3489/6837/6653 3395/6838/6654
f 3395/6838/6654 3489/6837/6653 3488/6839/6655
f 3395/6838/6654 3488/6839/6655 3396/6840/6656
f 3396/6840/6656 3488/6839/6655 3487/6841/6657
f 3396/6840/6656 3487/6841/6657 3397/6842/6658
f 3397/6842/6658 3487/6841/6657 3398/6843/6659
f 3398/6843/6659 3487/6841/6657 3486/6844/6660
f 3398/6843/6659 3486/6844/6660 3399/6845/6661
f 3399/6845/6661 3486/6844/6660 3485/6846/6662
f 3399/6845/6661 3485/6846/6662 3400/6847/6663
f 3400/6847/6663 3485/6846/6662 3401/6848/6664
f 3401/6848/6664 3485/6846/6662 3484/6849/6665
f 3401/6848/6664 3484/6849/6665 3402/6850/6666
f 3402/6850/6666 3484/6849/6665 3483/6851/6667
f 3402/6850/6666 3483/6851/6667 3403/6852/6668
f 3403/6852/6668 3483/6851/6667 3404/6853/6669
f 3404/6853/6669 3483/6851/6667 3482/6854/6670
f 3404/6853/6669 3482/6854/6670 3405/6855/6671
f 3405/6855/6671 3482/6854/6670 3481/6856/6672
f 3405/6855/6671 3481/6856/6672 3406/6857/6673
f 3406/6857/6673 3481/6856/6672 3480/6858/6674
f 3406/6857/6673 3480/6858/6674 3407/6859/6675
f 3407/6859/6675 3480/6858/6674 3408/6860/6676
f 3408/6860/6676 3480/6858/6674 3479/6861/6677
f 3408/6860/6676 3479/6861/6677 3409/6862/6678
f 3409/6862/6678 3479/6861/6677 3478/6863/6679
f 3409/6862/6678 3478/6863/6679 3410/6864/6680
f 3410/6864/6680 3478/6863/6679 3411/6865/6681
f 3411/6865/6681 3478/6863/6679 3477/6866/6682
f 3411/6865/6681 3477/6866/6682 3412/6867/6683
f 3412/6867/6683 3477/6866/6682 3476/6868/6684
f 3412/6867/6683 3476/6868/6684 3413/6869/6685
f 3413/6869/6685 3476/6868/6684 3414/6870/6686
f 3414/6870/6686 3476/6868/6684 3475/6871/6687
f 3414/6870/6686 3475/6871/6687 3415/6872/6688
f 3415/6872/6688 3475/6871/6687 3474/6873/6689
f 3415/6872/6688 3474/6873/6689 3416/6874/6690
f 3416/6874/6690 3474/6873/6689 3473/6875/6691
f 3416/6874/6690 3473/6875/6691 3417/6876/6692
f 3417/6876/6692 3473/6875/6691 3418/6877/6693
f 3418/6877/6693 3473/6875/6691 3472/6878/6694
f 3418/6877/6693 3472/6878/6694 3419/6879/6695
f 3419/6879/6695 3472/6878/6694 3471/6880/6696
f 3419/6879/6695 3471/6880/6696 3420/6881/6697
f 3420/6881/6697 3471/6880/6696 3421/6882/6698
f 3421/6882/6698 3471/6880/6696 3470/6883/6699
f 3421/6882/6698 3470/6883/6699 3422/6884/6700
f 3422/6884/6700 3470/6883/6699 3469/6885/6701
f 3422/6884/6700 3469/6885/6701 3423/6886/6702
f 3423/6886/6702 3469/6885/6701 3424/6887/6703
f 3424/6887/6703 3469/6885/6701 3468/6888/6704
f 3424/6887/6703 3468/6888/6704 3425/6889/6705
f 3425/6889/6705 3468/6888/6704 3467/6890/6706
f 3425/6889/6705 3467/6890/6706 3426/6891/6707
f 3426/6891/6707 3467/6890/6706 3466/6892/6708
f 3426/6891/6707 3466/6892/6708 3427/6893/6709
f 3427/6893/6709 3466/6892/6708 3428/6894/6710
f 3428/6894/6710 3466/6892/6708 3465/6895/6711
f 3428/6894/6710 3465/6895/6711 3429/6896/6712
f 3429/6896/6712 3465/6895/6711 3015/6897/6713
f 3429/6896/6712 3015/6897/6713 3014/6898/6714
f 3180/6795/6611 3179/6899/6715 3504/6796/6612
f 3504/6796/6612 3179/6899/6715 3503/6799/6615
f 3179/6899/6715 3178/6900/6716 3503/6799/6615
f 3503/6799/6615 3178/6900/6716 3177/6901/6717
f 3503/6799/6615 3177/6901/6717 3502/6802/6618
f 3502/6802/6618 3177/6901/6717 3176/6902/6718
f 3502/6802/6618 3176/6902/6718 3175/6903/6719
f 3502/6802/6618 3175/6903/6719 3501/6805/6621
f 3501/6805/6621 3175/6903/6719 3174/6904/6720
f 3501/6805/6621 3174/6904/6720 3173/6905/6721
f 3501/6805/6621 3173/6905/6721 3500/6808/6624
f 3500/6808/6624 3173/6905/6721 3172/6906/6722
f 3500/6808/6624 3172/6906/6722 3171/6907/6723
f 3500/6808/6624 3171/6907/6723 3499/6811/6627
f 3499/6811/6627 3171/6907/6723 3170/6908/6724
f 3499/6811/6627 3170/6908/6724 3169/6909/6725
f 3499/6811/6627 3169/6909/6725 3498/6814/6630
f 3498/6814/6630 3169/6909/6725 3168/6910/6726
f 3498/6814/6630 3168/6910/6726 3167/6911/6727
f 3498/6814/6630 3167/6911/6727 3497/6817/6633
f 3497/6817/6633 3167/6911/6727 3166/6912/6728
f 3497/6817/6633 3166/6912/6728 3165/6913/6729
f 3497/6817/6633 3165/6913/6729 3496/6819/6635
f 3496/6819/6635 3165/6913/6729 3164/6914/6730
f 3496/6819/6635 3164/6914/6730 3495/6822/6638
f 3495/6822/6638 3164/6914/6730 3163/6915/6731
f 3495/6822/6638 3163/6915/6731 3494/6824/6640
f 3494/6824/6640 3163/6915/6731 3162/6916/6732
f 3494/6824/6640 3162/6916/6732 3161/6917/6733
f 3494/6824/6640 3161/6917/6733 3493/6827/6643
f 3493/6827/6643 3161/6917/6733 3160/6918/6734
f 3493/6827/6643 3160/6918/6734 3492/6829/6645
f 3492/6829/6645 3160/6918/6734 3159/6919/6735
f 3492/6829/6645 3159/6919/6735 3158/6920/6736
f 3492/6829/6645 3158/6920/6736 3491/6832/6648
f 3491/6832/6648 3158/6920/6736 3157/6921/6737
f 3491/6832/6648 3157/6921/6737 3490/6834/6650
f 3490/6834/6650 3157/6921/6737 3156/6922/6738
f 3490/6834/6650 3156/6922/6738 3155/6923/6739
f 3490/6834/6650 3155/6923/6739 3489/6837/6653
f 3489/6837/6653 3155/6923/6739 3154/6924/6740
f 3489/6837/6653 3154/6924/6740 3488/6839/6655
f 3488/6839/6655 3154/6924/6740 3153/6925/6741
f 3488/6839/6655 3153/6925/6741 3487/6841/6657
f 3487/6841/6657 3153/6925/6741 3152/6926/6742
f 3487/6841/6657 3152/6926/6742 3151/6927/6743
f 3487/6841/6657 3151/6927/6743 3486/6844/6660
f 3486/6844/6660 3151/6927/6743 3150/6928/6744
f 3486/6844/6660 3150/6928/6744 3485/6846/6662
f 3485/6846/6662 3150/6928/6744 3149/6929/6745
f 3485/6846/6662 3149/6929/6745 3148/6930/6746
f 3485/6846/6662 3148/6930/6746 3484/6849/6665
f 3484/6849/6665 3148/6930/6746 3147/6931/6747
f 3484/6849/6665 3147/6931/6747 3483/6851/6667
f 3483/6851/6667 3147/6931/6747 3146/6932/6748
f 3483/6851/6667 3146/6932/6748 3145/6933/6749
f 3483/6851/6667 3145/6933/6749 3482/6854/6670
f 3482/6854/6670 3145/6933/6749 3144/6934/6750
f 3482/6854/6670 3144/6934/6750 3481/6856/6672
f 3481/6856/6672 3144/6934/6750 3143/6935/6751
f 3481/6856/6672 3143/6935/6751 3480/6858/6674
f 3480/6858/6674 3143/6935/6751 3142/6936/6752
f 3480/6858/6674 3142/6936/6752 3141/6937/6753
f 3480/6858/6674 3141/6937/6753 3479/6861/6677
f 3479/6861/6677 3141/6937/6753 3140/6938/6754
f 3479/6861/6677 3140/6938/6754 3478/6863/6679
f 3478/6863/6679 3140/6938/6754 3139/6939/6755
f 3478/6863/6679 3139/6939/6755 3138/6940/6756
f 3478/6863/6679 3138/6940/6756 3477/6866/6682
f 3477/6866/6682 3138/6940/6756 3137/6941/6757
f 3477/6866/6682 3137/6941/6757 3476/6868/6684
f 3476/6868/6684 3137/6941/6757 3136/6942/6758
f 3476/6868/6684 3136/6942/6758 3135/6943/6759
f 3476/6868/6684 3135/6943/6759 3475/6871/6687
f 3475/6871/6687 3135/6943/6759 3134/6944/6760
f 3475/6871/6687 3134/6944/6760 3474/6873/6689
f 3474/6873/6689 3134/6944/6760 3133/6945/6761
f 3474/6873/6689 3133/6945/6761 3473/6875/6691
f 3473/6875/6691 3133/6945/6761 3132/6946/6762
f 3473/6875/6691 3132/6946/6762 3131/6947/6763
f 3473/6875/6691 3131/6947/6763 3472/6878/6694
f 3472/6878/6694 3131/6947/6763 3130/6948/6764
f 3472/6878/6694 3130/6948/6764 3471/6880/6696
f 3471/6880/6696 3130/6948/6764 3129/6949/6765
f 3471/6880/6696 3129/6949/6765 3128/6950/6766
f 3471/6880/6696 3128/6950/6766 3470/6883/6699
f 3470/6883/6699 3128/6950/6766 3127/6951/6767
f 3470/6883/6699 3127/6951/6767 3469/6885/6701
f 3469/6885/6701 3127/6951/6767 3126/6952/6768
f 3469/6885/6701 3126/6952/6768 3125/6953/6769
f 3469/6885/6701 3125/6953/6769 3468/6888/6704
f 3468/6888/6704 3125/6953/6769 3124/6954/6770
f 3468/6888/6704 3124/6954/6770 3467/6890/6706
f 3467/6890/6706 3124/6954/6770 3123/6955/6771
f 3467/6890/6706 3123/6955/6771 3466/6892/6708
f 3466/6892/6708 3123/6955/6771 3122/6956/6772
f 3466/6892/6708 3122/6956/6772 3121/6957/6773
f 3466/6892/6708 3121/6957/6773 3465/6895/6711
f 3465/6895/6711 3121/6957/6773 3120/6958/6774
f 3465/6895/6711 3120/6958/6774 3015/6897/6713
f 3369/6797/6613 3368/6959/6775 3505/6792/6608
f 3505/6792/6608 3368/6959/6775 3367/6960/6776
f 3505/6792/6608 3367/6960/6776 3366/6790/6606
# 3505 vertices
# 6960 texture params
# 6776 normals
# 7026 facets

# 1 groups
